,Borda,plurality,gt,minimax,gtd,Schulze,IRV
Borda,0.0,0.0,0.0,-0.01907356948228883,-0.01907356948228883,-0.01907356948228883,-0.01907356948228883
plurality,0.0,0.0,0.0,-0.01907356948228883,-0.01907356948228883,-0.01907356948228883,-0.01907356948228883
gt,0.0,0.0,0.0,-0.01907356948228883,-0.01907356948228883,-0.01907356948228883,-0.01907356948228883
minimax,0.01907356948228883,0.01907356948228883,0.01907356948228883,0.0,0.0,0.0,0.0
gtd,0.01907356948228883,0.01907356948228883,0.01907356948228883,0.0,0.0,0.0,0.0
Schulze,0.01907356948228883,0.01907356948228883,0.01907356948228883,0.0,0.0,0.0,0.0
IRV,0.01907356948228883,0.01907356948228883,0.01907356948228883,0.0,0.0,0.0,0.0
