,Borda,plurality,gt,minimax,gtd,Schulze,IRV
Borda,0.0,0.06641366223908918,0.0,-0.04743833017077799,-0.04743833017077799,-0.04743833017077799,0.06641366223908918
plurality,-0.06641366223908918,0.0,-0.06641366223908918,0.03225806451612903,0.03225806451612903,0.03225806451612903,0.0
gt,0.0,0.06641366223908918,0.0,-0.04743833017077799,-0.04743833017077799,-0.04743833017077799,0.06641366223908918
minimax,0.04743833017077799,-0.03225806451612903,0.04743833017077799,0.0,0.0,0.0,-0.03225806451612903
gtd,0.04743833017077799,-0.03225806451612903,0.04743833017077799,0.0,0.0,0.0,-0.03225806451612903
Schulze,0.04743833017077799,-0.03225806451612903,0.04743833017077799,0.0,0.0,0.0,-0.03225806451612903
IRV,-0.06641366223908918,0.0,-0.06641366223908918,0.03225806451612903,0.03225806451612903,0.03225806451612903,0.0
