,Borda,plurality,gt,minimax,gtd,Schulze,IRV
Borda,0.0,0.0,0.028037383177570093,0.0,-0.002336448598130841,0.0,0.0
plurality,0.0,0.0,0.028037383177570093,0.0,-0.002336448598130841,0.0,0.0
gt,-0.028037383177570093,-0.028037383177570093,0.0,-0.028037383177570093,0.009345794392523364,-0.028037383177570093,-0.028037383177570093
minimax,0.0,0.0,0.028037383177570093,0.0,-0.002336448598130841,0.0,0.0
gtd,0.002336448598130841,0.002336448598130841,-0.009345794392523364,0.002336448598130841,0.0,0.002336448598130841,0.002336448598130841
Schulze,0.0,0.0,0.028037383177570093,0.0,-0.002336448598130841,0.0,0.0
IRV,0.0,0.0,0.028037383177570093,0.0,-0.002336448598130841,0.0,0.0
