,Borda,plurality,gt,minimax,gtd,Schulze,IRV
Borda,0.0,0.020833333333333332,-0.005208333333333333,0.0,-0.005208333333333333,0.0,0.020833333333333332
plurality,-0.020833333333333332,0.0,0.010416666666666666,-0.020833333333333332,0.010416666666666666,-0.020833333333333332,0.0
gt,0.005208333333333333,-0.010416666666666666,0.0,0.005208333333333333,0.0,0.005208333333333333,-0.010416666666666666
minimax,0.0,0.020833333333333332,-0.005208333333333333,0.0,-0.005208333333333333,0.0,0.020833333333333332
gtd,0.005208333333333333,-0.010416666666666666,0.0,0.005208333333333333,0.0,0.005208333333333333,-0.010416666666666666
Schulze,0.0,0.020833333333333332,-0.005208333333333333,0.0,-0.005208333333333333,0.0,0.020833333333333332
IRV,-0.020833333333333332,0.0,0.010416666666666666,-0.020833333333333332,0.010416666666666666,-0.020833333333333332,0.0
