,Borda,plurality,gt,minimax,gtd,Schulze,IRV
Borda,0.0,0.05714285714285714,0.0,0.0,0.0,0.0,0.0
plurality,-0.05714285714285714,0.0,-0.05714285714285714,-0.02857142857142857,-0.05714285714285714,-0.02857142857142857,-0.02857142857142857
gt,0.0,0.05714285714285714,0.0,0.0,0.0,0.0,0.0
minimax,0.0,0.02857142857142857,0.0,0.0,0.0,0.0,0.0
gtd,0.0,0.05714285714285714,0.0,0.0,0.0,0.0,0.0
Schulze,0.0,0.02857142857142857,0.0,0.0,0.0,0.0,0.0
IRV,0.0,0.02857142857142857,0.0,0.0,0.0,0.0,0.0
