,Borda,plurality,gt,minimax,gtd,Schulze,IRV
Borda,0.0,-0.008912655971479501,-0.008912655971479501,0.0,-0.008912655971479501,0.0,-0.008912655971479501
plurality,0.008912655971479501,0.0,0.0,0.008912655971479501,0.0,0.008912655971479501,0.0
gt,0.008912655971479501,0.0,0.0,0.008912655971479501,0.0,0.008912655971479501,0.0
minimax,0.0,-0.008912655971479501,-0.008912655971479501,0.0,-0.008912655971479501,0.0,-0.008912655971479501
gtd,0.008912655971479501,0.0,0.0,0.008912655971479501,0.0,0.008912655971479501,0.0
Schulze,0.0,-0.008912655971479501,-0.008912655971479501,0.0,-0.008912655971479501,0.0,-0.008912655971479501
IRV,0.008912655971479501,0.0,0.0,0.008912655971479501,0.0,0.008912655971479501,0.0
