,Borda,plurality,gt,minimax,gtd,Schulze,IRV
Borda,0.0,0.01756511205330103,-0.01635372501514234,-0.01635372501514234,-0.01635372501514234,-0.01635372501514234,0.0
plurality,-0.01756511205330103,0.0,0.015142337976983646,0.015142337976983646,0.015142337976983646,0.015142337976983646,-0.01756511205330103
gt,0.01635372501514234,-0.015142337976983646,0.0,0.0,0.0,0.0,0.01635372501514234
minimax,0.01635372501514234,-0.015142337976983646,0.0,0.0,0.0,0.0,0.01635372501514234
gtd,0.01635372501514234,-0.015142337976983646,0.0,0.0,0.0,0.0,0.01635372501514234
Schulze,0.01635372501514234,-0.015142337976983646,0.0,0.0,0.0,0.0,0.01635372501514234
IRV,0.0,0.01756511205330103,-0.01635372501514234,-0.01635372501514234,-0.01635372501514234,-0.01635372501514234,0.0
