,Borda,plurality,gt,minimax,gtd,Schulze,IRV
Borda,0.0,0.04201680672268908,0.04201680672268908,-0.0196078431372549,-0.0196078431372549,-0.0196078431372549,0.04201680672268908
plurality,-0.04201680672268908,0.0,0.0,0.014005602240896359,0.014005602240896359,0.014005602240896359,0.0
gt,-0.04201680672268908,0.0,0.0,0.014005602240896359,0.014005602240896359,0.014005602240896359,0.0
minimax,0.0196078431372549,-0.014005602240896359,-0.014005602240896359,0.0,0.0,0.0,-0.014005602240896359
gtd,0.0196078431372549,-0.014005602240896359,-0.014005602240896359,0.0,0.0,0.0,-0.014005602240896359
Schulze,0.0196078431372549,-0.014005602240896359,-0.014005602240896359,0.0,0.0,0.0,-0.014005602240896359
IRV,-0.04201680672268908,0.0,0.0,0.014005602240896359,0.014005602240896359,0.014005602240896359,0.0
