,Borda,plurality,gt,minimax,gtd,Schulze,IRV
Borda,0.0,-0.011089367253750815,0.018917155903457272,-0.011089367253750815,-0.011089367253750815,-0.011089367253750815,-0.011089367253750815
plurality,0.011089367253750815,0.0,-0.009784735812133072,0.0,0.0,0.0,0.0
gt,-0.018917155903457272,0.009784735812133072,0.0,0.009784735812133072,0.009784735812133072,0.009784735812133072,0.009784735812133072
minimax,0.011089367253750815,0.0,-0.009784735812133072,0.0,0.0,0.0,0.0
gtd,0.011089367253750815,0.0,-0.009784735812133072,0.0,0.0,0.0,0.0
Schulze,0.011089367253750815,0.0,-0.009784735812133072,0.0,0.0,0.0,0.0
IRV,0.011089367253750815,0.0,-0.009784735812133072,0.0,0.0,0.0,0.0
