,Borda,plurality,gt,minimax,gtd,Schulze,IRV
Borda,0.0,0.0,0.0,0.0,0.0,0.0,0.0160857908847185
plurality,0.0,0.0,0.0,0.0,0.0,0.0,0.0
gt,0.0,0.0,0.0,0.0,0.0,0.0,0.0160857908847185
minimax,0.0,0.0,0.0,0.0,0.0,0.0,0.0
gtd,0.0,0.0,0.0,0.0,0.0,0.0,0.0160857908847185
Schulze,0.0,0.0,0.0,0.0,0.0,0.0,0.0
IRV,-0.0160857908847185,0.0,-0.0160857908847185,0.0,-0.0160857908847185,0.0,0.0
