,Borda,plurality,gt,minimax,gtd,Schulze,IRV
Borda,0.0,0.04361370716510903,0.0,0.0,0.0,0.0,0.0
plurality,-0.04361370716510903,0.0,-0.04361370716510903,-0.04361370716510903,-0.03426791277258567,-0.04361370716510903,-0.04361370716510903
gt,0.0,0.04361370716510903,0.0,0.0,0.0,0.0,0.0
minimax,0.0,0.04361370716510903,0.0,0.0,0.0,0.0,0.0
gtd,0.0,0.03426791277258567,0.0,0.0,0.0,0.0,0.0
Schulze,0.0,0.04361370716510903,0.0,0.0,0.0,0.0,0.0
IRV,0.0,0.04361370716510903,0.0,0.0,0.0,0.0,0.0
