,Borda,plurality,gt,minimax,gtd,Schulze,IRV
Borda,0.0,0.0,0.0,0.0,0.0,0.0,-0.010501750291715286
plurality,0.0,0.0,0.0,0.0,0.0,0.0,-0.010501750291715286
gt,0.0,0.0,0.0,0.0,0.0,0.0,-0.010501750291715286
minimax,0.0,0.0,0.0,0.0,0.0,0.0,-0.010501750291715286
gtd,0.0,0.0,0.0,0.0,0.0,0.0,-0.010501750291715286
Schulze,0.0,0.0,0.0,0.0,0.0,0.0,-0.010501750291715286
IRV,0.010501750291715286,0.010501750291715286,0.010501750291715286,0.010501750291715286,0.010501750291715286,0.010501750291715286,0.0
