,Borda,plurality,gt,minimax,gtd,Schulze,IRV
Borda,0.0,0.0,-0.0017761989342806395,0.0,-0.0017761989342806395,0.0,-0.0017761989342806395
plurality,0.0,0.0,-0.0017761989342806395,0.0,-0.0017761989342806395,0.0,-0.0017761989342806395
gt,0.0017761989342806395,0.0017761989342806395,0.0,0.0017761989342806395,0.0,0.0017761989342806395,0.0
minimax,0.0,0.0,-0.0017761989342806395,0.0,-0.0017761989342806395,0.0,-0.0017761989342806395
gtd,0.0017761989342806395,0.0017761989342806395,0.0,0.0017761989342806395,0.0,0.0017761989342806395,0.0
Schulze,0.0,0.0,-0.0017761989342806395,0.0,-0.0017761989342806395,0.0,-0.0017761989342806395
IRV,0.0017761989342806395,0.0017761989342806395,0.0,0.0017761989342806395,0.0,0.0017761989342806395,0.0
