,Borda,plurality,gt,minimax,gtd,Schulze,IRV
Borda,0.0,-0.013574660633484163,-0.013574660633484163,0.0,0.0,0.0,0.03167420814479638
plurality,0.013574660633484163,0.0,0.0,0.013574660633484163,0.013574660633484163,0.013574660633484163,-0.03167420814479638
gt,0.013574660633484163,0.0,0.0,0.013574660633484163,0.013574660633484163,0.013574660633484163,-0.03167420814479638
minimax,0.0,-0.013574660633484163,-0.013574660633484163,0.0,0.0,0.0,0.03167420814479638
gtd,0.0,-0.013574660633484163,-0.013574660633484163,0.0,0.0,0.0,0.03167420814479638
Schulze,0.0,-0.013574660633484163,-0.013574660633484163,0.0,0.0,0.0,0.03167420814479638
IRV,-0.03167420814479638,0.03167420814479638,0.03167420814479638,-0.03167420814479638,-0.03167420814479638,-0.03167420814479638,0.0
