,Borda,plurality,gt,minimax,gtd,Schulze,IRV
Borda,0.0,-0.006578947368421052,-0.006578947368421052,0.0,-0.006578947368421052,0.0,-0.006578947368421052
plurality,0.006578947368421052,0.0,0.0,0.006578947368421052,0.0,0.006578947368421052,0.0
gt,0.006578947368421052,0.0,0.0,0.006578947368421052,0.0,0.006578947368421052,0.0
minimax,0.0,-0.006578947368421052,-0.006578947368421052,0.0,-0.006578947368421052,0.0,-0.006578947368421052
gtd,0.006578947368421052,0.0,0.0,0.006578947368421052,0.0,0.006578947368421052,0.0
Schulze,0.0,-0.006578947368421052,-0.006578947368421052,0.0,-0.006578947368421052,0.0,-0.006578947368421052
IRV,0.006578947368421052,0.0,0.0,0.006578947368421052,0.0,0.006578947368421052,0.0
