,Borda,plurality,gt,minimax,gtd,Schulze,IRV
Borda,0.0,-0.0196078431372549,-0.0196078431372549,-0.0196078431372549,-0.0196078431372549,-0.0196078431372549,0.058823529411764705
plurality,0.0196078431372549,0.0,0.0,0.0,0.0,0.0,-0.0028011204481792717
gt,0.0196078431372549,0.0,0.0,0.0,0.0,0.0,-0.0028011204481792717
minimax,0.0196078431372549,0.0,0.0,0.0,0.0,0.0,-0.0028011204481792717
gtd,0.0196078431372549,0.0,0.0,0.0,0.0,0.0,-0.0028011204481792717
Schulze,0.0196078431372549,0.0,0.0,0.0,0.0,0.0,-0.0028011204481792717
IRV,-0.058823529411764705,0.0028011204481792717,0.0028011204481792717,0.0028011204481792717,0.0028011204481792717,0.0028011204481792717,0.0
