,Borda,plurality,gt,minimax,gtd,Schulze,IRV
Borda,0.0,0.0,0.0,0.0,-0.007058823529411765,0.0,-0.007058823529411765
plurality,0.0,0.0,0.0,0.0,-0.007058823529411765,0.0,-0.007058823529411765
gt,0.0,0.0,0.0,0.0,-0.007058823529411765,0.0,-0.007058823529411765
minimax,0.0,0.0,0.0,0.0,-0.007058823529411765,0.0,-0.007058823529411765
gtd,0.007058823529411765,0.007058823529411765,0.007058823529411765,0.007058823529411765,0.0,0.007058823529411765,0.0
Schulze,0.0,0.0,0.0,0.0,-0.007058823529411765,0.0,-0.007058823529411765
IRV,0.007058823529411765,0.007058823529411765,0.007058823529411765,0.007058823529411765,0.0,0.007058823529411765,0.0
