,Borda,plurality,gt,minimax,gtd,Schulze,IRV
Borda,0.0,-0.003188097768331562,-0.003188097768331562,0.0,-0.003188097768331562,0.0,0.018065887353878853
plurality,0.003188097768331562,0.0,0.0,0.003188097768331562,0.0,0.003188097768331562,-0.009564293304994687
gt,0.003188097768331562,0.0,0.0,0.003188097768331562,0.0,0.003188097768331562,-0.009564293304994687
minimax,0.0,-0.003188097768331562,-0.003188097768331562,0.0,-0.003188097768331562,0.0,0.018065887353878853
gtd,0.003188097768331562,0.0,0.0,0.003188097768331562,0.0,0.003188097768331562,-0.009564293304994687
Schulze,0.0,-0.003188097768331562,-0.003188097768331562,0.0,-0.003188097768331562,0.0,0.018065887353878853
IRV,-0.018065887353878853,0.009564293304994687,0.009564293304994687,-0.018065887353878853,0.009564293304994687,-0.018065887353878853,0.0
