,Borda,plurality,gt,minimax,gtd,Schulze,IRV
Borda,0.0,0.0,0.05357142857142857,-0.004464285714285714,-0.004464285714285714,-0.004464285714285714,-0.004464285714285714
plurality,0.0,0.0,0.05357142857142857,-0.004464285714285714,-0.004464285714285714,-0.004464285714285714,-0.004464285714285714
gt,-0.05357142857142857,-0.05357142857142857,0.0,0.0,0.0,0.0,0.0
minimax,0.004464285714285714,0.004464285714285714,0.0,0.0,0.0,0.0,0.0
gtd,0.004464285714285714,0.004464285714285714,0.0,0.0,0.0,0.0,0.0
Schulze,0.004464285714285714,0.004464285714285714,0.0,0.0,0.0,0.0,0.0
IRV,0.004464285714285714,0.004464285714285714,0.0,0.0,0.0,0.0,0.0
