,Borda,plurality,gt,minimax,gtd,Schulze,IRV
Borda,0.0,0.0,0.060240963855421686,0.0,-0.012048192771084338,0.0,0.0
plurality,0.0,0.0,0.060240963855421686,0.0,-0.012048192771084338,0.0,0.0
gt,-0.060240963855421686,-0.060240963855421686,0.0,-0.060240963855421686,0.04096385542168675,-0.060240963855421686,-0.060240963855421686
minimax,0.0,0.0,0.060240963855421686,0.0,-0.012048192771084338,0.0,0.0
gtd,0.012048192771084338,0.012048192771084338,-0.04096385542168675,0.012048192771084338,0.0,0.012048192771084338,0.012048192771084338
Schulze,0.0,0.0,0.060240963855421686,0.0,-0.012048192771084338,0.0,0.0
IRV,0.0,0.0,0.060240963855421686,0.0,-0.012048192771084338,0.0,0.0
