,Borda,plurality,gt,minimax,gtd,Schulze,IRV
Borda,0.0,0.07096774193548387,0.0,0.0,0.0,0.0,0.0
plurality,-0.07096774193548387,0.0,-0.04516129032258064,-0.07096774193548387,-0.04516129032258064,-0.07096774193548387,-0.07096774193548387
gt,0.0,0.04516129032258064,0.0,0.0,0.0,0.0,0.0
minimax,0.0,0.07096774193548387,0.0,0.0,0.0,0.0,0.0
gtd,0.0,0.04516129032258064,0.0,0.0,0.0,0.0,0.0
Schulze,0.0,0.07096774193548387,0.0,0.0,0.0,0.0,0.0
IRV,0.0,0.07096774193548387,0.0,0.0,0.0,0.0,0.0
