,Borda,plurality,gt,minimax,gtd,Schulze,IRV
Borda,0.0,-0.0024937655860349127,0.0,0.0,-0.0024937655860349127,0.0,0.04738154613466334
plurality,0.0024937655860349127,0.0,0.0024937655860349127,0.0024937655860349127,0.0,0.0024937655860349127,-0.04239401496259352
gt,0.0,-0.0024937655860349127,0.0,0.0,-0.0024937655860349127,0.0,0.04738154613466334
minimax,0.0,-0.0024937655860349127,0.0,0.0,-0.0024937655860349127,0.0,0.04738154613466334
gtd,0.0024937655860349127,0.0,0.0024937655860349127,0.0024937655860349127,0.0,0.0024937655860349127,-0.04239401496259352
Schulze,0.0,-0.0024937655860349127,0.0,0.0,-0.0024937655860349127,0.0,0.04738154613466334
IRV,-0.04738154613466334,0.04239401496259352,-0.04738154613466334,-0.04738154613466334,0.04239401496259352,-0.04738154613466334,0.0
