,Borda,plurality,gt,minimax,gtd,Schulze,IRV
Borda,0.0,0.0,-0.006237006237006237,0.0,-0.006237006237006237,0.0,0.0
plurality,0.0,0.0,-0.006237006237006237,0.0,-0.006237006237006237,0.0,0.0
gt,0.006237006237006237,0.006237006237006237,0.0,0.006237006237006237,0.0,0.006237006237006237,0.006237006237006237
minimax,0.0,0.0,-0.006237006237006237,0.0,-0.006237006237006237,0.0,0.0
gtd,0.006237006237006237,0.006237006237006237,0.0,0.006237006237006237,0.0,0.006237006237006237,0.006237006237006237
Schulze,0.0,0.0,-0.006237006237006237,0.0,-0.006237006237006237,0.0,0.0
IRV,0.0,0.0,-0.006237006237006237,0.0,-0.006237006237006237,0.0,0.0
