,Borda,plurality,gt,minimax,gtd,Schulze,IRV
Borda,0.0,-0.007905138339920948,0.0,0.0,-0.007905138339920948,0.0,0.039525691699604744
plurality,0.007905138339920948,0.0,0.007905138339920948,0.007905138339920948,0.0,0.007905138339920948,-0.03557312252964427
gt,0.0,-0.007905138339920948,0.0,0.0,-0.007905138339920948,0.0,0.039525691699604744
minimax,0.0,-0.007905138339920948,0.0,0.0,-0.007905138339920948,0.0,0.039525691699604744
gtd,0.007905138339920948,0.0,0.007905138339920948,0.007905138339920948,0.0,0.007905138339920948,-0.03557312252964427
Schulze,0.0,-0.007905138339920948,0.0,0.0,-0.007905138339920948,0.0,0.039525691699604744
IRV,-0.039525691699604744,0.03557312252964427,-0.039525691699604744,-0.039525691699604744,0.03557312252964427,-0.039525691699604744,0.0
