,Borda,plurality,gt,minimax,gtd,Schulze,IRV
Borda,0.0,-0.011764705882352941,-0.011764705882352941,0.0,0.0,0.0,0.023529411764705882
plurality,0.011764705882352941,0.0,0.0,0.011764705882352941,0.011764705882352941,0.011764705882352941,-0.026470588235294117
gt,0.011764705882352941,0.0,0.0,0.011764705882352941,0.011764705882352941,0.011764705882352941,-0.026470588235294117
minimax,0.0,-0.011764705882352941,-0.011764705882352941,0.0,0.0,0.0,0.023529411764705882
gtd,0.0,-0.011764705882352941,-0.011764705882352941,0.0,0.0,0.0,0.023529411764705882
Schulze,0.0,-0.011764705882352941,-0.011764705882352941,0.0,0.0,0.0,0.023529411764705882
IRV,-0.023529411764705882,0.026470588235294117,0.026470588235294117,-0.023529411764705882,-0.023529411764705882,-0.023529411764705882,0.0
