,Borda,plurality,gt,minimax,gtd,Schulze,IRV
Borda,0.0,0.034013605442176874,0.0,0.0,0.0,0.0,0.034013605442176874
plurality,-0.034013605442176874,0.0,-0.034013605442176874,-0.034013605442176874,-0.034013605442176874,-0.034013605442176874,0.0
gt,0.0,0.034013605442176874,0.0,0.0,0.0,0.0,0.034013605442176874
minimax,0.0,0.034013605442176874,0.0,0.0,0.0,0.0,0.034013605442176874
gtd,0.0,0.034013605442176874,0.0,0.0,0.0,0.0,0.034013605442176874
Schulze,0.0,0.034013605442176874,0.0,0.0,0.0,0.0,0.034013605442176874
IRV,-0.034013605442176874,0.0,-0.034013605442176874,-0.034013605442176874,-0.034013605442176874,-0.034013605442176874,0.0
