,Borda,plurality,gt,minimax,gtd,Schulze,IRV
Borda,0.0,-0.006779661016949152,-0.006779661016949152,0.0,-0.006779661016949152,0.0,-0.006779661016949152
plurality,0.006779661016949152,0.0,0.0,0.006779661016949152,0.0,0.006779661016949152,0.0
gt,0.006779661016949152,0.0,0.0,0.006779661016949152,0.0,0.006779661016949152,0.0
minimax,0.0,-0.006779661016949152,-0.006779661016949152,0.0,-0.006779661016949152,0.0,-0.006779661016949152
gtd,0.006779661016949152,0.0,0.0,0.006779661016949152,0.0,0.006779661016949152,0.0
Schulze,0.0,-0.006779661016949152,-0.006779661016949152,0.0,-0.006779661016949152,0.0,-0.006779661016949152
IRV,0.006779661016949152,0.0,0.0,0.006779661016949152,0.0,0.006779661016949152,0.0
