,Borda,plurality,gt,minimax,gtd,Schulze,IRV
Borda,0.0,0.0,0.0,0.0,0.0,0.0,0.05555555555555555
plurality,0.0,0.0,0.0,0.0,0.0,0.0,-0.013888888888888888
gt,0.0,0.0,0.0,0.0,0.0,0.0,-0.013888888888888888
minimax,0.0,0.0,0.0,0.0,0.0,0.0,0.05555555555555555
gtd,0.0,0.0,0.0,0.0,0.0,0.0,0.05555555555555555
Schulze,0.0,0.0,0.0,0.0,0.0,0.0,0.05555555555555555
IRV,-0.05555555555555555,0.013888888888888888,0.013888888888888888,-0.05555555555555555,-0.05555555555555555,-0.05555555555555555,0.0
