,Borda,plurality,gt,minimax,gtd,Schulze,IRV
Borda,0.0,-0.003484320557491289,0.0,0.0,0.0,0.0,0.0313588850174216
plurality,0.003484320557491289,0.0,0.003484320557491289,0.003484320557491289,0.003484320557491289,0.003484320557491289,-0.041811846689895474
gt,0.0,-0.003484320557491289,0.0,0.0,0.0,0.0,0.0313588850174216
minimax,0.0,-0.003484320557491289,0.0,0.0,0.0,0.0,0.0313588850174216
gtd,0.0,-0.003484320557491289,0.0,0.0,0.0,0.0,0.0313588850174216
Schulze,0.0,-0.003484320557491289,0.0,0.0,0.0,0.0,0.0313588850174216
IRV,-0.0313588850174216,0.041811846689895474,-0.0313588850174216,-0.0313588850174216,-0.0313588850174216,-0.0313588850174216,0.0
