,Borda,plurality,gt,minimax,gtd,Schulze,IRV
Borda,0.0,-0.02576112412177986,-0.02576112412177986,-0.02576112412177986,-0.02576112412177986,-0.02576112412177986,0.09133489461358314
plurality,0.02576112412177986,0.0,0.0,0.0,0.0,0.0,-0.00234192037470726
gt,0.02576112412177986,0.0,0.0,0.0,0.0,0.0,-0.00234192037470726
minimax,0.02576112412177986,0.0,0.0,0.0,0.0,0.0,-0.00234192037470726
gtd,0.02576112412177986,0.0,0.0,0.0,0.0,0.0,-0.00234192037470726
Schulze,0.02576112412177986,0.0,0.0,0.0,0.0,0.0,-0.00234192037470726
IRV,-0.09133489461358314,0.00234192037470726,0.00234192037470726,0.00234192037470726,0.00234192037470726,0.00234192037470726,0.0
