,Borda,plurality,gt,minimax,gtd,Schulze,IRV
Borda,0.0,0.0,0.0467706013363029,0.0,-0.028953229398663696,0.0,0.0
plurality,0.0,0.0,0.0467706013363029,0.0,-0.028953229398663696,0.0,0.0
gt,-0.0467706013363029,-0.0467706013363029,0.0,-0.0467706013363029,0.0378619153674833,-0.0467706013363029,-0.0467706013363029
minimax,0.0,0.0,0.0467706013363029,0.0,-0.028953229398663696,0.0,0.0
gtd,0.028953229398663696,0.028953229398663696,-0.0378619153674833,0.028953229398663696,0.0,0.028953229398663696,0.028953229398663696
Schulze,0.0,0.0,0.0467706013363029,0.0,-0.028953229398663696,0.0,0.0
IRV,0.0,0.0,0.0467706013363029,0.0,-0.028953229398663696,0.0,0.0
