,Borda,plurality,gt,minimax,gtd,Schulze,IRV
Borda,0.0,-0.0024449877750611247,0.0,0.0,-0.0024449877750611247,0.0,-0.0024449877750611247
plurality,0.0024449877750611247,0.0,0.0024449877750611247,0.0024449877750611247,0.0,0.0024449877750611247,0.0
gt,0.0,-0.0024449877750611247,0.0,0.0,-0.0024449877750611247,0.0,-0.0024449877750611247
minimax,0.0,-0.0024449877750611247,0.0,0.0,-0.0024449877750611247,0.0,-0.0024449877750611247
gtd,0.0024449877750611247,0.0,0.0024449877750611247,0.0024449877750611247,0.0,0.0024449877750611247,0.0
Schulze,0.0,-0.0024449877750611247,0.0,0.0,-0.0024449877750611247,0.0,-0.0024449877750611247
IRV,0.0024449877750611247,0.0,0.0024449877750611247,0.0024449877750611247,0.0,0.0024449877750611247,0.0
