,Borda,plurality,gt,minimax,gtd,Schulze,IRV
Borda,0.0,0.026455026455026454,0.0,0.0,0.0,0.0,0.026455026455026454
plurality,-0.026455026455026454,0.0,-0.026455026455026454,-0.026455026455026454,-0.026455026455026454,-0.026455026455026454,0.0
gt,0.0,0.026455026455026454,0.0,0.0,0.0,0.0,0.026455026455026454
minimax,0.0,0.026455026455026454,0.0,0.0,0.0,0.0,0.026455026455026454
gtd,0.0,0.026455026455026454,0.0,0.0,0.0,0.0,0.026455026455026454
Schulze,0.0,0.026455026455026454,0.0,0.0,0.0,0.0,0.026455026455026454
IRV,-0.026455026455026454,0.0,-0.026455026455026454,-0.026455026455026454,-0.026455026455026454,-0.026455026455026454,0.0
