,Borda,plurality,gt,minimax,gtd,Schulze,IRV
Borda,0.0,0.037694013303769404,-0.011086474501108648,-0.011086474501108648,-0.011086474501108648,-0.011086474501108648,0.037694013303769404
plurality,-0.037694013303769404,0.0,0.0066518847006651885,0.0066518847006651885,0.0066518847006651885,0.0066518847006651885,0.0
gt,0.011086474501108648,-0.0066518847006651885,0.0,0.0,0.0,0.0,-0.0066518847006651885
minimax,0.011086474501108648,-0.0066518847006651885,0.0,0.0,0.0,0.0,-0.0066518847006651885
gtd,0.011086474501108648,-0.0066518847006651885,0.0,0.0,0.0,0.0,-0.0066518847006651885
Schulze,0.011086474501108648,-0.0066518847006651885,0.0,0.0,0.0,0.0,-0.0066518847006651885
IRV,-0.037694013303769404,0.0,0.0066518847006651885,0.0066518847006651885,0.0066518847006651885,0.0066518847006651885,0.0
