,Borda,plurality,gt,minimax,gtd,Schulze,IRV
Borda,0.0,0.027707808564231738,-0.012594458438287154,0.0,0.0,0.0,0.027707808564231738
plurality,-0.027707808564231738,0.0,0.042821158690176324,-0.027707808564231738,-0.027707808564231738,-0.027707808564231738,0.0
gt,0.012594458438287154,-0.042821158690176324,0.0,0.012594458438287154,0.012594458438287154,0.012594458438287154,-0.042821158690176324
minimax,0.0,0.027707808564231738,-0.012594458438287154,0.0,0.0,0.0,0.027707808564231738
gtd,0.0,0.027707808564231738,-0.012594458438287154,0.0,0.0,0.0,0.027707808564231738
Schulze,0.0,0.027707808564231738,-0.012594458438287154,0.0,0.0,0.0,0.027707808564231738
IRV,-0.027707808564231738,0.0,0.042821158690176324,-0.027707808564231738,-0.027707808564231738,-0.027707808564231738,0.0
