,Borda,plurality,gt,minimax,gtd,Schulze,IRV
Borda,0.0,-0.002012072434607646,-0.002012072434607646,0.0,-0.002012072434607646,0.0,0.08853118712273642
plurality,0.002012072434607646,0.0,0.0,0.002012072434607646,0.0,0.002012072434607646,-0.008048289738430584
gt,0.002012072434607646,0.0,0.0,0.002012072434607646,0.0,0.002012072434607646,-0.008048289738430584
minimax,0.0,-0.002012072434607646,-0.002012072434607646,0.0,-0.002012072434607646,0.0,0.08853118712273642
gtd,0.002012072434607646,0.0,0.0,0.002012072434607646,0.0,0.002012072434607646,-0.008048289738430584
Schulze,0.0,-0.002012072434607646,-0.002012072434607646,0.0,-0.002012072434607646,0.0,0.08853118712273642
IRV,-0.08853118712273642,0.008048289738430584,0.008048289738430584,-0.08853118712273642,0.008048289738430584,-0.08853118712273642,0.0
