,Borda,plurality,gt,minimax,gtd,Schulze,IRV
Borda,0.0,0.04367816091954023,-0.020689655172413793,-0.020689655172413793,-0.020689655172413793,-0.020689655172413793,0.0
plurality,-0.04367816091954023,0.0,0.006896551724137931,0.006896551724137931,0.006896551724137931,0.006896551724137931,-0.04367816091954023
gt,0.020689655172413793,-0.006896551724137931,0.0,0.0,0.0,0.0,0.020689655172413793
minimax,0.020689655172413793,-0.006896551724137931,0.0,0.0,0.0,0.0,0.020689655172413793
gtd,0.020689655172413793,-0.006896551724137931,0.0,0.0,0.0,0.0,0.020689655172413793
Schulze,0.020689655172413793,-0.006896551724137931,0.0,0.0,0.0,0.0,0.020689655172413793
IRV,0.0,0.04367816091954023,-0.020689655172413793,-0.020689655172413793,-0.020689655172413793,-0.020689655172413793,0.0
