,Borda,plurality,gt,minimax,gtd,Schulze,IRV
Borda,0.0,0.0,0.07936507936507936,0.0,-0.015873015873015872,0.0,-0.015873015873015872
plurality,0.0,0.0,0.07936507936507936,0.0,-0.015873015873015872,0.0,-0.015873015873015872
gt,-0.07936507936507936,-0.07936507936507936,0.0,-0.07936507936507936,0.07936507936507936,-0.07936507936507936,0.07936507936507936
minimax,0.0,0.0,0.07936507936507936,0.0,-0.015873015873015872,0.0,-0.015873015873015872
gtd,0.015873015873015872,0.015873015873015872,-0.07936507936507936,0.015873015873015872,0.0,0.015873015873015872,0.0
Schulze,0.0,0.0,0.07936507936507936,0.0,-0.015873015873015872,0.0,-0.015873015873015872
IRV,0.015873015873015872,0.015873015873015872,-0.07936507936507936,0.015873015873015872,0.0,0.015873015873015872,0.0
