,Borda,plurality,gt,minimax,gtd,Schulze,IRV
Borda,0.0,-0.03365384615384615,-0.03365384615384615,-0.03365384615384615,-0.03365384615384615,-0.03365384615384615,0.07692307692307693
plurality,0.03365384615384615,0.0,0.0,0.0,0.0,0.0,-0.004807692307692308
gt,0.03365384615384615,0.0,0.0,0.0,0.0,0.0,-0.004807692307692308
minimax,0.03365384615384615,0.0,0.0,0.0,0.0,0.0,-0.004807692307692308
gtd,0.03365384615384615,0.0,0.0,0.0,0.0,0.0,-0.004807692307692308
Schulze,0.03365384615384615,0.0,0.0,0.0,0.0,0.0,-0.004807692307692308
IRV,-0.07692307692307693,0.004807692307692308,0.004807692307692308,0.004807692307692308,0.004807692307692308,0.004807692307692308,0.0
