,Borda,plurality,gt,minimax,gtd,Schulze,IRV
Borda,0.0,0.0,0.0,0.0,0.0,0.0,0.03932584269662921
plurality,0.0,0.0,0.0,0.0,0.0,0.0,-0.028089887640449437
gt,0.0,0.0,0.0,0.0,0.0,0.0,0.03932584269662921
minimax,0.0,0.0,0.0,0.0,0.0,0.0,0.03932584269662921
gtd,0.0,0.0,0.0,0.0,0.0,0.0,0.03932584269662921
Schulze,0.0,0.0,0.0,0.0,0.0,0.0,0.03932584269662921
IRV,-0.03932584269662921,0.028089887640449437,-0.03932584269662921,-0.03932584269662921,-0.03932584269662921,-0.03932584269662921,0.0
