,Borda,plurality,gt,minimax,gtd,Schulze,IRV
Borda,0.0,-0.014373716632443531,-0.014373716632443531,-0.014373716632443531,-0.014373716632443531,-0.014373716632443531,0.06365503080082136
plurality,0.014373716632443531,0.0,0.0,0.0,0.0,0.0,-0.002053388090349076
gt,0.014373716632443531,0.0,0.0,0.0,0.0,0.0,-0.002053388090349076
minimax,0.014373716632443531,0.0,0.0,0.0,0.0,0.0,-0.002053388090349076
gtd,0.014373716632443531,0.0,0.0,0.0,0.0,0.0,-0.002053388090349076
Schulze,0.014373716632443531,0.0,0.0,0.0,0.0,0.0,-0.002053388090349076
IRV,-0.06365503080082136,0.002053388090349076,0.002053388090349076,0.002053388090349076,0.002053388090349076,0.002053388090349076,0.0
