,Borda,plurality,gt,minimax,gtd,Schulze,IRV
Borda,0.0,0.0,0.0,0.0,0.0,0.0,-0.017218543046357615
plurality,0.0,0.0,0.0,0.0,0.0,0.0,-0.017218543046357615
gt,0.0,0.0,0.0,0.0,0.0,0.0,-0.017218543046357615
minimax,0.0,0.0,0.0,0.0,0.0,0.0,-0.017218543046357615
gtd,0.0,0.0,0.0,0.0,0.0,0.0,-0.017218543046357615
Schulze,0.0,0.0,0.0,0.0,0.0,0.0,-0.017218543046357615
IRV,0.017218543046357615,0.017218543046357615,0.017218543046357615,0.017218543046357615,0.017218543046357615,0.017218543046357615,0.0
