,Borda,plurality,gt,minimax,gtd,Schulze,IRV
Borda,0.0,-0.012477718360071301,0.05169340463458111,-0.012477718360071301,-0.012477718360071301,-0.012477718360071301,-0.012477718360071301
plurality,0.012477718360071301,0.0,-0.0017825311942959,0.0,0.0,0.0,0.0
gt,-0.05169340463458111,0.0017825311942959,0.0,0.0017825311942959,0.0017825311942959,0.0017825311942959,0.0017825311942959
minimax,0.012477718360071301,0.0,-0.0017825311942959,0.0,0.0,0.0,0.0
gtd,0.012477718360071301,0.0,-0.0017825311942959,0.0,0.0,0.0,0.0
Schulze,0.012477718360071301,0.0,-0.0017825311942959,0.0,0.0,0.0,0.0
IRV,0.012477718360071301,0.0,-0.0017825311942959,0.0,0.0,0.0,0.0
