,Borda,plurality,gt,minimax,gtd,Schulze,IRV
Borda,0.0,0.0,0.0,0.0,0.0,0.0,0.024390243902439025
plurality,0.0,0.0,0.0,0.0,0.0,0.0,-0.02032520325203252
gt,0.0,0.0,0.0,0.0,0.0,0.0,-0.02032520325203252
minimax,0.0,0.0,0.0,0.0,0.0,0.0,0.024390243902439025
gtd,0.0,0.0,0.0,0.0,0.0,0.0,0.024390243902439025
Schulze,0.0,0.0,0.0,0.0,0.0,0.0,0.024390243902439025
IRV,-0.024390243902439025,0.02032520325203252,0.02032520325203252,-0.024390243902439025,-0.024390243902439025,-0.024390243902439025,0.0
