,Borda,plurality,gt,minimax,gtd,Schulze,IRV
Borda,0.0,0.061946902654867256,0.0,0.0,0.0,0.0,0.0
plurality,-0.061946902654867256,0.0,0.02654867256637168,-0.061946902654867256,-0.061946902654867256,-0.061946902654867256,-0.061946902654867256
gt,0.0,-0.02654867256637168,0.0,0.0,0.0,0.0,0.0
minimax,0.0,0.061946902654867256,0.0,0.0,0.0,0.0,0.0
gtd,0.0,0.061946902654867256,0.0,0.0,0.0,0.0,0.0
Schulze,0.0,0.061946902654867256,0.0,0.0,0.0,0.0,0.0
IRV,0.0,0.061946902654867256,0.0,0.0,0.0,0.0,0.0
