,Borda,plurality,gt,minimax,gtd,Schulze,IRV
Borda,0.0,0.07909604519774012,0.07909604519774012,-0.01694915254237288,-0.01694915254237288,-0.01694915254237288,0.0
plurality,-0.07909604519774012,0.0,0.0,0.005649717514124294,0.005649717514124294,0.005649717514124294,-0.07909604519774012
gt,-0.07909604519774012,0.0,0.0,0.005649717514124294,0.005649717514124294,0.005649717514124294,-0.07909604519774012
minimax,0.01694915254237288,-0.005649717514124294,-0.005649717514124294,0.0,0.0,0.0,0.01694915254237288
gtd,0.01694915254237288,-0.005649717514124294,-0.005649717514124294,0.0,0.0,0.0,0.01694915254237288
Schulze,0.01694915254237288,-0.005649717514124294,-0.005649717514124294,0.0,0.0,0.0,0.01694915254237288
IRV,0.0,0.07909604519774012,0.07909604519774012,-0.01694915254237288,-0.01694915254237288,-0.01694915254237288,0.0
