,Borda,plurality,gt,minimax,gtd,Schulze,IRV
Borda,0.0,-0.027110766847405113,0.07513555383423702,-0.027110766847405113,-0.027110766847405113,-0.027110766847405113,-0.027110766847405113
plurality,0.027110766847405113,0.0,-0.0038729666924864447,0.0,0.0,0.0,0.0
gt,-0.07513555383423702,0.0038729666924864447,0.0,0.0038729666924864447,0.0038729666924864447,0.0038729666924864447,0.0038729666924864447
minimax,0.027110766847405113,0.0,-0.0038729666924864447,0.0,0.0,0.0,0.0
gtd,0.027110766847405113,0.0,-0.0038729666924864447,0.0,0.0,0.0,0.0
Schulze,0.027110766847405113,0.0,-0.0038729666924864447,0.0,0.0,0.0,0.0
IRV,0.027110766847405113,0.0,-0.0038729666924864447,0.0,0.0,0.0,0.0
