,Borda,plurality,gt,minimax,gtd,Schulze,IRV
Borda,0.0,0.0,-0.012949640287769784,-0.012949640287769784,-0.012949640287769784,-0.012949640287769784,-0.012949640287769784
plurality,0.0,0.0,-0.012949640287769784,-0.012949640287769784,-0.012949640287769784,-0.012949640287769784,-0.012949640287769784
gt,0.012949640287769784,0.012949640287769784,0.0,0.0,0.0,0.0,0.0
minimax,0.012949640287769784,0.012949640287769784,0.0,0.0,0.0,0.0,0.0
gtd,0.012949640287769784,0.012949640287769784,0.0,0.0,0.0,0.0,0.0
Schulze,0.012949640287769784,0.012949640287769784,0.0,0.0,0.0,0.0,0.0
IRV,0.012949640287769784,0.012949640287769784,0.0,0.0,0.0,0.0,0.0
