,Borda,plurality,gt,minimax,gtd,Schulze,IRV
Borda,0.0,0.0,0.04265402843601896,0.0,-0.020537124802527645,0.0,-0.020537124802527645
plurality,0.0,0.0,0.04265402843601896,0.0,-0.020537124802527645,0.0,-0.020537124802527645
gt,-0.04265402843601896,-0.04265402843601896,0.0,-0.04265402843601896,0.023696682464454975,-0.04265402843601896,0.023696682464454975
minimax,0.0,0.0,0.04265402843601896,0.0,-0.020537124802527645,0.0,-0.020537124802527645
gtd,0.020537124802527645,0.020537124802527645,-0.023696682464454975,0.020537124802527645,0.0,0.020537124802527645,0.0
Schulze,0.0,0.0,0.04265402843601896,0.0,-0.020537124802527645,0.0,-0.020537124802527645
IRV,0.020537124802527645,0.020537124802527645,-0.023696682464454975,0.020537124802527645,0.0,0.020537124802527645,0.0
