,Borda,plurality,gt,minimax,gtd,Schulze,IRV
Borda,0.0,0.0,0.019762845849802372,-0.006587615283267457,-0.006587615283267457,-0.006587615283267457,0.0
plurality,0.0,0.0,0.019762845849802372,-0.006587615283267457,-0.006587615283267457,-0.006587615283267457,0.0
gt,-0.019762845849802372,-0.019762845849802372,0.0,0.003952569169960474,0.003952569169960474,0.003952569169960474,-0.019762845849802372
minimax,0.006587615283267457,0.006587615283267457,-0.003952569169960474,0.0,0.0,0.0,0.006587615283267457
gtd,0.006587615283267457,0.006587615283267457,-0.003952569169960474,0.0,0.0,0.0,0.006587615283267457
Schulze,0.006587615283267457,0.006587615283267457,-0.003952569169960474,0.0,0.0,0.0,0.006587615283267457
IRV,0.0,0.0,0.019762845849802372,-0.006587615283267457,-0.006587615283267457,-0.006587615283267457,0.0
