,Borda,plurality,gt,minimax,gtd,Schulze,IRV
Borda,0.0,0.0748663101604278,-0.0374331550802139,0.0,-0.0374331550802139,0.0,0.0
plurality,-0.0748663101604278,0.0,0.058823529411764705,-0.0748663101604278,0.058823529411764705,-0.0748663101604278,-0.0748663101604278
gt,0.0374331550802139,-0.058823529411764705,0.0,0.0374331550802139,0.0,0.0374331550802139,0.0374331550802139
minimax,0.0,0.0748663101604278,-0.0374331550802139,0.0,-0.0374331550802139,0.0,0.0
gtd,0.0374331550802139,-0.058823529411764705,0.0,0.0374331550802139,0.0,0.0374331550802139,0.0374331550802139
Schulze,0.0,0.0748663101604278,-0.0374331550802139,0.0,-0.0374331550802139,0.0,0.0
IRV,0.0,0.0748663101604278,-0.0374331550802139,0.0,-0.0374331550802139,0.0,0.0
