,Borda,plurality,gt,minimax,gtd,Schulze,IRV
Borda,0.0,-0.014234875444839857,0.05693950177935943,0.0,-0.014234875444839857,0.0,-0.014234875444839857
plurality,0.014234875444839857,0.0,-0.03558718861209965,0.014234875444839857,0.0,0.014234875444839857,0.0
gt,-0.05693950177935943,0.03558718861209965,0.0,-0.05693950177935943,0.03558718861209965,-0.05693950177935943,0.03558718861209965
minimax,0.0,-0.014234875444839857,0.05693950177935943,0.0,-0.014234875444839857,0.0,-0.014234875444839857
gtd,0.014234875444839857,0.0,-0.03558718861209965,0.014234875444839857,0.0,0.014234875444839857,0.0
Schulze,0.0,-0.014234875444839857,0.05693950177935943,0.0,-0.014234875444839857,0.0,-0.014234875444839857
IRV,0.014234875444839857,0.0,-0.03558718861209965,0.014234875444839857,0.0,0.014234875444839857,0.0
