,Borda,plurality,gt,minimax,gtd,Schulze,IRV
Borda,0.0,0.0,-0.010880316518298714,0.0,0.0,0.0,-0.010880316518298714
plurality,0.0,0.0,-0.010880316518298714,0.0,0.0,0.0,-0.010880316518298714
gt,0.010880316518298714,0.010880316518298714,0.0,0.010880316518298714,0.010880316518298714,0.010880316518298714,0.0
minimax,0.0,0.0,-0.010880316518298714,0.0,0.0,0.0,-0.010880316518298714
gtd,0.0,0.0,-0.010880316518298714,0.0,0.0,0.0,-0.010880316518298714
Schulze,0.0,0.0,-0.010880316518298714,0.0,0.0,0.0,-0.010880316518298714
IRV,0.010880316518298714,0.010880316518298714,0.0,0.010880316518298714,0.010880316518298714,0.010880316518298714,0.0
