,Borda,plurality,gt,minimax,gtd,Schulze,IRV
Borda,0.0,0.0,-0.018633540372670808,-0.018633540372670808,-0.018633540372670808,-0.018633540372670808,0.0
plurality,0.0,0.0,-0.018633540372670808,-0.018633540372670808,-0.018633540372670808,-0.018633540372670808,0.0
gt,0.018633540372670808,0.018633540372670808,0.0,0.0,0.0,0.0,0.018633540372670808
minimax,0.018633540372670808,0.018633540372670808,0.0,0.0,0.0,0.0,0.018633540372670808
gtd,0.018633540372670808,0.018633540372670808,0.0,0.0,0.0,0.0,0.018633540372670808
Schulze,0.018633540372670808,0.018633540372670808,0.0,0.0,0.0,0.0,0.018633540372670808
IRV,0.0,0.0,-0.018633540372670808,-0.018633540372670808,-0.018633540372670808,-0.018633540372670808,0.0
