,Borda,plurality,gt,minimax,gtd,Schulze,IRV
Borda,0.0,-0.019130434782608695,-0.019130434782608695,0.0,-0.019130434782608695,0.0,-0.019130434782608695
plurality,0.019130434782608695,0.0,0.0,0.019130434782608695,0.0,0.019130434782608695,0.0
gt,0.019130434782608695,0.0,0.0,0.019130434782608695,0.0,0.019130434782608695,0.0
minimax,0.0,-0.019130434782608695,-0.019130434782608695,0.0,-0.019130434782608695,0.0,-0.019130434782608695
gtd,0.019130434782608695,0.0,0.0,0.019130434782608695,0.0,0.019130434782608695,0.0
Schulze,0.0,-0.019130434782608695,-0.019130434782608695,0.0,-0.019130434782608695,0.0,-0.019130434782608695
IRV,0.019130434782608695,0.0,0.0,0.019130434782608695,0.0,0.019130434782608695,0.0
