,Borda,plurality,gt,minimax,gtd,Schulze,IRV
Borda,0.0,0.026785714285714284,0.0,0.0,-0.013392857142857142,0.0,0.026785714285714284
plurality,-0.026785714285714284,0.0,-0.026785714285714284,-0.026785714285714284,0.022321428571428572,-0.026785714285714284,0.0
gt,0.0,0.026785714285714284,0.0,0.0,-0.013392857142857142,0.0,0.026785714285714284
minimax,0.0,0.026785714285714284,0.0,0.0,-0.013392857142857142,0.0,0.026785714285714284
gtd,0.013392857142857142,-0.022321428571428572,0.013392857142857142,0.013392857142857142,0.0,0.013392857142857142,-0.022321428571428572
Schulze,0.0,0.026785714285714284,0.0,0.0,-0.013392857142857142,0.0,0.026785714285714284
IRV,-0.026785714285714284,0.0,-0.026785714285714284,-0.026785714285714284,0.022321428571428572,-0.026785714285714284,0.0
