,Borda,plurality,gt,minimax,gtd,Schulze,IRV
Borda,0.0,0.01928374655647383,-0.008264462809917356,0.0,-0.008264462809917356,0.0,0.0
plurality,-0.01928374655647383,0.0,0.013774104683195593,-0.01928374655647383,0.013774104683195593,-0.01928374655647383,-0.01928374655647383
gt,0.008264462809917356,-0.013774104683195593,0.0,0.008264462809917356,0.0,0.008264462809917356,0.008264462809917356
minimax,0.0,0.01928374655647383,-0.008264462809917356,0.0,-0.008264462809917356,0.0,0.0
gtd,0.008264462809917356,-0.013774104683195593,0.0,0.008264462809917356,0.0,0.008264462809917356,0.008264462809917356
Schulze,0.0,0.01928374655647383,-0.008264462809917356,0.0,-0.008264462809917356,0.0,0.0
IRV,0.0,0.01928374655647383,-0.008264462809917356,0.0,-0.008264462809917356,0.0,0.0
