,Borda,plurality,gt,minimax,gtd,Schulze,IRV
Borda,0.0,-0.0008347245409015025,0.0,0.0,-0.0008347245409015025,0.0,0.014190317195325543
plurality,0.0008347245409015025,0.0,0.0008347245409015025,0.0008347245409015025,0.0,0.0008347245409015025,-0.01001669449081803
gt,0.0,-0.0008347245409015025,0.0,0.0,-0.0008347245409015025,0.0,0.014190317195325543
minimax,0.0,-0.0008347245409015025,0.0,0.0,-0.0008347245409015025,0.0,0.014190317195325543
gtd,0.0008347245409015025,0.0,0.0008347245409015025,0.0008347245409015025,0.0,0.0008347245409015025,-0.01001669449081803
Schulze,0.0,-0.0008347245409015025,0.0,0.0,-0.0008347245409015025,0.0,0.014190317195325543
IRV,-0.014190317195325543,0.01001669449081803,-0.014190317195325543,-0.014190317195325543,0.01001669449081803,-0.014190317195325543,0.0
