,Borda,plurality,gt,minimax,gtd,Schulze,IRV
Borda,0.0,0.008237232289950576,-0.004942339373970346,0.0,0.0,0.0,0.008237232289950576
plurality,-0.008237232289950576,0.0,0.008237232289950576,-0.008237232289950576,-0.008237232289950576,-0.008237232289950576,0.0
gt,0.004942339373970346,-0.008237232289950576,0.0,0.004942339373970346,0.004942339373970346,0.004942339373970346,-0.008237232289950576
minimax,0.0,0.008237232289950576,-0.004942339373970346,0.0,0.0,0.0,0.008237232289950576
gtd,0.0,0.008237232289950576,-0.004942339373970346,0.0,0.0,0.0,0.008237232289950576
Schulze,0.0,0.008237232289950576,-0.004942339373970346,0.0,0.0,0.0,0.008237232289950576
IRV,-0.008237232289950576,0.0,0.008237232289950576,-0.008237232289950576,-0.008237232289950576,-0.008237232289950576,0.0
