,Borda,plurality,gt,minimax,gtd,Schulze,IRV
Borda,0.0,0.0,0.0,0.0,-0.013812154696132596,0.0,-0.013812154696132596
plurality,0.0,0.0,0.0,0.0,-0.013812154696132596,0.0,-0.013812154696132596
gt,0.0,0.0,0.0,0.0,-0.013812154696132596,0.0,-0.013812154696132596
minimax,0.0,0.0,0.0,0.0,-0.013812154696132596,0.0,-0.013812154696132596
gtd,0.013812154696132596,0.013812154696132596,0.013812154696132596,0.013812154696132596,0.0,0.013812154696132596,0.0
Schulze,0.0,0.0,0.0,0.0,-0.013812154696132596,0.0,-0.013812154696132596
IRV,0.013812154696132596,0.013812154696132596,0.013812154696132596,0.013812154696132596,0.0,0.013812154696132596,0.0
