,Borda,plurality,gt,minimax,gtd,Schulze,IRV
Borda,0.0,-0.043256997455470736,0.06361323155216285,-0.043256997455470736,-0.043256997455470736,-0.043256997455470736,0.06361323155216285
plurality,0.043256997455470736,0.0,-0.027989821882951654,0.0,0.0,0.0,-0.027989821882951654
gt,-0.06361323155216285,0.027989821882951654,0.0,0.027989821882951654,0.027989821882951654,0.027989821882951654,0.0
minimax,0.043256997455470736,0.0,-0.027989821882951654,0.0,0.0,0.0,-0.027989821882951654
gtd,0.043256997455470736,0.0,-0.027989821882951654,0.0,0.0,0.0,-0.027989821882951654
Schulze,0.043256997455470736,0.0,-0.027989821882951654,0.0,0.0,0.0,-0.027989821882951654
IRV,-0.06361323155216285,0.027989821882951654,0.0,0.027989821882951654,0.027989821882951654,0.027989821882951654,0.0
