,Borda,plurality,gt,minimax,gtd,Schulze,IRV
Borda,0.0,0.027989821882951654,0.0,0.0,-0.01272264631043257,0.0,0.0
plurality,-0.027989821882951654,0.0,-0.027989821882951654,-0.027989821882951654,0.027989821882951654,-0.027989821882951654,-0.027989821882951654
gt,0.0,0.027989821882951654,0.0,0.0,-0.01272264631043257,0.0,0.0
minimax,0.0,0.027989821882951654,0.0,0.0,-0.01272264631043257,0.0,0.0
gtd,0.01272264631043257,-0.027989821882951654,0.01272264631043257,0.01272264631043257,0.0,0.01272264631043257,0.01272264631043257
Schulze,0.0,0.027989821882951654,0.0,0.0,-0.01272264631043257,0.0,0.0
IRV,0.0,0.027989821882951654,0.0,0.0,-0.01272264631043257,0.0,0.0
