,Borda,plurality,gt,minimax,gtd,Schulze,IRV
Borda,0.0,0.0,0.0,0.0,-0.004336513443191674,0.0,-0.004336513443191674
plurality,0.0,0.0,0.0,0.0,-0.004336513443191674,0.0,-0.004336513443191674
gt,0.0,0.0,0.0,0.0,-0.004336513443191674,0.0,-0.004336513443191674
minimax,0.0,0.0,0.0,0.0,-0.004336513443191674,0.0,-0.004336513443191674
gtd,0.004336513443191674,0.004336513443191674,0.004336513443191674,0.004336513443191674,0.0,0.004336513443191674,0.0
Schulze,0.0,0.0,0.0,0.0,-0.004336513443191674,0.0,-0.004336513443191674
IRV,0.004336513443191674,0.004336513443191674,0.004336513443191674,0.004336513443191674,0.0,0.004336513443191674,0.0
