,Borda,plurality,gt,minimax,gtd,Schulze,IRV
Borda,0.0,0.0,-0.01098901098901099,-0.01098901098901099,-0.01098901098901099,-0.01098901098901099,0.0
plurality,0.0,0.0,-0.01098901098901099,-0.01098901098901099,-0.01098901098901099,-0.01098901098901099,0.0
gt,0.01098901098901099,0.01098901098901099,0.0,0.0,0.0,0.0,0.01098901098901099
minimax,0.01098901098901099,0.01098901098901099,0.0,0.0,0.0,0.0,0.01098901098901099
gtd,0.01098901098901099,0.01098901098901099,0.0,0.0,0.0,0.0,0.01098901098901099
Schulze,0.01098901098901099,0.01098901098901099,0.0,0.0,0.0,0.0,0.01098901098901099
IRV,0.0,0.0,-0.01098901098901099,-0.01098901098901099,-0.01098901098901099,-0.01098901098901099,0.0
