,Borda,plurality,gt,minimax,gtd,Schulze,IRV
Borda,0.0,-0.010471204188481676,0.0,0.0,-0.010471204188481676,0.0,0.020942408376963352
plurality,0.010471204188481676,0.0,0.010471204188481676,0.010471204188481676,0.0,0.010471204188481676,-0.015706806282722512
gt,0.0,-0.010471204188481676,0.0,0.0,-0.010471204188481676,0.0,0.020942408376963352
minimax,0.0,-0.010471204188481676,0.0,0.0,-0.010471204188481676,0.0,0.020942408376963352
gtd,0.010471204188481676,0.0,0.010471204188481676,0.010471204188481676,0.0,0.010471204188481676,-0.015706806282722512
Schulze,0.0,-0.010471204188481676,0.0,0.0,-0.010471204188481676,0.0,0.020942408376963352
IRV,-0.020942408376963352,0.015706806282722512,-0.020942408376963352,-0.020942408376963352,0.015706806282722512,-0.020942408376963352,0.0
