,Borda,plurality,gt,minimax,gtd,Schulze,IRV
Borda,0.0,-0.00964630225080386,-0.00964630225080386,-0.00964630225080386,-0.00964630225080386,-0.00964630225080386,0.03536977491961415
plurality,0.00964630225080386,0.0,0.0,0.0,0.0,0.0,-0.003215434083601286
gt,0.00964630225080386,0.0,0.0,0.0,0.0,0.0,-0.003215434083601286
minimax,0.00964630225080386,0.0,0.0,0.0,0.0,0.0,-0.003215434083601286
gtd,0.00964630225080386,0.0,0.0,0.0,0.0,0.0,-0.003215434083601286
Schulze,0.00964630225080386,0.0,0.0,0.0,0.0,0.0,-0.003215434083601286
IRV,-0.03536977491961415,0.003215434083601286,0.003215434083601286,0.003215434083601286,0.003215434083601286,0.003215434083601286,0.0
