,Borda,plurality,gt,minimax,gtd,Schulze,IRV
Borda,0.0,-0.011308562197092083,0.0,0.0,-0.011308562197092083,0.0,-0.011308562197092083
plurality,0.011308562197092083,0.0,0.011308562197092083,0.011308562197092083,0.0,0.011308562197092083,0.0
gt,0.0,-0.011308562197092083,0.0,0.0,-0.011308562197092083,0.0,-0.011308562197092083
minimax,0.0,-0.011308562197092083,0.0,0.0,-0.011308562197092083,0.0,-0.011308562197092083
gtd,0.011308562197092083,0.0,0.011308562197092083,0.011308562197092083,0.0,0.011308562197092083,0.0
Schulze,0.0,-0.011308562197092083,0.0,0.0,-0.011308562197092083,0.0,-0.011308562197092083
IRV,0.011308562197092083,0.0,0.011308562197092083,0.011308562197092083,0.0,0.011308562197092083,0.0
