,Borda,plurality,gt,minimax,gtd,Schulze,IRV
Borda,0.0,0.015873015873015872,0.0,0.0,0.0,0.0,0.015873015873015872
plurality,-0.015873015873015872,0.0,0.023809523809523808,-0.015873015873015872,-0.015873015873015872,-0.015873015873015872,0.0
gt,0.0,-0.023809523809523808,0.0,0.0,0.0,0.0,-0.023809523809523808
minimax,0.0,0.015873015873015872,0.0,0.0,0.0,0.0,0.015873015873015872
gtd,0.0,0.015873015873015872,0.0,0.0,0.0,0.0,0.015873015873015872
Schulze,0.0,0.015873015873015872,0.0,0.0,0.0,0.0,0.015873015873015872
IRV,-0.015873015873015872,0.0,0.023809523809523808,-0.015873015873015872,-0.015873015873015872,-0.015873015873015872,0.0
