,Borda,plurality,gt,minimax,gtd,Schulze,IRV
Borda,0.0,-0.003837298541826554,-0.003837298541826554,0.0,-0.003837298541826554,0.0,-0.003837298541826554
plurality,0.003837298541826554,0.0,0.0,0.003837298541826554,0.0,0.003837298541826554,0.0
gt,0.003837298541826554,0.0,0.0,0.003837298541826554,0.0,0.003837298541826554,0.0
minimax,0.0,-0.003837298541826554,-0.003837298541826554,0.0,-0.003837298541826554,0.0,-0.003837298541826554
gtd,0.003837298541826554,0.0,0.0,0.003837298541826554,0.0,0.003837298541826554,0.0
Schulze,0.0,-0.003837298541826554,-0.003837298541826554,0.0,-0.003837298541826554,0.0,-0.003837298541826554
IRV,0.003837298541826554,0.0,0.0,0.003837298541826554,0.0,0.003837298541826554,0.0
