,Borda,plurality,gt,minimax,gtd,Schulze,IRV
Borda,0.0,0.0,0.0273972602739726,0.0,-0.009784735812133072,0.0,0.0
plurality,0.0,0.0,0.0273972602739726,0.0,-0.009784735812133072,0.0,0.0
gt,-0.0273972602739726,-0.0273972602739726,0.0,-0.0273972602739726,0.025440313111545987,-0.0273972602739726,-0.0273972602739726
minimax,0.0,0.0,0.0273972602739726,0.0,-0.009784735812133072,0.0,0.0
gtd,0.009784735812133072,0.009784735812133072,-0.025440313111545987,0.009784735812133072,0.0,0.009784735812133072,0.009784735812133072
Schulze,0.0,0.0,0.0273972602739726,0.0,-0.009784735812133072,0.0,0.0
IRV,0.0,0.0,0.0273972602739726,0.0,-0.009784735812133072,0.0,0.0
