,Borda,plurality,gt,minimax,gtd,Schulze,IRV
Borda,0.0,0.0,0.02857142857142857,0.0,-0.004395604395604396,0.0,-0.004395604395604396
plurality,0.0,0.0,0.02857142857142857,0.0,-0.004395604395604396,0.0,-0.004395604395604396
gt,-0.02857142857142857,-0.02857142857142857,0.0,-0.02857142857142857,0.006593406593406593,-0.02857142857142857,0.006593406593406593
minimax,0.0,0.0,0.02857142857142857,0.0,-0.004395604395604396,0.0,-0.004395604395604396
gtd,0.004395604395604396,0.004395604395604396,-0.006593406593406593,0.004395604395604396,0.0,0.004395604395604396,0.0
Schulze,0.0,0.0,0.02857142857142857,0.0,-0.004395604395604396,0.0,-0.004395604395604396
IRV,0.004395604395604396,0.004395604395604396,-0.006593406593406593,0.004395604395604396,0.0,0.004395604395604396,0.0
