,Borda,plurality,gt,minimax,gtd,Schulze,IRV
Borda,0.0,0.0,-0.0014947683109118087,0.0,-0.0014947683109118087,0.0,-0.0014947683109118087
plurality,0.0,0.0,-0.0014947683109118087,0.0,-0.0014947683109118087,0.0,-0.0014947683109118087
gt,0.0014947683109118087,0.0014947683109118087,0.0,0.0014947683109118087,0.0,0.0014947683109118087,0.0
minimax,0.0,0.0,-0.0014947683109118087,0.0,-0.0014947683109118087,0.0,-0.0014947683109118087
gtd,0.0014947683109118087,0.0014947683109118087,0.0,0.0014947683109118087,0.0,0.0014947683109118087,0.0
Schulze,0.0,0.0,-0.0014947683109118087,0.0,-0.0014947683109118087,0.0,-0.0014947683109118087
IRV,0.0014947683109118087,0.0014947683109118087,0.0,0.0014947683109118087,0.0,0.0014947683109118087,0.0
