,Borda,plurality,gt,minimax,gtd,Schulze,IRV
Borda,0.0,0.0273224043715847,0.0,0.0,0.0,0.0,0.0273224043715847
plurality,-0.0273224043715847,0.0,-0.0273224043715847,-0.0273224043715847,-0.0273224043715847,-0.0273224043715847,0.0
gt,0.0,0.0273224043715847,0.0,0.0,0.0,0.0,0.0273224043715847
minimax,0.0,0.0273224043715847,0.0,0.0,0.0,0.0,0.0273224043715847
gtd,0.0,0.0273224043715847,0.0,0.0,0.0,0.0,0.0273224043715847
Schulze,0.0,0.0273224043715847,0.0,0.0,0.0,0.0,0.0273224043715847
IRV,-0.0273224043715847,0.0,-0.0273224043715847,-0.0273224043715847,-0.0273224043715847,-0.0273224043715847,0.0
