,Borda,plurality,gt,minimax,gtd,Schulze,IRV
Borda,0.0,-0.005008347245409015,-0.005008347245409015,0.0,-0.005008347245409015,0.0,-0.005008347245409015
plurality,0.005008347245409015,0.0,0.0,0.005008347245409015,0.0,0.005008347245409015,0.0
gt,0.005008347245409015,0.0,0.0,0.005008347245409015,0.0,0.005008347245409015,0.0
minimax,0.0,-0.005008347245409015,-0.005008347245409015,0.0,-0.005008347245409015,0.0,-0.005008347245409015
gtd,0.005008347245409015,0.0,0.0,0.005008347245409015,0.0,0.005008347245409015,0.0
Schulze,0.0,-0.005008347245409015,-0.005008347245409015,0.0,-0.005008347245409015,0.0,-0.005008347245409015
IRV,0.005008347245409015,0.0,0.0,0.005008347245409015,0.0,0.005008347245409015,0.0
