,Borda,plurality,gt,minimax,gtd,Schulze,IRV
Borda,0.0,0.03355704697986577,0.03355704697986577,0.0,0.0,0.0,0.03355704697986577
plurality,-0.03355704697986577,0.0,0.0,-0.03355704697986577,-0.03355704697986577,-0.03355704697986577,0.0
gt,-0.03355704697986577,0.0,0.0,-0.03355704697986577,-0.03355704697986577,-0.03355704697986577,0.0
minimax,0.0,0.03355704697986577,0.03355704697986577,0.0,0.0,0.0,0.03355704697986577
gtd,0.0,0.03355704697986577,0.03355704697986577,0.0,0.0,0.0,0.03355704697986577
Schulze,0.0,0.03355704697986577,0.03355704697986577,0.0,0.0,0.0,0.03355704697986577
IRV,-0.03355704697986577,0.0,0.0,-0.03355704697986577,-0.03355704697986577,-0.03355704697986577,0.0
