,Borda,plurality,gt,minimax,gtd,Schulze,IRV
Borda,0.0,0.050789586000853607,-0.020913358941527956,-0.020913358941527956,-0.020913358941527956,-0.020913358941527956,0.050789586000853607
plurality,-0.050789586000853607,0.0,0.0004268032437046522,0.0004268032437046522,0.0004268032437046522,0.0004268032437046522,0.0
gt,0.020913358941527956,-0.0004268032437046522,0.0,0.0,0.0,0.0,-0.0004268032437046522
minimax,0.020913358941527956,-0.0004268032437046522,0.0,0.0,0.0,0.0,-0.0004268032437046522
gtd,0.020913358941527956,-0.0004268032437046522,0.0,0.0,0.0,0.0,-0.0004268032437046522
Schulze,0.020913358941527956,-0.0004268032437046522,0.0,0.0,0.0,0.0,-0.0004268032437046522
IRV,-0.050789586000853607,0.0,0.0004268032437046522,0.0004268032437046522,0.0004268032437046522,0.0004268032437046522,0.0
