,Borda,plurality,gt,minimax,gtd,Schulze,IRV
Borda,0.0,0.03535353535353535,-0.010101010101010102,0.0,-0.010101010101010102,0.0,0.0
plurality,-0.03535353535353535,0.0,0.025252525252525252,-0.03535353535353535,0.025252525252525252,-0.03535353535353535,-0.03535353535353535
gt,0.010101010101010102,-0.025252525252525252,0.0,0.010101010101010102,0.0,0.010101010101010102,0.010101010101010102
minimax,0.0,0.03535353535353535,-0.010101010101010102,0.0,-0.010101010101010102,0.0,0.0
gtd,0.010101010101010102,-0.025252525252525252,0.0,0.010101010101010102,0.0,0.010101010101010102,0.010101010101010102
Schulze,0.0,0.03535353535353535,-0.010101010101010102,0.0,-0.010101010101010102,0.0,0.0
IRV,0.0,0.03535353535353535,-0.010101010101010102,0.0,-0.010101010101010102,0.0,0.0
