,Borda,plurality,gt,minimax,gtd,Schulze,IRV
Borda,0.0,0.0,0.05509181969949917,0.0,-0.018363939899833055,0.0,-0.018363939899833055
plurality,0.0,0.0,0.05509181969949917,0.0,-0.018363939899833055,0.0,-0.018363939899833055
gt,-0.05509181969949917,-0.05509181969949917,0.0,-0.05509181969949917,0.05175292153589316,-0.05509181969949917,0.05175292153589316
minimax,0.0,0.0,0.05509181969949917,0.0,-0.018363939899833055,0.0,-0.018363939899833055
gtd,0.018363939899833055,0.018363939899833055,-0.05175292153589316,0.018363939899833055,0.0,0.018363939899833055,0.0
Schulze,0.0,0.0,0.05509181969949917,0.0,-0.018363939899833055,0.0,-0.018363939899833055
IRV,0.018363939899833055,0.018363939899833055,-0.05175292153589316,0.018363939899833055,0.0,0.018363939899833055,0.0
