,Borda,plurality,gt,minimax,gtd,Schulze,IRV
Borda,0.0,-0.014150943396226415,-0.014150943396226415,0.0,0.0,0.0,0.02358490566037736
plurality,0.014150943396226415,0.0,0.0,0.014150943396226415,0.014150943396226415,0.014150943396226415,-0.02358490566037736
gt,0.014150943396226415,0.0,0.0,0.014150943396226415,0.014150943396226415,0.014150943396226415,-0.02358490566037736
minimax,0.0,-0.014150943396226415,-0.014150943396226415,0.0,0.0,0.0,0.02358490566037736
gtd,0.0,-0.014150943396226415,-0.014150943396226415,0.0,0.0,0.0,0.02358490566037736
Schulze,0.0,-0.014150943396226415,-0.014150943396226415,0.0,0.0,0.0,0.02358490566037736
IRV,-0.02358490566037736,0.02358490566037736,0.02358490566037736,-0.02358490566037736,-0.02358490566037736,-0.02358490566037736,0.0
