,Borda,plurality,gt,minimax,gtd,Schulze,IRV
Borda,0.0,0.014198782961460446,-0.002028397565922921,-0.002028397565922921,-0.002028397565922921,-0.002028397565922921,0.0
plurality,-0.014198782961460446,0.0,0.002028397565922921,0.002028397565922921,0.002028397565922921,0.002028397565922921,-0.014198782961460446
gt,0.002028397565922921,-0.002028397565922921,0.0,0.0,0.0,0.0,0.002028397565922921
minimax,0.002028397565922921,-0.002028397565922921,0.0,0.0,0.0,0.0,0.002028397565922921
gtd,0.002028397565922921,-0.002028397565922921,0.0,0.0,0.0,0.0,0.002028397565922921
Schulze,0.002028397565922921,-0.002028397565922921,0.0,0.0,0.0,0.0,0.002028397565922921
IRV,0.0,0.014198782961460446,-0.002028397565922921,-0.002028397565922921,-0.002028397565922921,-0.002028397565922921,0.0
