,Borda,plurality,gt,minimax,gtd,Schulze,IRV
Borda,0.0,0.05365853658536585,-0.014634146341463415,0.0,-0.014634146341463415,0.0,0.0
plurality,-0.05365853658536585,0.0,0.03414634146341464,-0.05365853658536585,0.03414634146341464,-0.05365853658536585,-0.05365853658536585
gt,0.014634146341463415,-0.03414634146341464,0.0,0.014634146341463415,0.0,0.014634146341463415,0.014634146341463415
minimax,0.0,0.05365853658536585,-0.014634146341463415,0.0,-0.014634146341463415,0.0,0.0
gtd,0.014634146341463415,-0.03414634146341464,0.0,0.014634146341463415,0.0,0.014634146341463415,0.014634146341463415
Schulze,0.0,0.05365853658536585,-0.014634146341463415,0.0,-0.014634146341463415,0.0,0.0
IRV,0.0,0.05365853658536585,-0.014634146341463415,0.0,-0.014634146341463415,0.0,0.0
