,Borda,plurality,gt,minimax,gtd,Schulze,IRV
Borda,0.0,-0.011527377521613832,0.07204610951008646,-0.011527377521613832,-0.011527377521613832,-0.011527377521613832,-0.011527377521613832
plurality,0.011527377521613832,0.0,-0.002881844380403458,0.0,0.0,0.0,0.0
gt,-0.07204610951008646,0.002881844380403458,0.0,0.002881844380403458,0.002881844380403458,0.002881844380403458,0.002881844380403458
minimax,0.011527377521613832,0.0,-0.002881844380403458,0.0,0.0,0.0,0.0
gtd,0.011527377521613832,0.0,-0.002881844380403458,0.0,0.0,0.0,0.0
Schulze,0.011527377521613832,0.0,-0.002881844380403458,0.0,0.0,0.0,0.0
IRV,0.011527377521613832,0.0,-0.002881844380403458,0.0,0.0,0.0,0.0
