,Borda,plurality,gt,minimax,gtd,Schulze,IRV
Borda,0.0,0.030379746835443037,-0.005063291139240506,-0.005063291139240506,-0.005063291139240506,-0.005063291139240506,0.0
plurality,-0.030379746835443037,0.0,0.002531645569620253,0.002531645569620253,0.002531645569620253,0.002531645569620253,-0.030379746835443037
gt,0.005063291139240506,-0.002531645569620253,0.0,0.0,0.0,0.0,0.005063291139240506
minimax,0.005063291139240506,-0.002531645569620253,0.0,0.0,0.0,0.0,0.005063291139240506
gtd,0.005063291139240506,-0.002531645569620253,0.0,0.0,0.0,0.0,0.005063291139240506
Schulze,0.005063291139240506,-0.002531645569620253,0.0,0.0,0.0,0.0,0.005063291139240506
IRV,0.0,0.030379746835443037,-0.005063291139240506,-0.005063291139240506,-0.005063291139240506,-0.005063291139240506,0.0
