,Borda,plurality,gt,minimax,gtd,Schulze,IRV
Borda,0.0,0.0,0.031423290203327174,0.0,-0.009242144177449169,0.0,-0.009242144177449169
plurality,0.0,0.0,0.031423290203327174,0.0,-0.009242144177449169,0.0,-0.009242144177449169
gt,-0.031423290203327174,-0.031423290203327174,0.0,-0.031423290203327174,0.022181146025878003,-0.031423290203327174,0.022181146025878003
minimax,0.0,0.0,0.031423290203327174,0.0,-0.009242144177449169,0.0,-0.009242144177449169
gtd,0.009242144177449169,0.009242144177449169,-0.022181146025878003,0.009242144177449169,0.0,0.009242144177449169,0.0
Schulze,0.0,0.0,0.031423290203327174,0.0,-0.009242144177449169,0.0,-0.009242144177449169
IRV,0.009242144177449169,0.009242144177449169,-0.022181146025878003,0.009242144177449169,0.0,0.009242144177449169,0.0
