,Borda,plurality,gt,minimax,gtd,Schulze,IRV
Borda,0.0,-0.013888888888888888,0.037037037037037035,0.0,0.0,0.0,-0.013888888888888888
plurality,0.013888888888888888,0.0,-0.05092592592592592,0.013888888888888888,0.013888888888888888,0.013888888888888888,0.0
gt,-0.037037037037037035,0.05092592592592592,0.0,-0.037037037037037035,-0.037037037037037035,-0.037037037037037035,0.05092592592592592
minimax,0.0,-0.013888888888888888,0.037037037037037035,0.0,0.0,0.0,-0.013888888888888888
gtd,0.0,-0.013888888888888888,0.037037037037037035,0.0,0.0,0.0,-0.013888888888888888
Schulze,0.0,-0.013888888888888888,0.037037037037037035,0.0,0.0,0.0,-0.013888888888888888
IRV,0.013888888888888888,0.0,-0.05092592592592592,0.013888888888888888,0.013888888888888888,0.013888888888888888,0.0
