,Borda,plurality,gt,minimax,gtd,Schulze,IRV
Borda,0.0,0.005434782608695652,0.0,0.0,0.0,0.0,0.005434782608695652
plurality,-0.005434782608695652,0.0,0.0,-0.005434782608695652,-0.005434782608695652,-0.005434782608695652,0.0
gt,0.0,0.0,0.0,0.0,0.0,0.0,0.0
minimax,0.0,0.005434782608695652,0.0,0.0,0.0,0.0,0.005434782608695652
gtd,0.0,0.005434782608695652,0.0,0.0,0.0,0.0,0.005434782608695652
Schulze,0.0,0.005434782608695652,0.0,0.0,0.0,0.0,0.005434782608695652
IRV,-0.005434782608695652,0.0,0.0,-0.005434782608695652,-0.005434782608695652,-0.005434782608695652,0.0
