,Borda,plurality,gt,minimax,gtd,Schulze,IRV
Borda,0.0,0.041884816753926704,0.041884816753926704,0.0,-0.020942408376963352,0.0,0.0
plurality,-0.041884816753926704,0.0,0.0,-0.041884816753926704,0.02617801047120419,-0.041884816753926704,-0.041884816753926704
gt,-0.041884816753926704,0.0,0.0,-0.041884816753926704,0.02617801047120419,-0.041884816753926704,-0.041884816753926704
minimax,0.0,0.041884816753926704,0.041884816753926704,0.0,-0.020942408376963352,0.0,0.0
gtd,0.020942408376963352,-0.02617801047120419,-0.02617801047120419,0.020942408376963352,0.0,0.020942408376963352,0.020942408376963352
Schulze,0.0,0.041884816753926704,0.041884816753926704,0.0,-0.020942408376963352,0.0,0.0
IRV,0.0,0.041884816753926704,0.041884816753926704,0.0,-0.020942408376963352,0.0,0.0
