,Borda,plurality,gt,minimax,gtd,Schulze,IRV
Borda,0.0,0.0,-0.013824884792626729,-0.013824884792626729,-0.013824884792626729,-0.013824884792626729,0.0
plurality,0.0,0.0,-0.013824884792626729,-0.013824884792626729,-0.013824884792626729,-0.013824884792626729,0.0
gt,0.013824884792626729,0.013824884792626729,0.0,0.0,0.0,0.0,0.013824884792626729
minimax,0.013824884792626729,0.013824884792626729,0.0,0.0,0.0,0.0,0.013824884792626729
gtd,0.013824884792626729,0.013824884792626729,0.0,0.0,0.0,0.0,0.013824884792626729
Schulze,0.013824884792626729,0.013824884792626729,0.0,0.0,0.0,0.0,0.013824884792626729
IRV,0.0,0.0,-0.013824884792626729,-0.013824884792626729,-0.013824884792626729,-0.013824884792626729,0.0
