,Borda,plurality,gt,minimax,gtd,Schulze,IRV
Borda,0.0,-0.0017271157167530224,-0.0017271157167530224,0.0,-0.0017271157167530224,0.0,0.03281519861830743
plurality,0.0017271157167530224,0.0,0.0,0.0017271157167530224,0.0,0.0017271157167530224,-0.008635578583765112
gt,0.0017271157167530224,0.0,0.0,0.0017271157167530224,0.0,0.0017271157167530224,-0.008635578583765112
minimax,0.0,-0.0017271157167530224,-0.0017271157167530224,0.0,-0.0017271157167530224,0.0,0.03281519861830743
gtd,0.0017271157167530224,0.0,0.0,0.0017271157167530224,0.0,0.0017271157167530224,-0.008635578583765112
Schulze,0.0,-0.0017271157167530224,-0.0017271157167530224,0.0,-0.0017271157167530224,0.0,0.03281519861830743
IRV,-0.03281519861830743,0.008635578583765112,0.008635578583765112,-0.03281519861830743,0.008635578583765112,-0.03281519861830743,0.0
