,Borda,plurality,gt,minimax,gtd,Schulze,IRV
Borda,0.0,-0.007792207792207792,0.0,0.0,0.0,0.0,0.023376623376623377
plurality,0.007792207792207792,0.0,0.007792207792207792,0.007792207792207792,0.007792207792207792,0.007792207792207792,-0.03896103896103896
gt,0.0,-0.007792207792207792,0.0,0.0,0.0,0.0,0.023376623376623377
minimax,0.0,-0.007792207792207792,0.0,0.0,0.0,0.0,0.023376623376623377
gtd,0.0,-0.007792207792207792,0.0,0.0,0.0,0.0,0.023376623376623377
Schulze,0.0,-0.007792207792207792,0.0,0.0,0.0,0.0,0.023376623376623377
IRV,-0.023376623376623377,0.03896103896103896,-0.023376623376623377,-0.023376623376623377,-0.023376623376623377,-0.023376623376623377,0.0
