,Borda,plurality,gt,minimax,gtd,Schulze,IRV
Borda,0.0,0.0,0.0,0.0,0.0,0.0,0.08550185873605948
plurality,0.0,0.0,0.0,0.0,0.0,0.0,-0.01486988847583643
gt,0.0,0.0,0.0,0.0,0.0,0.0,0.08550185873605948
minimax,0.0,0.0,0.0,0.0,0.0,0.0,0.08550185873605948
gtd,0.0,0.0,0.0,0.0,0.0,0.0,0.08550185873605948
Schulze,0.0,0.0,0.0,0.0,0.0,0.0,0.08550185873605948
IRV,-0.08550185873605948,0.01486988847583643,-0.08550185873605948,-0.08550185873605948,-0.08550185873605948,-0.08550185873605948,0.0
