,Borda,plurality,gt,minimax,gtd,Schulze,IRV
Borda,0.0,0.0,-0.002197802197802198,0.0,-0.002197802197802198,0.0,-0.002197802197802198
plurality,0.0,0.0,-0.002197802197802198,0.0,-0.002197802197802198,0.0,-0.002197802197802198
gt,0.002197802197802198,0.002197802197802198,0.0,0.002197802197802198,0.0,0.002197802197802198,0.0
minimax,0.0,0.0,-0.002197802197802198,0.0,-0.002197802197802198,0.0,-0.002197802197802198
gtd,0.002197802197802198,0.002197802197802198,0.0,0.002197802197802198,0.0,0.002197802197802198,0.0
Schulze,0.0,0.0,-0.002197802197802198,0.0,-0.002197802197802198,0.0,-0.002197802197802198
IRV,0.002197802197802198,0.002197802197802198,0.0,0.002197802197802198,0.0,0.002197802197802198,0.0
