,Borda,plurality,gt,minimax,gtd,Schulze,IRV
Borda,0.0,-0.03624733475479744,0.053304904051172705,0.0,-0.03624733475479744,0.0,-0.03624733475479744
plurality,0.03624733475479744,0.0,-0.04477611940298507,0.03624733475479744,0.0,0.03624733475479744,0.0
gt,-0.053304904051172705,0.04477611940298507,0.0,-0.053304904051172705,0.04477611940298507,-0.053304904051172705,0.04477611940298507
minimax,0.0,-0.03624733475479744,0.053304904051172705,0.0,-0.03624733475479744,0.0,-0.03624733475479744
gtd,0.03624733475479744,0.0,-0.04477611940298507,0.03624733475479744,0.0,0.03624733475479744,0.0
Schulze,0.0,-0.03624733475479744,0.053304904051172705,0.0,-0.03624733475479744,0.0,-0.03624733475479744
IRV,0.03624733475479744,0.0,-0.04477611940298507,0.03624733475479744,0.0,0.03624733475479744,0.0
