,Borda,plurality,gt,minimax,gtd,Schulze,IRV
Borda,0.0,0.0,-0.03430079155672823,-0.03430079155672823,-0.03430079155672823,-0.03430079155672823,0.0
plurality,0.0,0.0,-0.03430079155672823,-0.03430079155672823,-0.03430079155672823,-0.03430079155672823,0.0
gt,0.03430079155672823,0.03430079155672823,0.0,0.0,0.0,0.0,0.03430079155672823
minimax,0.03430079155672823,0.03430079155672823,0.0,0.0,0.0,0.0,0.03430079155672823
gtd,0.03430079155672823,0.03430079155672823,0.0,0.0,0.0,0.0,0.03430079155672823
Schulze,0.03430079155672823,0.03430079155672823,0.0,0.0,0.0,0.0,0.03430079155672823
IRV,0.0,0.0,-0.03430079155672823,-0.03430079155672823,-0.03430079155672823,-0.03430079155672823,0.0
