,Borda,plurality,gt,minimax,gtd,Schulze,IRV
Borda,0.0,0.0,0.0,0.0,-0.002178649237472767,0.0,-0.002178649237472767
plurality,0.0,0.0,0.0,0.0,-0.002178649237472767,0.0,-0.002178649237472767
gt,0.0,0.0,0.0,0.0,-0.002178649237472767,0.0,-0.002178649237472767
minimax,0.0,0.0,0.0,0.0,-0.002178649237472767,0.0,-0.002178649237472767
gtd,0.002178649237472767,0.002178649237472767,0.002178649237472767,0.002178649237472767,0.0,0.002178649237472767,0.0
Schulze,0.0,0.0,0.0,0.0,-0.002178649237472767,0.0,-0.002178649237472767
IRV,0.002178649237472767,0.002178649237472767,0.002178649237472767,0.002178649237472767,0.0,0.002178649237472767,0.0
