,Borda,plurality,gt,minimax,gtd,Schulze,IRV
Borda,0.0,-0.032362459546925564,-0.032362459546925564,-0.032362459546925564,-0.032362459546925564,-0.032362459546925564,-0.032362459546925564
plurality,0.032362459546925564,0.0,0.0,0.0,0.0,0.0,0.0
gt,0.032362459546925564,0.0,0.0,0.0,0.0,0.0,0.0
minimax,0.032362459546925564,0.0,0.0,0.0,0.0,0.0,0.0
gtd,0.032362459546925564,0.0,0.0,0.0,0.0,0.0,0.0
Schulze,0.032362459546925564,0.0,0.0,0.0,0.0,0.0,0.0
IRV,0.032362459546925564,0.0,0.0,0.0,0.0,0.0,0.0
