,Borda,plurality,gt,minimax,gtd,Schulze,IRV
Borda,0.0,0.01078167115902965,-0.006738544474393531,0.0,-0.006738544474393531,0.0,0.0
plurality,-0.01078167115902965,0.0,0.008086253369272238,-0.01078167115902965,0.008086253369272238,-0.01078167115902965,-0.01078167115902965
gt,0.006738544474393531,-0.008086253369272238,0.0,0.006738544474393531,0.0,0.006738544474393531,0.006738544474393531
minimax,0.0,0.01078167115902965,-0.006738544474393531,0.0,-0.006738544474393531,0.0,0.0
gtd,0.006738544474393531,-0.008086253369272238,0.0,0.006738544474393531,0.0,0.006738544474393531,0.006738544474393531
Schulze,0.0,0.01078167115902965,-0.006738544474393531,0.0,-0.006738544474393531,0.0,0.0
IRV,0.0,0.01078167115902965,-0.006738544474393531,0.0,-0.006738544474393531,0.0,0.0
