,Borda,plurality,gt,minimax,gtd,Schulze,IRV
Borda,0.0,-0.011037527593818985,-0.011037527593818985,0.0,-0.011037527593818985,0.0,-0.011037527593818985
plurality,0.011037527593818985,0.0,0.0,0.011037527593818985,0.0,0.011037527593818985,0.0
gt,0.011037527593818985,0.0,0.0,0.011037527593818985,0.0,0.011037527593818985,0.0
minimax,0.0,-0.011037527593818985,-0.011037527593818985,0.0,-0.011037527593818985,0.0,-0.011037527593818985
gtd,0.011037527593818985,0.0,0.0,0.011037527593818985,0.0,0.011037527593818985,0.0
Schulze,0.0,-0.011037527593818985,-0.011037527593818985,0.0,-0.011037527593818985,0.0,-0.011037527593818985
IRV,0.011037527593818985,0.0,0.0,0.011037527593818985,0.0,0.011037527593818985,0.0
