,Borda,plurality,gt,minimax,gtd,Schulze,IRV
Borda,0.0,0.0,0.0,0.0,-0.0021141649048625794,0.0,-0.0021141649048625794
plurality,0.0,0.0,0.0,0.0,-0.0021141649048625794,0.0,-0.0021141649048625794
gt,0.0,0.0,0.0,0.0,-0.0021141649048625794,0.0,-0.0021141649048625794
minimax,0.0,0.0,0.0,0.0,-0.0021141649048625794,0.0,-0.0021141649048625794
gtd,0.0021141649048625794,0.0021141649048625794,0.0021141649048625794,0.0021141649048625794,0.0,0.0021141649048625794,0.0
Schulze,0.0,0.0,0.0,0.0,-0.0021141649048625794,0.0,-0.0021141649048625794
IRV,0.0021141649048625794,0.0021141649048625794,0.0021141649048625794,0.0021141649048625794,0.0,0.0021141649048625794,0.0
