,Borda,plurality,gt,minimax,gtd,Schulze,IRV
Borda,0.0,0.017543859649122806,0.0,0.0,-0.007518796992481203,0.0,0.017543859649122806
plurality,-0.017543859649122806,0.0,-0.017543859649122806,-0.017543859649122806,0.007518796992481203,-0.017543859649122806,0.0
gt,0.0,0.017543859649122806,0.0,0.0,-0.007518796992481203,0.0,0.017543859649122806
minimax,0.0,0.017543859649122806,0.0,0.0,-0.007518796992481203,0.0,0.017543859649122806
gtd,0.007518796992481203,-0.007518796992481203,0.007518796992481203,0.007518796992481203,0.0,0.007518796992481203,-0.007518796992481203
Schulze,0.0,0.017543859649122806,0.0,0.0,-0.007518796992481203,0.0,0.017543859649122806
IRV,-0.017543859649122806,0.0,-0.017543859649122806,-0.017543859649122806,0.007518796992481203,-0.017543859649122806,0.0
