,Borda,plurality,gt,minimax,gtd,Schulze,IRV
Borda,0.0,0.0,-0.005750798722044728,0.0,-0.005750798722044728,0.0,0.0
plurality,0.0,0.0,-0.005750798722044728,0.0,-0.005750798722044728,0.0,0.0
gt,0.005750798722044728,0.005750798722044728,0.0,0.005750798722044728,0.0,0.005750798722044728,0.005750798722044728
minimax,0.0,0.0,-0.005750798722044728,0.0,-0.005750798722044728,0.0,0.0
gtd,0.005750798722044728,0.005750798722044728,0.0,0.005750798722044728,0.0,0.005750798722044728,0.005750798722044728
Schulze,0.0,0.0,-0.005750798722044728,0.0,-0.005750798722044728,0.0,0.0
IRV,0.0,0.0,-0.005750798722044728,0.0,-0.005750798722044728,0.0,0.0
