,Borda,plurality,gt,minimax,gtd,Schulze,IRV
Borda,0.0,0.0,0.0,-0.032432432432432434,-0.032432432432432434,-0.032432432432432434,-0.032432432432432434
plurality,0.0,0.0,0.0,-0.032432432432432434,-0.032432432432432434,-0.032432432432432434,-0.032432432432432434
gt,0.0,0.0,0.0,-0.032432432432432434,-0.032432432432432434,-0.032432432432432434,-0.032432432432432434
minimax,0.032432432432432434,0.032432432432432434,0.032432432432432434,0.0,0.0,0.0,0.0
gtd,0.032432432432432434,0.032432432432432434,0.032432432432432434,0.0,0.0,0.0,0.0
Schulze,0.032432432432432434,0.032432432432432434,0.032432432432432434,0.0,0.0,0.0,0.0
IRV,0.032432432432432434,0.032432432432432434,0.032432432432432434,0.0,0.0,0.0,0.0
