,Borda,plurality,gt,minimax,gtd,Schulze,IRV
Borda,0.0,0.0,-0.007722007722007722,0.0,-0.007722007722007722,0.0,-0.007722007722007722
plurality,0.0,0.0,-0.007722007722007722,0.0,-0.007722007722007722,0.0,-0.007722007722007722
gt,0.007722007722007722,0.007722007722007722,0.0,0.007722007722007722,0.0,0.007722007722007722,0.0
minimax,0.0,0.0,-0.007722007722007722,0.0,-0.007722007722007722,0.0,-0.007722007722007722
gtd,0.007722007722007722,0.007722007722007722,0.0,0.007722007722007722,0.0,0.007722007722007722,0.0
Schulze,0.0,0.0,-0.007722007722007722,0.0,-0.007722007722007722,0.0,-0.007722007722007722
IRV,0.007722007722007722,0.007722007722007722,0.0,0.007722007722007722,0.0,0.007722007722007722,0.0
