,Borda,plurality,gt,minimax,gtd,Schulze,IRV
Borda,0.0,-0.008547008547008548,-0.008547008547008548,0.0,-0.008547008547008548,0.0,0.03133903133903134
plurality,0.008547008547008548,0.0,0.0,0.008547008547008548,0.0,0.008547008547008548,-0.008547008547008548
gt,0.008547008547008548,0.0,0.0,0.008547008547008548,0.0,0.008547008547008548,-0.008547008547008548
minimax,0.0,-0.008547008547008548,-0.008547008547008548,0.0,-0.008547008547008548,0.0,0.03133903133903134
gtd,0.008547008547008548,0.0,0.0,0.008547008547008548,0.0,0.008547008547008548,-0.008547008547008548
Schulze,0.0,-0.008547008547008548,-0.008547008547008548,0.0,-0.008547008547008548,0.0,0.03133903133903134
IRV,-0.03133903133903134,0.008547008547008548,0.008547008547008548,-0.03133903133903134,0.008547008547008548,-0.03133903133903134,0.0
