,Borda,plurality,gt,minimax,gtd,Schulze,IRV
Borda,0.0,0.0,-0.002004008016032064,0.0,-0.002004008016032064,0.0,-0.002004008016032064
plurality,0.0,0.0,-0.002004008016032064,0.0,-0.002004008016032064,0.0,-0.002004008016032064
gt,0.002004008016032064,0.002004008016032064,0.0,0.002004008016032064,0.0,0.002004008016032064,0.0
minimax,0.0,0.0,-0.002004008016032064,0.0,-0.002004008016032064,0.0,-0.002004008016032064
gtd,0.002004008016032064,0.002004008016032064,0.0,0.002004008016032064,0.0,0.002004008016032064,0.0
Schulze,0.0,0.0,-0.002004008016032064,0.0,-0.002004008016032064,0.0,-0.002004008016032064
IRV,0.002004008016032064,0.002004008016032064,0.0,0.002004008016032064,0.0,0.002004008016032064,0.0
