,Borda,plurality,gt,minimax,gtd,Schulze,IRV
Borda,0.0,0.031932773109243695,0.031932773109243695,-0.011764705882352941,-0.011764705882352941,-0.011764705882352941,0.0
plurality,-0.031932773109243695,0.0,0.0,0.011764705882352941,0.011764705882352941,0.011764705882352941,-0.031932773109243695
gt,-0.031932773109243695,0.0,0.0,0.011764705882352941,0.011764705882352941,0.011764705882352941,-0.031932773109243695
minimax,0.011764705882352941,-0.011764705882352941,-0.011764705882352941,0.0,0.0,0.0,0.011764705882352941
gtd,0.011764705882352941,-0.011764705882352941,-0.011764705882352941,0.0,0.0,0.0,0.011764705882352941
Schulze,0.011764705882352941,-0.011764705882352941,-0.011764705882352941,0.0,0.0,0.0,0.011764705882352941
IRV,0.0,0.031932773109243695,0.031932773109243695,-0.011764705882352941,-0.011764705882352941,-0.011764705882352941,0.0
