,Borda,plurality,gt,minimax,gtd,Schulze,IRV
Borda,0.0,0.032541776605101144,0.032541776605101144,-0.016710642040457344,-0.016710642040457344,-0.016710642040457344,0.032541776605101144
plurality,-0.032541776605101144,0.0,0.0,0.006156552330694811,0.006156552330694811,0.006156552330694811,0.0
gt,-0.032541776605101144,0.0,0.0,0.006156552330694811,0.006156552330694811,0.006156552330694811,0.0
minimax,0.016710642040457344,-0.006156552330694811,-0.006156552330694811,0.0,0.0,0.0,-0.006156552330694811
gtd,0.016710642040457344,-0.006156552330694811,-0.006156552330694811,0.0,0.0,0.0,-0.006156552330694811
Schulze,0.016710642040457344,-0.006156552330694811,-0.006156552330694811,0.0,0.0,0.0,-0.006156552330694811
IRV,-0.032541776605101144,0.0,0.0,0.006156552330694811,0.006156552330694811,0.006156552330694811,0.0
