,Borda,plurality,gt,minimax,gtd,Schulze,IRV
Borda,0.0,0.03319502074688797,-0.008298755186721992,-0.008298755186721992,-0.008298755186721992,-0.008298755186721992,-0.008298755186721992
plurality,-0.03319502074688797,0.0,0.0,0.0,0.0,0.0,0.0
gt,0.008298755186721992,0.0,0.0,0.0,0.0,0.0,0.0
minimax,0.008298755186721992,0.0,0.0,0.0,0.0,0.0,0.0
gtd,0.008298755186721992,0.0,0.0,0.0,0.0,0.0,0.0
Schulze,0.008298755186721992,0.0,0.0,0.0,0.0,0.0,0.0
IRV,0.008298755186721992,0.0,0.0,0.0,0.0,0.0,0.0
