,Borda,plurality,gt,minimax,gtd,Schulze,IRV
Borda,0.0,0.06930693069306931,0.0,0.0,-0.033663366336633666,0.0,0.0
plurality,-0.06930693069306931,0.0,-0.06930693069306931,-0.06930693069306931,0.06534653465346535,-0.06930693069306931,-0.06930693069306931
gt,0.0,0.06930693069306931,0.0,0.0,-0.033663366336633666,0.0,0.0
minimax,0.0,0.06930693069306931,0.0,0.0,-0.033663366336633666,0.0,0.0
gtd,0.033663366336633666,-0.06534653465346535,0.033663366336633666,0.033663366336633666,0.0,0.033663366336633666,0.033663366336633666
Schulze,0.0,0.06930693069306931,0.0,0.0,-0.033663366336633666,0.0,0.0
IRV,0.0,0.06930693069306931,0.0,0.0,-0.033663366336633666,0.0,0.0
