,Borda,plurality,gt,minimax,gtd,Schulze,IRV
Borda,0.0,0.07167235494880546,-0.04436860068259386,-0.04436860068259386,-0.04436860068259386,-0.04436860068259386,0.0
plurality,-0.07167235494880546,0.0,0.040955631399317405,0.040955631399317405,0.040955631399317405,0.040955631399317405,-0.07167235494880546
gt,0.04436860068259386,-0.040955631399317405,0.0,0.0,0.0,0.0,0.04436860068259386
minimax,0.04436860068259386,-0.040955631399317405,0.0,0.0,0.0,0.0,0.04436860068259386
gtd,0.04436860068259386,-0.040955631399317405,0.0,0.0,0.0,0.0,0.04436860068259386
Schulze,0.04436860068259386,-0.040955631399317405,0.0,0.0,0.0,0.0,0.04436860068259386
IRV,0.0,0.07167235494880546,-0.04436860068259386,-0.04436860068259386,-0.04436860068259386,-0.04436860068259386,0.0
