,Borda,plurality,gt,minimax,gtd,Schulze,IRV
Borda,0.0,0.03802281368821293,-0.0038022813688212928,0.0,-0.0038022813688212928,0.0,0.0
plurality,-0.03802281368821293,0.0,0.019011406844106463,-0.03802281368821293,0.019011406844106463,-0.03802281368821293,-0.03802281368821293
gt,0.0038022813688212928,-0.019011406844106463,0.0,0.0038022813688212928,0.0,0.0038022813688212928,0.0038022813688212928
minimax,0.0,0.03802281368821293,-0.0038022813688212928,0.0,-0.0038022813688212928,0.0,0.0
gtd,0.0038022813688212928,-0.019011406844106463,0.0,0.0038022813688212928,0.0,0.0038022813688212928,0.0038022813688212928
Schulze,0.0,0.03802281368821293,-0.0038022813688212928,0.0,-0.0038022813688212928,0.0,0.0
IRV,0.0,0.03802281368821293,-0.0038022813688212928,0.0,-0.0038022813688212928,0.0,0.0
