,Borda,plurality,gt,minimax,gtd,Schulze,IRV
Borda,0.0,0.026905829596412557,-0.008968609865470852,0.0,-0.008968609865470852,0.0,0.026905829596412557
plurality,-0.026905829596412557,0.0,0.008968609865470852,-0.026905829596412557,0.008968609865470852,-0.026905829596412557,0.0
gt,0.008968609865470852,-0.008968609865470852,0.0,0.008968609865470852,0.0,0.008968609865470852,-0.008968609865470852
minimax,0.0,0.026905829596412557,-0.008968609865470852,0.0,-0.008968609865470852,0.0,0.026905829596412557
gtd,0.008968609865470852,-0.008968609865470852,0.0,0.008968609865470852,0.0,0.008968609865470852,-0.008968609865470852
Schulze,0.0,0.026905829596412557,-0.008968609865470852,0.0,-0.008968609865470852,0.0,0.026905829596412557
IRV,-0.026905829596412557,0.0,0.008968609865470852,-0.026905829596412557,0.008968609865470852,-0.026905829596412557,0.0
