,Borda,plurality,gt,minimax,gtd,Schulze,IRV
Borda,0.0,-0.020214030915576695,-0.020214030915576695,-0.020214030915576695,-0.020214030915576695,-0.020214030915576695,0.057074910820451845
plurality,0.020214030915576695,0.0,0.0,0.0,0.0,0.0,-0.015457788347205707
gt,0.020214030915576695,0.0,0.0,0.0,0.0,0.0,-0.015457788347205707
minimax,0.020214030915576695,0.0,0.0,0.0,0.0,0.0,-0.015457788347205707
gtd,0.020214030915576695,0.0,0.0,0.0,0.0,0.0,-0.015457788347205707
Schulze,0.020214030915576695,0.0,0.0,0.0,0.0,0.0,-0.015457788347205707
IRV,-0.057074910820451845,0.015457788347205707,0.015457788347205707,0.015457788347205707,0.015457788347205707,0.015457788347205707,0.0
