,Borda,plurality,gt,minimax,gtd,Schulze,IRV
Borda,0.0,-0.024077046548956663,0.0,-0.024077046548956663,-0.024077046548956663,-0.024077046548956663,-0.024077046548956663
plurality,0.024077046548956663,0.0,0.024077046548956663,0.0,0.0,0.0,0.0
gt,0.0,-0.024077046548956663,0.0,-0.024077046548956663,-0.024077046548956663,-0.024077046548956663,-0.024077046548956663
minimax,0.024077046548956663,0.0,0.024077046548956663,0.0,0.0,0.0,0.0
gtd,0.024077046548956663,0.0,0.024077046548956663,0.0,0.0,0.0,0.0
Schulze,0.024077046548956663,0.0,0.024077046548956663,0.0,0.0,0.0,0.0
IRV,0.024077046548956663,0.0,0.024077046548956663,0.0,0.0,0.0,0.0
