,Borda,plurality,gt,minimax,gtd,Schulze,IRV
Borda,0.0,0.11278195488721804,0.0,0.0,0.0,0.0,0.0
plurality,-0.11278195488721804,0.0,-0.11278195488721804,-0.09774436090225563,-0.09774436090225563,-0.09774436090225563,-0.09774436090225563
gt,0.0,0.11278195488721804,0.0,0.0,0.0,0.0,0.0
minimax,0.0,0.09774436090225563,0.0,0.0,0.0,0.0,0.0
gtd,0.0,0.09774436090225563,0.0,0.0,0.0,0.0,0.0
Schulze,0.0,0.09774436090225563,0.0,0.0,0.0,0.0,0.0
IRV,0.0,0.09774436090225563,0.0,0.0,0.0,0.0,0.0
