,Borda,plurality,gt,minimax,gtd,Schulze,IRV
Borda,0.0,0.04132231404958678,0.04132231404958678,-0.008264462809917356,-0.008264462809917356,-0.008264462809917356,0.0
plurality,-0.04132231404958678,0.0,0.0,0.004132231404958678,0.004132231404958678,0.004132231404958678,-0.04132231404958678
gt,-0.04132231404958678,0.0,0.0,0.004132231404958678,0.004132231404958678,0.004132231404958678,-0.04132231404958678
minimax,0.008264462809917356,-0.004132231404958678,-0.004132231404958678,0.0,0.0,0.0,0.008264462809917356
gtd,0.008264462809917356,-0.004132231404958678,-0.004132231404958678,0.0,0.0,0.0,0.008264462809917356
Schulze,0.008264462809917356,-0.004132231404958678,-0.004132231404958678,0.0,0.0,0.0,0.008264462809917356
IRV,0.0,0.04132231404958678,0.04132231404958678,-0.008264462809917356,-0.008264462809917356,-0.008264462809917356,0.0
