,Borda,plurality,gt,minimax,gtd,Schulze,IRV
Borda,0.0,-0.00425531914893617,0.0,0.0,0.0,0.0,0.02553191489361702
plurality,0.00425531914893617,0.0,0.00425531914893617,0.00425531914893617,0.00425531914893617,0.00425531914893617,-0.0425531914893617
gt,0.0,-0.00425531914893617,0.0,0.0,0.0,0.0,0.02553191489361702
minimax,0.0,-0.00425531914893617,0.0,0.0,0.0,0.0,0.02553191489361702
gtd,0.0,-0.00425531914893617,0.0,0.0,0.0,0.0,0.02553191489361702
Schulze,0.0,-0.00425531914893617,0.0,0.0,0.0,0.0,0.02553191489361702
IRV,-0.02553191489361702,0.0425531914893617,-0.02553191489361702,-0.02553191489361702,-0.02553191489361702,-0.02553191489361702,0.0
