,Borda,plurality,gt,minimax,gtd,Schulze,IRV
Borda,0.0,0.011808576755748913,0.0,0.0,-0.0018645121193287756,0.0,0.011808576755748913
plurality,-0.011808576755748913,0.0,-0.011808576755748913,-0.011808576755748913,0.010565568676196395,-0.011808576755748913,0.0
gt,0.0,0.011808576755748913,0.0,0.0,-0.0018645121193287756,0.0,0.011808576755748913
minimax,0.0,0.011808576755748913,0.0,0.0,-0.0018645121193287756,0.0,0.011808576755748913
gtd,0.0018645121193287756,-0.010565568676196395,0.0018645121193287756,0.0018645121193287756,0.0,0.0018645121193287756,-0.010565568676196395
Schulze,0.0,0.011808576755748913,0.0,0.0,-0.0018645121193287756,0.0,0.011808576755748913
IRV,-0.011808576755748913,0.0,-0.011808576755748913,-0.011808576755748913,0.010565568676196395,-0.011808576755748913,0.0
