,Borda,plurality,gt,minimax,gtd,Schulze,IRV
Borda,0.0,0.05229793977812995,0.0,0.0,-0.004754358161648178,0.0,0.0
plurality,-0.05229793977812995,0.0,-0.05229793977812995,-0.05229793977812995,0.05229793977812995,-0.05229793977812995,-0.05229793977812995
gt,0.0,0.05229793977812995,0.0,0.0,-0.004754358161648178,0.0,0.0
minimax,0.0,0.05229793977812995,0.0,0.0,-0.004754358161648178,0.0,0.0
gtd,0.004754358161648178,-0.05229793977812995,0.004754358161648178,0.004754358161648178,0.0,0.004754358161648178,0.004754358161648178
Schulze,0.0,0.05229793977812995,0.0,0.0,-0.004754358161648178,0.0,0.0
IRV,0.0,0.05229793977812995,0.0,0.0,-0.004754358161648178,0.0,0.0
