,Borda,plurality,gt,minimax,gtd,Schulze,IRV
Borda,0.0,0.04035874439461883,0.04035874439461883,0.0,-0.02242152466367713,0.0,0.04035874439461883
plurality,-0.04035874439461883,0.0,0.0,-0.04035874439461883,0.026905829596412557,-0.04035874439461883,0.0
gt,-0.04035874439461883,0.0,0.0,-0.04035874439461883,0.026905829596412557,-0.04035874439461883,0.0
minimax,0.0,0.04035874439461883,0.04035874439461883,0.0,-0.02242152466367713,0.0,0.04035874439461883
gtd,0.02242152466367713,-0.026905829596412557,-0.026905829596412557,0.02242152466367713,0.0,0.02242152466367713,-0.026905829596412557
Schulze,0.0,0.04035874439461883,0.04035874439461883,0.0,-0.02242152466367713,0.0,0.04035874439461883
IRV,-0.04035874439461883,0.0,0.0,-0.04035874439461883,0.026905829596412557,-0.04035874439461883,0.0
