,Borda,plurality,gt,minimax,gtd,Schulze,IRV
Borda,0.0,0.030303030303030304,0.030303030303030304,-0.006993006993006993,-0.006993006993006993,-0.006993006993006993,0.030303030303030304
plurality,-0.030303030303030304,0.0,0.0,0.002331002331002331,0.002331002331002331,0.002331002331002331,0.0
gt,-0.030303030303030304,0.0,0.0,0.002331002331002331,0.002331002331002331,0.002331002331002331,0.0
minimax,0.006993006993006993,-0.002331002331002331,-0.002331002331002331,0.0,0.0,0.0,-0.002331002331002331
gtd,0.006993006993006993,-0.002331002331002331,-0.002331002331002331,0.0,0.0,0.0,-0.002331002331002331
Schulze,0.006993006993006993,-0.002331002331002331,-0.002331002331002331,0.0,0.0,0.0,-0.002331002331002331
IRV,-0.030303030303030304,0.0,0.0,0.002331002331002331,0.002331002331002331,0.002331002331002331,0.0
