,Borda,plurality,gt,minimax,gtd,Schulze,IRV
Borda,0.0,0.0673076923076923,0.0,0.0,0.0,0.0,0.0
plurality,-0.0673076923076923,0.0,-0.057692307692307696,-0.057692307692307696,-0.057692307692307696,-0.057692307692307696,-0.057692307692307696
gt,0.0,0.057692307692307696,0.0,0.0,0.0,0.0,0.0
minimax,0.0,0.057692307692307696,0.0,0.0,0.0,0.0,0.0
gtd,0.0,0.057692307692307696,0.0,0.0,0.0,0.0,0.0
Schulze,0.0,0.057692307692307696,0.0,0.0,0.0,0.0,0.0
IRV,0.0,0.057692307692307696,0.0,0.0,0.0,0.0,0.0
