,Borda,plurality,gt,minimax,gtd,Schulze,IRV
Borda,0.0,0.0,0.0,0.0,-0.013089005235602094,0.0,-0.013089005235602094
plurality,0.0,0.0,0.0,0.0,-0.013089005235602094,0.0,-0.013089005235602094
gt,0.0,0.0,0.0,0.0,-0.013089005235602094,0.0,-0.013089005235602094
minimax,0.0,0.0,0.0,0.0,-0.013089005235602094,0.0,-0.013089005235602094
gtd,0.013089005235602094,0.013089005235602094,0.013089005235602094,0.013089005235602094,0.0,0.013089005235602094,0.0
Schulze,0.0,0.0,0.0,0.0,-0.013089005235602094,0.0,-0.013089005235602094
IRV,0.013089005235602094,0.013089005235602094,0.013089005235602094,0.013089005235602094,0.0,0.013089005235602094,0.0
