,Borda,plurality,gt,minimax,gtd,Schulze,IRV
Borda,0.0,-0.017475728155339806,0.06796116504854369,-0.017475728155339806,-0.017475728155339806,-0.017475728155339806,-0.017475728155339806
plurality,0.017475728155339806,0.0,-0.001941747572815534,0.0,0.0,0.0,0.0
gt,-0.06796116504854369,0.001941747572815534,0.0,0.001941747572815534,0.001941747572815534,0.001941747572815534,0.001941747572815534
minimax,0.017475728155339806,0.0,-0.001941747572815534,0.0,0.0,0.0,0.0
gtd,0.017475728155339806,0.0,-0.001941747572815534,0.0,0.0,0.0,0.0
Schulze,0.017475728155339806,0.0,-0.001941747572815534,0.0,0.0,0.0,0.0
IRV,0.017475728155339806,0.0,-0.001941747572815534,0.0,0.0,0.0,0.0
