,Borda,plurality,gt,minimax,gtd,Schulze,IRV
Borda,0.0,-0.008130081300813009,-0.008130081300813009,-0.008130081300813009,-0.008130081300813009,-0.008130081300813009,0.08943089430894309
plurality,0.008130081300813009,0.0,0.0,0.0,0.0,0.0,-0.0016260162601626016
gt,0.008130081300813009,0.0,0.0,0.0,0.0,0.0,-0.0016260162601626016
minimax,0.008130081300813009,0.0,0.0,0.0,0.0,0.0,-0.0016260162601626016
gtd,0.008130081300813009,0.0,0.0,0.0,0.0,0.0,-0.0016260162601626016
Schulze,0.008130081300813009,0.0,0.0,0.0,0.0,0.0,-0.0016260162601626016
IRV,-0.08943089430894309,0.0016260162601626016,0.0016260162601626016,0.0016260162601626016,0.0016260162601626016,0.0016260162601626016,0.0
