,Borda,plurality,gt,minimax,gtd,Schulze,IRV
Borda,0.0,0.0,0.0,0.0,-0.025503355704697986,0.0,-0.025503355704697986
plurality,0.0,0.0,0.0,0.0,-0.025503355704697986,0.0,-0.025503355704697986
gt,0.0,0.0,0.0,0.0,-0.025503355704697986,0.0,-0.025503355704697986
minimax,0.0,0.0,0.0,0.0,-0.025503355704697986,0.0,-0.025503355704697986
gtd,0.025503355704697986,0.025503355704697986,0.025503355704697986,0.025503355704697986,0.0,0.025503355704697986,0.0
Schulze,0.0,0.0,0.0,0.0,-0.025503355704697986,0.0,-0.025503355704697986
IRV,0.025503355704697986,0.025503355704697986,0.025503355704697986,0.025503355704697986,0.0,0.025503355704697986,0.0
