,Borda,plurality,gt,minimax,gtd,Schulze,IRV
Borda,0.0,0.0,0.0,0.0,0.0,0.0,-0.0048543689320388345
plurality,0.0,0.0,0.0,0.0,0.0,0.0,-0.0048543689320388345
gt,0.0,0.0,0.0,0.0,0.0,0.0,-0.0048543689320388345
minimax,0.0,0.0,0.0,0.0,0.0,0.0,-0.0048543689320388345
gtd,0.0,0.0,0.0,0.0,0.0,0.0,-0.0048543689320388345
Schulze,0.0,0.0,0.0,0.0,0.0,0.0,-0.0048543689320388345
IRV,0.0048543689320388345,0.0048543689320388345,0.0048543689320388345,0.0048543689320388345,0.0048543689320388345,0.0048543689320388345,0.0
