,Borda,plurality,gt,minimax,gtd,Schulze,IRV
Borda,0.0,0.0,0.05048076923076923,-0.01201923076923077,-0.01201923076923077,-0.01201923076923077,0.0
plurality,0.0,0.0,0.05048076923076923,-0.01201923076923077,-0.01201923076923077,-0.01201923076923077,0.0
gt,-0.05048076923076923,-0.05048076923076923,0.0,0.007211538461538462,0.007211538461538462,0.007211538461538462,-0.05048076923076923
minimax,0.01201923076923077,0.01201923076923077,-0.007211538461538462,0.0,0.0,0.0,0.01201923076923077
gtd,0.01201923076923077,0.01201923076923077,-0.007211538461538462,0.0,0.0,0.0,0.01201923076923077
Schulze,0.01201923076923077,0.01201923076923077,-0.007211538461538462,0.0,0.0,0.0,0.01201923076923077
IRV,0.0,0.0,0.05048076923076923,-0.01201923076923077,-0.01201923076923077,-0.01201923076923077,0.0
