,Borda,plurality,gt,minimax,gtd,Schulze,IRV
Borda,0.0,0.0,0.07547169811320754,0.0,-0.0047169811320754715,0.0,-0.0047169811320754715
plurality,0.0,0.0,0.07547169811320754,0.0,-0.0047169811320754715,0.0,-0.0047169811320754715
gt,-0.07547169811320754,-0.07547169811320754,0.0,-0.07547169811320754,0.0047169811320754715,-0.07547169811320754,0.0047169811320754715
minimax,0.0,0.0,0.07547169811320754,0.0,-0.0047169811320754715,0.0,-0.0047169811320754715
gtd,0.0047169811320754715,0.0047169811320754715,-0.0047169811320754715,0.0047169811320754715,0.0,0.0047169811320754715,0.0
Schulze,0.0,0.0,0.07547169811320754,0.0,-0.0047169811320754715,0.0,-0.0047169811320754715
IRV,0.0047169811320754715,0.0047169811320754715,-0.0047169811320754715,0.0047169811320754715,0.0,0.0047169811320754715,0.0
