,Borda,plurality,gt,minimax,gtd,Schulze,IRV
Borda,0.0,-0.00202020202020202,-0.00202020202020202,0.0,0.0,0.0,-0.00202020202020202
plurality,0.00202020202020202,0.0,0.0,0.00202020202020202,0.00202020202020202,0.00202020202020202,0.0
gt,0.00202020202020202,0.0,0.0,0.00202020202020202,0.00202020202020202,0.00202020202020202,0.0
minimax,0.0,-0.00202020202020202,-0.00202020202020202,0.0,0.0,0.0,-0.00202020202020202
gtd,0.0,-0.00202020202020202,-0.00202020202020202,0.0,0.0,0.0,-0.00202020202020202
Schulze,0.0,-0.00202020202020202,-0.00202020202020202,0.0,0.0,0.0,-0.00202020202020202
IRV,0.00202020202020202,0.0,0.0,0.00202020202020202,0.00202020202020202,0.00202020202020202,0.0
