,Borda,plurality,gt,minimax,gtd,Schulze,IRV
Borda,0.0,-0.008130081300813009,0.0,0.0,0.0,0.0,0.028455284552845527
plurality,0.008130081300813009,0.0,0.008130081300813009,0.008130081300813009,0.008130081300813009,0.008130081300813009,-0.04065040650406504
gt,0.0,-0.008130081300813009,0.0,0.0,0.0,0.0,0.028455284552845527
minimax,0.0,-0.008130081300813009,0.0,0.0,0.0,0.0,0.028455284552845527
gtd,0.0,-0.008130081300813009,0.0,0.0,0.0,0.0,0.028455284552845527
Schulze,0.0,-0.008130081300813009,0.0,0.0,0.0,0.0,0.028455284552845527
IRV,-0.028455284552845527,0.04065040650406504,-0.028455284552845527,-0.028455284552845527,-0.028455284552845527,-0.028455284552845527,0.0
