,Borda,plurality,gt,minimax,gtd,Schulze,IRV
Borda,0.0,0.051643192488262914,-0.009389671361502348,-0.009389671361502348,-0.009389671361502348,-0.009389671361502348,0.051643192488262914
plurality,-0.051643192488262914,0.0,0.0,0.0,0.0,0.0,0.0
gt,0.009389671361502348,0.0,0.0,0.0,0.0,0.0,0.0
minimax,0.009389671361502348,0.0,0.0,0.0,0.0,0.0,0.0
gtd,0.009389671361502348,0.0,0.0,0.0,0.0,0.0,0.0
Schulze,0.009389671361502348,0.0,0.0,0.0,0.0,0.0,0.0
IRV,-0.051643192488262914,0.0,0.0,0.0,0.0,0.0,0.0
