,Borda,plurality,gt,minimax,gtd,Schulze,IRV
Borda,0.0,0.045951859956236324,0.045951859956236324,0.0,-0.019693654266958426,0.0,0.0
plurality,-0.045951859956236324,0.0,0.0,-0.045951859956236324,0.04157549234135667,-0.045951859956236324,-0.045951859956236324
gt,-0.045951859956236324,0.0,0.0,-0.045951859956236324,0.04157549234135667,-0.045951859956236324,-0.045951859956236324
minimax,0.0,0.045951859956236324,0.045951859956236324,0.0,-0.019693654266958426,0.0,0.0
gtd,0.019693654266958426,-0.04157549234135667,-0.04157549234135667,0.019693654266958426,0.0,0.019693654266958426,0.019693654266958426
Schulze,0.0,0.045951859956236324,0.045951859956236324,0.0,-0.019693654266958426,0.0,0.0
IRV,0.0,0.045951859956236324,0.045951859956236324,0.0,-0.019693654266958426,0.0,0.0
