,Borda,plurality,gt,minimax,gtd,Schulze,IRV
Borda,0.0,0.05069124423963134,-0.019969278033794162,-0.019969278033794162,-0.019969278033794162,-0.019969278033794162,0.05069124423963134
plurality,-0.05069124423963134,0.0,0.007680491551459293,0.007680491551459293,0.007680491551459293,0.007680491551459293,0.0
gt,0.019969278033794162,-0.007680491551459293,0.0,0.0,0.0,0.0,-0.007680491551459293
minimax,0.019969278033794162,-0.007680491551459293,0.0,0.0,0.0,0.0,-0.007680491551459293
gtd,0.019969278033794162,-0.007680491551459293,0.0,0.0,0.0,0.0,-0.007680491551459293
Schulze,0.019969278033794162,-0.007680491551459293,0.0,0.0,0.0,0.0,-0.007680491551459293
IRV,-0.05069124423963134,0.0,0.007680491551459293,0.007680491551459293,0.007680491551459293,0.007680491551459293,0.0
