,Borda,plurality,gt,minimax,gtd,Schulze,IRV
Borda,0.0,0.0,0.01876675603217158,0.0,-0.013404825737265416,0.0,-0.013404825737265416
plurality,0.0,0.0,0.01876675603217158,0.0,-0.013404825737265416,0.0,-0.013404825737265416
gt,-0.01876675603217158,-0.01876675603217158,0.0,-0.01876675603217158,0.013404825737265416,-0.01876675603217158,0.013404825737265416
minimax,0.0,0.0,0.01876675603217158,0.0,-0.013404825737265416,0.0,-0.013404825737265416
gtd,0.013404825737265416,0.013404825737265416,-0.013404825737265416,0.013404825737265416,0.0,0.013404825737265416,0.0
Schulze,0.0,0.0,0.01876675603217158,0.0,-0.013404825737265416,0.0,-0.013404825737265416
IRV,0.013404825737265416,0.013404825737265416,-0.013404825737265416,0.013404825737265416,0.0,0.013404825737265416,0.0
