,Borda,plurality,gt,minimax,gtd,Schulze,IRV
Borda,0.0,-0.01937046004842615,0.0,-0.01937046004842615,-0.01937046004842615,-0.01937046004842615,0.05569007263922518
plurality,0.01937046004842615,0.0,0.01937046004842615,0.0,0.0,0.0,-0.007263922518159807
gt,0.0,-0.01937046004842615,0.0,-0.01937046004842615,-0.01937046004842615,-0.01937046004842615,0.05569007263922518
minimax,0.01937046004842615,0.0,0.01937046004842615,0.0,0.0,0.0,-0.007263922518159807
gtd,0.01937046004842615,0.0,0.01937046004842615,0.0,0.0,0.0,-0.007263922518159807
Schulze,0.01937046004842615,0.0,0.01937046004842615,0.0,0.0,0.0,-0.007263922518159807
IRV,-0.05569007263922518,0.007263922518159807,-0.05569007263922518,0.007263922518159807,0.007263922518159807,0.007263922518159807,0.0
