,Borda,plurality,gt,minimax,gtd,Schulze,IRV
Borda,0.0,0.0,-0.025830258302583026,0.0,-0.025830258302583026,0.0,0.0
plurality,0.0,0.0,-0.025830258302583026,0.0,-0.025830258302583026,0.0,0.0
gt,0.025830258302583026,0.025830258302583026,0.0,0.025830258302583026,0.0,0.025830258302583026,0.025830258302583026
minimax,0.0,0.0,-0.025830258302583026,0.0,-0.025830258302583026,0.0,0.0
gtd,0.025830258302583026,0.025830258302583026,0.0,0.025830258302583026,0.0,0.025830258302583026,0.025830258302583026
Schulze,0.0,0.0,-0.025830258302583026,0.0,-0.025830258302583026,0.0,0.0
IRV,0.0,0.0,-0.025830258302583026,0.0,-0.025830258302583026,0.0,0.0
