,Borda,plurality,gt,minimax,gtd,Schulze,IRV
Borda,0.0,0.02564102564102564,0.0,0.0,-0.0017094017094017094,0.0,0.0
plurality,-0.02564102564102564,0.0,-0.02564102564102564,-0.02564102564102564,0.015384615384615385,-0.02564102564102564,-0.02564102564102564
gt,0.0,0.02564102564102564,0.0,0.0,-0.0017094017094017094,0.0,0.0
minimax,0.0,0.02564102564102564,0.0,0.0,-0.0017094017094017094,0.0,0.0
gtd,0.0017094017094017094,-0.015384615384615385,0.0017094017094017094,0.0017094017094017094,0.0,0.0017094017094017094,0.0017094017094017094
Schulze,0.0,0.02564102564102564,0.0,0.0,-0.0017094017094017094,0.0,0.0
IRV,0.0,0.02564102564102564,0.0,0.0,-0.0017094017094017094,0.0,0.0
