,Borda,plurality,gt,minimax,gtd,Schulze,IRV
Borda,0.0,0.0,-0.029876977152899824,-0.029876977152899824,-0.029876977152899824,-0.029876977152899824,0.0
plurality,0.0,0.0,-0.029876977152899824,-0.029876977152899824,-0.029876977152899824,-0.029876977152899824,0.0
gt,0.029876977152899824,0.029876977152899824,0.0,0.0,0.0,0.0,0.029876977152899824
minimax,0.029876977152899824,0.029876977152899824,0.0,0.0,0.0,0.0,0.029876977152899824
gtd,0.029876977152899824,0.029876977152899824,0.0,0.0,0.0,0.0,0.029876977152899824
Schulze,0.029876977152899824,0.029876977152899824,0.0,0.0,0.0,0.0,0.029876977152899824
IRV,0.0,0.0,-0.029876977152899824,-0.029876977152899824,-0.029876977152899824,-0.029876977152899824,0.0
