,Borda,plurality,gt,minimax,gtd,Schulze,IRV
Borda,0.0,-0.009345794392523364,0.018691588785046728,0.0,-0.009345794392523364,0.0,-0.009345794392523364
plurality,0.009345794392523364,0.0,-0.018691588785046728,0.009345794392523364,0.0,0.009345794392523364,0.0
gt,-0.018691588785046728,0.018691588785046728,0.0,-0.018691588785046728,0.018691588785046728,-0.018691588785046728,0.018691588785046728
minimax,0.0,-0.009345794392523364,0.018691588785046728,0.0,-0.009345794392523364,0.0,-0.009345794392523364
gtd,0.009345794392523364,0.0,-0.018691588785046728,0.009345794392523364,0.0,0.009345794392523364,0.0
Schulze,0.0,-0.009345794392523364,0.018691588785046728,0.0,-0.009345794392523364,0.0,-0.009345794392523364
IRV,0.009345794392523364,0.0,-0.018691588785046728,0.009345794392523364,0.0,0.009345794392523364,0.0
