,Borda,plurality,gt,minimax,gtd,Schulze,IRV
Borda,0.0,-0.011594202898550725,-0.011594202898550725,0.0,-0.011594202898550725,0.0,0.02318840579710145
plurality,0.011594202898550725,0.0,0.0,0.011594202898550725,0.0,0.011594202898550725,-0.011594202898550725
gt,0.011594202898550725,0.0,0.0,0.011594202898550725,0.0,0.011594202898550725,-0.011594202898550725
minimax,0.0,-0.011594202898550725,-0.011594202898550725,0.0,-0.011594202898550725,0.0,0.02318840579710145
gtd,0.011594202898550725,0.0,0.0,0.011594202898550725,0.0,0.011594202898550725,-0.011594202898550725
Schulze,0.0,-0.011594202898550725,-0.011594202898550725,0.0,-0.011594202898550725,0.0,0.02318840579710145
IRV,-0.02318840579710145,0.011594202898550725,0.011594202898550725,-0.02318840579710145,0.011594202898550725,-0.02318840579710145,0.0
