,Borda,plurality,gt,minimax,gtd,Schulze,IRV
Borda,0.0,-0.015037593984962405,-0.015037593984962405,0.0,-0.015037593984962405,0.0,-0.015037593984962405
plurality,0.015037593984962405,0.0,0.0,0.015037593984962405,0.0,0.015037593984962405,0.0
gt,0.015037593984962405,0.0,0.0,0.015037593984962405,0.0,0.015037593984962405,0.0
minimax,0.0,-0.015037593984962405,-0.015037593984962405,0.0,-0.015037593984962405,0.0,-0.015037593984962405
gtd,0.015037593984962405,0.0,0.0,0.015037593984962405,0.0,0.015037593984962405,0.0
Schulze,0.0,-0.015037593984962405,-0.015037593984962405,0.0,-0.015037593984962405,0.0,-0.015037593984962405
IRV,0.015037593984962405,0.0,0.0,0.015037593984962405,0.0,0.015037593984962405,0.0
