,Borda,plurality,gt,minimax,gtd,Schulze,IRV
Borda,0.0,0.0,0.03125,-0.013392857142857142,-0.013392857142857142,-0.013392857142857142,0.0
plurality,0.0,0.0,0.03125,-0.013392857142857142,-0.013392857142857142,-0.013392857142857142,0.0
gt,-0.03125,-0.03125,0.0,0.0,0.0,0.0,-0.03125
minimax,0.013392857142857142,0.013392857142857142,0.0,0.0,0.0,0.0,0.013392857142857142
gtd,0.013392857142857142,0.013392857142857142,0.0,0.0,0.0,0.0,0.013392857142857142
Schulze,0.013392857142857142,0.013392857142857142,0.0,0.0,0.0,0.0,0.013392857142857142
IRV,0.0,0.0,0.03125,-0.013392857142857142,-0.013392857142857142,-0.013392857142857142,0.0
