,Borda,plurality,gt,minimax,gtd,Schulze,IRV
Borda,0.0,0.0,-0.02555366269165247,-0.02555366269165247,-0.02555366269165247,-0.02555366269165247,-0.02555366269165247
plurality,0.0,0.0,-0.02555366269165247,-0.02555366269165247,-0.02555366269165247,-0.02555366269165247,-0.02555366269165247
gt,0.02555366269165247,0.02555366269165247,0.0,0.0,0.0,0.0,0.0
minimax,0.02555366269165247,0.02555366269165247,0.0,0.0,0.0,0.0,0.0
gtd,0.02555366269165247,0.02555366269165247,0.0,0.0,0.0,0.0,0.0
Schulze,0.02555366269165247,0.02555366269165247,0.0,0.0,0.0,0.0,0.0
IRV,0.02555366269165247,0.02555366269165247,0.0,0.0,0.0,0.0,0.0
