,Borda,plurality,gt,minimax,gtd,Schulze,IRV
Borda,0.0,0.044897959183673466,-0.012244897959183673,0.0,-0.012244897959183673,0.0,0.044897959183673466
plurality,-0.044897959183673466,0.0,0.024489795918367346,-0.044897959183673466,0.024489795918367346,-0.044897959183673466,0.0
gt,0.012244897959183673,-0.024489795918367346,0.0,0.012244897959183673,0.0,0.012244897959183673,-0.024489795918367346
minimax,0.0,0.044897959183673466,-0.012244897959183673,0.0,-0.012244897959183673,0.0,0.044897959183673466
gtd,0.012244897959183673,-0.024489795918367346,0.0,0.012244897959183673,0.0,0.012244897959183673,-0.024489795918367346
Schulze,0.0,0.044897959183673466,-0.012244897959183673,0.0,-0.012244897959183673,0.0,0.044897959183673466
IRV,-0.044897959183673466,0.0,0.024489795918367346,-0.044897959183673466,0.024489795918367346,-0.044897959183673466,0.0
