,Borda,plurality,gt,minimax,gtd,Schulze,IRV
Borda,0.0,-0.0007230657989877079,0.0,0.0,-0.0007230657989877079,0.0,-0.0007230657989877079
plurality,0.0007230657989877079,0.0,0.0007230657989877079,0.0007230657989877079,0.0,0.0007230657989877079,0.0
gt,0.0,-0.0007230657989877079,0.0,0.0,-0.0007230657989877079,0.0,-0.0007230657989877079
minimax,0.0,-0.0007230657989877079,0.0,0.0,-0.0007230657989877079,0.0,-0.0007230657989877079
gtd,0.0007230657989877079,0.0,0.0007230657989877079,0.0007230657989877079,0.0,0.0007230657989877079,0.0
Schulze,0.0,-0.0007230657989877079,0.0,0.0,-0.0007230657989877079,0.0,-0.0007230657989877079
IRV,0.0007230657989877079,0.0,0.0007230657989877079,0.0007230657989877079,0.0,0.0007230657989877079,0.0
