,Borda,plurality,gt,minimax,gtd,Schulze,IRV
Borda,0.0,-0.002898550724637681,-0.002898550724637681,0.0,-0.002898550724637681,0.0,0.03188405797101449
plurality,0.002898550724637681,0.0,0.0,0.002898550724637681,0.0,0.002898550724637681,-0.005797101449275362
gt,0.002898550724637681,0.0,0.0,0.002898550724637681,0.0,0.002898550724637681,-0.005797101449275362
minimax,0.0,-0.002898550724637681,-0.002898550724637681,0.0,-0.002898550724637681,0.0,0.03188405797101449
gtd,0.002898550724637681,0.0,0.0,0.002898550724637681,0.0,0.002898550724637681,-0.005797101449275362
Schulze,0.0,-0.002898550724637681,-0.002898550724637681,0.0,-0.002898550724637681,0.0,0.03188405797101449
IRV,-0.03188405797101449,0.005797101449275362,0.005797101449275362,-0.03188405797101449,0.005797101449275362,-0.03188405797101449,0.0
