,Borda,plurality,gt,minimax,gtd,Schulze,IRV
Borda,0.0,0.0,0.08205128205128205,-0.03076923076923077,-0.03076923076923077,-0.03076923076923077,-0.03076923076923077
plurality,0.0,0.0,0.08205128205128205,-0.03076923076923077,-0.03076923076923077,-0.03076923076923077,-0.03076923076923077
gt,-0.08205128205128205,-0.08205128205128205,0.0,0.015384615384615385,0.015384615384615385,0.015384615384615385,0.015384615384615385
minimax,0.03076923076923077,0.03076923076923077,-0.015384615384615385,0.0,0.0,0.0,0.0
gtd,0.03076923076923077,0.03076923076923077,-0.015384615384615385,0.0,0.0,0.0,0.0
Schulze,0.03076923076923077,0.03076923076923077,-0.015384615384615385,0.0,0.0,0.0,0.0
IRV,0.03076923076923077,0.03076923076923077,-0.015384615384615385,0.0,0.0,0.0,0.0
