,Borda,plurality,gt,minimax,gtd,Schulze,IRV
Borda,0.0,-0.013262599469496022,0.0,0.0,-0.013262599469496022,0.0,0.08399646330680813
plurality,0.013262599469496022,0.0,0.013262599469496022,0.013262599469496022,0.0,0.013262599469496022,-0.02564102564102564
gt,0.0,-0.013262599469496022,0.0,0.0,-0.013262599469496022,0.0,0.08399646330680813
minimax,0.0,-0.013262599469496022,0.0,0.0,-0.013262599469496022,0.0,0.08399646330680813
gtd,0.013262599469496022,0.0,0.013262599469496022,0.013262599469496022,0.0,0.013262599469496022,-0.02564102564102564
Schulze,0.0,-0.013262599469496022,0.0,0.0,-0.013262599469496022,0.0,0.08399646330680813
IRV,-0.08399646330680813,0.02564102564102564,-0.08399646330680813,-0.08399646330680813,0.02564102564102564,-0.08399646330680813,0.0
