,Borda,plurality,gt,minimax,gtd,Schulze,IRV
Borda,0.0,0.0,0.04426787741203178,-0.00340522133938706,-0.00340522133938706,-0.00340522133938706,-0.00340522133938706
plurality,0.0,0.0,0.04426787741203178,-0.00340522133938706,-0.00340522133938706,-0.00340522133938706,-0.00340522133938706
gt,-0.04426787741203178,-0.04426787741203178,0.0,0.00340522133938706,0.00340522133938706,0.00340522133938706,0.00340522133938706
minimax,0.00340522133938706,0.00340522133938706,-0.00340522133938706,0.0,0.0,0.0,0.0
gtd,0.00340522133938706,0.00340522133938706,-0.00340522133938706,0.0,0.0,0.0,0.0
Schulze,0.00340522133938706,0.00340522133938706,-0.00340522133938706,0.0,0.0,0.0,0.0
IRV,0.00340522133938706,0.00340522133938706,-0.00340522133938706,0.0,0.0,0.0,0.0
