,Borda,plurality,gt,minimax,gtd,Schulze,IRV
Borda,0.0,-0.00931098696461825,0.0,0.0,-0.00931098696461825,0.0,-0.00931098696461825
plurality,0.00931098696461825,0.0,0.00931098696461825,0.00931098696461825,0.0,0.00931098696461825,0.0
gt,0.0,-0.00931098696461825,0.0,0.0,-0.00931098696461825,0.0,-0.00931098696461825
minimax,0.0,-0.00931098696461825,0.0,0.0,-0.00931098696461825,0.0,-0.00931098696461825
gtd,0.00931098696461825,0.0,0.00931098696461825,0.00931098696461825,0.0,0.00931098696461825,0.0
Schulze,0.0,-0.00931098696461825,0.0,0.0,-0.00931098696461825,0.0,-0.00931098696461825
IRV,0.00931098696461825,0.0,0.00931098696461825,0.00931098696461825,0.0,0.00931098696461825,0.0
