,Borda,plurality,gt,minimax,gtd,Schulze,IRV
Borda,0.0,0.022556390977443608,-0.012531328320802004,0.0,0.0,0.0,0.022556390977443608
plurality,-0.022556390977443608,0.0,0.02756892230576441,-0.022556390977443608,-0.022556390977443608,-0.022556390977443608,0.0
gt,0.012531328320802004,-0.02756892230576441,0.0,0.012531328320802004,0.012531328320802004,0.012531328320802004,-0.02756892230576441
minimax,0.0,0.022556390977443608,-0.012531328320802004,0.0,0.0,0.0,0.022556390977443608
gtd,0.0,0.022556390977443608,-0.012531328320802004,0.0,0.0,0.0,0.022556390977443608
Schulze,0.0,0.022556390977443608,-0.012531328320802004,0.0,0.0,0.0,0.022556390977443608
IRV,-0.022556390977443608,0.0,0.02756892230576441,-0.022556390977443608,-0.022556390977443608,-0.022556390977443608,0.0
