,Borda,plurality,gt,minimax,gtd,Schulze,IRV
Borda,0.0,0.06645569620253164,0.0,0.0,0.0,0.0,0.0
plurality,-0.06645569620253164,0.0,-0.06645569620253164,-0.04430379746835443,-0.04430379746835443,-0.04430379746835443,-0.06645569620253164
gt,0.0,0.06645569620253164,0.0,0.0,0.0,0.0,0.0
minimax,0.0,0.04430379746835443,0.0,0.0,0.0,0.0,0.0
gtd,0.0,0.04430379746835443,0.0,0.0,0.0,0.0,0.0
Schulze,0.0,0.04430379746835443,0.0,0.0,0.0,0.0,0.0
IRV,0.0,0.06645569620253164,0.0,0.0,0.0,0.0,0.0
