,Borda,plurality,gt,minimax,gtd,Schulze,IRV
Borda,0.0,-0.011337868480725623,0.05215419501133787,-0.011337868480725623,-0.011337868480725623,-0.011337868480725623,0.05215419501133787
plurality,0.011337868480725623,0.0,-0.006802721088435374,0.0,0.0,0.0,-0.006802721088435374
gt,-0.05215419501133787,0.006802721088435374,0.0,0.006802721088435374,0.006802721088435374,0.006802721088435374,0.0
minimax,0.011337868480725623,0.0,-0.006802721088435374,0.0,0.0,0.0,-0.006802721088435374
gtd,0.011337868480725623,0.0,-0.006802721088435374,0.0,0.0,0.0,-0.006802721088435374
Schulze,0.011337868480725623,0.0,-0.006802721088435374,0.0,0.0,0.0,-0.006802721088435374
IRV,-0.05215419501133787,0.006802721088435374,0.0,0.006802721088435374,0.006802721088435374,0.006802721088435374,0.0
