,Borda,plurality,gt,minimax,gtd,Schulze,IRV
Borda,0.0,0.02926829268292683,-0.014634146341463415,0.0,-0.014634146341463415,0.0,0.0
plurality,-0.02926829268292683,0.0,0.01951219512195122,-0.02926829268292683,0.01951219512195122,-0.02926829268292683,-0.02926829268292683
gt,0.014634146341463415,-0.01951219512195122,0.0,0.014634146341463415,0.0,0.014634146341463415,0.014634146341463415
minimax,0.0,0.02926829268292683,-0.014634146341463415,0.0,-0.014634146341463415,0.0,0.0
gtd,0.014634146341463415,-0.01951219512195122,0.0,0.014634146341463415,0.0,0.014634146341463415,0.014634146341463415
Schulze,0.0,0.02926829268292683,-0.014634146341463415,0.0,-0.014634146341463415,0.0,0.0
IRV,0.0,0.02926829268292683,-0.014634146341463415,0.0,-0.014634146341463415,0.0,0.0
