,Borda,plurality,gt,minimax,gtd,Schulze,IRV
Borda,0.0,-0.01107011070110701,0.0,-0.01107011070110701,-0.01107011070110701,-0.01107011070110701,0.02214022140221402
plurality,0.01107011070110701,0.0,0.01107011070110701,0.0,0.0,0.0,-0.0036900369003690036
gt,0.0,-0.01107011070110701,0.0,-0.01107011070110701,-0.01107011070110701,-0.01107011070110701,0.02214022140221402
minimax,0.01107011070110701,0.0,0.01107011070110701,0.0,0.0,0.0,-0.0036900369003690036
gtd,0.01107011070110701,0.0,0.01107011070110701,0.0,0.0,0.0,-0.0036900369003690036
Schulze,0.01107011070110701,0.0,0.01107011070110701,0.0,0.0,0.0,-0.0036900369003690036
IRV,-0.02214022140221402,0.0036900369003690036,-0.02214022140221402,0.0036900369003690036,0.0036900369003690036,0.0036900369003690036,0.0
