,Borda,plurality,gt,minimax,gtd,Schulze,IRV
Borda,0.0,-0.0076103500761035,0.0,0.0,-0.0076103500761035,0.0,-0.0076103500761035
plurality,0.0076103500761035,0.0,0.0076103500761035,0.0076103500761035,0.0,0.0076103500761035,0.0
gt,0.0,-0.0076103500761035,0.0,0.0,-0.0076103500761035,0.0,-0.0076103500761035
minimax,0.0,-0.0076103500761035,0.0,0.0,-0.0076103500761035,0.0,-0.0076103500761035
gtd,0.0076103500761035,0.0,0.0076103500761035,0.0076103500761035,0.0,0.0076103500761035,0.0
Schulze,0.0,-0.0076103500761035,0.0,0.0,-0.0076103500761035,0.0,-0.0076103500761035
IRV,0.0076103500761035,0.0,0.0076103500761035,0.0076103500761035,0.0,0.0076103500761035,0.0
