,Borda,plurality,gt,minimax,gtd,Schulze,IRV
Borda,0.0,0.01838235294117647,-0.007352941176470588,-0.007352941176470588,-0.007352941176470588,-0.007352941176470588,-0.007352941176470588
plurality,-0.01838235294117647,0.0,0.0,0.0,0.0,0.0,0.0
gt,0.007352941176470588,0.0,0.0,0.0,0.0,0.0,0.0
minimax,0.007352941176470588,0.0,0.0,0.0,0.0,0.0,0.0
gtd,0.007352941176470588,0.0,0.0,0.0,0.0,0.0,0.0
Schulze,0.007352941176470588,0.0,0.0,0.0,0.0,0.0,0.0
IRV,0.007352941176470588,0.0,0.0,0.0,0.0,0.0,0.0
