,Borda,plurality,gt,minimax,gtd,Schulze,IRV
Borda,0.0,0.045372050816696916,-0.019963702359346643,0.0,-0.019963702359346643,0.0,0.0
plurality,-0.045372050816696916,0.0,0.023593466424682397,-0.045372050816696916,0.023593466424682397,-0.045372050816696916,-0.045372050816696916
gt,0.019963702359346643,-0.023593466424682397,0.0,0.019963702359346643,0.0,0.019963702359346643,0.019963702359346643
minimax,0.0,0.045372050816696916,-0.019963702359346643,0.0,-0.019963702359346643,0.0,0.0
gtd,0.019963702359346643,-0.023593466424682397,0.0,0.019963702359346643,0.0,0.019963702359346643,0.019963702359346643
Schulze,0.0,0.045372050816696916,-0.019963702359346643,0.0,-0.019963702359346643,0.0,0.0
IRV,0.0,0.045372050816696916,-0.019963702359346643,0.0,-0.019963702359346643,0.0,0.0
