,Borda,plurality,gt,minimax,gtd,Schulze,IRV
Borda,0.0,-0.03421461897356143,0.07309486780715396,-0.03421461897356143,-0.03421461897356143,-0.03421461897356143,0.07309486780715396
plurality,0.03421461897356143,0.0,-0.007776049766718507,0.0,0.0,0.0,-0.007776049766718507
gt,-0.07309486780715396,0.007776049766718507,0.0,0.007776049766718507,0.007776049766718507,0.007776049766718507,0.0
minimax,0.03421461897356143,0.0,-0.007776049766718507,0.0,0.0,0.0,-0.007776049766718507
gtd,0.03421461897356143,0.0,-0.007776049766718507,0.0,0.0,0.0,-0.007776049766718507
Schulze,0.03421461897356143,0.0,-0.007776049766718507,0.0,0.0,0.0,-0.007776049766718507
IRV,-0.07309486780715396,0.007776049766718507,0.0,0.007776049766718507,0.007776049766718507,0.007776049766718507,0.0
