,Borda,plurality,gt,minimax,gtd,Schulze,IRV
Borda,0.0,0.04627450980392157,-0.011764705882352941,-0.011764705882352941,-0.011764705882352941,-0.011764705882352941,0.04627450980392157
plurality,-0.04627450980392157,0.0,0.002352941176470588,0.002352941176470588,0.002352941176470588,0.002352941176470588,0.0
gt,0.011764705882352941,-0.002352941176470588,0.0,0.0,0.0,0.0,-0.002352941176470588
minimax,0.011764705882352941,-0.002352941176470588,0.0,0.0,0.0,0.0,-0.002352941176470588
gtd,0.011764705882352941,-0.002352941176470588,0.0,0.0,0.0,0.0,-0.002352941176470588
Schulze,0.011764705882352941,-0.002352941176470588,0.0,0.0,0.0,0.0,-0.002352941176470588
IRV,-0.04627450980392157,0.0,0.002352941176470588,0.002352941176470588,0.002352941176470588,0.002352941176470588,0.0
