,Borda,plurality,gt,minimax,gtd,Schulze,IRV
Borda,0.0,-0.016194331983805668,0.0,0.0,-0.016194331983805668,0.0,0.06882591093117409
plurality,0.016194331983805668,0.0,0.016194331983805668,0.016194331983805668,0.0,0.016194331983805668,-0.024291497975708502
gt,0.0,-0.016194331983805668,0.0,0.0,-0.016194331983805668,0.0,0.06882591093117409
minimax,0.0,-0.016194331983805668,0.0,0.0,-0.016194331983805668,0.0,0.06882591093117409
gtd,0.016194331983805668,0.0,0.016194331983805668,0.016194331983805668,0.0,0.016194331983805668,-0.024291497975708502
Schulze,0.0,-0.016194331983805668,0.0,0.0,-0.016194331983805668,0.0,0.06882591093117409
IRV,-0.06882591093117409,0.024291497975708502,-0.06882591093117409,-0.06882591093117409,0.024291497975708502,-0.06882591093117409,0.0
