,Borda,plurality,gt,minimax,gtd,Schulze,IRV
Borda,0.0,0.05121293800539083,-0.013477088948787063,0.0,-0.013477088948787063,0.0,0.0
plurality,-0.05121293800539083,0.0,0.018867924528301886,-0.05121293800539083,0.018867924528301886,-0.05121293800539083,-0.05121293800539083
gt,0.013477088948787063,-0.018867924528301886,0.0,0.013477088948787063,0.0,0.013477088948787063,0.013477088948787063
minimax,0.0,0.05121293800539083,-0.013477088948787063,0.0,-0.013477088948787063,0.0,0.0
gtd,0.013477088948787063,-0.018867924528301886,0.0,0.013477088948787063,0.0,0.013477088948787063,0.013477088948787063
Schulze,0.0,0.05121293800539083,-0.013477088948787063,0.0,-0.013477088948787063,0.0,0.0
IRV,0.0,0.05121293800539083,-0.013477088948787063,0.0,-0.013477088948787063,0.0,0.0
