,Borda,plurality,gt,minimax,gtd,Schulze,IRV
Borda,0.0,-0.008771929824561403,-0.008771929824561403,-0.008771929824561403,-0.008771929824561403,-0.008771929824561403,0.039473684210526314
plurality,0.008771929824561403,0.0,0.0,0.0,0.0,0.0,-0.0043859649122807015
gt,0.008771929824561403,0.0,0.0,0.0,0.0,0.0,-0.0043859649122807015
minimax,0.008771929824561403,0.0,0.0,0.0,0.0,0.0,-0.0043859649122807015
gtd,0.008771929824561403,0.0,0.0,0.0,0.0,0.0,-0.0043859649122807015
Schulze,0.008771929824561403,0.0,0.0,0.0,0.0,0.0,-0.0043859649122807015
IRV,-0.039473684210526314,0.0043859649122807015,0.0043859649122807015,0.0043859649122807015,0.0043859649122807015,0.0043859649122807015,0.0
