,Borda,plurality,gt,minimax,gtd,Schulze,IRV
Borda,0.0,0.05660377358490566,-0.0020964360587002098,0.0,-0.0020964360587002098,0.0,0.0
plurality,-0.05660377358490566,0.0,0.039832285115303984,-0.05660377358490566,0.039832285115303984,-0.05660377358490566,-0.05660377358490566
gt,0.0020964360587002098,-0.039832285115303984,0.0,0.0020964360587002098,0.0,0.0020964360587002098,0.0020964360587002098
minimax,0.0,0.05660377358490566,-0.0020964360587002098,0.0,-0.0020964360587002098,0.0,0.0
gtd,0.0020964360587002098,-0.039832285115303984,0.0,0.0020964360587002098,0.0,0.0020964360587002098,0.0020964360587002098
Schulze,0.0,0.05660377358490566,-0.0020964360587002098,0.0,-0.0020964360587002098,0.0,0.0
IRV,0.0,0.05660377358490566,-0.0020964360587002098,0.0,-0.0020964360587002098,0.0,0.0
