,Borda,plurality,gt,minimax,gtd,Schulze,IRV
Borda,0.0,-0.014308426073131956,-0.014308426073131956,-0.014308426073131956,-0.014308426073131956,-0.014308426073131956,0.0492845786963434
plurality,0.014308426073131956,0.0,0.0,0.0,0.0,0.0,-0.001589825119236884
gt,0.014308426073131956,0.0,0.0,0.0,0.0,0.0,-0.001589825119236884
minimax,0.014308426073131956,0.0,0.0,0.0,0.0,0.0,-0.001589825119236884
gtd,0.014308426073131956,0.0,0.0,0.0,0.0,0.0,-0.001589825119236884
Schulze,0.014308426073131956,0.0,0.0,0.0,0.0,0.0,-0.001589825119236884
IRV,-0.0492845786963434,0.001589825119236884,0.001589825119236884,0.001589825119236884,0.001589825119236884,0.001589825119236884,0.0
