,Borda,plurality,gt,minimax,gtd,Schulze,IRV
Borda,0.0,0.0,0.05649717514124294,-0.01694915254237288,-0.01694915254237288,-0.01694915254237288,0.0
plurality,0.0,0.0,0.05649717514124294,-0.01694915254237288,-0.01694915254237288,-0.01694915254237288,0.0
gt,-0.05649717514124294,-0.05649717514124294,0.0,0.0,0.0,0.0,-0.05649717514124294
minimax,0.01694915254237288,0.01694915254237288,0.0,0.0,0.0,0.0,0.01694915254237288
gtd,0.01694915254237288,0.01694915254237288,0.0,0.0,0.0,0.0,0.01694915254237288
Schulze,0.01694915254237288,0.01694915254237288,0.0,0.0,0.0,0.0,0.01694915254237288
IRV,0.0,0.0,0.05649717514124294,-0.01694915254237288,-0.01694915254237288,-0.01694915254237288,0.0
