,Borda,plurality,gt,minimax,gtd,Schulze,IRV
Borda,0.0,0.0,-0.013365735115431349,-0.013365735115431349,-0.013365735115431349,-0.013365735115431349,0.0
plurality,0.0,0.0,-0.013365735115431349,-0.013365735115431349,-0.013365735115431349,-0.013365735115431349,0.0
gt,0.013365735115431349,0.013365735115431349,0.0,0.0,0.0,0.0,0.013365735115431349
minimax,0.013365735115431349,0.013365735115431349,0.0,0.0,0.0,0.0,0.013365735115431349
gtd,0.013365735115431349,0.013365735115431349,0.0,0.0,0.0,0.0,0.013365735115431349
Schulze,0.013365735115431349,0.013365735115431349,0.0,0.0,0.0,0.0,0.013365735115431349
IRV,0.0,0.0,-0.013365735115431349,-0.013365735115431349,-0.013365735115431349,-0.013365735115431349,0.0
