,Borda,plurality,gt,minimax,gtd,Schulze,IRV
Borda,0.0,0.0,0.0061118946873530795,-0.005171603196991067,-0.005171603196991067,-0.005171603196991067,0.0
plurality,0.0,0.0,0.0061118946873530795,-0.005171603196991067,-0.005171603196991067,-0.005171603196991067,0.0
gt,-0.0061118946873530795,-0.0061118946873530795,0.0,0.004231311706629055,0.004231311706629055,0.004231311706629055,-0.0061118946873530795
minimax,0.005171603196991067,0.005171603196991067,-0.004231311706629055,0.0,0.0,0.0,0.005171603196991067
gtd,0.005171603196991067,0.005171603196991067,-0.004231311706629055,0.0,0.0,0.0,0.005171603196991067
Schulze,0.005171603196991067,0.005171603196991067,-0.004231311706629055,0.0,0.0,0.0,0.005171603196991067
IRV,0.0,0.0,0.0061118946873530795,-0.005171603196991067,-0.005171603196991067,-0.005171603196991067,0.0
