,Borda,plurality,gt,minimax,gtd,Schulze,IRV
Borda,0.0,0.053475935828877004,0.0,0.0,0.0,0.0,0.0
plurality,-0.053475935828877004,0.0,-0.053475935828877004,-0.053475935828877004,-0.053475935828877004,-0.053475935828877004,-0.026737967914438502
gt,0.0,0.053475935828877004,0.0,0.0,0.0,0.0,0.0
minimax,0.0,0.053475935828877004,0.0,0.0,0.0,0.0,0.0
gtd,0.0,0.053475935828877004,0.0,0.0,0.0,0.0,0.0
Schulze,0.0,0.053475935828877004,0.0,0.0,0.0,0.0,0.0
IRV,0.0,0.026737967914438502,0.0,0.0,0.0,0.0,0.0
