,Borda,plurality,gt,minimax,gtd,Schulze,IRV
Borda,0.0,0.022641509433962263,0.0,-0.011320754716981131,-0.011320754716981131,-0.011320754716981131,0.0
plurality,-0.022641509433962263,0.0,-0.022641509433962263,0.007547169811320755,0.007547169811320755,0.007547169811320755,-0.022641509433962263
gt,0.0,0.022641509433962263,0.0,-0.011320754716981131,-0.011320754716981131,-0.011320754716981131,0.0
minimax,0.011320754716981131,-0.007547169811320755,0.011320754716981131,0.0,0.0,0.0,0.011320754716981131
gtd,0.011320754716981131,-0.007547169811320755,0.011320754716981131,0.0,0.0,0.0,0.011320754716981131
Schulze,0.011320754716981131,-0.007547169811320755,0.011320754716981131,0.0,0.0,0.0,0.011320754716981131
IRV,0.0,0.022641509433962263,0.0,-0.011320754716981131,-0.011320754716981131,-0.011320754716981131,0.0
