,Borda,plurality,gt,minimax,gtd,Schulze,IRV
Borda,0.0,0.04171122994652406,-0.020320855614973262,-0.020320855614973262,-0.020320855614973262,-0.020320855614973262,0.04171122994652406
plurality,-0.04171122994652406,0.0,0.009625668449197862,0.009625668449197862,0.009625668449197862,0.009625668449197862,0.0
gt,0.020320855614973262,-0.009625668449197862,0.0,0.0,0.0,0.0,-0.009625668449197862
minimax,0.020320855614973262,-0.009625668449197862,0.0,0.0,0.0,0.0,-0.009625668449197862
gtd,0.020320855614973262,-0.009625668449197862,0.0,0.0,0.0,0.0,-0.009625668449197862
Schulze,0.020320855614973262,-0.009625668449197862,0.0,0.0,0.0,0.0,-0.009625668449197862
IRV,-0.04171122994652406,0.0,0.009625668449197862,0.009625668449197862,0.009625668449197862,0.009625668449197862,0.0
