,Borda,plurality,gt,minimax,gtd,Schulze,IRV
Borda,0.0,0.02857142857142857,0.02857142857142857,-0.015873015873015872,-0.015873015873015872,-0.015873015873015872,0.02857142857142857
plurality,-0.02857142857142857,0.0,0.0,0.009523809523809525,0.009523809523809525,0.009523809523809525,0.0
gt,-0.02857142857142857,0.0,0.0,0.009523809523809525,0.009523809523809525,0.009523809523809525,0.0
minimax,0.015873015873015872,-0.009523809523809525,-0.009523809523809525,0.0,0.0,0.0,-0.009523809523809525
gtd,0.015873015873015872,-0.009523809523809525,-0.009523809523809525,0.0,0.0,0.0,-0.009523809523809525
Schulze,0.015873015873015872,-0.009523809523809525,-0.009523809523809525,0.0,0.0,0.0,-0.009523809523809525
IRV,-0.02857142857142857,0.0,0.0,0.009523809523809525,0.009523809523809525,0.009523809523809525,0.0
