,Borda,plurality,gt,minimax,gtd,Schulze,IRV
Borda,0.0,0.039337474120082816,-0.010351966873706004,-0.010351966873706004,-0.010351966873706004,-0.010351966873706004,0.0
plurality,-0.039337474120082816,0.0,0.006211180124223602,0.006211180124223602,0.006211180124223602,0.006211180124223602,-0.039337474120082816
gt,0.010351966873706004,-0.006211180124223602,0.0,0.0,0.0,0.0,0.010351966873706004
minimax,0.010351966873706004,-0.006211180124223602,0.0,0.0,0.0,0.0,0.010351966873706004
gtd,0.010351966873706004,-0.006211180124223602,0.0,0.0,0.0,0.0,0.010351966873706004
Schulze,0.010351966873706004,-0.006211180124223602,0.0,0.0,0.0,0.0,0.010351966873706004
IRV,0.0,0.039337474120082816,-0.010351966873706004,-0.010351966873706004,-0.010351966873706004,-0.010351966873706004,0.0
