,Borda,plurality,gt,minimax,gtd,Schulze,IRV
Borda,0.0,0.0,0.03571428571428571,0.0,-0.008928571428571428,0.0,-0.008928571428571428
plurality,0.0,0.0,0.03571428571428571,0.0,-0.008928571428571428,0.0,-0.008928571428571428
gt,-0.03571428571428571,-0.03571428571428571,0.0,-0.03571428571428571,0.026785714285714284,-0.03571428571428571,0.026785714285714284
minimax,0.0,0.0,0.03571428571428571,0.0,-0.008928571428571428,0.0,-0.008928571428571428
gtd,0.008928571428571428,0.008928571428571428,-0.026785714285714284,0.008928571428571428,0.0,0.008928571428571428,0.0
Schulze,0.0,0.0,0.03571428571428571,0.0,-0.008928571428571428,0.0,-0.008928571428571428
IRV,0.008928571428571428,0.008928571428571428,-0.026785714285714284,0.008928571428571428,0.0,0.008928571428571428,0.0
