,Borda,plurality,gt,minimax,gtd,Schulze,IRV
Borda,0.0,-0.005681818181818182,-0.005681818181818182,-0.005681818181818182,-0.005681818181818182,-0.005681818181818182,0.019886363636363636
plurality,0.005681818181818182,0.0,0.0,0.0,0.0,0.0,-0.002840909090909091
gt,0.005681818181818182,0.0,0.0,0.0,0.0,0.0,-0.002840909090909091
minimax,0.005681818181818182,0.0,0.0,0.0,0.0,0.0,-0.002840909090909091
gtd,0.005681818181818182,0.0,0.0,0.0,0.0,0.0,-0.002840909090909091
Schulze,0.005681818181818182,0.0,0.0,0.0,0.0,0.0,-0.002840909090909091
IRV,-0.019886363636363636,0.002840909090909091,0.002840909090909091,0.002840909090909091,0.002840909090909091,0.002840909090909091,0.0
