,Borda,plurality,gt,minimax,gtd,Schulze,IRV
Borda,0.0,-0.004267425320056899,-0.004267425320056899,-0.004267425320056899,-0.004267425320056899,-0.004267425320056899,0.012802275960170697
plurality,0.004267425320056899,0.0,0.0,0.0,0.0,0.0,-0.001422475106685633
gt,0.004267425320056899,0.0,0.0,0.0,0.0,0.0,-0.001422475106685633
minimax,0.004267425320056899,0.0,0.0,0.0,0.0,0.0,-0.001422475106685633
gtd,0.004267425320056899,0.0,0.0,0.0,0.0,0.0,-0.001422475106685633
Schulze,0.004267425320056899,0.0,0.0,0.0,0.0,0.0,-0.001422475106685633
IRV,-0.012802275960170697,0.001422475106685633,0.001422475106685633,0.001422475106685633,0.001422475106685633,0.001422475106685633,0.0
