,Borda,plurality,gt,minimax,gtd,Schulze,IRV
Borda,0.0,-0.014084507042253521,-0.014084507042253521,-0.014084507042253521,-0.014084507042253521,-0.014084507042253521,0.07042253521126761
plurality,0.014084507042253521,0.0,0.0,0.0,0.0,0.0,-0.002012072434607646
gt,0.014084507042253521,0.0,0.0,0.0,0.0,0.0,-0.002012072434607646
minimax,0.014084507042253521,0.0,0.0,0.0,0.0,0.0,-0.002012072434607646
gtd,0.014084507042253521,0.0,0.0,0.0,0.0,0.0,-0.002012072434607646
Schulze,0.014084507042253521,0.0,0.0,0.0,0.0,0.0,-0.002012072434607646
IRV,-0.07042253521126761,0.002012072434607646,0.002012072434607646,0.002012072434607646,0.002012072434607646,0.002012072434607646,0.0
