,Borda,plurality,gt,minimax,gtd,Schulze,IRV
Borda,0.0,-0.0136986301369863,0.04794520547945205,0.0,-0.0136986301369863,0.0,0.04794520547945205
plurality,0.0136986301369863,0.0,-0.04452054794520548,0.0136986301369863,0.0,0.0136986301369863,-0.04452054794520548
gt,-0.04794520547945205,0.04452054794520548,0.0,-0.04794520547945205,0.04452054794520548,-0.04794520547945205,0.0
minimax,0.0,-0.0136986301369863,0.04794520547945205,0.0,-0.0136986301369863,0.0,0.04794520547945205
gtd,0.0136986301369863,0.0,-0.04452054794520548,0.0136986301369863,0.0,0.0136986301369863,-0.04452054794520548
Schulze,0.0,-0.0136986301369863,0.04794520547945205,0.0,-0.0136986301369863,0.0,0.04794520547945205
IRV,-0.04794520547945205,0.04452054794520548,0.0,-0.04794520547945205,0.04452054794520548,-0.04794520547945205,0.0
