,Borda,plurality,gt,minimax,gtd,Schulze,IRV
Borda,0.0,-0.004291845493562232,0.0,0.0,-0.004291845493562232,0.0,0.034334763948497854
plurality,0.004291845493562232,0.0,0.004291845493562232,0.004291845493562232,0.0,0.004291845493562232,-0.017167381974248927
gt,0.0,-0.004291845493562232,0.0,0.0,-0.004291845493562232,0.0,0.034334763948497854
minimax,0.0,-0.004291845493562232,0.0,0.0,-0.004291845493562232,0.0,0.034334763948497854
gtd,0.004291845493562232,0.0,0.004291845493562232,0.004291845493562232,0.0,0.004291845493562232,-0.017167381974248927
Schulze,0.0,-0.004291845493562232,0.0,0.0,-0.004291845493562232,0.0,0.034334763948497854
IRV,-0.034334763948497854,0.017167381974248927,-0.034334763948497854,-0.034334763948497854,0.017167381974248927,-0.034334763948497854,0.0
