,Borda,plurality,gt,minimax,gtd,Schulze,IRV
Borda,0.0,0.046831955922865015,-0.0027548209366391185,0.0,-0.0027548209366391185,0.0,0.046831955922865015
plurality,-0.046831955922865015,0.0,0.03581267217630854,-0.046831955922865015,0.03581267217630854,-0.046831955922865015,0.0
gt,0.0027548209366391185,-0.03581267217630854,0.0,0.0027548209366391185,0.0,0.0027548209366391185,-0.03581267217630854
minimax,0.0,0.046831955922865015,-0.0027548209366391185,0.0,-0.0027548209366391185,0.0,0.046831955922865015
gtd,0.0027548209366391185,-0.03581267217630854,0.0,0.0027548209366391185,0.0,0.0027548209366391185,-0.03581267217630854
Schulze,0.0,0.046831955922865015,-0.0027548209366391185,0.0,-0.0027548209366391185,0.0,0.046831955922865015
IRV,-0.046831955922865015,0.0,0.03581267217630854,-0.046831955922865015,0.03581267217630854,-0.046831955922865015,0.0
