,Borda,plurality,gt,minimax,gtd,Schulze,IRV
Borda,0.0,-0.021015761821366025,0.07180385288966724,-0.021015761821366025,-0.021015761821366025,-0.021015761821366025,-0.021015761821366025
plurality,0.021015761821366025,0.0,-0.010507880910683012,0.0,0.0,0.0,0.0
gt,-0.07180385288966724,0.010507880910683012,0.0,0.010507880910683012,0.010507880910683012,0.010507880910683012,0.010507880910683012
minimax,0.021015761821366025,0.0,-0.010507880910683012,0.0,0.0,0.0,0.0
gtd,0.021015761821366025,0.0,-0.010507880910683012,0.0,0.0,0.0,0.0
Schulze,0.021015761821366025,0.0,-0.010507880910683012,0.0,0.0,0.0,0.0
IRV,0.021015761821366025,0.0,-0.010507880910683012,0.0,0.0,0.0,0.0
