,Borda,plurality,gt,minimax,gtd,Schulze,IRV
Borda,0.0,0.06036745406824147,0.06036745406824147,-0.05511811023622047,-0.05511811023622047,-0.05511811023622047,0.06036745406824147
plurality,-0.06036745406824147,0.0,0.0,0.05511811023622047,0.05511811023622047,0.05511811023622047,0.0
gt,-0.06036745406824147,0.0,0.0,0.05511811023622047,0.05511811023622047,0.05511811023622047,0.0
minimax,0.05511811023622047,-0.05511811023622047,-0.05511811023622047,0.0,0.0,0.0,-0.05511811023622047
gtd,0.05511811023622047,-0.05511811023622047,-0.05511811023622047,0.0,0.0,0.0,-0.05511811023622047
Schulze,0.05511811023622047,-0.05511811023622047,-0.05511811023622047,0.0,0.0,0.0,-0.05511811023622047
IRV,-0.06036745406824147,0.0,0.0,0.05511811023622047,0.05511811023622047,0.05511811023622047,0.0
