,Borda,plurality,gt,minimax,gtd,Schulze,IRV
Borda,0.0,0.0,-0.002909796314258002,0.0,-0.002909796314258002,0.0,0.0
plurality,0.0,0.0,-0.002909796314258002,0.0,-0.002909796314258002,0.0,0.0
gt,0.002909796314258002,0.002909796314258002,0.0,0.002909796314258002,0.0,0.002909796314258002,0.002909796314258002
minimax,0.0,0.0,-0.002909796314258002,0.0,-0.002909796314258002,0.0,0.0
gtd,0.002909796314258002,0.002909796314258002,0.0,0.002909796314258002,0.0,0.002909796314258002,0.002909796314258002
Schulze,0.0,0.0,-0.002909796314258002,0.0,-0.002909796314258002,0.0,0.0
IRV,0.0,0.0,-0.002909796314258002,0.0,-0.002909796314258002,0.0,0.0
