,Borda,plurality,gt,minimax,gtd,Schulze,IRV
Borda,0.0,0.03253796095444685,0.0,0.0,0.0,0.0,0.03253796095444685
plurality,-0.03253796095444685,0.0,-0.03253796095444685,-0.03253796095444685,-0.03253796095444685,-0.03253796095444685,0.0
gt,0.0,0.03253796095444685,0.0,0.0,0.0,0.0,0.03253796095444685
minimax,0.0,0.03253796095444685,0.0,0.0,0.0,0.0,0.03253796095444685
gtd,0.0,0.03253796095444685,0.0,0.0,0.0,0.0,0.03253796095444685
Schulze,0.0,0.03253796095444685,0.0,0.0,0.0,0.0,0.03253796095444685
IRV,-0.03253796095444685,0.0,-0.03253796095444685,-0.03253796095444685,-0.03253796095444685,-0.03253796095444685,0.0
