,Borda,plurality,gt,minimax,gtd,Schulze,IRV
Borda,0.0,-0.021917808219178082,0.04657534246575343,0.0,0.0,0.0,-0.021917808219178082
plurality,0.021917808219178082,0.0,-0.057534246575342465,0.021917808219178082,0.021917808219178082,0.021917808219178082,0.0
gt,-0.04657534246575343,0.057534246575342465,0.0,-0.04657534246575343,-0.04657534246575343,-0.04657534246575343,0.057534246575342465
minimax,0.0,-0.021917808219178082,0.04657534246575343,0.0,0.0,0.0,-0.021917808219178082
gtd,0.0,-0.021917808219178082,0.04657534246575343,0.0,0.0,0.0,-0.021917808219178082
Schulze,0.0,-0.021917808219178082,0.04657534246575343,0.0,0.0,0.0,-0.021917808219178082
IRV,0.021917808219178082,0.0,-0.057534246575342465,0.021917808219178082,0.021917808219178082,0.021917808219178082,0.0
