,Borda,plurality,gt,minimax,gtd,Schulze,IRV
Borda,0.0,0.0,0.04,0.0,-0.002352941176470588,0.0,-0.002352941176470588
plurality,0.0,0.0,0.04,0.0,-0.002352941176470588,0.0,-0.002352941176470588
gt,-0.04,-0.04,0.0,-0.04,0.02588235294117647,-0.04,0.02588235294117647
minimax,0.0,0.0,0.04,0.0,-0.002352941176470588,0.0,-0.002352941176470588
gtd,0.002352941176470588,0.002352941176470588,-0.02588235294117647,0.002352941176470588,0.0,0.002352941176470588,0.0
Schulze,0.0,0.0,0.04,0.0,-0.002352941176470588,0.0,-0.002352941176470588
IRV,0.002352941176470588,0.002352941176470588,-0.02588235294117647,0.002352941176470588,0.0,0.002352941176470588,0.0
