,Borda,plurality,gt,minimax,gtd,Schulze,IRV
Borda,0.0,0.0,-0.012437810945273632,-0.012437810945273632,-0.012437810945273632,-0.012437810945273632,0.0
plurality,0.0,0.0,-0.012437810945273632,-0.012437810945273632,-0.012437810945273632,-0.012437810945273632,0.0
gt,0.012437810945273632,0.012437810945273632,0.0,0.0,0.0,0.0,0.012437810945273632
minimax,0.012437810945273632,0.012437810945273632,0.0,0.0,0.0,0.0,0.012437810945273632
gtd,0.012437810945273632,0.012437810945273632,0.0,0.0,0.0,0.0,0.012437810945273632
Schulze,0.012437810945273632,0.012437810945273632,0.0,0.0,0.0,0.0,0.012437810945273632
IRV,0.0,0.0,-0.012437810945273632,-0.012437810945273632,-0.012437810945273632,-0.012437810945273632,0.0
