,Borda,plurality,gt,minimax,gtd,Schulze,IRV
Borda,0.0,0.020856201975850714,0.0,0.0,0.0,0.0,0.0
plurality,-0.020856201975850714,0.0,0.019758507135016465,-0.020856201975850714,-0.020856201975850714,-0.020856201975850714,-0.020856201975850714
gt,0.0,-0.019758507135016465,0.0,0.0,0.0,0.0,0.0
minimax,0.0,0.020856201975850714,0.0,0.0,0.0,0.0,0.0
gtd,0.0,0.020856201975850714,0.0,0.0,0.0,0.0,0.0
Schulze,0.0,0.020856201975850714,0.0,0.0,0.0,0.0,0.0
IRV,0.0,0.020856201975850714,0.0,0.0,0.0,0.0,0.0
