,Borda,plurality,gt,minimax,gtd,Schulze,IRV
Borda,0.0,0.0,-0.004379562043795621,0.0,-0.004379562043795621,0.0,0.0
plurality,0.0,0.0,-0.004379562043795621,0.0,-0.004379562043795621,0.0,0.0
gt,0.004379562043795621,0.004379562043795621,0.0,0.004379562043795621,0.0,0.004379562043795621,0.004379562043795621
minimax,0.0,0.0,-0.004379562043795621,0.0,-0.004379562043795621,0.0,0.0
gtd,0.004379562043795621,0.004379562043795621,0.0,0.004379562043795621,0.0,0.004379562043795621,0.004379562043795621
Schulze,0.0,0.0,-0.004379562043795621,0.0,-0.004379562043795621,0.0,0.0
IRV,0.0,0.0,-0.004379562043795621,0.0,-0.004379562043795621,0.0,0.0
