,Borda,plurality,gt,minimax,gtd,Schulze,IRV
Borda,0.0,0.05162523900573614,-0.028680688336520075,-0.028680688336520075,-0.028680688336520075,-0.028680688336520075,0.0
plurality,-0.05162523900573614,0.0,0.017208413001912046,0.017208413001912046,0.017208413001912046,0.017208413001912046,-0.05162523900573614
gt,0.028680688336520075,-0.017208413001912046,0.0,0.0,0.0,0.0,0.028680688336520075
minimax,0.028680688336520075,-0.017208413001912046,0.0,0.0,0.0,0.0,0.028680688336520075
gtd,0.028680688336520075,-0.017208413001912046,0.0,0.0,0.0,0.0,0.028680688336520075
Schulze,0.028680688336520075,-0.017208413001912046,0.0,0.0,0.0,0.0,0.028680688336520075
IRV,0.0,0.05162523900573614,-0.028680688336520075,-0.028680688336520075,-0.028680688336520075,-0.028680688336520075,0.0
