,Borda,plurality,gt,minimax,gtd,Schulze,IRV
Borda,0.0,0.0,0.036065573770491806,0.0,-0.013114754098360656,0.0,0.0
plurality,0.0,0.0,0.036065573770491806,0.0,-0.013114754098360656,0.0,0.0
gt,-0.036065573770491806,-0.036065573770491806,0.0,-0.036065573770491806,0.019672131147540985,-0.036065573770491806,-0.036065573770491806
minimax,0.0,0.0,0.036065573770491806,0.0,-0.013114754098360656,0.0,0.0
gtd,0.013114754098360656,0.013114754098360656,-0.019672131147540985,0.013114754098360656,0.0,0.013114754098360656,0.013114754098360656
Schulze,0.0,0.0,0.036065573770491806,0.0,-0.013114754098360656,0.0,0.0
IRV,0.0,0.0,0.036065573770491806,0.0,-0.013114754098360656,0.0,0.0
