,Borda,plurality,gt,minimax,gtd,Schulze,IRV
Borda,0.0,-0.008130081300813009,0.07317073170731707,0.0,0.0,0.0,-0.008130081300813009
plurality,0.008130081300813009,0.0,-0.07317073170731707,0.008130081300813009,0.008130081300813009,0.008130081300813009,0.0
gt,-0.07317073170731707,0.07317073170731707,0.0,-0.07317073170731707,-0.07317073170731707,-0.07317073170731707,0.07317073170731707
minimax,0.0,-0.008130081300813009,0.07317073170731707,0.0,0.0,0.0,-0.008130081300813009
gtd,0.0,-0.008130081300813009,0.07317073170731707,0.0,0.0,0.0,-0.008130081300813009
Schulze,0.0,-0.008130081300813009,0.07317073170731707,0.0,0.0,0.0,-0.008130081300813009
IRV,0.008130081300813009,0.0,-0.07317073170731707,0.008130081300813009,0.008130081300813009,0.008130081300813009,0.0
