,Borda,plurality,gt,minimax,gtd,Schulze,IRV
Borda,0.0,0.10513447432762836,-0.02689486552567237,-0.02689486552567237,-0.02689486552567237,-0.02689486552567237,0.0
plurality,-0.10513447432762836,0.0,0.012224938875305624,0.012224938875305624,0.012224938875305624,0.012224938875305624,-0.10513447432762836
gt,0.02689486552567237,-0.012224938875305624,0.0,0.0,0.0,0.0,0.02689486552567237
minimax,0.02689486552567237,-0.012224938875305624,0.0,0.0,0.0,0.0,0.02689486552567237
gtd,0.02689486552567237,-0.012224938875305624,0.0,0.0,0.0,0.0,0.02689486552567237
Schulze,0.02689486552567237,-0.012224938875305624,0.0,0.0,0.0,0.0,0.02689486552567237
IRV,0.0,0.10513447432762836,-0.02689486552567237,-0.02689486552567237,-0.02689486552567237,-0.02689486552567237,0.0
