,Borda,plurality,gt,minimax,gtd,Schulze,IRV
Borda,0.0,0.018656716417910446,0.0,0.0,0.0,0.0,0.0
plurality,-0.018656716417910446,0.0,0.011194029850746268,-0.018656716417910446,-0.018656716417910446,-0.018656716417910446,-0.018656716417910446
gt,0.0,-0.011194029850746268,0.0,0.0,0.0,0.0,0.0
minimax,0.0,0.018656716417910446,0.0,0.0,0.0,0.0,0.0
gtd,0.0,0.018656716417910446,0.0,0.0,0.0,0.0,0.0
Schulze,0.0,0.018656716417910446,0.0,0.0,0.0,0.0,0.0
IRV,0.0,0.018656716417910446,0.0,0.0,0.0,0.0,0.0
