,Borda,plurality,gt,minimax,gtd,Schulze,IRV
Borda,0.0,0.0,-0.005244755244755245,-0.005244755244755245,-0.005244755244755245,-0.005244755244755245,0.0
plurality,0.0,0.0,-0.005244755244755245,-0.005244755244755245,-0.005244755244755245,-0.005244755244755245,0.0
gt,0.005244755244755245,0.005244755244755245,0.0,0.0,0.0,0.0,0.005244755244755245
minimax,0.005244755244755245,0.005244755244755245,0.0,0.0,0.0,0.0,0.005244755244755245
gtd,0.005244755244755245,0.005244755244755245,0.0,0.0,0.0,0.0,0.005244755244755245
Schulze,0.005244755244755245,0.005244755244755245,0.0,0.0,0.0,0.0,0.005244755244755245
IRV,0.0,0.0,-0.005244755244755245,-0.005244755244755245,-0.005244755244755245,-0.005244755244755245,0.0
