,Borda,plurality,gt,minimax,gtd,Schulze,IRV
Borda,0.0,0.06878306878306878,-0.010582010582010581,-0.010582010582010581,-0.010582010582010581,-0.010582010582010581,0.06878306878306878
plurality,-0.06878306878306878,0.0,0.0,0.0,0.0,0.0,0.0
gt,0.010582010582010581,0.0,0.0,0.0,0.0,0.0,0.0
minimax,0.010582010582010581,0.0,0.0,0.0,0.0,0.0,0.0
gtd,0.010582010582010581,0.0,0.0,0.0,0.0,0.0,0.0
Schulze,0.010582010582010581,0.0,0.0,0.0,0.0,0.0,0.0
IRV,-0.06878306878306878,0.0,0.0,0.0,0.0,0.0,0.0
