,Borda,plurality,gt,minimax,gtd,Schulze,IRV
Borda,0.0,-0.03862660944206009,0.06866952789699571,-0.03862660944206009,-0.03862660944206009,-0.03862660944206009,-0.03862660944206009
plurality,0.03862660944206009,0.0,-0.030042918454935622,0.0,0.0,0.0,0.0
gt,-0.06866952789699571,0.030042918454935622,0.0,0.030042918454935622,0.030042918454935622,0.030042918454935622,0.030042918454935622
minimax,0.03862660944206009,0.0,-0.030042918454935622,0.0,0.0,0.0,0.0
gtd,0.03862660944206009,0.0,-0.030042918454935622,0.0,0.0,0.0,0.0
Schulze,0.03862660944206009,0.0,-0.030042918454935622,0.0,0.0,0.0,0.0
IRV,0.03862660944206009,0.0,-0.030042918454935622,0.0,0.0,0.0,0.0
