,Borda,plurality,gt,minimax,gtd,Schulze,IRV
Borda,0.0,0.015873015873015872,0.015873015873015872,0.0,0.0,0.0,0.0
plurality,-0.015873015873015872,0.0,0.0,-0.015873015873015872,-0.015873015873015872,-0.015873015873015872,-0.015873015873015872
gt,-0.015873015873015872,0.0,0.0,-0.015873015873015872,-0.015873015873015872,-0.015873015873015872,-0.015873015873015872
minimax,0.0,0.015873015873015872,0.015873015873015872,0.0,0.0,0.0,0.0
gtd,0.0,0.015873015873015872,0.015873015873015872,0.0,0.0,0.0,0.0
Schulze,0.0,0.015873015873015872,0.015873015873015872,0.0,0.0,0.0,0.0
IRV,0.0,0.015873015873015872,0.015873015873015872,0.0,0.0,0.0,0.0
