,Borda,plurality,gt,minimax,gtd,Schulze,IRV
Borda,0.0,0.0307809717629102,0.0,0.0,-0.009921139659119817,0.0,0.0307809717629102
plurality,-0.0307809717629102,0.0,-0.0307809717629102,-0.0307809717629102,0.01704400915797507,-0.0307809717629102,0.0
gt,0.0,0.0307809717629102,0.0,0.0,-0.009921139659119817,0.0,0.0307809717629102
minimax,0.0,0.0307809717629102,0.0,0.0,-0.009921139659119817,0.0,0.0307809717629102
gtd,0.009921139659119817,-0.01704400915797507,0.009921139659119817,0.009921139659119817,0.0,0.009921139659119817,-0.01704400915797507
Schulze,0.0,0.0307809717629102,0.0,0.0,-0.009921139659119817,0.0,0.0307809717629102
IRV,-0.0307809717629102,0.0,-0.0307809717629102,-0.0307809717629102,0.01704400915797507,-0.0307809717629102,0.0
