,Borda,plurality,gt,minimax,gtd,Schulze,IRV
Borda,0.0,-0.0392156862745098,-0.0392156862745098,-0.0392156862745098,-0.0392156862745098,-0.0392156862745098,0.0784313725490196
plurality,0.0392156862745098,0.0,0.0,0.0,0.0,0.0,-0.027450980392156862
gt,0.0392156862745098,0.0,0.0,0.0,0.0,0.0,-0.027450980392156862
minimax,0.0392156862745098,0.0,0.0,0.0,0.0,0.0,-0.027450980392156862
gtd,0.0392156862745098,0.0,0.0,0.0,0.0,0.0,-0.027450980392156862
Schulze,0.0392156862745098,0.0,0.0,0.0,0.0,0.0,-0.027450980392156862
IRV,-0.0784313725490196,0.027450980392156862,0.027450980392156862,0.027450980392156862,0.027450980392156862,0.027450980392156862,0.0
