,Borda,plurality,gt,minimax,gtd,Schulze,IRV
Borda,0.0,0.03977272727272727,0.03977272727272727,0.0,-0.017045454545454544,0.0,0.0
plurality,-0.03977272727272727,0.0,0.0,-0.03977272727272727,0.022727272727272728,-0.03977272727272727,-0.03977272727272727
gt,-0.03977272727272727,0.0,0.0,-0.03977272727272727,0.022727272727272728,-0.03977272727272727,-0.03977272727272727
minimax,0.0,0.03977272727272727,0.03977272727272727,0.0,-0.017045454545454544,0.0,0.0
gtd,0.017045454545454544,-0.022727272727272728,-0.022727272727272728,0.017045454545454544,0.0,0.017045454545454544,0.017045454545454544
Schulze,0.0,0.03977272727272727,0.03977272727272727,0.0,-0.017045454545454544,0.0,0.0
IRV,0.0,0.03977272727272727,0.03977272727272727,0.0,-0.017045454545454544,0.0,0.0
