,Borda,plurality,gt,minimax,gtd,Schulze,IRV
Borda,0.0,-0.008526187576126675,0.04506699147381242,0.0,-0.008526187576126675,0.0,-0.008526187576126675
plurality,0.008526187576126675,0.0,-0.018270401948842874,0.008526187576126675,0.0,0.008526187576126675,0.0
gt,-0.04506699147381242,0.018270401948842874,0.0,-0.04506699147381242,0.018270401948842874,-0.04506699147381242,0.018270401948842874
minimax,0.0,-0.008526187576126675,0.04506699147381242,0.0,-0.008526187576126675,0.0,-0.008526187576126675
gtd,0.008526187576126675,0.0,-0.018270401948842874,0.008526187576126675,0.0,0.008526187576126675,0.0
Schulze,0.0,-0.008526187576126675,0.04506699147381242,0.0,-0.008526187576126675,0.0,-0.008526187576126675
IRV,0.008526187576126675,0.0,-0.018270401948842874,0.008526187576126675,0.0,0.008526187576126675,0.0
