,Borda,plurality,gt,minimax,gtd,Schulze,IRV
Borda,0.0,0.0196078431372549,-0.007541478129713424,0.0,0.0,0.0,0.0196078431372549
plurality,-0.0196078431372549,0.0,0.02262443438914027,-0.0196078431372549,-0.0196078431372549,-0.0196078431372549,0.0
gt,0.007541478129713424,-0.02262443438914027,0.0,0.007541478129713424,0.007541478129713424,0.007541478129713424,-0.02262443438914027
minimax,0.0,0.0196078431372549,-0.007541478129713424,0.0,0.0,0.0,0.0196078431372549
gtd,0.0,0.0196078431372549,-0.007541478129713424,0.0,0.0,0.0,0.0196078431372549
Schulze,0.0,0.0196078431372549,-0.007541478129713424,0.0,0.0,0.0,0.0196078431372549
IRV,-0.0196078431372549,0.0,0.02262443438914027,-0.0196078431372549,-0.0196078431372549,-0.0196078431372549,0.0
