,Borda,plurality,gt,minimax,gtd,Schulze,IRV
Borda,0.0,-0.026438569206842923,0.07620528771384137,-0.026438569206842923,-0.026438569206842923,-0.026438569206842923,-0.026438569206842923
plurality,0.026438569206842923,0.0,-0.0015552099533437014,0.0,0.0,0.0,0.0
gt,-0.07620528771384137,0.0015552099533437014,0.0,0.0015552099533437014,0.0015552099533437014,0.0015552099533437014,0.0015552099533437014
minimax,0.026438569206842923,0.0,-0.0015552099533437014,0.0,0.0,0.0,0.0
gtd,0.026438569206842923,0.0,-0.0015552099533437014,0.0,0.0,0.0,0.0
Schulze,0.026438569206842923,0.0,-0.0015552099533437014,0.0,0.0,0.0,0.0
IRV,0.026438569206842923,0.0,-0.0015552099533437014,0.0,0.0,0.0,0.0
