,Borda,plurality,gt,minimax,gtd,Schulze,IRV
Borda,0.0,0.012235817575083427,0.012235817575083427,0.0,-0.0055617352614015575,0.0,0.012235817575083427
plurality,-0.012235817575083427,0.0,0.0,-0.012235817575083427,0.010011123470522803,-0.012235817575083427,0.0
gt,-0.012235817575083427,0.0,0.0,-0.012235817575083427,0.010011123470522803,-0.012235817575083427,0.0
minimax,0.0,0.012235817575083427,0.012235817575083427,0.0,-0.0055617352614015575,0.0,0.012235817575083427
gtd,0.0055617352614015575,-0.010011123470522803,-0.010011123470522803,0.0055617352614015575,0.0,0.0055617352614015575,-0.010011123470522803
Schulze,0.0,0.012235817575083427,0.012235817575083427,0.0,-0.0055617352614015575,0.0,0.012235817575083427
IRV,-0.012235817575083427,0.0,0.0,-0.012235817575083427,0.010011123470522803,-0.012235817575083427,0.0
