,Borda,plurality,gt,minimax,gtd,Schulze,IRV
Borda,0.0,0.0,0.0,-0.026634382566585957,-0.026634382566585957,-0.026634382566585957,0.0
plurality,0.0,0.0,0.0,-0.026634382566585957,-0.026634382566585957,-0.026634382566585957,0.0
gt,0.0,0.0,0.0,-0.026634382566585957,-0.026634382566585957,-0.026634382566585957,0.0
minimax,0.026634382566585957,0.026634382566585957,0.026634382566585957,0.0,0.0,0.0,0.026634382566585957
gtd,0.026634382566585957,0.026634382566585957,0.026634382566585957,0.0,0.0,0.0,0.026634382566585957
Schulze,0.026634382566585957,0.026634382566585957,0.026634382566585957,0.0,0.0,0.0,0.026634382566585957
IRV,0.0,0.0,0.0,-0.026634382566585957,-0.026634382566585957,-0.026634382566585957,0.0
