,Borda,plurality,gt,minimax,gtd,Schulze,IRV
Borda,0.0,0.06042296072507553,-0.00906344410876133,-0.00906344410876133,-0.00906344410876133,-0.00906344410876133,0.06042296072507553
plurality,-0.06042296072507553,0.0,0.0,0.0,0.0,0.0,0.0
gt,0.00906344410876133,0.0,0.0,0.0,0.0,0.0,0.0
minimax,0.00906344410876133,0.0,0.0,0.0,0.0,0.0,0.0
gtd,0.00906344410876133,0.0,0.0,0.0,0.0,0.0,0.0
Schulze,0.00906344410876133,0.0,0.0,0.0,0.0,0.0,0.0
IRV,-0.06042296072507553,0.0,0.0,0.0,0.0,0.0,0.0
