,Borda,plurality,gt,minimax,gtd,Schulze,IRV
Borda,0.0,0.04861111111111111,0.0,0.0,0.0,0.0,0.0
plurality,-0.04861111111111111,0.0,-0.013888888888888888,-0.04861111111111111,-0.04861111111111111,-0.04861111111111111,-0.04861111111111111
gt,0.0,0.013888888888888888,0.0,0.0,0.0,0.0,0.0
minimax,0.0,0.04861111111111111,0.0,0.0,0.0,0.0,0.0
gtd,0.0,0.04861111111111111,0.0,0.0,0.0,0.0,0.0
Schulze,0.0,0.04861111111111111,0.0,0.0,0.0,0.0,0.0
IRV,0.0,0.04861111111111111,0.0,0.0,0.0,0.0,0.0
