,Borda,plurality,gt,minimax,gtd,Schulze,IRV
Borda,0.0,0.0,-0.023593466424682397,-0.023593466424682397,-0.023593466424682397,-0.023593466424682397,0.0
plurality,0.0,0.0,-0.023593466424682397,-0.023593466424682397,-0.023593466424682397,-0.023593466424682397,0.0
gt,0.023593466424682397,0.023593466424682397,0.0,0.0,0.0,0.0,0.023593466424682397
minimax,0.023593466424682397,0.023593466424682397,0.0,0.0,0.0,0.0,0.023593466424682397
gtd,0.023593466424682397,0.023593466424682397,0.0,0.0,0.0,0.0,0.023593466424682397
Schulze,0.023593466424682397,0.023593466424682397,0.0,0.0,0.0,0.0,0.023593466424682397
IRV,0.0,0.0,-0.023593466424682397,-0.023593466424682397,-0.023593466424682397,-0.023593466424682397,0.0
