,Borda,plurality,gt,minimax,gtd,Schulze,IRV
Borda,0.0,0.06068601583113457,0.0,0.0,-0.0079155672823219,0.0,0.0
plurality,-0.06068601583113457,0.0,-0.06068601583113457,-0.06068601583113457,0.055408970976253295,-0.06068601583113457,-0.06068601583113457
gt,0.0,0.06068601583113457,0.0,0.0,-0.0079155672823219,0.0,0.0
minimax,0.0,0.06068601583113457,0.0,0.0,-0.0079155672823219,0.0,0.0
gtd,0.0079155672823219,-0.055408970976253295,0.0079155672823219,0.0079155672823219,0.0,0.0079155672823219,0.0079155672823219
Schulze,0.0,0.06068601583113457,0.0,0.0,-0.0079155672823219,0.0,0.0
IRV,0.0,0.06068601583113457,0.0,0.0,-0.0079155672823219,0.0,0.0
