,Borda,plurality,gt,minimax,gtd,Schulze,IRV
Borda,0.0,0.0440251572327044,0.0,0.0,-0.010482180293501049,0.0,0.0
plurality,-0.0440251572327044,0.0,-0.0440251572327044,-0.0440251572327044,0.03563941299790356,-0.0440251572327044,-0.0440251572327044
gt,0.0,0.0440251572327044,0.0,0.0,-0.010482180293501049,0.0,0.0
minimax,0.0,0.0440251572327044,0.0,0.0,-0.010482180293501049,0.0,0.0
gtd,0.010482180293501049,-0.03563941299790356,0.010482180293501049,0.010482180293501049,0.0,0.010482180293501049,0.010482180293501049
Schulze,0.0,0.0440251572327044,0.0,0.0,-0.010482180293501049,0.0,0.0
IRV,0.0,0.0440251572327044,0.0,0.0,-0.010482180293501049,0.0,0.0
