,Borda,plurality,gt,minimax,gtd,Schulze,IRV
Borda,0.0,0.0,0.0,0.0,0.0,0.0,0.07849829351535836
plurality,0.0,0.0,0.0,0.0,0.0,0.0,-0.006825938566552901
gt,0.0,0.0,0.0,0.0,0.0,0.0,-0.006825938566552901
minimax,0.0,0.0,0.0,0.0,0.0,0.0,0.07849829351535836
gtd,0.0,0.0,0.0,0.0,0.0,0.0,0.07849829351535836
Schulze,0.0,0.0,0.0,0.0,0.0,0.0,0.07849829351535836
IRV,-0.07849829351535836,0.006825938566552901,0.006825938566552901,-0.07849829351535836,-0.07849829351535836,-0.07849829351535836,0.0
