,Borda,plurality,gt,minimax,gtd,Schulze,IRV
Borda,0.0,-0.006012024048096192,-0.006012024048096192,0.0,-0.006012024048096192,0.0,0.026052104208416832
plurality,0.006012024048096192,0.0,0.0,0.006012024048096192,0.0,0.006012024048096192,-0.014028056112224449
gt,0.006012024048096192,0.0,0.0,0.006012024048096192,0.0,0.006012024048096192,-0.014028056112224449
minimax,0.0,-0.006012024048096192,-0.006012024048096192,0.0,-0.006012024048096192,0.0,0.026052104208416832
gtd,0.006012024048096192,0.0,0.0,0.006012024048096192,0.0,0.006012024048096192,-0.014028056112224449
Schulze,0.0,-0.006012024048096192,-0.006012024048096192,0.0,-0.006012024048096192,0.0,0.026052104208416832
IRV,-0.026052104208416832,0.014028056112224449,0.014028056112224449,-0.026052104208416832,0.014028056112224449,-0.026052104208416832,0.0
