,Borda,plurality,gt,minimax,gtd,Schulze,IRV
Borda,0.0,0.0,-0.013435700575815739,-0.013435700575815739,-0.013435700575815739,-0.013435700575815739,0.0
plurality,0.0,0.0,-0.013435700575815739,-0.013435700575815739,-0.013435700575815739,-0.013435700575815739,0.0
gt,0.013435700575815739,0.013435700575815739,0.0,0.0,0.0,0.0,0.013435700575815739
minimax,0.013435700575815739,0.013435700575815739,0.0,0.0,0.0,0.0,0.013435700575815739
gtd,0.013435700575815739,0.013435700575815739,0.0,0.0,0.0,0.0,0.013435700575815739
Schulze,0.013435700575815739,0.013435700575815739,0.0,0.0,0.0,0.0,0.013435700575815739
IRV,0.0,0.0,-0.013435700575815739,-0.013435700575815739,-0.013435700575815739,-0.013435700575815739,0.0
