,Borda,plurality,gt,minimax,gtd,Schulze,IRV
Borda,0.0,-0.03111111111111111,0.042222222222222223,-0.03111111111111111,-0.03111111111111111,-0.03111111111111111,0.042222222222222223
plurality,0.03111111111111111,0.0,-0.024444444444444446,0.0,0.0,0.0,-0.024444444444444446
gt,-0.042222222222222223,0.024444444444444446,0.0,0.024444444444444446,0.024444444444444446,0.024444444444444446,0.0
minimax,0.03111111111111111,0.0,-0.024444444444444446,0.0,0.0,0.0,-0.024444444444444446
gtd,0.03111111111111111,0.0,-0.024444444444444446,0.0,0.0,0.0,-0.024444444444444446
Schulze,0.03111111111111111,0.0,-0.024444444444444446,0.0,0.0,0.0,-0.024444444444444446
IRV,-0.042222222222222223,0.024444444444444446,0.0,0.024444444444444446,0.024444444444444446,0.024444444444444446,0.0
