,Borda,plurality,gt,minimax,gtd,Schulze,IRV
Borda,0.0,-0.012170385395537525,-0.012170385395537525,-0.012170385395537525,-0.012170385395537525,-0.012170385395537525,0.032454361054766734
plurality,0.012170385395537525,0.0,0.0,0.0,0.0,0.0,-0.002028397565922921
gt,0.012170385395537525,0.0,0.0,0.0,0.0,0.0,-0.002028397565922921
minimax,0.012170385395537525,0.0,0.0,0.0,0.0,0.0,-0.002028397565922921
gtd,0.012170385395537525,0.0,0.0,0.0,0.0,0.0,-0.002028397565922921
Schulze,0.012170385395537525,0.0,0.0,0.0,0.0,0.0,-0.002028397565922921
IRV,-0.032454361054766734,0.002028397565922921,0.002028397565922921,0.002028397565922921,0.002028397565922921,0.002028397565922921,0.0
