,Borda,plurality,gt,minimax,gtd,Schulze,IRV
Borda,0.0,0.034482758620689655,0.034482758620689655,-0.0049261083743842365,-0.0049261083743842365,-0.0049261083743842365,0.0
plurality,-0.034482758620689655,0.0,0.0,0.0,0.0,0.0,-0.034482758620689655
gt,-0.034482758620689655,0.0,0.0,0.0,0.0,0.0,-0.034482758620689655
minimax,0.0049261083743842365,0.0,0.0,0.0,0.0,0.0,0.0049261083743842365
gtd,0.0049261083743842365,0.0,0.0,0.0,0.0,0.0,0.0049261083743842365
Schulze,0.0049261083743842365,0.0,0.0,0.0,0.0,0.0,0.0049261083743842365
IRV,0.0,0.034482758620689655,0.034482758620689655,-0.0049261083743842365,-0.0049261083743842365,-0.0049261083743842365,0.0
