,Borda,plurality,gt,minimax,gtd,Schulze,IRV
Borda,0.0,0.029213483146067417,-0.0022471910112359553,0.0,-0.0022471910112359553,0.0,0.029213483146067417
plurality,-0.029213483146067417,0.0,0.008988764044943821,-0.029213483146067417,0.008988764044943821,-0.029213483146067417,0.0
gt,0.0022471910112359553,-0.008988764044943821,0.0,0.0022471910112359553,0.0,0.0022471910112359553,-0.008988764044943821
minimax,0.0,0.029213483146067417,-0.0022471910112359553,0.0,-0.0022471910112359553,0.0,0.029213483146067417
gtd,0.0022471910112359553,-0.008988764044943821,0.0,0.0022471910112359553,0.0,0.0022471910112359553,-0.008988764044943821
Schulze,0.0,0.029213483146067417,-0.0022471910112359553,0.0,-0.0022471910112359553,0.0,0.029213483146067417
IRV,-0.029213483146067417,0.0,0.008988764044943821,-0.029213483146067417,0.008988764044943821,-0.029213483146067417,0.0
