,Borda,plurality,gt,minimax,gtd,Schulze,IRV
Borda,0.0,-0.03571428571428571,0.0663265306122449,-0.03571428571428571,-0.03571428571428571,-0.03571428571428571,0.0663265306122449
plurality,0.03571428571428571,0.0,-0.01020408163265306,0.0,0.0,0.0,-0.01020408163265306
gt,-0.0663265306122449,0.01020408163265306,0.0,0.01020408163265306,0.01020408163265306,0.01020408163265306,0.0
minimax,0.03571428571428571,0.0,-0.01020408163265306,0.0,0.0,0.0,-0.01020408163265306
gtd,0.03571428571428571,0.0,-0.01020408163265306,0.0,0.0,0.0,-0.01020408163265306
Schulze,0.03571428571428571,0.0,-0.01020408163265306,0.0,0.0,0.0,-0.01020408163265306
IRV,-0.0663265306122449,0.01020408163265306,0.0,0.01020408163265306,0.01020408163265306,0.01020408163265306,0.0
