,Borda,plurality,gt,minimax,gtd,Schulze,IRV
Borda,0.0,0.0,-0.004424778761061947,0.0,0.0,0.0,-0.004424778761061947
plurality,0.0,0.0,-0.004424778761061947,0.0,0.0,0.0,-0.004424778761061947
gt,0.004424778761061947,0.004424778761061947,0.0,0.004424778761061947,0.004424778761061947,0.004424778761061947,0.0
minimax,0.0,0.0,-0.004424778761061947,0.0,0.0,0.0,-0.004424778761061947
gtd,0.0,0.0,-0.004424778761061947,0.0,0.0,0.0,-0.004424778761061947
Schulze,0.0,0.0,-0.004424778761061947,0.0,0.0,0.0,-0.004424778761061947
IRV,0.004424778761061947,0.004424778761061947,0.0,0.004424778761061947,0.004424778761061947,0.004424778761061947,0.0
