,Borda,plurality,gt,minimax,gtd,Schulze,IRV
Borda,0.0,-0.009036144578313253,-0.009036144578313253,0.0,-0.009036144578313253,0.0,0.024096385542168676
plurality,0.009036144578313253,0.0,0.0,0.009036144578313253,0.0,0.009036144578313253,-0.009036144578313253
gt,0.009036144578313253,0.0,0.0,0.009036144578313253,0.0,0.009036144578313253,-0.009036144578313253
minimax,0.0,-0.009036144578313253,-0.009036144578313253,0.0,-0.009036144578313253,0.0,0.024096385542168676
gtd,0.009036144578313253,0.0,0.0,0.009036144578313253,0.0,0.009036144578313253,-0.009036144578313253
Schulze,0.0,-0.009036144578313253,-0.009036144578313253,0.0,-0.009036144578313253,0.0,0.024096385542168676
IRV,-0.024096385542168676,0.009036144578313253,0.009036144578313253,-0.024096385542168676,0.009036144578313253,-0.024096385542168676,0.0
