,Borda,plurality,gt,minimax,gtd,Schulze,IRV
Borda,0.0,-0.015025041736227046,-0.015025041736227046,-0.015025041736227046,-0.015025041736227046,-0.015025041736227046,0.021702838063439065
plurality,0.015025041736227046,0.0,0.0,0.0,0.0,0.0,-0.015025041736227046
gt,0.015025041736227046,0.0,0.0,0.0,0.0,0.0,-0.015025041736227046
minimax,0.015025041736227046,0.0,0.0,0.0,0.0,0.0,-0.015025041736227046
gtd,0.015025041736227046,0.0,0.0,0.0,0.0,0.0,-0.015025041736227046
Schulze,0.015025041736227046,0.0,0.0,0.0,0.0,0.0,-0.015025041736227046
IRV,-0.021702838063439065,0.015025041736227046,0.015025041736227046,0.015025041736227046,0.015025041736227046,0.015025041736227046,0.0
