,Borda,plurality,gt,minimax,gtd,Schulze,IRV
Borda,0.0,0.0,-0.019762845849802372,0.0,-0.019762845849802372,0.0,-0.019762845849802372
plurality,0.0,0.0,-0.019762845849802372,0.0,-0.019762845849802372,0.0,-0.019762845849802372
gt,0.019762845849802372,0.019762845849802372,0.0,0.019762845849802372,0.0,0.019762845849802372,0.0
minimax,0.0,0.0,-0.019762845849802372,0.0,-0.019762845849802372,0.0,-0.019762845849802372
gtd,0.019762845849802372,0.019762845849802372,0.0,0.019762845849802372,0.0,0.019762845849802372,0.0
Schulze,0.0,0.0,-0.019762845849802372,0.0,-0.019762845849802372,0.0,-0.019762845849802372
IRV,0.019762845849802372,0.019762845849802372,0.0,0.019762845849802372,0.0,0.019762845849802372,0.0
