,Borda,plurality,gt,minimax,gtd,Schulze,IRV
Borda,0.0,0.022290545734050732,0.0,-0.008455034588777863,-0.008455034588777863,-0.008455034588777863,0.022290545734050732
plurality,-0.022290545734050732,0.0,-0.022290545734050732,0.003843197540353574,0.003843197540353574,0.003843197540353574,0.0
gt,0.0,0.022290545734050732,0.0,-0.008455034588777863,-0.008455034588777863,-0.008455034588777863,0.022290545734050732
minimax,0.008455034588777863,-0.003843197540353574,0.008455034588777863,0.0,0.0,0.0,-0.003843197540353574
gtd,0.008455034588777863,-0.003843197540353574,0.008455034588777863,0.0,0.0,0.0,-0.003843197540353574
Schulze,0.008455034588777863,-0.003843197540353574,0.008455034588777863,0.0,0.0,0.0,-0.003843197540353574
IRV,-0.022290545734050732,0.0,-0.022290545734050732,0.003843197540353574,0.003843197540353574,0.003843197540353574,0.0
