,Borda,plurality,gt,minimax,gtd,Schulze,IRV
Borda,0.0,0.01485148514851485,0.0,0.0,0.0,0.0,0.01485148514851485
plurality,-0.01485148514851485,0.0,-0.01485148514851485,-0.01485148514851485,-0.01485148514851485,-0.01485148514851485,0.0
gt,0.0,0.01485148514851485,0.0,0.0,0.0,0.0,0.01485148514851485
minimax,0.0,0.01485148514851485,0.0,0.0,0.0,0.0,0.01485148514851485
gtd,0.0,0.01485148514851485,0.0,0.0,0.0,0.0,0.01485148514851485
Schulze,0.0,0.01485148514851485,0.0,0.0,0.0,0.0,0.01485148514851485
IRV,-0.01485148514851485,0.0,-0.01485148514851485,-0.01485148514851485,-0.01485148514851485,-0.01485148514851485,0.0
