,Borda,plurality,gt,minimax,gtd,Schulze,IRV
Borda,0.0,-0.016270337922403004,-0.016270337922403004,-0.016270337922403004,-0.016270337922403004,-0.016270337922403004,0.03879849812265332
plurality,0.016270337922403004,0.0,0.0,0.0,0.0,0.0,-0.016270337922403004
gt,0.016270337922403004,0.0,0.0,0.0,0.0,0.0,-0.016270337922403004
minimax,0.016270337922403004,0.0,0.0,0.0,0.0,0.0,-0.016270337922403004
gtd,0.016270337922403004,0.0,0.0,0.0,0.0,0.0,-0.016270337922403004
Schulze,0.016270337922403004,0.0,0.0,0.0,0.0,0.0,-0.016270337922403004
IRV,-0.03879849812265332,0.016270337922403004,0.016270337922403004,0.016270337922403004,0.016270337922403004,0.016270337922403004,0.0
