,Borda,plurality,gt,minimax,gtd,Schulze,IRV
Borda,0.0,-0.0017825311942959,-0.0017825311942959,0.0,-0.0017825311942959,0.0,0.0071301247771836
plurality,0.0017825311942959,0.0,0.0,0.0017825311942959,0.0,0.0017825311942959,-0.0035650623885918
gt,0.0017825311942959,0.0,0.0,0.0017825311942959,0.0,0.0017825311942959,-0.0035650623885918
minimax,0.0,-0.0017825311942959,-0.0017825311942959,0.0,-0.0017825311942959,0.0,0.0071301247771836
gtd,0.0017825311942959,0.0,0.0,0.0017825311942959,0.0,0.0017825311942959,-0.0035650623885918
Schulze,0.0,-0.0017825311942959,-0.0017825311942959,0.0,-0.0017825311942959,0.0,0.0071301247771836
IRV,-0.0071301247771836,0.0035650623885918,0.0035650623885918,-0.0071301247771836,0.0035650623885918,-0.0071301247771836,0.0
