,Borda,plurality,gt,minimax,gtd,Schulze,IRV
Borda,0.0,0.0657439446366782,0.0,0.0,0.0,0.0,0.0
plurality,-0.0657439446366782,0.0,-0.010380622837370242,-0.0657439446366782,-0.0657439446366782,-0.0657439446366782,-0.0657439446366782
gt,0.0,0.010380622837370242,0.0,0.0,0.0,0.0,0.0
minimax,0.0,0.0657439446366782,0.0,0.0,0.0,0.0,0.0
gtd,0.0,0.0657439446366782,0.0,0.0,0.0,0.0,0.0
Schulze,0.0,0.0657439446366782,0.0,0.0,0.0,0.0,0.0
IRV,0.0,0.0657439446366782,0.0,0.0,0.0,0.0,0.0
