,Borda,plurality,gt,minimax,gtd,Schulze,IRV
Borda,0.0,0.052100840336134456,-0.0016806722689075631,0.0,0.0,0.0,0.052100840336134456
plurality,-0.052100840336134456,0.0,0.052100840336134456,-0.052100840336134456,-0.052100840336134456,-0.052100840336134456,0.0
gt,0.0016806722689075631,-0.052100840336134456,0.0,0.0016806722689075631,0.0016806722689075631,0.0016806722689075631,-0.052100840336134456
minimax,0.0,0.052100840336134456,-0.0016806722689075631,0.0,0.0,0.0,0.052100840336134456
gtd,0.0,0.052100840336134456,-0.0016806722689075631,0.0,0.0,0.0,0.052100840336134456
Schulze,0.0,0.052100840336134456,-0.0016806722689075631,0.0,0.0,0.0,0.052100840336134456
IRV,-0.052100840336134456,0.0,0.052100840336134456,-0.052100840336134456,-0.052100840336134456,-0.052100840336134456,0.0
