,Borda,plurality,gt,minimax,gtd,Schulze,IRV
Borda,0.0,0.03038309114927345,-0.009247027741083224,0.0,-0.009247027741083224,0.0,0.0
plurality,-0.03038309114927345,0.0,0.01453104359313078,-0.03038309114927345,0.01453104359313078,-0.03038309114927345,-0.03038309114927345
gt,0.009247027741083224,-0.01453104359313078,0.0,0.009247027741083224,0.0,0.009247027741083224,0.009247027741083224
minimax,0.0,0.03038309114927345,-0.009247027741083224,0.0,-0.009247027741083224,0.0,0.0
gtd,0.009247027741083224,-0.01453104359313078,0.0,0.009247027741083224,0.0,0.009247027741083224,0.009247027741083224
Schulze,0.0,0.03038309114927345,-0.009247027741083224,0.0,-0.009247027741083224,0.0,0.0
IRV,0.0,0.03038309114927345,-0.009247027741083224,0.0,-0.009247027741083224,0.0,0.0
