,Borda,plurality,gt,minimax,gtd,Schulze,IRV
Borda,0.0,-0.028169014084507043,-0.028169014084507043,0.0,-0.028169014084507043,0.0,0.045774647887323945
plurality,0.028169014084507043,0.0,0.0,0.028169014084507043,0.0,0.028169014084507043,-0.03169014084507042
gt,0.028169014084507043,0.0,0.0,0.028169014084507043,0.0,0.028169014084507043,-0.03169014084507042
minimax,0.0,-0.028169014084507043,-0.028169014084507043,0.0,-0.028169014084507043,0.0,0.045774647887323945
gtd,0.028169014084507043,0.0,0.0,0.028169014084507043,0.0,0.028169014084507043,-0.03169014084507042
Schulze,0.0,-0.028169014084507043,-0.028169014084507043,0.0,-0.028169014084507043,0.0,0.045774647887323945
IRV,-0.045774647887323945,0.03169014084507042,0.03169014084507042,-0.045774647887323945,0.03169014084507042,-0.045774647887323945,0.0
