,Borda,plurality,gt,minimax,gtd,Schulze,IRV
Borda,0.0,-0.021852237252861603,0.0,-0.021852237252861603,-0.021852237252861603,-0.021852237252861603,-0.021852237252861603
plurality,0.021852237252861603,0.0,0.021852237252861603,0.0,0.0,0.0,0.0
gt,0.0,-0.021852237252861603,0.0,-0.021852237252861603,-0.021852237252861603,-0.021852237252861603,-0.021852237252861603
minimax,0.021852237252861603,0.0,0.021852237252861603,0.0,0.0,0.0,0.0
gtd,0.021852237252861603,0.0,0.021852237252861603,0.0,0.0,0.0,0.0
Schulze,0.021852237252861603,0.0,0.021852237252861603,0.0,0.0,0.0,0.0
IRV,0.021852237252861603,0.0,0.021852237252861603,0.0,0.0,0.0,0.0
