,Borda,plurality,gt,minimax,gtd,Schulze,IRV
Borda,0.0,-0.007125890736342043,-0.007125890736342043,0.0,-0.007125890736342043,0.0,0.030878859857482184
plurality,0.007125890736342043,0.0,0.0,0.007125890736342043,0.0,0.007125890736342043,-0.007125890736342043
gt,0.007125890736342043,0.0,0.0,0.007125890736342043,0.0,0.007125890736342043,-0.007125890736342043
minimax,0.0,-0.007125890736342043,-0.007125890736342043,0.0,-0.007125890736342043,0.0,0.030878859857482184
gtd,0.007125890736342043,0.0,0.0,0.007125890736342043,0.0,0.007125890736342043,-0.007125890736342043
Schulze,0.0,-0.007125890736342043,-0.007125890736342043,0.0,-0.007125890736342043,0.0,0.030878859857482184
IRV,-0.030878859857482184,0.007125890736342043,0.007125890736342043,-0.030878859857482184,0.007125890736342043,-0.030878859857482184,0.0
