,Borda,plurality,gt,minimax,gtd,Schulze,IRV
Borda,0.0,-0.02127659574468085,-0.02127659574468085,-0.02127659574468085,-0.02127659574468085,-0.02127659574468085,0.059961315280464215
plurality,0.02127659574468085,0.0,0.0,0.0,0.0,0.0,-0.005802707930367505
gt,0.02127659574468085,0.0,0.0,0.0,0.0,0.0,-0.005802707930367505
minimax,0.02127659574468085,0.0,0.0,0.0,0.0,0.0,-0.005802707930367505
gtd,0.02127659574468085,0.0,0.0,0.0,0.0,0.0,-0.005802707930367505
Schulze,0.02127659574468085,0.0,0.0,0.0,0.0,0.0,-0.005802707930367505
IRV,-0.059961315280464215,0.005802707930367505,0.005802707930367505,0.005802707930367505,0.005802707930367505,0.005802707930367505,0.0
