,Borda,plurality,gt,minimax,gtd,Schulze,IRV
Borda,0.0,0.0,0.0847457627118644,-0.04331450094161959,-0.04331450094161959,-0.04331450094161959,-0.04331450094161959
plurality,0.0,0.0,0.0847457627118644,-0.04331450094161959,-0.04331450094161959,-0.04331450094161959,-0.04331450094161959
gt,-0.0847457627118644,-0.0847457627118644,0.0,0.02448210922787194,0.02448210922787194,0.02448210922787194,0.02448210922787194
minimax,0.04331450094161959,0.04331450094161959,-0.02448210922787194,0.0,0.0,0.0,0.0
gtd,0.04331450094161959,0.04331450094161959,-0.02448210922787194,0.0,0.0,0.0,0.0
Schulze,0.04331450094161959,0.04331450094161959,-0.02448210922787194,0.0,0.0,0.0,0.0
IRV,0.04331450094161959,0.04331450094161959,-0.02448210922787194,0.0,0.0,0.0,0.0
