,Borda,plurality,gt,minimax,gtd,Schulze,IRV
Borda,0.0,-0.007792207792207792,-0.007792207792207792,0.0,-0.007792207792207792,0.0,-0.007792207792207792
plurality,0.007792207792207792,0.0,0.0,0.007792207792207792,0.0,0.007792207792207792,0.0
gt,0.007792207792207792,0.0,0.0,0.007792207792207792,0.0,0.007792207792207792,0.0
minimax,0.0,-0.007792207792207792,-0.007792207792207792,0.0,-0.007792207792207792,0.0,-0.007792207792207792
gtd,0.007792207792207792,0.0,0.0,0.007792207792207792,0.0,0.007792207792207792,0.0
Schulze,0.0,-0.007792207792207792,-0.007792207792207792,0.0,-0.007792207792207792,0.0,-0.007792207792207792
IRV,0.007792207792207792,0.0,0.0,0.007792207792207792,0.0,0.007792207792207792,0.0
