,Borda,plurality,gt,minimax,gtd,Schulze,IRV
Borda,0.0,0.0,-0.017857142857142856,0.0,-0.017857142857142856,0.0,0.0
plurality,0.0,0.0,-0.017857142857142856,0.0,-0.017857142857142856,0.0,0.0
gt,0.017857142857142856,0.017857142857142856,0.0,0.017857142857142856,0.0,0.017857142857142856,0.017857142857142856
minimax,0.0,0.0,-0.017857142857142856,0.0,-0.017857142857142856,0.0,0.0
gtd,0.017857142857142856,0.017857142857142856,0.0,0.017857142857142856,0.0,0.017857142857142856,0.017857142857142856
Schulze,0.0,0.0,-0.017857142857142856,0.0,-0.017857142857142856,0.0,0.0
IRV,0.0,0.0,-0.017857142857142856,0.0,-0.017857142857142856,0.0,0.0
