,Borda,plurality,gt,minimax,gtd,Schulze,IRV
Borda,0.0,0.0,0.0582010582010582,-0.026455026455026454,-0.026455026455026454,-0.026455026455026454,-0.026455026455026454
plurality,0.0,0.0,0.0582010582010582,-0.026455026455026454,-0.026455026455026454,-0.026455026455026454,-0.026455026455026454
gt,-0.0582010582010582,-0.0582010582010582,0.0,0.005291005291005291,0.005291005291005291,0.005291005291005291,0.005291005291005291
minimax,0.026455026455026454,0.026455026455026454,-0.005291005291005291,0.0,0.0,0.0,0.0
gtd,0.026455026455026454,0.026455026455026454,-0.005291005291005291,0.0,0.0,0.0,0.0
Schulze,0.026455026455026454,0.026455026455026454,-0.005291005291005291,0.0,0.0,0.0,0.0
IRV,0.026455026455026454,0.026455026455026454,-0.005291005291005291,0.0,0.0,0.0,0.0
