,Borda,plurality,gt,minimax,gtd,Schulze,IRV
Borda,0.0,0.028169014084507043,0.0,0.0,-0.007042253521126761,0.0,0.0
plurality,-0.028169014084507043,0.0,-0.028169014084507043,-0.028169014084507043,0.014084507042253521,-0.028169014084507043,-0.028169014084507043
gt,0.0,0.028169014084507043,0.0,0.0,-0.007042253521126761,0.0,0.0
minimax,0.0,0.028169014084507043,0.0,0.0,-0.007042253521126761,0.0,0.0
gtd,0.007042253521126761,-0.014084507042253521,0.007042253521126761,0.007042253521126761,0.0,0.007042253521126761,0.007042253521126761
Schulze,0.0,0.028169014084507043,0.0,0.0,-0.007042253521126761,0.0,0.0
IRV,0.0,0.028169014084507043,0.0,0.0,-0.007042253521126761,0.0,0.0
