,Borda,plurality,gt,minimax,gtd,Schulze,IRV
Borda,0.0,-0.01639344262295082,-0.01639344262295082,-0.01639344262295082,-0.01639344262295082,-0.01639344262295082,0.07103825136612021
plurality,0.01639344262295082,0.0,0.0,0.0,0.0,0.0,-0.01092896174863388
gt,0.01639344262295082,0.0,0.0,0.0,0.0,0.0,-0.01092896174863388
minimax,0.01639344262295082,0.0,0.0,0.0,0.0,0.0,-0.01092896174863388
gtd,0.01639344262295082,0.0,0.0,0.0,0.0,0.0,-0.01092896174863388
Schulze,0.01639344262295082,0.0,0.0,0.0,0.0,0.0,-0.01092896174863388
IRV,-0.07103825136612021,0.01092896174863388,0.01092896174863388,0.01092896174863388,0.01092896174863388,0.01092896174863388,0.0
