,Borda,plurality,gt,minimax,gtd,Schulze,IRV
Borda,0.0,0.0,0.02945736434108527,0.0,-0.013953488372093023,0.0,0.0
plurality,0.0,0.0,0.02945736434108527,0.0,-0.013953488372093023,0.0,0.0
gt,-0.02945736434108527,-0.02945736434108527,0.0,-0.02945736434108527,0.02945736434108527,-0.02945736434108527,-0.02945736434108527
minimax,0.0,0.0,0.02945736434108527,0.0,-0.013953488372093023,0.0,0.0
gtd,0.013953488372093023,0.013953488372093023,-0.02945736434108527,0.013953488372093023,0.0,0.013953488372093023,0.013953488372093023
Schulze,0.0,0.0,0.02945736434108527,0.0,-0.013953488372093023,0.0,0.0
IRV,0.0,0.0,0.02945736434108527,0.0,-0.013953488372093023,0.0,0.0
