,Borda,plurality,gt,minimax,gtd,Schulze,IRV
Borda,0.0,-0.008944543828264758,-0.008944543828264758,-0.008944543828264758,-0.008944543828264758,-0.008944543828264758,0.044722719141323794
plurality,0.008944543828264758,0.0,0.0,0.0,0.0,0.0,-0.0017889087656529517
gt,0.008944543828264758,0.0,0.0,0.0,0.0,0.0,-0.0017889087656529517
minimax,0.008944543828264758,0.0,0.0,0.0,0.0,0.0,-0.0017889087656529517
gtd,0.008944543828264758,0.0,0.0,0.0,0.0,0.0,-0.0017889087656529517
Schulze,0.008944543828264758,0.0,0.0,0.0,0.0,0.0,-0.0017889087656529517
IRV,-0.044722719141323794,0.0017889087656529517,0.0017889087656529517,0.0017889087656529517,0.0017889087656529517,0.0017889087656529517,0.0
