,Borda,plurality,gt,minimax,gtd,Schulze,IRV
Borda,0.0,0.0,0.0,0.0,0.0,0.0,-0.009126466753585397
plurality,0.0,0.0,0.0,0.0,0.0,0.0,-0.009126466753585397
gt,0.0,0.0,0.0,0.0,0.0,0.0,-0.009126466753585397
minimax,0.0,0.0,0.0,0.0,0.0,0.0,-0.009126466753585397
gtd,0.0,0.0,0.0,0.0,0.0,0.0,-0.009126466753585397
Schulze,0.0,0.0,0.0,0.0,0.0,0.0,-0.009126466753585397
IRV,0.009126466753585397,0.009126466753585397,0.009126466753585397,0.009126466753585397,0.009126466753585397,0.009126466753585397,0.0
