,Borda,plurality,gt,minimax,gtd,Schulze,IRV
Borda,0.0,0.024719101123595506,0.0,0.0,-0.015730337078651686,0.0,0.0
plurality,-0.024719101123595506,0.0,-0.024719101123595506,-0.024719101123595506,0.020224719101123594,-0.024719101123595506,-0.024719101123595506
gt,0.0,0.024719101123595506,0.0,0.0,-0.015730337078651686,0.0,0.0
minimax,0.0,0.024719101123595506,0.0,0.0,-0.015730337078651686,0.0,0.0
gtd,0.015730337078651686,-0.020224719101123594,0.015730337078651686,0.015730337078651686,0.0,0.015730337078651686,0.015730337078651686
Schulze,0.0,0.024719101123595506,0.0,0.0,-0.015730337078651686,0.0,0.0
IRV,0.0,0.024719101123595506,0.0,0.0,-0.015730337078651686,0.0,0.0
