,Borda,plurality,gt,minimax,gtd,Schulze,IRV
Borda,0.0,0.021052631578947368,0.0,0.0,-0.010526315789473684,0.0,0.0
plurality,-0.021052631578947368,0.0,-0.021052631578947368,-0.021052631578947368,0.021052631578947368,-0.021052631578947368,-0.021052631578947368
gt,0.0,0.021052631578947368,0.0,0.0,-0.010526315789473684,0.0,0.0
minimax,0.0,0.021052631578947368,0.0,0.0,-0.010526315789473684,0.0,0.0
gtd,0.010526315789473684,-0.021052631578947368,0.010526315789473684,0.010526315789473684,0.0,0.010526315789473684,0.010526315789473684
Schulze,0.0,0.021052631578947368,0.0,0.0,-0.010526315789473684,0.0,0.0
IRV,0.0,0.021052631578947368,0.0,0.0,-0.010526315789473684,0.0,0.0
