,Borda,plurality,gt,minimax,gtd,Schulze,IRV
Borda,0.0,0.04032258064516129,0.0,0.0,0.0,0.0,0.04032258064516129
plurality,-0.04032258064516129,0.0,-0.04032258064516129,-0.04032258064516129,-0.04032258064516129,-0.04032258064516129,0.0
gt,0.0,0.04032258064516129,0.0,0.0,0.0,0.0,0.04032258064516129
minimax,0.0,0.04032258064516129,0.0,0.0,0.0,0.0,0.04032258064516129
gtd,0.0,0.04032258064516129,0.0,0.0,0.0,0.0,0.04032258064516129
Schulze,0.0,0.04032258064516129,0.0,0.0,0.0,0.0,0.04032258064516129
IRV,-0.04032258064516129,0.0,-0.04032258064516129,-0.04032258064516129,-0.04032258064516129,-0.04032258064516129,0.0
