,Borda,plurality,gt,minimax,gtd,Schulze,IRV
Borda,0.0,0.027777777777777776,0.0,0.0,0.0,0.0,0.0
plurality,-0.027777777777777776,0.0,-0.027777777777777776,-0.022222222222222223,-0.027777777777777776,-0.022222222222222223,-0.022222222222222223
gt,0.0,0.027777777777777776,0.0,0.0,0.0,0.0,0.0
minimax,0.0,0.022222222222222223,0.0,0.0,0.0,0.0,0.0
gtd,0.0,0.027777777777777776,0.0,0.0,0.0,0.0,0.0
Schulze,0.0,0.022222222222222223,0.0,0.0,0.0,0.0,0.0
IRV,0.0,0.022222222222222223,0.0,0.0,0.0,0.0,0.0
