,Borda,plurality,gt,minimax,gtd,Schulze,IRV
Borda,0.0,0.0,0.07675438596491228,0.0,-0.010964912280701754,0.0,-0.010964912280701754
plurality,0.0,0.0,0.07675438596491228,0.0,-0.010964912280701754,0.0,-0.010964912280701754
gt,-0.07675438596491228,-0.07675438596491228,0.0,-0.07675438596491228,0.015350877192982455,-0.07675438596491228,0.015350877192982455
minimax,0.0,0.0,0.07675438596491228,0.0,-0.010964912280701754,0.0,-0.010964912280701754
gtd,0.010964912280701754,0.010964912280701754,-0.015350877192982455,0.010964912280701754,0.0,0.010964912280701754,0.0
Schulze,0.0,0.0,0.07675438596491228,0.0,-0.010964912280701754,0.0,-0.010964912280701754
IRV,0.010964912280701754,0.010964912280701754,-0.015350877192982455,0.010964912280701754,0.0,0.010964912280701754,0.0
