,Borda,plurality,gt,minimax,gtd,Schulze,IRV
Borda,0.0,0.01575757575757576,0.01575757575757576,0.0,0.01575757575757576,0.0,0.0
plurality,-0.01575757575757576,0.0,0.0,-0.01575757575757576,0.0,-0.01575757575757576,-0.01575757575757576
gt,-0.01575757575757576,0.0,0.0,-0.01575757575757576,0.0,-0.01575757575757576,-0.01575757575757576
minimax,0.0,0.01575757575757576,0.01575757575757576,0.0,0.01575757575757576,0.0,0.0
gtd,-0.01575757575757576,0.0,0.0,-0.01575757575757576,0.0,-0.01575757575757576,-0.01575757575757576
Schulze,0.0,0.01575757575757576,0.01575757575757576,0.0,0.01575757575757576,0.0,0.0
IRV,0.0,0.01575757575757576,0.01575757575757576,0.0,0.01575757575757576,0.0,0.0
