,Borda,plurality,gt,minimax,gtd,Schulze,IRV
Borda,0.0,-0.007537688442211055,0.0,0.0,0.0,0.0,0.020100502512562814
plurality,0.007537688442211055,0.0,0.007537688442211055,0.007537688442211055,0.007537688442211055,0.007537688442211055,-0.03015075376884422
gt,0.0,-0.007537688442211055,0.0,0.0,0.0,0.0,0.020100502512562814
minimax,0.0,-0.007537688442211055,0.0,0.0,0.0,0.0,0.020100502512562814
gtd,0.0,-0.007537688442211055,0.0,0.0,0.0,0.0,0.020100502512562814
Schulze,0.0,-0.007537688442211055,0.0,0.0,0.0,0.0,0.020100502512562814
IRV,-0.020100502512562814,0.03015075376884422,-0.020100502512562814,-0.020100502512562814,-0.020100502512562814,-0.020100502512562814,0.0
