,Borda,plurality,gt,minimax,gtd,Schulze,IRV
Borda,0.0,0.024203821656050957,0.0,0.0,-0.006369426751592357,0.0,0.024203821656050957
plurality,-0.024203821656050957,0.0,-0.024203821656050957,-0.024203821656050957,0.01910828025477707,-0.024203821656050957,0.0
gt,0.0,0.024203821656050957,0.0,0.0,-0.006369426751592357,0.0,0.024203821656050957
minimax,0.0,0.024203821656050957,0.0,0.0,-0.006369426751592357,0.0,0.024203821656050957
gtd,0.006369426751592357,-0.01910828025477707,0.006369426751592357,0.006369426751592357,0.0,0.006369426751592357,-0.01910828025477707
Schulze,0.0,0.024203821656050957,0.0,0.0,-0.006369426751592357,0.0,0.024203821656050957
IRV,-0.024203821656050957,0.0,-0.024203821656050957,-0.024203821656050957,0.01910828025477707,-0.024203821656050957,0.0
