,Borda,plurality,gt,minimax,gtd,Schulze,IRV
Borda,0.0,-0.0032948929159802307,0.011532125205930808,-0.0032948929159802307,-0.0032948929159802307,-0.0032948929159802307,-0.0032948929159802307
plurality,0.0032948929159802307,0.0,0.0,0.0,0.0,0.0,0.0
gt,-0.011532125205930808,0.0,0.0,0.0,0.0,0.0,0.0
minimax,0.0032948929159802307,0.0,0.0,0.0,0.0,0.0,0.0
gtd,0.0032948929159802307,0.0,0.0,0.0,0.0,0.0,0.0
Schulze,0.0032948929159802307,0.0,0.0,0.0,0.0,0.0,0.0
IRV,0.0032948929159802307,0.0,0.0,0.0,0.0,0.0,0.0
