,Borda,plurality,gt,minimax,gtd,Schulze,IRV
Borda,0.0,0.029876977152899824,0.029876977152899824,-0.019332161687170474,-0.019332161687170474,-0.019332161687170474,0.029876977152899824
plurality,-0.029876977152899824,0.0,0.0,0.012302284710017574,0.012302284710017574,0.012302284710017574,0.0
gt,-0.029876977152899824,0.0,0.0,0.012302284710017574,0.012302284710017574,0.012302284710017574,0.0
minimax,0.019332161687170474,-0.012302284710017574,-0.012302284710017574,0.0,0.0,0.0,-0.012302284710017574
gtd,0.019332161687170474,-0.012302284710017574,-0.012302284710017574,0.0,0.0,0.0,-0.012302284710017574
Schulze,0.019332161687170474,-0.012302284710017574,-0.012302284710017574,0.0,0.0,0.0,-0.012302284710017574
IRV,-0.029876977152899824,0.0,0.0,0.012302284710017574,0.012302284710017574,0.012302284710017574,0.0
