,Borda,plurality,gt,minimax,gtd,Schulze,IRV
Borda,0.0,-0.0050924685071026534,-0.0050924685071026534,0.0,-0.0050924685071026534,0.0,-0.0050924685071026534
plurality,0.0050924685071026534,0.0,0.0,0.0050924685071026534,0.0,0.0050924685071026534,0.0
gt,0.0050924685071026534,0.0,0.0,0.0050924685071026534,0.0,0.0050924685071026534,0.0
minimax,0.0,-0.0050924685071026534,-0.0050924685071026534,0.0,-0.0050924685071026534,0.0,-0.0050924685071026534
gtd,0.0050924685071026534,0.0,0.0,0.0050924685071026534,0.0,0.0050924685071026534,0.0
Schulze,0.0,-0.0050924685071026534,-0.0050924685071026534,0.0,-0.0050924685071026534,0.0,-0.0050924685071026534
IRV,0.0050924685071026534,0.0,0.0,0.0050924685071026534,0.0,0.0050924685071026534,0.0
