,Borda,plurality,gt,minimax,gtd,Schulze,IRV
Borda,0.0,0.0,-0.005110732538330494,0.0,0.0,0.0,0.0
plurality,0.0,0.0,-0.005110732538330494,0.0,0.0,0.0,0.0
gt,0.005110732538330494,0.005110732538330494,0.0,0.005110732538330494,0.005110732538330494,0.005110732538330494,0.005110732538330494
minimax,0.0,0.0,-0.005110732538330494,0.0,0.0,0.0,0.0
gtd,0.0,0.0,-0.005110732538330494,0.0,0.0,0.0,0.0
Schulze,0.0,0.0,-0.005110732538330494,0.0,0.0,0.0,0.0
IRV,0.0,0.0,-0.005110732538330494,0.0,0.0,0.0,0.0
