,Borda,plurality,gt,minimax,gtd,Schulze,IRV
Borda,0.0,-0.004366812227074236,-0.004366812227074236,0.0,-0.004366812227074236,0.0,0.026200873362445413
plurality,0.004366812227074236,0.0,0.0,0.004366812227074236,0.0,0.004366812227074236,-0.021834061135371178
gt,0.004366812227074236,0.0,0.0,0.004366812227074236,0.0,0.004366812227074236,-0.021834061135371178
minimax,0.0,-0.004366812227074236,-0.004366812227074236,0.0,-0.004366812227074236,0.0,0.026200873362445413
gtd,0.004366812227074236,0.0,0.0,0.004366812227074236,0.0,0.004366812227074236,-0.021834061135371178
Schulze,0.0,-0.004366812227074236,-0.004366812227074236,0.0,-0.004366812227074236,0.0,0.026200873362445413
IRV,-0.026200873362445413,0.021834061135371178,0.021834061135371178,-0.026200873362445413,0.021834061135371178,-0.026200873362445413,0.0
