,Borda,plurality,gt,minimax,gtd,Schulze,IRV
Borda,0.0,0.1092896174863388,0.0,0.0,0.0,0.0,0.0
plurality,-0.1092896174863388,0.0,-0.1092896174863388,-0.1092896174863388,-0.08743169398907104,-0.1092896174863388,-0.08743169398907104
gt,0.0,0.1092896174863388,0.0,0.0,0.0,0.0,0.0
minimax,0.0,0.1092896174863388,0.0,0.0,0.0,0.0,0.0
gtd,0.0,0.08743169398907104,0.0,0.0,0.0,0.0,0.0
Schulze,0.0,0.1092896174863388,0.0,0.0,0.0,0.0,0.0
IRV,0.0,0.08743169398907104,0.0,0.0,0.0,0.0,0.0
