,Borda,plurality,gt,minimax,gtd,Schulze,IRV
Borda,0.0,0.0,0.05309734513274336,-0.030973451327433628,-0.030973451327433628,-0.030973451327433628,0.0
plurality,0.0,0.0,0.05309734513274336,-0.030973451327433628,-0.030973451327433628,-0.030973451327433628,0.0
gt,-0.05309734513274336,-0.05309734513274336,0.0,0.02654867256637168,0.02654867256637168,0.02654867256637168,-0.05309734513274336
minimax,0.030973451327433628,0.030973451327433628,-0.02654867256637168,0.0,0.0,0.0,0.030973451327433628
gtd,0.030973451327433628,0.030973451327433628,-0.02654867256637168,0.0,0.0,0.0,0.030973451327433628
Schulze,0.030973451327433628,0.030973451327433628,-0.02654867256637168,0.0,0.0,0.0,0.030973451327433628
IRV,0.0,0.0,0.05309734513274336,-0.030973451327433628,-0.030973451327433628,-0.030973451327433628,0.0
