,Borda,plurality,gt,minimax,gtd,Schulze,IRV
Borda,0.0,-0.01002004008016032,-0.01002004008016032,0.0,-0.01002004008016032,0.0,0.03006012024048096
plurality,0.01002004008016032,0.0,0.0,0.01002004008016032,0.0,0.01002004008016032,-0.014028056112224449
gt,0.01002004008016032,0.0,0.0,0.01002004008016032,0.0,0.01002004008016032,-0.014028056112224449
minimax,0.0,-0.01002004008016032,-0.01002004008016032,0.0,-0.01002004008016032,0.0,0.03006012024048096
gtd,0.01002004008016032,0.0,0.0,0.01002004008016032,0.0,0.01002004008016032,-0.014028056112224449
Schulze,0.0,-0.01002004008016032,-0.01002004008016032,0.0,-0.01002004008016032,0.0,0.03006012024048096
IRV,-0.03006012024048096,0.014028056112224449,0.014028056112224449,-0.03006012024048096,0.014028056112224449,-0.03006012024048096,0.0
