,Borda,plurality,gt,minimax,gtd,Schulze,IRV
Borda,0.0,-0.01968503937007874,0.0,0.0,-0.01968503937007874,0.0,0.031496062992125984
plurality,0.01968503937007874,0.0,0.01968503937007874,0.01968503937007874,0.0,0.01968503937007874,-0.027559055118110236
gt,0.0,-0.01968503937007874,0.0,0.0,-0.01968503937007874,0.0,0.031496062992125984
minimax,0.0,-0.01968503937007874,0.0,0.0,-0.01968503937007874,0.0,0.031496062992125984
gtd,0.01968503937007874,0.0,0.01968503937007874,0.01968503937007874,0.0,0.01968503937007874,-0.027559055118110236
Schulze,0.0,-0.01968503937007874,0.0,0.0,-0.01968503937007874,0.0,0.031496062992125984
IRV,-0.031496062992125984,0.027559055118110236,-0.031496062992125984,-0.031496062992125984,0.027559055118110236,-0.031496062992125984,0.0
