,Borda,plurality,gt,minimax,gtd,Schulze,IRV
Borda,0.0,0.0,0.04432432432432432,-0.00972972972972973,-0.00972972972972973,-0.00972972972972973,-0.00972972972972973
plurality,0.0,0.0,0.04432432432432432,-0.00972972972972973,-0.00972972972972973,-0.00972972972972973,-0.00972972972972973
gt,-0.04432432432432432,-0.04432432432432432,0.0,0.003243243243243243,0.003243243243243243,0.003243243243243243,0.003243243243243243
minimax,0.00972972972972973,0.00972972972972973,-0.003243243243243243,0.0,0.0,0.0,0.0
gtd,0.00972972972972973,0.00972972972972973,-0.003243243243243243,0.0,0.0,0.0,0.0
Schulze,0.00972972972972973,0.00972972972972973,-0.003243243243243243,0.0,0.0,0.0,0.0
IRV,0.00972972972972973,0.00972972972972973,-0.003243243243243243,0.0,0.0,0.0,0.0
