,Borda,plurality,gt,minimax,gtd,Schulze,IRV
Borda,0.0,-0.017341040462427744,0.0,0.0,-0.017341040462427744,0.0,0.055876685934489405
plurality,0.017341040462427744,0.0,0.017341040462427744,0.017341040462427744,0.0,0.017341040462427744,-0.04816955684007707
gt,0.0,-0.017341040462427744,0.0,0.0,-0.017341040462427744,0.0,0.055876685934489405
minimax,0.0,-0.017341040462427744,0.0,0.0,-0.017341040462427744,0.0,0.055876685934489405
gtd,0.017341040462427744,0.0,0.017341040462427744,0.017341040462427744,0.0,0.017341040462427744,-0.04816955684007707
Schulze,0.0,-0.017341040462427744,0.0,0.0,-0.017341040462427744,0.0,0.055876685934489405
IRV,-0.055876685934489405,0.04816955684007707,-0.055876685934489405,-0.055876685934489405,0.04816955684007707,-0.055876685934489405,0.0
