,Borda,plurality,gt,minimax,gtd,Schulze,IRV
Borda,0.0,0.041237113402061855,-0.02577319587628866,0.0,-0.02577319587628866,0.0,0.041237113402061855
plurality,-0.041237113402061855,0.0,0.03608247422680412,-0.041237113402061855,0.03608247422680412,-0.041237113402061855,0.0
gt,0.02577319587628866,-0.03608247422680412,0.0,0.02577319587628866,0.0,0.02577319587628866,-0.03608247422680412
minimax,0.0,0.041237113402061855,-0.02577319587628866,0.0,-0.02577319587628866,0.0,0.041237113402061855
gtd,0.02577319587628866,-0.03608247422680412,0.0,0.02577319587628866,0.0,0.02577319587628866,-0.03608247422680412
Schulze,0.0,0.041237113402061855,-0.02577319587628866,0.0,-0.02577319587628866,0.0,0.041237113402061855
IRV,-0.041237113402061855,0.0,0.03608247422680412,-0.041237113402061855,0.03608247422680412,-0.041237113402061855,0.0
