,Borda,plurality,gt,minimax,gtd,Schulze,IRV
Borda,0.0,0.03409090909090909,0.03409090909090909,-0.011363636363636364,-0.011363636363636364,-0.011363636363636364,0.0
plurality,-0.03409090909090909,0.0,0.0,0.0,0.0,0.0,-0.03409090909090909
gt,-0.03409090909090909,0.0,0.0,0.0,0.0,0.0,-0.03409090909090909
minimax,0.011363636363636364,0.0,0.0,0.0,0.0,0.0,0.011363636363636364
gtd,0.011363636363636364,0.0,0.0,0.0,0.0,0.0,0.011363636363636364
Schulze,0.011363636363636364,0.0,0.0,0.0,0.0,0.0,0.011363636363636364
IRV,0.0,0.03409090909090909,0.03409090909090909,-0.011363636363636364,-0.011363636363636364,-0.011363636363636364,0.0
