,Borda,plurality,gt,minimax,gtd,Schulze,IRV
Borda,0.0,0.0,-0.01444043321299639,0.0,-0.01444043321299639,0.0,-0.01444043321299639
plurality,0.0,0.0,-0.01444043321299639,0.0,-0.01444043321299639,0.0,-0.01444043321299639
gt,0.01444043321299639,0.01444043321299639,0.0,0.01444043321299639,0.0,0.01444043321299639,0.0
minimax,0.0,0.0,-0.01444043321299639,0.0,-0.01444043321299639,0.0,-0.01444043321299639
gtd,0.01444043321299639,0.01444043321299639,0.0,0.01444043321299639,0.0,0.01444043321299639,0.0
Schulze,0.0,0.0,-0.01444043321299639,0.0,-0.01444043321299639,0.0,-0.01444043321299639
IRV,0.01444043321299639,0.01444043321299639,0.0,0.01444043321299639,0.0,0.01444043321299639,0.0
