,Borda,plurality,gt,minimax,gtd,Schulze,IRV
Borda,0.0,-0.009950248756218905,0.08955223880597014,-0.009950248756218905,-0.009950248756218905,-0.009950248756218905,-0.009950248756218905
plurality,0.009950248756218905,0.0,-0.004975124378109453,0.0,0.0,0.0,0.0
gt,-0.08955223880597014,0.004975124378109453,0.0,0.004975124378109453,0.004975124378109453,0.004975124378109453,0.004975124378109453
minimax,0.009950248756218905,0.0,-0.004975124378109453,0.0,0.0,0.0,0.0
gtd,0.009950248756218905,0.0,-0.004975124378109453,0.0,0.0,0.0,0.0
Schulze,0.009950248756218905,0.0,-0.004975124378109453,0.0,0.0,0.0,0.0
IRV,0.009950248756218905,0.0,-0.004975124378109453,0.0,0.0,0.0,0.0
