,Borda,plurality,gt,minimax,gtd,Schulze,IRV
Borda,0.0,0.0,0.0,0.0,-0.009925558312655087,0.0,0.0
plurality,0.0,0.0,0.0,0.0,-0.009925558312655087,0.0,0.0
gt,0.0,0.0,0.0,0.0,-0.009925558312655087,0.0,0.0
minimax,0.0,0.0,0.0,0.0,-0.009925558312655087,0.0,0.0
gtd,0.009925558312655087,0.009925558312655087,0.009925558312655087,0.009925558312655087,0.0,0.009925558312655087,0.009925558312655087
Schulze,0.0,0.0,0.0,0.0,-0.009925558312655087,0.0,0.0
IRV,0.0,0.0,0.0,0.0,-0.009925558312655087,0.0,0.0
