,Borda,plurality,gt,minimax,gtd,Schulze,IRV
Borda,0.0,0.040345821325648415,-0.005763688760806916,0.0,-0.005763688760806916,0.0,0.040345821325648415
plurality,-0.040345821325648415,0.0,0.01440922190201729,-0.040345821325648415,0.01440922190201729,-0.040345821325648415,0.0
gt,0.005763688760806916,-0.01440922190201729,0.0,0.005763688760806916,0.0,0.005763688760806916,-0.01440922190201729
minimax,0.0,0.040345821325648415,-0.005763688760806916,0.0,-0.005763688760806916,0.0,0.040345821325648415
gtd,0.005763688760806916,-0.01440922190201729,0.0,0.005763688760806916,0.0,0.005763688760806916,-0.01440922190201729
Schulze,0.0,0.040345821325648415,-0.005763688760806916,0.0,-0.005763688760806916,0.0,0.040345821325648415
IRV,-0.040345821325648415,0.0,0.01440922190201729,-0.040345821325648415,0.01440922190201729,-0.040345821325648415,0.0
