,Borda,plurality,gt,minimax,gtd,Schulze,IRV
Borda,0.0,0.01758366420873511,0.0,0.0,0.0,0.0,0.01758366420873511
plurality,-0.01758366420873511,0.0,-0.01758366420873511,-0.01758366420873511,-0.01758366420873511,-0.01758366420873511,0.0
gt,0.0,0.01758366420873511,0.0,0.0,0.0,0.0,0.01758366420873511
minimax,0.0,0.01758366420873511,0.0,0.0,0.0,0.0,0.01758366420873511
gtd,0.0,0.01758366420873511,0.0,0.0,0.0,0.0,0.01758366420873511
Schulze,0.0,0.01758366420873511,0.0,0.0,0.0,0.0,0.01758366420873511
IRV,-0.01758366420873511,0.0,-0.01758366420873511,-0.01758366420873511,-0.01758366420873511,-0.01758366420873511,0.0
