,Borda,plurality,gt,minimax,gtd,Schulze,IRV
Borda,0.0,0.036855036855036855,-0.012285012285012284,0.0,-0.012285012285012284,0.0,0.0
plurality,-0.036855036855036855,0.0,0.0171990171990172,-0.036855036855036855,0.0171990171990172,-0.036855036855036855,-0.036855036855036855
gt,0.012285012285012284,-0.0171990171990172,0.0,0.012285012285012284,0.0,0.012285012285012284,0.012285012285012284
minimax,0.0,0.036855036855036855,-0.012285012285012284,0.0,-0.012285012285012284,0.0,0.0
gtd,0.012285012285012284,-0.0171990171990172,0.0,0.012285012285012284,0.0,0.012285012285012284,0.012285012285012284
Schulze,0.0,0.036855036855036855,-0.012285012285012284,0.0,-0.012285012285012284,0.0,0.0
IRV,0.0,0.036855036855036855,-0.012285012285012284,0.0,-0.012285012285012284,0.0,0.0
