,Borda,plurality,gt,minimax,gtd,Schulze,IRV
Borda,0.0,-0.004341534008683068,-0.004341534008683068,0.0,-0.004341534008683068,0.0,0.030390738060781478
plurality,0.004341534008683068,0.0,0.0,0.004341534008683068,0.0,0.004341534008683068,-0.013024602026049204
gt,0.004341534008683068,0.0,0.0,0.004341534008683068,0.0,0.004341534008683068,-0.013024602026049204
minimax,0.0,-0.004341534008683068,-0.004341534008683068,0.0,-0.004341534008683068,0.0,0.030390738060781478
gtd,0.004341534008683068,0.0,0.0,0.004341534008683068,0.0,0.004341534008683068,-0.013024602026049204
Schulze,0.0,-0.004341534008683068,-0.004341534008683068,0.0,-0.004341534008683068,0.0,0.030390738060781478
IRV,-0.030390738060781478,0.013024602026049204,0.013024602026049204,-0.030390738060781478,0.013024602026049204,-0.030390738060781478,0.0
