,Borda,plurality,gt,minimax,gtd,Schulze,IRV
Borda,0.0,-0.015795868772782502,-0.015795868772782502,-0.015795868772782502,-0.015795868772782502,-0.015795868772782502,0.06318347509113001
plurality,0.015795868772782502,0.0,0.0,0.0,0.0,0.0,-0.004860267314702308
gt,0.015795868772782502,0.0,0.0,0.0,0.0,0.0,-0.004860267314702308
minimax,0.015795868772782502,0.0,0.0,0.0,0.0,0.0,-0.004860267314702308
gtd,0.015795868772782502,0.0,0.0,0.0,0.0,0.0,-0.004860267314702308
Schulze,0.015795868772782502,0.0,0.0,0.0,0.0,0.0,-0.004860267314702308
IRV,-0.06318347509113001,0.004860267314702308,0.004860267314702308,0.004860267314702308,0.004860267314702308,0.004860267314702308,0.0
