,Borda,plurality,gt,minimax,gtd,Schulze,IRV
Borda,0.0,0.06043956043956044,-0.02197802197802198,-0.02197802197802198,-0.02197802197802198,-0.02197802197802198,-0.02197802197802198
plurality,-0.06043956043956044,0.0,0.0,0.0,0.0,0.0,0.0
gt,0.02197802197802198,0.0,0.0,0.0,0.0,0.0,0.0
minimax,0.02197802197802198,0.0,0.0,0.0,0.0,0.0,0.0
gtd,0.02197802197802198,0.0,0.0,0.0,0.0,0.0,0.0
Schulze,0.02197802197802198,0.0,0.0,0.0,0.0,0.0,0.0
IRV,0.02197802197802198,0.0,0.0,0.0,0.0,0.0,0.0
