,Borda,plurality,gt,minimax,gtd,Schulze,IRV
Borda,0.0,0.0,0.0,0.0,0.0,0.0,-0.0019193857965451055
plurality,0.0,0.0,0.0,0.0,0.0,0.0,-0.0019193857965451055
gt,0.0,0.0,0.0,0.0,0.0,0.0,-0.0019193857965451055
minimax,0.0,0.0,0.0,0.0,0.0,0.0,-0.0019193857965451055
gtd,0.0,0.0,0.0,0.0,0.0,0.0,-0.0019193857965451055
Schulze,0.0,0.0,0.0,0.0,0.0,0.0,-0.0019193857965451055
IRV,0.0019193857965451055,0.0019193857965451055,0.0019193857965451055,0.0019193857965451055,0.0019193857965451055,0.0019193857965451055,0.0
