,Borda,plurality,gt,minimax,gtd,Schulze,IRV
Borda,0.0,0.09836065573770492,0.0,0.0,0.0,0.0,0.0
plurality,-0.09836065573770492,0.0,-0.09836065573770492,-0.09836065573770492,-0.09289617486338798,-0.09836065573770492,-0.09289617486338798
gt,0.0,0.09836065573770492,0.0,0.0,0.0,0.0,0.0
minimax,0.0,0.09836065573770492,0.0,0.0,0.0,0.0,0.0
gtd,0.0,0.09289617486338798,0.0,0.0,0.0,0.0,0.0
Schulze,0.0,0.09836065573770492,0.0,0.0,0.0,0.0,0.0
IRV,0.0,0.09289617486338798,0.0,0.0,0.0,0.0,0.0
