,Borda,plurality,gt,minimax,gtd,Schulze,IRV
Borda,0.0,0.0,-0.01568627450980392,-0.01568627450980392,-0.01568627450980392,-0.01568627450980392,-0.01568627450980392
plurality,0.0,0.0,-0.01568627450980392,-0.01568627450980392,-0.01568627450980392,-0.01568627450980392,-0.01568627450980392
gt,0.01568627450980392,0.01568627450980392,0.0,0.0,0.0,0.0,0.0
minimax,0.01568627450980392,0.01568627450980392,0.0,0.0,0.0,0.0,0.0
gtd,0.01568627450980392,0.01568627450980392,0.0,0.0,0.0,0.0,0.0
Schulze,0.01568627450980392,0.01568627450980392,0.0,0.0,0.0,0.0,0.0
IRV,0.01568627450980392,0.01568627450980392,0.0,0.0,0.0,0.0,0.0
