,Borda,plurality,gt,minimax,gtd,Schulze,IRV
Borda,0.0,0.0728744939271255,-0.016194331983805668,0.0,-0.016194331983805668,0.0,0.0
plurality,-0.0728744939271255,0.0,0.044534412955465584,-0.0728744939271255,0.044534412955465584,-0.0728744939271255,-0.0728744939271255
gt,0.016194331983805668,-0.044534412955465584,0.0,0.016194331983805668,0.0,0.016194331983805668,0.016194331983805668
minimax,0.0,0.0728744939271255,-0.016194331983805668,0.0,-0.016194331983805668,0.0,0.0
gtd,0.016194331983805668,-0.044534412955465584,0.0,0.016194331983805668,0.0,0.016194331983805668,0.016194331983805668
Schulze,0.0,0.0728744939271255,-0.016194331983805668,0.0,-0.016194331983805668,0.0,0.0
IRV,0.0,0.0728744939271255,-0.016194331983805668,0.0,-0.016194331983805668,0.0,0.0
