,Borda,plurality,gt,minimax,gtd,Schulze,IRV
Borda,0.0,0.045576407506702415,-0.002680965147453083,0.0,-0.002680965147453083,0.0,0.0
plurality,-0.045576407506702415,0.0,0.00804289544235925,-0.045576407506702415,0.00804289544235925,-0.045576407506702415,-0.045576407506702415
gt,0.002680965147453083,-0.00804289544235925,0.0,0.002680965147453083,0.0,0.002680965147453083,0.002680965147453083
minimax,0.0,0.045576407506702415,-0.002680965147453083,0.0,-0.002680965147453083,0.0,0.0
gtd,0.002680965147453083,-0.00804289544235925,0.0,0.002680965147453083,0.0,0.002680965147453083,0.002680965147453083
Schulze,0.0,0.045576407506702415,-0.002680965147453083,0.0,-0.002680965147453083,0.0,0.0
IRV,0.0,0.045576407506702415,-0.002680965147453083,0.0,-0.002680965147453083,0.0,0.0
