,Borda,plurality,gt,minimax,gtd,Schulze,IRV
Borda,0.0,-0.00995732574679943,0.0,0.0,0.0,0.0,0.020388809862494073
plurality,0.00995732574679943,0.0,0.00995732574679943,0.00995732574679943,0.00995732574679943,0.00995732574679943,-0.022285443338074917
gt,0.0,-0.00995732574679943,0.0,0.0,0.0,0.0,0.020388809862494073
minimax,0.0,-0.00995732574679943,0.0,0.0,0.0,0.0,0.020388809862494073
gtd,0.0,-0.00995732574679943,0.0,0.0,0.0,0.0,0.020388809862494073
Schulze,0.0,-0.00995732574679943,0.0,0.0,0.0,0.0,0.020388809862494073
IRV,-0.020388809862494073,0.022285443338074917,-0.020388809862494073,-0.020388809862494073,-0.020388809862494073,-0.020388809862494073,0.0
