,Borda,plurality,gt,minimax,gtd,Schulze,IRV
Borda,0.0,-0.0180623973727422,0.027914614121510674,-0.0180623973727422,-0.0180623973727422,-0.0180623973727422,0.027914614121510674
plurality,0.0180623973727422,0.0,-0.008210180623973728,0.0,0.0,0.0,-0.008210180623973728
gt,-0.027914614121510674,0.008210180623973728,0.0,0.008210180623973728,0.008210180623973728,0.008210180623973728,0.0
minimax,0.0180623973727422,0.0,-0.008210180623973728,0.0,0.0,0.0,-0.008210180623973728
gtd,0.0180623973727422,0.0,-0.008210180623973728,0.0,0.0,0.0,-0.008210180623973728
Schulze,0.0180623973727422,0.0,-0.008210180623973728,0.0,0.0,0.0,-0.008210180623973728
IRV,-0.027914614121510674,0.008210180623973728,0.0,0.008210180623973728,0.008210180623973728,0.008210180623973728,0.0
