,Borda,plurality,gt,minimax,gtd,Schulze,IRV
Borda,0.0,0.028503562945368172,-0.007125890736342043,0.0,-0.007125890736342043,0.0,0.028503562945368172
plurality,-0.028503562945368172,0.0,0.014251781472684086,-0.028503562945368172,0.014251781472684086,-0.028503562945368172,0.0
gt,0.007125890736342043,-0.014251781472684086,0.0,0.007125890736342043,0.0,0.007125890736342043,-0.014251781472684086
minimax,0.0,0.028503562945368172,-0.007125890736342043,0.0,-0.007125890736342043,0.0,0.028503562945368172
gtd,0.007125890736342043,-0.014251781472684086,0.0,0.007125890736342043,0.0,0.007125890736342043,-0.014251781472684086
Schulze,0.0,0.028503562945368172,-0.007125890736342043,0.0,-0.007125890736342043,0.0,0.028503562945368172
IRV,-0.028503562945368172,0.0,0.014251781472684086,-0.028503562945368172,0.014251781472684086,-0.028503562945368172,0.0
