,Borda,plurality,gt,minimax,gtd,Schulze,IRV
Borda,0.0,-0.016042780748663103,0.0,0.0,0.0,0.0,0.0374331550802139
plurality,0.016042780748663103,0.0,0.016042780748663103,0.016042780748663103,0.016042780748663103,0.016042780748663103,-0.0481283422459893
gt,0.0,-0.016042780748663103,0.0,0.0,0.0,0.0,0.0374331550802139
minimax,0.0,-0.016042780748663103,0.0,0.0,0.0,0.0,0.0374331550802139
gtd,0.0,-0.016042780748663103,0.0,0.0,0.0,0.0,0.0374331550802139
Schulze,0.0,-0.016042780748663103,0.0,0.0,0.0,0.0,0.0374331550802139
IRV,-0.0374331550802139,0.0481283422459893,-0.0374331550802139,-0.0374331550802139,-0.0374331550802139,-0.0374331550802139,0.0
