,Borda,plurality,gt,minimax,gtd,Schulze,IRV
Borda,0.0,-0.014891179839633447,-0.014891179839633447,0.0,-0.014891179839633447,0.0,-0.014891179839633447
plurality,0.014891179839633447,0.0,0.0,0.014891179839633447,0.0,0.014891179839633447,0.0
gt,0.014891179839633447,0.0,0.0,0.014891179839633447,0.0,0.014891179839633447,0.0
minimax,0.0,-0.014891179839633447,-0.014891179839633447,0.0,-0.014891179839633447,0.0,-0.014891179839633447
gtd,0.014891179839633447,0.0,0.0,0.014891179839633447,0.0,0.014891179839633447,0.0
Schulze,0.0,-0.014891179839633447,-0.014891179839633447,0.0,-0.014891179839633447,0.0,-0.014891179839633447
IRV,0.014891179839633447,0.0,0.0,0.014891179839633447,0.0,0.014891179839633447,0.0
