,Borda,plurality,gt,minimax,gtd,Schulze,IRV
Borda,0.0,0.0,0.0,0.0,0.0,0.0,-0.001321003963011889
plurality,0.0,0.0,0.0,0.0,0.0,0.0,-0.001321003963011889
gt,0.0,0.0,0.0,0.0,0.0,0.0,-0.001321003963011889
minimax,0.0,0.0,0.0,0.0,0.0,0.0,-0.001321003963011889
gtd,0.0,0.0,0.0,0.0,0.0,0.0,-0.001321003963011889
Schulze,0.0,0.0,0.0,0.0,0.0,0.0,-0.001321003963011889
IRV,0.001321003963011889,0.001321003963011889,0.001321003963011889,0.001321003963011889,0.001321003963011889,0.001321003963011889,0.0
