,Borda,plurality,gt,minimax,gtd,Schulze,IRV
Borda,0.0,-0.02574257425742574,0.09306930693069307,-0.02574257425742574,-0.02574257425742574,-0.02574257425742574,-0.02574257425742574
plurality,0.02574257425742574,0.0,-0.005940594059405941,0.0,0.0,0.0,0.0
gt,-0.09306930693069307,0.005940594059405941,0.0,0.005940594059405941,0.005940594059405941,0.005940594059405941,0.005940594059405941
minimax,0.02574257425742574,0.0,-0.005940594059405941,0.0,0.0,0.0,0.0
gtd,0.02574257425742574,0.0,-0.005940594059405941,0.0,0.0,0.0,0.0
Schulze,0.02574257425742574,0.0,-0.005940594059405941,0.0,0.0,0.0,0.0
IRV,0.02574257425742574,0.0,-0.005940594059405941,0.0,0.0,0.0,0.0
