,Borda,plurality,gt,minimax,gtd,Schulze,IRV
Borda,0.0,-0.007894736842105263,-0.007894736842105263,0.0,-0.007894736842105263,0.0,-0.007894736842105263
plurality,0.007894736842105263,0.0,0.0,0.007894736842105263,0.0,0.007894736842105263,0.0
gt,0.007894736842105263,0.0,0.0,0.007894736842105263,0.0,0.007894736842105263,0.0
minimax,0.0,-0.007894736842105263,-0.007894736842105263,0.0,-0.007894736842105263,0.0,-0.007894736842105263
gtd,0.007894736842105263,0.0,0.0,0.007894736842105263,0.0,0.007894736842105263,0.0
Schulze,0.0,-0.007894736842105263,-0.007894736842105263,0.0,-0.007894736842105263,0.0,-0.007894736842105263
IRV,0.007894736842105263,0.0,0.0,0.007894736842105263,0.0,0.007894736842105263,0.0
