,Borda,plurality,gt,minimax,gtd,Schulze,IRV
Borda,0.0,0.17676767676767677,0.0,0.0,0.0,0.0,0.0
plurality,-0.17676767676767677,0.0,-0.17676767676767677,-0.17676767676767677,-0.1414141414141414,-0.17676767676767677,-0.17676767676767677
gt,0.0,0.17676767676767677,0.0,0.0,0.0,0.0,0.0
minimax,0.0,0.17676767676767677,0.0,0.0,0.0,0.0,0.0
gtd,0.0,0.1414141414141414,0.0,0.0,0.0,0.0,0.0
Schulze,0.0,0.17676767676767677,0.0,0.0,0.0,0.0,0.0
IRV,0.0,0.17676767676767677,0.0,0.0,0.0,0.0,0.0
