,Borda,plurality,gt,minimax,gtd,Schulze,IRV
Borda,0.0,0.0,0.08333333333333333,-0.007246376811594203,-0.007246376811594203,-0.007246376811594203,-0.007246376811594203
plurality,0.0,0.0,0.08333333333333333,-0.007246376811594203,-0.007246376811594203,-0.007246376811594203,-0.007246376811594203
gt,-0.08333333333333333,-0.08333333333333333,0.0,0.0036231884057971015,0.0036231884057971015,0.0036231884057971015,0.0036231884057971015
minimax,0.007246376811594203,0.007246376811594203,-0.0036231884057971015,0.0,0.0,0.0,0.0
gtd,0.007246376811594203,0.007246376811594203,-0.0036231884057971015,0.0,0.0,0.0,0.0
Schulze,0.007246376811594203,0.007246376811594203,-0.0036231884057971015,0.0,0.0,0.0,0.0
IRV,0.007246376811594203,0.007246376811594203,-0.0036231884057971015,0.0,0.0,0.0,0.0
