,Borda,plurality,gt,minimax,gtd,Schulze,IRV
Borda,0.0,0.0,0.03283582089552239,0.0,-0.011940298507462687,0.0,-0.011940298507462687
plurality,0.0,0.0,0.03283582089552239,0.0,-0.011940298507462687,0.0,-0.011940298507462687
gt,-0.03283582089552239,-0.03283582089552239,0.0,-0.03283582089552239,0.026865671641791045,-0.03283582089552239,0.026865671641791045
minimax,0.0,0.0,0.03283582089552239,0.0,-0.011940298507462687,0.0,-0.011940298507462687
gtd,0.011940298507462687,0.011940298507462687,-0.026865671641791045,0.011940298507462687,0.0,0.011940298507462687,0.0
Schulze,0.0,0.0,0.03283582089552239,0.0,-0.011940298507462687,0.0,-0.011940298507462687
IRV,0.011940298507462687,0.011940298507462687,-0.026865671641791045,0.011940298507462687,0.0,0.011940298507462687,0.0
