,Borda,plurality,gt,minimax,gtd,Schulze,IRV
Borda,0.0,-0.0019267822736030828,-0.0019267822736030828,0.0,0.0,0.0,0.009633911368015413
plurality,0.0019267822736030828,0.0,0.0,0.0019267822736030828,0.0019267822736030828,0.0019267822736030828,-0.009633911368015413
gt,0.0019267822736030828,0.0,0.0,0.0019267822736030828,0.0019267822736030828,0.0019267822736030828,-0.009633911368015413
minimax,0.0,-0.0019267822736030828,-0.0019267822736030828,0.0,0.0,0.0,0.009633911368015413
gtd,0.0,-0.0019267822736030828,-0.0019267822736030828,0.0,0.0,0.0,0.009633911368015413
Schulze,0.0,-0.0019267822736030828,-0.0019267822736030828,0.0,0.0,0.0,0.009633911368015413
IRV,-0.009633911368015413,0.009633911368015413,0.009633911368015413,-0.009633911368015413,-0.009633911368015413,-0.009633911368015413,0.0
