,Borda,plurality,gt,minimax,gtd,Schulze,IRV
Borda,0.0,0.0,-0.008777852802160702,-0.008777852802160702,-0.008777852802160702,-0.008777852802160702,-0.008777852802160702
plurality,0.0,0.0,-0.008777852802160702,-0.008777852802160702,-0.008777852802160702,-0.008777852802160702,-0.008777852802160702
gt,0.008777852802160702,0.008777852802160702,0.0,0.0,0.0,0.0,0.0
minimax,0.008777852802160702,0.008777852802160702,0.0,0.0,0.0,0.0,0.0
gtd,0.008777852802160702,0.008777852802160702,0.0,0.0,0.0,0.0,0.0
Schulze,0.008777852802160702,0.008777852802160702,0.0,0.0,0.0,0.0,0.0
IRV,0.008777852802160702,0.008777852802160702,0.0,0.0,0.0,0.0,0.0
