,Borda,plurality,gt,minimax,gtd,Schulze,IRV
Borda,0.0,-0.016253207869974338,-0.016253207869974338,-0.016253207869974338,-0.016253207869974338,-0.016253207869974338,0.033361847733105215
plurality,0.016253207869974338,0.0,0.0,0.0,0.0,0.0,-0.000855431993156544
gt,0.016253207869974338,0.0,0.0,0.0,0.0,0.0,-0.000855431993156544
minimax,0.016253207869974338,0.0,0.0,0.0,0.0,0.0,-0.000855431993156544
gtd,0.016253207869974338,0.0,0.0,0.0,0.0,0.0,-0.000855431993156544
Schulze,0.016253207869974338,0.0,0.0,0.0,0.0,0.0,-0.000855431993156544
IRV,-0.033361847733105215,0.000855431993156544,0.000855431993156544,0.000855431993156544,0.000855431993156544,0.000855431993156544,0.0
