,Borda,plurality,gt,minimax,gtd,Schulze,IRV
Borda,0.0,0.036619718309859155,-0.01971830985915493,-0.01971830985915493,-0.01971830985915493,-0.01971830985915493,0.036619718309859155
plurality,-0.036619718309859155,0.0,0.004694835680751174,0.004694835680751174,0.004694835680751174,0.004694835680751174,0.0
gt,0.01971830985915493,-0.004694835680751174,0.0,0.0,0.0,0.0,-0.004694835680751174
minimax,0.01971830985915493,-0.004694835680751174,0.0,0.0,0.0,0.0,-0.004694835680751174
gtd,0.01971830985915493,-0.004694835680751174,0.0,0.0,0.0,0.0,-0.004694835680751174
Schulze,0.01971830985915493,-0.004694835680751174,0.0,0.0,0.0,0.0,-0.004694835680751174
IRV,-0.036619718309859155,0.0,0.004694835680751174,0.004694835680751174,0.004694835680751174,0.004694835680751174,0.0
