,Borda,plurality,gt,minimax,gtd,Schulze,IRV
Borda,0.0,0.016157205240174673,0.0,-0.00960698689956332,-0.00960698689956332,-0.00960698689956332,0.0
plurality,-0.016157205240174673,0.0,-0.016157205240174673,0.0034934497816593887,0.0034934497816593887,0.0034934497816593887,-0.016157205240174673
gt,0.0,0.016157205240174673,0.0,-0.00960698689956332,-0.00960698689956332,-0.00960698689956332,0.0
minimax,0.00960698689956332,-0.0034934497816593887,0.00960698689956332,0.0,0.0,0.0,0.00960698689956332
gtd,0.00960698689956332,-0.0034934497816593887,0.00960698689956332,0.0,0.0,0.0,0.00960698689956332
Schulze,0.00960698689956332,-0.0034934497816593887,0.00960698689956332,0.0,0.0,0.0,0.00960698689956332
IRV,0.0,0.016157205240174673,0.0,-0.00960698689956332,-0.00960698689956332,-0.00960698689956332,0.0
