,Borda,plurality,gt,minimax,gtd,Schulze,IRV
Borda,0.0,0.04735376044568245,-0.002785515320334262,0.0,-0.002785515320334262,0.0,0.04735376044568245
plurality,-0.04735376044568245,0.0,0.002785515320334262,-0.04735376044568245,0.002785515320334262,-0.04735376044568245,0.0
gt,0.002785515320334262,-0.002785515320334262,0.0,0.002785515320334262,0.0,0.002785515320334262,-0.002785515320334262
minimax,0.0,0.04735376044568245,-0.002785515320334262,0.0,-0.002785515320334262,0.0,0.04735376044568245
gtd,0.002785515320334262,-0.002785515320334262,0.0,0.002785515320334262,0.0,0.002785515320334262,-0.002785515320334262
Schulze,0.0,0.04735376044568245,-0.002785515320334262,0.0,-0.002785515320334262,0.0,0.04735376044568245
IRV,-0.04735376044568245,0.0,0.002785515320334262,-0.04735376044568245,0.002785515320334262,-0.04735376044568245,0.0
