,Borda,plurality,gt,minimax,gtd,Schulze,IRV
Borda,0.0,-0.0005685048322910744,0.0,0.0,-0.0005685048322910744,0.0,0.014781125639567936
plurality,0.0005685048322910744,0.0,0.0005685048322910744,0.0005685048322910744,0.0,0.0005685048322910744,-0.006822057987492893
gt,0.0,-0.0005685048322910744,0.0,0.0,-0.0005685048322910744,0.0,0.014781125639567936
minimax,0.0,-0.0005685048322910744,0.0,0.0,-0.0005685048322910744,0.0,0.014781125639567936
gtd,0.0005685048322910744,0.0,0.0005685048322910744,0.0005685048322910744,0.0,0.0005685048322910744,-0.006822057987492893
Schulze,0.0,-0.0005685048322910744,0.0,0.0,-0.0005685048322910744,0.0,0.014781125639567936
IRV,-0.014781125639567936,0.006822057987492893,-0.014781125639567936,-0.014781125639567936,0.006822057987492893,-0.014781125639567936,0.0
