,Borda,plurality,gt,minimax,gtd,Schulze,IRV
Borda,0.0,-0.002028397565922921,0.0,-0.002028397565922921,-0.002028397565922921,-0.002028397565922921,0.011494252873563218
plurality,0.002028397565922921,0.0,0.002028397565922921,0.0,0.0,0.0,-0.000676132521974307
gt,0.0,-0.002028397565922921,0.0,-0.002028397565922921,-0.002028397565922921,-0.002028397565922921,0.011494252873563218
minimax,0.002028397565922921,0.0,0.002028397565922921,0.0,0.0,0.0,-0.000676132521974307
gtd,0.002028397565922921,0.0,0.002028397565922921,0.0,0.0,0.0,-0.000676132521974307
Schulze,0.002028397565922921,0.0,0.002028397565922921,0.0,0.0,0.0,-0.000676132521974307
IRV,-0.011494252873563218,0.000676132521974307,-0.011494252873563218,0.000676132521974307,0.000676132521974307,0.000676132521974307,0.0
