,Borda,plurality,gt,minimax,gtd,Schulze,IRV
Borda,0.0,-0.006493506493506494,0.025974025974025976,-0.006493506493506494,-0.006493506493506494,-0.006493506493506494,-0.006493506493506494
plurality,0.006493506493506494,0.0,-0.003246753246753247,0.0,0.0,0.0,0.0
gt,-0.025974025974025976,0.003246753246753247,0.0,0.003246753246753247,0.003246753246753247,0.003246753246753247,0.003246753246753247
minimax,0.006493506493506494,0.0,-0.003246753246753247,0.0,0.0,0.0,0.0
gtd,0.006493506493506494,0.0,-0.003246753246753247,0.0,0.0,0.0,0.0
Schulze,0.006493506493506494,0.0,-0.003246753246753247,0.0,0.0,0.0,0.0
IRV,0.006493506493506494,0.0,-0.003246753246753247,0.0,0.0,0.0,0.0
