,Borda,plurality,gt,minimax,gtd,Schulze,IRV
Borda,0.0,-0.0035959463877084014,-0.0035959463877084014,0.0,-0.0035959463877084014,0.0,0.02321019941157241
plurality,0.0035959463877084014,0.0,0.0,0.0035959463877084014,0.0,0.0035959463877084014,-0.0035959463877084014
gt,0.0035959463877084014,0.0,0.0,0.0035959463877084014,0.0,0.0035959463877084014,-0.0035959463877084014
minimax,0.0,-0.0035959463877084014,-0.0035959463877084014,0.0,-0.0035959463877084014,0.0,0.02321019941157241
gtd,0.0035959463877084014,0.0,0.0,0.0035959463877084014,0.0,0.0035959463877084014,-0.0035959463877084014
Schulze,0.0,-0.0035959463877084014,-0.0035959463877084014,0.0,-0.0035959463877084014,0.0,0.02321019941157241
IRV,-0.02321019941157241,0.0035959463877084014,0.0035959463877084014,-0.02321019941157241,0.0035959463877084014,-0.02321019941157241,0.0
