,Borda,plurality,gt,minimax,gtd,Schulze,IRV
Borda,0.0,-0.01078582434514638,-0.01078582434514638,-0.01078582434514638,-0.01078582434514638,-0.01078582434514638,0.032357473035439135
plurality,0.01078582434514638,0.0,0.0,0.0,0.0,0.0,-0.0015408320493066256
gt,0.01078582434514638,0.0,0.0,0.0,0.0,0.0,-0.0015408320493066256
minimax,0.01078582434514638,0.0,0.0,0.0,0.0,0.0,-0.0015408320493066256
gtd,0.01078582434514638,0.0,0.0,0.0,0.0,0.0,-0.0015408320493066256
Schulze,0.01078582434514638,0.0,0.0,0.0,0.0,0.0,-0.0015408320493066256
IRV,-0.032357473035439135,0.0015408320493066256,0.0015408320493066256,0.0015408320493066256,0.0015408320493066256,0.0015408320493066256,0.0
