,Borda,plurality,gt,minimax,gtd,Schulze,IRV
Borda,0.0,-0.007776049766718507,-0.007776049766718507,-0.007776049766718507,-0.007776049766718507,-0.007776049766718507,0.017107309486780714
plurality,0.007776049766718507,0.0,0.0,0.0,0.0,0.0,-0.0015552099533437014
gt,0.007776049766718507,0.0,0.0,0.0,0.0,0.0,-0.0015552099533437014
minimax,0.007776049766718507,0.0,0.0,0.0,0.0,0.0,-0.0015552099533437014
gtd,0.007776049766718507,0.0,0.0,0.0,0.0,0.0,-0.0015552099533437014
Schulze,0.007776049766718507,0.0,0.0,0.0,0.0,0.0,-0.0015552099533437014
IRV,-0.017107309486780714,0.0015552099533437014,0.0015552099533437014,0.0015552099533437014,0.0015552099533437014,0.0015552099533437014,0.0
