,Borda,plurality,gt,minimax,gtd,Schulze,IRV
Borda,0.0,-0.002770083102493075,-0.002770083102493075,0.0,-0.002770083102493075,0.0,-0.002770083102493075
plurality,0.002770083102493075,0.0,0.0,0.002770083102493075,0.0,0.002770083102493075,0.0
gt,0.002770083102493075,0.0,0.0,0.002770083102493075,0.0,0.002770083102493075,0.0
minimax,0.0,-0.002770083102493075,-0.002770083102493075,0.0,-0.002770083102493075,0.0,-0.002770083102493075
gtd,0.002770083102493075,0.0,0.0,0.002770083102493075,0.0,0.002770083102493075,0.0
Schulze,0.0,-0.002770083102493075,-0.002770083102493075,0.0,-0.002770083102493075,0.0,-0.002770083102493075
IRV,0.002770083102493075,0.0,0.0,0.002770083102493075,0.0,0.002770083102493075,0.0
