,Borda,plurality,gt,minimax,gtd,Schulze,IRV
Borda,0.0,0.0,0.0,0.0,0.0,0.0,-0.007655502392344498
plurality,0.0,0.0,0.0,0.0,0.0,0.0,-0.007655502392344498
gt,0.0,0.0,0.0,0.0,0.0,0.0,-0.007655502392344498
minimax,0.0,0.0,0.0,0.0,0.0,0.0,-0.007655502392344498
gtd,0.0,0.0,0.0,0.0,0.0,0.0,-0.007655502392344498
Schulze,0.0,0.0,0.0,0.0,0.0,0.0,-0.007655502392344498
IRV,0.007655502392344498,0.007655502392344498,0.007655502392344498,0.007655502392344498,0.007655502392344498,0.007655502392344498,0.0
