,Borda,plurality,gt,minimax,gtd,Schulze,IRV
Borda,0.0,-0.019230769230769232,-0.019230769230769232,-0.019230769230769232,-0.019230769230769232,-0.019230769230769232,0.041666666666666664
plurality,0.019230769230769232,0.0,0.0,0.0,0.0,0.0,-0.019230769230769232
gt,0.019230769230769232,0.0,0.0,0.0,0.0,0.0,-0.019230769230769232
minimax,0.019230769230769232,0.0,0.0,0.0,0.0,0.0,-0.019230769230769232
gtd,0.019230769230769232,0.0,0.0,0.0,0.0,0.0,-0.019230769230769232
Schulze,0.019230769230769232,0.0,0.0,0.0,0.0,0.0,-0.019230769230769232
IRV,-0.041666666666666664,0.019230769230769232,0.019230769230769232,0.019230769230769232,0.019230769230769232,0.019230769230769232,0.0
