,Borda,plurality,gt,minimax,gtd,Schulze,IRV
Borda,0.0,-0.0025974025974025974,0.0,0.0,0.0,0.0,0.01818181818181818
plurality,0.0025974025974025974,0.0,0.0025974025974025974,0.0025974025974025974,0.0025974025974025974,0.0025974025974025974,-0.02857142857142857
gt,0.0,-0.0025974025974025974,0.0,0.0,0.0,0.0,0.01818181818181818
minimax,0.0,-0.0025974025974025974,0.0,0.0,0.0,0.0,0.01818181818181818
gtd,0.0,-0.0025974025974025974,0.0,0.0,0.0,0.0,0.01818181818181818
Schulze,0.0,-0.0025974025974025974,0.0,0.0,0.0,0.0,0.01818181818181818
IRV,-0.01818181818181818,0.02857142857142857,-0.01818181818181818,-0.01818181818181818,-0.01818181818181818,-0.01818181818181818,0.0
