,Borda,plurality,gt,minimax,gtd,Schulze,IRV
Borda,0.0,-0.007518796992481203,-0.007518796992481203,0.0,0.0,0.0,0.02556390977443609
plurality,0.007518796992481203,0.0,0.0,0.007518796992481203,0.007518796992481203,0.007518796992481203,-0.03609022556390978
gt,0.007518796992481203,0.0,0.0,0.007518796992481203,0.007518796992481203,0.007518796992481203,-0.03609022556390978
minimax,0.0,-0.007518796992481203,-0.007518796992481203,0.0,0.0,0.0,0.02556390977443609
gtd,0.0,-0.007518796992481203,-0.007518796992481203,0.0,0.0,0.0,0.02556390977443609
Schulze,0.0,-0.007518796992481203,-0.007518796992481203,0.0,0.0,0.0,0.02556390977443609
IRV,-0.02556390977443609,0.03609022556390978,0.03609022556390978,-0.02556390977443609,-0.02556390977443609,-0.02556390977443609,0.0
