,Borda,plurality,gt,minimax,gtd,Schulze,IRV
Borda,0.0,0.0,-0.02650602409638554,-0.02650602409638554,-0.02650602409638554,-0.02650602409638554,-0.02650602409638554
plurality,0.0,0.0,-0.02650602409638554,-0.02650602409638554,-0.02650602409638554,-0.02650602409638554,-0.02650602409638554
gt,0.02650602409638554,0.02650602409638554,0.0,0.0,0.0,0.0,0.0
minimax,0.02650602409638554,0.02650602409638554,0.0,0.0,0.0,0.0,0.0
gtd,0.02650602409638554,0.02650602409638554,0.0,0.0,0.0,0.0,0.0
Schulze,0.02650602409638554,0.02650602409638554,0.0,0.0,0.0,0.0,0.0
IRV,0.02650602409638554,0.02650602409638554,0.0,0.0,0.0,0.0,0.0
