,Borda,plurality,gt,minimax,gtd,Schulze,IRV
Borda,0.0,-0.0026041666666666665,-0.0026041666666666665,0.0,0.0,0.0,0.010416666666666666
plurality,0.0026041666666666665,0.0,0.0,0.0026041666666666665,0.0026041666666666665,0.0026041666666666665,-0.013020833333333334
gt,0.0026041666666666665,0.0,0.0,0.0026041666666666665,0.0026041666666666665,0.0026041666666666665,-0.013020833333333334
minimax,0.0,-0.0026041666666666665,-0.0026041666666666665,0.0,0.0,0.0,0.010416666666666666
gtd,0.0,-0.0026041666666666665,-0.0026041666666666665,0.0,0.0,0.0,0.010416666666666666
Schulze,0.0,-0.0026041666666666665,-0.0026041666666666665,0.0,0.0,0.0,0.010416666666666666
IRV,-0.010416666666666666,0.013020833333333334,0.013020833333333334,-0.010416666666666666,-0.010416666666666666,-0.010416666666666666,0.0
