,Borda,plurality,gt,minimax,gtd,Schulze,IRV
Borda,0.0,0.043795620437956206,-0.01824817518248175,-0.01824817518248175,-0.01824817518248175,-0.01824817518248175,0.043795620437956206
plurality,-0.043795620437956206,0.0,0.0072992700729927005,0.0072992700729927005,0.0072992700729927005,0.0072992700729927005,0.0
gt,0.01824817518248175,-0.0072992700729927005,0.0,0.0,0.0,0.0,-0.0072992700729927005
minimax,0.01824817518248175,-0.0072992700729927005,0.0,0.0,0.0,0.0,-0.0072992700729927005
gtd,0.01824817518248175,-0.0072992700729927005,0.0,0.0,0.0,0.0,-0.0072992700729927005
Schulze,0.01824817518248175,-0.0072992700729927005,0.0,0.0,0.0,0.0,-0.0072992700729927005
IRV,-0.043795620437956206,0.0,0.0072992700729927005,0.0072992700729927005,0.0072992700729927005,0.0072992700729927005,0.0
