,Borda,plurality,gt,minimax,gtd,Schulze,IRV
Borda,0.0,0.0,0.049107142857142856,0.0,-0.004464285714285714,0.0,-0.004464285714285714
plurality,0.0,0.0,0.049107142857142856,0.0,-0.004464285714285714,0.0,-0.004464285714285714
gt,-0.049107142857142856,-0.049107142857142856,0.0,-0.049107142857142856,0.03571428571428571,-0.049107142857142856,0.03571428571428571
minimax,0.0,0.0,0.049107142857142856,0.0,-0.004464285714285714,0.0,-0.004464285714285714
gtd,0.004464285714285714,0.004464285714285714,-0.03571428571428571,0.004464285714285714,0.0,0.004464285714285714,0.0
Schulze,0.0,0.0,0.049107142857142856,0.0,-0.004464285714285714,0.0,-0.004464285714285714
IRV,0.004464285714285714,0.004464285714285714,-0.03571428571428571,0.004464285714285714,0.0,0.004464285714285714,0.0
