,Borda,plurality,gt,minimax,gtd,Schulze,IRV
Borda,0.0,0.046948356807511735,-0.018779342723004695,-0.018779342723004695,-0.018779342723004695,-0.018779342723004695,0.046948356807511735
plurality,-0.046948356807511735,0.0,0.0,0.0,0.0,0.0,0.0
gt,0.018779342723004695,0.0,0.0,0.0,0.0,0.0,0.0
minimax,0.018779342723004695,0.0,0.0,0.0,0.0,0.0,0.0
gtd,0.018779342723004695,0.0,0.0,0.0,0.0,0.0,0.0
Schulze,0.018779342723004695,0.0,0.0,0.0,0.0,0.0,0.0
IRV,-0.046948356807511735,0.0,0.0,0.0,0.0,0.0,0.0
