,Borda,plurality,gt,minimax,gtd,Schulze,IRV
Borda,0.0,0.025210084033613446,-0.0196078431372549,0.0,-0.0196078431372549,0.0,0.025210084033613446
plurality,-0.025210084033613446,0.0,0.025210084033613446,-0.025210084033613446,0.025210084033613446,-0.025210084033613446,0.0
gt,0.0196078431372549,-0.025210084033613446,0.0,0.0196078431372549,0.0,0.0196078431372549,-0.025210084033613446
minimax,0.0,0.025210084033613446,-0.0196078431372549,0.0,-0.0196078431372549,0.0,0.025210084033613446
gtd,0.0196078431372549,-0.025210084033613446,0.0,0.0196078431372549,0.0,0.0196078431372549,-0.025210084033613446
Schulze,0.0,0.025210084033613446,-0.0196078431372549,0.0,-0.0196078431372549,0.0,0.025210084033613446
IRV,-0.025210084033613446,0.0,0.025210084033613446,-0.025210084033613446,0.025210084033613446,-0.025210084033613446,0.0
