,Borda,plurality,gt,minimax,gtd,Schulze,IRV
Borda,0.0,-0.01615798922800718,0.0,0.0,-0.01615798922800718,0.0,0.026929982046678635
plurality,0.01615798922800718,0.0,0.01615798922800718,0.01615798922800718,0.0,0.01615798922800718,-0.02333931777378815
gt,0.0,-0.01615798922800718,0.0,0.0,-0.01615798922800718,0.0,0.026929982046678635
minimax,0.0,-0.01615798922800718,0.0,0.0,-0.01615798922800718,0.0,0.026929982046678635
gtd,0.01615798922800718,0.0,0.01615798922800718,0.01615798922800718,0.0,0.01615798922800718,-0.02333931777378815
Schulze,0.0,-0.01615798922800718,0.0,0.0,-0.01615798922800718,0.0,0.026929982046678635
IRV,-0.026929982046678635,0.02333931777378815,-0.026929982046678635,-0.026929982046678635,0.02333931777378815,-0.026929982046678635,0.0
