,Borda,plurality,gt,minimax,gtd,Schulze,IRV
Borda,0.0,0.0,0.0,0.0,-0.0014985014985014985,0.0,-0.0014985014985014985
plurality,0.0,0.0,0.0,0.0,-0.0014985014985014985,0.0,-0.0014985014985014985
gt,0.0,0.0,0.0,0.0,-0.0014985014985014985,0.0,-0.0014985014985014985
minimax,0.0,0.0,0.0,0.0,-0.0014985014985014985,0.0,-0.0014985014985014985
gtd,0.0014985014985014985,0.0014985014985014985,0.0014985014985014985,0.0014985014985014985,0.0,0.0014985014985014985,0.0
Schulze,0.0,0.0,0.0,0.0,-0.0014985014985014985,0.0,-0.0014985014985014985
IRV,0.0014985014985014985,0.0014985014985014985,0.0014985014985014985,0.0014985014985014985,0.0,0.0014985014985014985,0.0
