,Borda,plurality,gt,minimax,gtd,Schulze,IRV
Borda,0.0,0.0,0.0,-0.012671594508975714,-0.012671594508975714,-0.012671594508975714,0.0
plurality,0.0,0.0,0.0,-0.012671594508975714,-0.012671594508975714,-0.012671594508975714,0.0
gt,0.0,0.0,0.0,-0.012671594508975714,-0.012671594508975714,-0.012671594508975714,0.0
minimax,0.012671594508975714,0.012671594508975714,0.012671594508975714,0.0,0.0,0.0,0.012671594508975714
gtd,0.012671594508975714,0.012671594508975714,0.012671594508975714,0.0,0.0,0.0,0.012671594508975714
Schulze,0.012671594508975714,0.012671594508975714,0.012671594508975714,0.0,0.0,0.0,0.012671594508975714
IRV,0.0,0.0,0.0,-0.012671594508975714,-0.012671594508975714,-0.012671594508975714,0.0
