,Borda,plurality,gt,minimax,gtd,Schulze,IRV
Borda,0.0,-0.020785219399538105,0.04387990762124711,0.0,-0.020785219399538105,0.0,-0.020785219399538105
plurality,0.020785219399538105,0.0,-0.03002309468822171,0.020785219399538105,0.0,0.020785219399538105,0.0
gt,-0.04387990762124711,0.03002309468822171,0.0,-0.04387990762124711,0.03002309468822171,-0.04387990762124711,0.03002309468822171
minimax,0.0,-0.020785219399538105,0.04387990762124711,0.0,-0.020785219399538105,0.0,-0.020785219399538105
gtd,0.020785219399538105,0.0,-0.03002309468822171,0.020785219399538105,0.0,0.020785219399538105,0.0
Schulze,0.0,-0.020785219399538105,0.04387990762124711,0.0,-0.020785219399538105,0.0,-0.020785219399538105
IRV,0.020785219399538105,0.0,-0.03002309468822171,0.020785219399538105,0.0,0.020785219399538105,0.0
