,Borda,plurality,gt,minimax,gtd,Schulze,IRV
Borda,0.0,0.04119850187265917,0.0,0.0,-0.011235955056179775,0.0,0.0
plurality,-0.04119850187265917,0.0,-0.04119850187265917,-0.04119850187265917,0.018726591760299626,-0.04119850187265917,-0.04119850187265917
gt,0.0,0.04119850187265917,0.0,0.0,-0.011235955056179775,0.0,0.0
minimax,0.0,0.04119850187265917,0.0,0.0,-0.011235955056179775,0.0,0.0
gtd,0.011235955056179775,-0.018726591760299626,0.011235955056179775,0.011235955056179775,0.0,0.011235955056179775,0.011235955056179775
Schulze,0.0,0.04119850187265917,0.0,0.0,-0.011235955056179775,0.0,0.0
IRV,0.0,0.04119850187265917,0.0,0.0,-0.011235955056179775,0.0,0.0
