,Borda,plurality,gt,minimax,gtd,Schulze,IRV
Borda,0.0,0.0,-0.031088082901554404,-0.031088082901554404,-0.031088082901554404,-0.031088082901554404,0.0
plurality,0.0,0.0,-0.031088082901554404,-0.031088082901554404,-0.031088082901554404,-0.031088082901554404,0.0
gt,0.031088082901554404,0.031088082901554404,0.0,0.0,0.0,0.0,0.031088082901554404
minimax,0.031088082901554404,0.031088082901554404,0.0,0.0,0.0,0.0,0.031088082901554404
gtd,0.031088082901554404,0.031088082901554404,0.0,0.0,0.0,0.0,0.031088082901554404
Schulze,0.031088082901554404,0.031088082901554404,0.0,0.0,0.0,0.0,0.031088082901554404
IRV,0.0,0.0,-0.031088082901554404,-0.031088082901554404,-0.031088082901554404,-0.031088082901554404,0.0
