,Borda,plurality,gt,minimax,gtd,Schulze,IRV
Borda,0.0,0.0,-0.004629629629629629,0.0,-0.004629629629629629,0.0,0.0
plurality,0.0,0.0,-0.004629629629629629,0.0,-0.004629629629629629,0.0,0.0
gt,0.004629629629629629,0.004629629629629629,0.0,0.004629629629629629,0.0,0.004629629629629629,0.004629629629629629
minimax,0.0,0.0,-0.004629629629629629,0.0,-0.004629629629629629,0.0,0.0
gtd,0.004629629629629629,0.004629629629629629,0.0,0.004629629629629629,0.0,0.004629629629629629,0.004629629629629629
Schulze,0.0,0.0,-0.004629629629629629,0.0,-0.004629629629629629,0.0,0.0
IRV,0.0,0.0,-0.004629629629629629,0.0,-0.004629629629629629,0.0,0.0
