,Borda,plurality,gt,minimax,gtd,Schulze,IRV
Borda,0.0,0.0,0.11963882618510158,0.0,-0.01580135440180587,0.0,-0.01580135440180587
plurality,0.0,0.0,0.11963882618510158,0.0,-0.01580135440180587,0.0,-0.01580135440180587
gt,-0.11963882618510158,-0.11963882618510158,0.0,-0.11963882618510158,0.04288939051918736,-0.11963882618510158,0.04288939051918736
minimax,0.0,0.0,0.11963882618510158,0.0,-0.01580135440180587,0.0,-0.01580135440180587
gtd,0.01580135440180587,0.01580135440180587,-0.04288939051918736,0.01580135440180587,0.0,0.01580135440180587,0.0
Schulze,0.0,0.0,0.11963882618510158,0.0,-0.01580135440180587,0.0,-0.01580135440180587
IRV,0.01580135440180587,0.01580135440180587,-0.04288939051918736,0.01580135440180587,0.0,0.01580135440180587,0.0
