,Borda,plurality,gt,minimax,gtd,Schulze,IRV
Borda,0.0,0.028901734104046242,-0.0019267822736030828,0.0,0.0,0.0,0.0
plurality,-0.028901734104046242,0.0,0.028901734104046242,-0.028901734104046242,-0.028901734104046242,-0.028901734104046242,-0.028901734104046242
gt,0.0019267822736030828,-0.028901734104046242,0.0,0.0019267822736030828,0.0019267822736030828,0.0019267822736030828,0.0019267822736030828
minimax,0.0,0.028901734104046242,-0.0019267822736030828,0.0,0.0,0.0,0.0
gtd,0.0,0.028901734104046242,-0.0019267822736030828,0.0,0.0,0.0,0.0
Schulze,0.0,0.028901734104046242,-0.0019267822736030828,0.0,0.0,0.0,0.0
IRV,0.0,0.028901734104046242,-0.0019267822736030828,0.0,0.0,0.0,0.0
