,Borda,plurality,gt,minimax,gtd,Schulze,IRV
Borda,0.0,-0.0072992700729927005,0.029197080291970802,-0.0072992700729927005,-0.0072992700729927005,-0.0072992700729927005,-0.0072992700729927005
plurality,0.0072992700729927005,0.0,0.0,0.0,0.0,0.0,0.0
gt,-0.029197080291970802,0.0,0.0,0.0,0.0,0.0,0.0
minimax,0.0072992700729927005,0.0,0.0,0.0,0.0,0.0,0.0
gtd,0.0072992700729927005,0.0,0.0,0.0,0.0,0.0,0.0
Schulze,0.0072992700729927005,0.0,0.0,0.0,0.0,0.0,0.0
IRV,0.0072992700729927005,0.0,0.0,0.0,0.0,0.0,0.0
