,Borda,plurality,gt,minimax,gtd,Schulze,IRV
Borda,0.0,0.020833333333333332,-0.015625,0.0,-0.015625,0.0,0.0
plurality,-0.020833333333333332,0.0,0.015625,-0.020833333333333332,0.015625,-0.020833333333333332,-0.020833333333333332
gt,0.015625,-0.015625,0.0,0.015625,0.0,0.015625,0.015625
minimax,0.0,0.020833333333333332,-0.015625,0.0,-0.015625,0.0,0.0
gtd,0.015625,-0.015625,0.0,0.015625,0.0,0.015625,0.015625
Schulze,0.0,0.020833333333333332,-0.015625,0.0,-0.015625,0.0,0.0
IRV,0.0,0.020833333333333332,-0.015625,0.0,-0.015625,0.0,0.0
