,Borda,plurality,gt,minimax,gtd,Schulze,IRV
Borda,0.0,0.017064846416382253,-0.006825938566552901,0.0,-0.006825938566552901,0.0,0.017064846416382253
plurality,-0.017064846416382253,0.0,0.010238907849829351,-0.017064846416382253,0.010238907849829351,-0.017064846416382253,0.0
gt,0.006825938566552901,-0.010238907849829351,0.0,0.006825938566552901,0.0,0.006825938566552901,-0.010238907849829351
minimax,0.0,0.017064846416382253,-0.006825938566552901,0.0,-0.006825938566552901,0.0,0.017064846416382253
gtd,0.006825938566552901,-0.010238907849829351,0.0,0.006825938566552901,0.0,0.006825938566552901,-0.010238907849829351
Schulze,0.0,0.017064846416382253,-0.006825938566552901,0.0,-0.006825938566552901,0.0,0.017064846416382253
IRV,-0.017064846416382253,0.0,0.010238907849829351,-0.017064846416382253,0.010238907849829351,-0.017064846416382253,0.0
