,Borda,plurality,gt,minimax,gtd,Schulze,IRV
Borda,0.0,0.0,0.016835016835016835,-0.006734006734006734,-0.006734006734006734,-0.006734006734006734,-0.006734006734006734
plurality,0.0,0.0,0.016835016835016835,-0.006734006734006734,-0.006734006734006734,-0.006734006734006734,-0.006734006734006734
gt,-0.016835016835016835,-0.016835016835016835,0.0,0.0,0.0,0.0,0.0
minimax,0.006734006734006734,0.006734006734006734,0.0,0.0,0.0,0.0,0.0
gtd,0.006734006734006734,0.006734006734006734,0.0,0.0,0.0,0.0,0.0
Schulze,0.006734006734006734,0.006734006734006734,0.0,0.0,0.0,0.0,0.0
IRV,0.006734006734006734,0.006734006734006734,0.0,0.0,0.0,0.0,0.0
