,Borda,plurality,gt,minimax,gtd,Schulze,IRV
Borda,0.0,0.025145067698259187,-0.013539651837524178,-0.013539651837524178,-0.013539651837524178,-0.013539651837524178,0.0
plurality,-0.025145067698259187,0.0,0.005802707930367505,0.005802707930367505,0.005802707930367505,0.005802707930367505,-0.025145067698259187
gt,0.013539651837524178,-0.005802707930367505,0.0,0.0,0.0,0.0,0.013539651837524178
minimax,0.013539651837524178,-0.005802707930367505,0.0,0.0,0.0,0.0,0.013539651837524178
gtd,0.013539651837524178,-0.005802707930367505,0.0,0.0,0.0,0.0,0.013539651837524178
Schulze,0.013539651837524178,-0.005802707930367505,0.0,0.0,0.0,0.0,0.013539651837524178
IRV,0.0,0.025145067698259187,-0.013539651837524178,-0.013539651837524178,-0.013539651837524178,-0.013539651837524178,0.0
