,Borda,plurality,gt,minimax,gtd,Schulze,IRV
Borda,0.0,0.06544502617801047,0.06544502617801047,-0.01832460732984293,-0.01832460732984293,-0.01832460732984293,0.06544502617801047
plurality,-0.06544502617801047,0.0,0.0,0.0,0.0,0.0,0.0
gt,-0.06544502617801047,0.0,0.0,0.0,0.0,0.0,0.0
minimax,0.01832460732984293,0.0,0.0,0.0,0.0,0.0,0.0
gtd,0.01832460732984293,0.0,0.0,0.0,0.0,0.0,0.0
Schulze,0.01832460732984293,0.0,0.0,0.0,0.0,0.0,0.0
IRV,-0.06544502617801047,0.0,0.0,0.0,0.0,0.0,0.0
