,Borda,plurality,gt,minimax,gtd,Schulze,IRV
Borda,0.0,-0.016042780748663103,-0.016042780748663103,-0.016042780748663103,-0.016042780748663103,-0.016042780748663103,0.06951871657754011
plurality,0.016042780748663103,0.0,0.0,0.0,0.0,0.0,-0.016042780748663103
gt,0.016042780748663103,0.0,0.0,0.0,0.0,0.0,-0.016042780748663103
minimax,0.016042780748663103,0.0,0.0,0.0,0.0,0.0,-0.016042780748663103
gtd,0.016042780748663103,0.0,0.0,0.0,0.0,0.0,-0.016042780748663103
Schulze,0.016042780748663103,0.0,0.0,0.0,0.0,0.0,-0.016042780748663103
IRV,-0.06951871657754011,0.016042780748663103,0.016042780748663103,0.016042780748663103,0.016042780748663103,0.016042780748663103,0.0
