,Borda,plurality,gt,minimax,gtd,Schulze,IRV
Borda,0.0,-0.006462035541195477,-0.006462035541195477,0.0,-0.006462035541195477,0.0,-0.006462035541195477
plurality,0.006462035541195477,0.0,0.0,0.006462035541195477,0.0,0.006462035541195477,0.0
gt,0.006462035541195477,0.0,0.0,0.006462035541195477,0.0,0.006462035541195477,0.0
minimax,0.0,-0.006462035541195477,-0.006462035541195477,0.0,-0.006462035541195477,0.0,-0.006462035541195477
gtd,0.006462035541195477,0.0,0.0,0.006462035541195477,0.0,0.006462035541195477,0.0
Schulze,0.0,-0.006462035541195477,-0.006462035541195477,0.0,-0.006462035541195477,0.0,-0.006462035541195477
IRV,0.006462035541195477,0.0,0.0,0.006462035541195477,0.0,0.006462035541195477,0.0
