,Borda,plurality,gt,minimax,gtd,Schulze,IRV
Borda,0.0,-0.0055658627087198514,-0.0055658627087198514,0.0,-0.0055658627087198514,0.0,0.10204081632653061
plurality,0.0055658627087198514,0.0,0.0,0.0055658627087198514,0.0,0.0055658627087198514,-0.02040816326530612
gt,0.0055658627087198514,0.0,0.0,0.0055658627087198514,0.0,0.0055658627087198514,-0.02040816326530612
minimax,0.0,-0.0055658627087198514,-0.0055658627087198514,0.0,-0.0055658627087198514,0.0,0.10204081632653061
gtd,0.0055658627087198514,0.0,0.0,0.0055658627087198514,0.0,0.0055658627087198514,-0.02040816326530612
Schulze,0.0,-0.0055658627087198514,-0.0055658627087198514,0.0,-0.0055658627087198514,0.0,0.10204081632653061
IRV,-0.10204081632653061,0.02040816326530612,0.02040816326530612,-0.10204081632653061,0.02040816326530612,-0.10204081632653061,0.0
