,Borda,plurality,gt,minimax,gtd,Schulze,IRV
Borda,0.0,0.0,0.0,0.0,0.0,0.0,0.08888888888888889
plurality,0.0,0.0,0.0,0.0,0.0,0.0,-0.027777777777777776
gt,0.0,0.0,0.0,0.0,0.0,0.0,0.08888888888888889
minimax,0.0,0.0,0.0,0.0,0.0,0.0,0.08888888888888889
gtd,0.0,0.0,0.0,0.0,0.0,0.0,0.08888888888888889
Schulze,0.0,0.0,0.0,0.0,0.0,0.0,0.08888888888888889
IRV,-0.08888888888888889,0.027777777777777776,-0.08888888888888889,-0.08888888888888889,-0.08888888888888889,-0.08888888888888889,0.0
