,Borda,plurality,gt,minimax,gtd,Schulze,IRV
Borda,0.0,0.0,-0.023842917251051893,-0.023842917251051893,-0.023842917251051893,-0.023842917251051893,-0.023842917251051893
plurality,0.0,0.0,-0.023842917251051893,-0.023842917251051893,-0.023842917251051893,-0.023842917251051893,-0.023842917251051893
gt,0.023842917251051893,0.023842917251051893,0.0,0.0,0.0,0.0,0.0
minimax,0.023842917251051893,0.023842917251051893,0.0,0.0,0.0,0.0,0.0
gtd,0.023842917251051893,0.023842917251051893,0.0,0.0,0.0,0.0,0.0
Schulze,0.023842917251051893,0.023842917251051893,0.0,0.0,0.0,0.0,0.0
IRV,0.023842917251051893,0.023842917251051893,0.0,0.0,0.0,0.0,0.0
