,Borda,plurality,gt,minimax,gtd,Schulze,IRV
Borda,0.0,0.0,-0.011990407673860911,-0.011990407673860911,-0.011990407673860911,-0.011990407673860911,0.0
plurality,0.0,0.0,-0.011990407673860911,-0.011990407673860911,-0.011990407673860911,-0.011990407673860911,0.0
gt,0.011990407673860911,0.011990407673860911,0.0,0.0,0.0,0.0,0.011990407673860911
minimax,0.011990407673860911,0.011990407673860911,0.0,0.0,0.0,0.0,0.011990407673860911
gtd,0.011990407673860911,0.011990407673860911,0.0,0.0,0.0,0.0,0.011990407673860911
Schulze,0.011990407673860911,0.011990407673860911,0.0,0.0,0.0,0.0,0.011990407673860911
IRV,0.0,0.0,-0.011990407673860911,-0.011990407673860911,-0.011990407673860911,-0.011990407673860911,0.0
