,Borda,plurality,gt,minimax,gtd,Schulze,IRV
Borda,0.0,0.04738154613466334,-0.0024937655860349127,0.0,-0.0024937655860349127,0.0,0.0
plurality,-0.04738154613466334,0.0,0.02743142144638404,-0.04738154613466334,0.02743142144638404,-0.04738154613466334,-0.04738154613466334
gt,0.0024937655860349127,-0.02743142144638404,0.0,0.0024937655860349127,0.0,0.0024937655860349127,0.0024937655860349127
minimax,0.0,0.04738154613466334,-0.0024937655860349127,0.0,-0.0024937655860349127,0.0,0.0
gtd,0.0024937655860349127,-0.02743142144638404,0.0,0.0024937655860349127,0.0,0.0024937655860349127,0.0024937655860349127
Schulze,0.0,0.04738154613466334,-0.0024937655860349127,0.0,-0.0024937655860349127,0.0,0.0
IRV,0.0,0.04738154613466334,-0.0024937655860349127,0.0,-0.0024937655860349127,0.0,0.0
