,Borda,plurality,gt,minimax,gtd,Schulze,IRV
Borda,0.0,0.0,-0.022222222222222223,-0.022222222222222223,-0.022222222222222223,-0.022222222222222223,-0.022222222222222223
plurality,0.0,0.0,-0.022222222222222223,-0.022222222222222223,-0.022222222222222223,-0.022222222222222223,-0.022222222222222223
gt,0.022222222222222223,0.022222222222222223,0.0,0.0,0.0,0.0,0.0
minimax,0.022222222222222223,0.022222222222222223,0.0,0.0,0.0,0.0,0.0
gtd,0.022222222222222223,0.022222222222222223,0.0,0.0,0.0,0.0,0.0
Schulze,0.022222222222222223,0.022222222222222223,0.0,0.0,0.0,0.0,0.0
IRV,0.022222222222222223,0.022222222222222223,0.0,0.0,0.0,0.0,0.0
