,Borda,plurality,gt,minimax,gtd,Schulze,IRV
Borda,0.0,0.01798941798941799,-0.0010582010582010583,0.0,-0.0010582010582010583,0.0,0.01798941798941799
plurality,-0.01798941798941799,0.0,0.005291005291005291,-0.01798941798941799,0.005291005291005291,-0.01798941798941799,0.0
gt,0.0010582010582010583,-0.005291005291005291,0.0,0.0010582010582010583,0.0,0.0010582010582010583,-0.005291005291005291
minimax,0.0,0.01798941798941799,-0.0010582010582010583,0.0,-0.0010582010582010583,0.0,0.01798941798941799
gtd,0.0010582010582010583,-0.005291005291005291,0.0,0.0010582010582010583,0.0,0.0010582010582010583,-0.005291005291005291
Schulze,0.0,0.01798941798941799,-0.0010582010582010583,0.0,-0.0010582010582010583,0.0,0.01798941798941799
IRV,-0.01798941798941799,0.0,0.005291005291005291,-0.01798941798941799,0.005291005291005291,-0.01798941798941799,0.0
