,Borda,plurality,gt,minimax,gtd,Schulze,IRV
Borda,0.0,0.058823529411764705,-0.00392156862745098,0.0,-0.00392156862745098,0.0,0.058823529411764705
plurality,-0.058823529411764705,0.0,0.03137254901960784,-0.058823529411764705,0.03137254901960784,-0.058823529411764705,0.0
gt,0.00392156862745098,-0.03137254901960784,0.0,0.00392156862745098,0.0,0.00392156862745098,-0.03137254901960784
minimax,0.0,0.058823529411764705,-0.00392156862745098,0.0,-0.00392156862745098,0.0,0.058823529411764705
gtd,0.00392156862745098,-0.03137254901960784,0.0,0.00392156862745098,0.0,0.00392156862745098,-0.03137254901960784
Schulze,0.0,0.058823529411764705,-0.00392156862745098,0.0,-0.00392156862745098,0.0,0.058823529411764705
IRV,-0.058823529411764705,0.0,0.03137254901960784,-0.058823529411764705,0.03137254901960784,-0.058823529411764705,0.0
