,Borda,plurality,gt,minimax,gtd,Schulze,IRV
Borda,0.0,-0.005681818181818182,-0.005681818181818182,-0.005681818181818182,-0.005681818181818182,-0.005681818181818182,0.07386363636363637
plurality,0.005681818181818182,0.0,0.0,0.0,0.0,0.0,0.0
gt,0.005681818181818182,0.0,0.0,0.0,0.0,0.0,0.0
minimax,0.005681818181818182,0.0,0.0,0.0,0.0,0.0,0.0
gtd,0.005681818181818182,0.0,0.0,0.0,0.0,0.0,0.0
Schulze,0.005681818181818182,0.0,0.0,0.0,0.0,0.0,0.0
IRV,-0.07386363636363637,0.0,0.0,0.0,0.0,0.0,0.0
