,Borda,plurality,gt,minimax,gtd,Schulze,IRV
Borda,0.0,-0.024509803921568627,-0.024509803921568627,-0.024509803921568627,-0.024509803921568627,-0.024509803921568627,0.08823529411764706
plurality,0.024509803921568627,0.0,0.0,0.0,0.0,0.0,-0.004901960784313725
gt,0.024509803921568627,0.0,0.0,0.0,0.0,0.0,-0.004901960784313725
minimax,0.024509803921568627,0.0,0.0,0.0,0.0,0.0,-0.004901960784313725
gtd,0.024509803921568627,0.0,0.0,0.0,0.0,0.0,-0.004901960784313725
Schulze,0.024509803921568627,0.0,0.0,0.0,0.0,0.0,-0.004901960784313725
IRV,-0.08823529411764706,0.004901960784313725,0.004901960784313725,0.004901960784313725,0.004901960784313725,0.004901960784313725,0.0
