,Borda,plurality,gt,minimax,gtd,Schulze,IRV
Borda,0.0,-0.005376344086021506,-0.005376344086021506,0.0,-0.005376344086021506,0.0,0.03225806451612903
plurality,0.005376344086021506,0.0,0.0,0.005376344086021506,0.0,0.005376344086021506,-0.005376344086021506
gt,0.005376344086021506,0.0,0.0,0.005376344086021506,0.0,0.005376344086021506,-0.005376344086021506
minimax,0.0,-0.005376344086021506,-0.005376344086021506,0.0,-0.005376344086021506,0.0,0.03225806451612903
gtd,0.005376344086021506,0.0,0.0,0.005376344086021506,0.0,0.005376344086021506,-0.005376344086021506
Schulze,0.0,-0.005376344086021506,-0.005376344086021506,0.0,-0.005376344086021506,0.0,0.03225806451612903
IRV,-0.03225806451612903,0.005376344086021506,0.005376344086021506,-0.03225806451612903,0.005376344086021506,-0.03225806451612903,0.0
