,Borda,plurality,gt,minimax,gtd,Schulze,IRV
Borda,0.0,0.024539877300613498,0.024539877300613498,0.0,0.0,0.0,0.0
plurality,-0.024539877300613498,0.0,0.0,-0.024539877300613498,-0.024539877300613498,-0.024539877300613498,-0.024539877300613498
gt,-0.024539877300613498,0.0,0.0,-0.024539877300613498,-0.024539877300613498,-0.024539877300613498,-0.024539877300613498
minimax,0.0,0.024539877300613498,0.024539877300613498,0.0,0.0,0.0,0.0
gtd,0.0,0.024539877300613498,0.024539877300613498,0.0,0.0,0.0,0.0
Schulze,0.0,0.024539877300613498,0.024539877300613498,0.0,0.0,0.0,0.0
IRV,0.0,0.024539877300613498,0.024539877300613498,0.0,0.0,0.0,0.0
