,Borda,plurality,gt,minimax,gtd,Schulze,IRV
Borda,0.0,-0.006423982869379015,0.0,0.0,-0.006423982869379015,0.0,0.044967880085653104
plurality,0.006423982869379015,0.0,0.006423982869379015,0.006423982869379015,0.0,0.006423982869379015,-0.019271948608137045
gt,0.0,-0.006423982869379015,0.0,0.0,-0.006423982869379015,0.0,0.044967880085653104
minimax,0.0,-0.006423982869379015,0.0,0.0,-0.006423982869379015,0.0,0.044967880085653104
gtd,0.006423982869379015,0.0,0.006423982869379015,0.006423982869379015,0.0,0.006423982869379015,-0.019271948608137045
Schulze,0.0,-0.006423982869379015,0.0,0.0,-0.006423982869379015,0.0,0.044967880085653104
IRV,-0.044967880085653104,0.019271948608137045,-0.044967880085653104,-0.044967880085653104,0.019271948608137045,-0.044967880085653104,0.0
