,Borda,plurality,gt,minimax,gtd,Schulze,IRV
Borda,0.0,0.0,0.033707865168539325,-0.02086677367576244,-0.02086677367576244,-0.02086677367576244,0.0
plurality,0.0,0.0,0.033707865168539325,-0.02086677367576244,-0.02086677367576244,-0.02086677367576244,0.0
gt,-0.033707865168539325,-0.033707865168539325,0.0,0.02086677367576244,0.02086677367576244,0.02086677367576244,-0.033707865168539325
minimax,0.02086677367576244,0.02086677367576244,-0.02086677367576244,0.0,0.0,0.0,0.02086677367576244
gtd,0.02086677367576244,0.02086677367576244,-0.02086677367576244,0.0,0.0,0.0,0.02086677367576244
Schulze,0.02086677367576244,0.02086677367576244,-0.02086677367576244,0.0,0.0,0.0,0.02086677367576244
IRV,0.0,0.0,0.033707865168539325,-0.02086677367576244,-0.02086677367576244,-0.02086677367576244,0.0
