,Borda,plurality,gt,minimax,gtd,Schulze,IRV
Borda,0.0,0.026415094339622643,0.0,0.0,0.0,0.0,0.026415094339622643
plurality,-0.026415094339622643,0.0,0.01509433962264151,-0.026415094339622643,-0.026415094339622643,-0.026415094339622643,0.0
gt,0.0,-0.01509433962264151,0.0,0.0,0.0,0.0,-0.01509433962264151
minimax,0.0,0.026415094339622643,0.0,0.0,0.0,0.0,0.026415094339622643
gtd,0.0,0.026415094339622643,0.0,0.0,0.0,0.0,0.026415094339622643
Schulze,0.0,0.026415094339622643,0.0,0.0,0.0,0.0,0.026415094339622643
IRV,-0.026415094339622643,0.0,0.01509433962264151,-0.026415094339622643,-0.026415094339622643,-0.026415094339622643,0.0
