,Borda,plurality,gt,minimax,gtd,Schulze,IRV
Borda,0.0,0.05670103092783505,-0.010309278350515464,-0.010309278350515464,-0.010309278350515464,-0.010309278350515464,0.0
plurality,-0.05670103092783505,0.0,0.005154639175257732,0.005154639175257732,0.005154639175257732,0.005154639175257732,-0.05670103092783505
gt,0.010309278350515464,-0.005154639175257732,0.0,0.0,0.0,0.0,0.010309278350515464
minimax,0.010309278350515464,-0.005154639175257732,0.0,0.0,0.0,0.0,0.010309278350515464
gtd,0.010309278350515464,-0.005154639175257732,0.0,0.0,0.0,0.0,0.010309278350515464
Schulze,0.010309278350515464,-0.005154639175257732,0.0,0.0,0.0,0.0,0.010309278350515464
IRV,0.0,0.05670103092783505,-0.010309278350515464,-0.010309278350515464,-0.010309278350515464,-0.010309278350515464,0.0
