,Borda,plurality,gt,minimax,gtd,Schulze,IRV
Borda,0.0,0.0962566844919786,0.0962566844919786,-0.016042780748663103,-0.016042780748663103,-0.016042780748663103,0.0
plurality,-0.0962566844919786,0.0,0.0,0.0106951871657754,0.0106951871657754,0.0106951871657754,-0.0962566844919786
gt,-0.0962566844919786,0.0,0.0,0.0106951871657754,0.0106951871657754,0.0106951871657754,-0.0962566844919786
minimax,0.016042780748663103,-0.0106951871657754,-0.0106951871657754,0.0,0.0,0.0,0.016042780748663103
gtd,0.016042780748663103,-0.0106951871657754,-0.0106951871657754,0.0,0.0,0.0,0.016042780748663103
Schulze,0.016042780748663103,-0.0106951871657754,-0.0106951871657754,0.0,0.0,0.0,0.016042780748663103
IRV,0.0,0.0962566844919786,0.0962566844919786,-0.016042780748663103,-0.016042780748663103,-0.016042780748663103,0.0
