,Borda,plurality,gt,minimax,gtd,Schulze,IRV
Borda,0.0,0.0641025641025641,0.0641025641025641,0.0,-0.03076923076923077,0.0,0.0641025641025641
plurality,-0.0641025641025641,0.0,0.0,-0.0641025641025641,0.041025641025641026,-0.0641025641025641,0.0
gt,-0.0641025641025641,0.0,0.0,-0.0641025641025641,0.041025641025641026,-0.0641025641025641,0.0
minimax,0.0,0.0641025641025641,0.0641025641025641,0.0,-0.03076923076923077,0.0,0.0641025641025641
gtd,0.03076923076923077,-0.041025641025641026,-0.041025641025641026,0.03076923076923077,0.0,0.03076923076923077,-0.041025641025641026
Schulze,0.0,0.0641025641025641,0.0641025641025641,0.0,-0.03076923076923077,0.0,0.0641025641025641
IRV,-0.0641025641025641,0.0,0.0,-0.0641025641025641,0.041025641025641026,-0.0641025641025641,0.0
