,Borda,plurality,gt,minimax,gtd,Schulze,IRV
Borda,0.0,0.0283960092095165,-0.003837298541826554,0.0,-0.003837298541826554,0.0,0.0283960092095165
plurality,-0.0283960092095165,0.0,0.01918649270913277,-0.0283960092095165,0.01918649270913277,-0.0283960092095165,0.0
gt,0.003837298541826554,-0.01918649270913277,0.0,0.003837298541826554,0.0,0.003837298541826554,-0.01918649270913277
minimax,0.0,0.0283960092095165,-0.003837298541826554,0.0,-0.003837298541826554,0.0,0.0283960092095165
gtd,0.003837298541826554,-0.01918649270913277,0.0,0.003837298541826554,0.0,0.003837298541826554,-0.01918649270913277
Schulze,0.0,0.0283960092095165,-0.003837298541826554,0.0,-0.003837298541826554,0.0,0.0283960092095165
IRV,-0.0283960092095165,0.0,0.01918649270913277,-0.0283960092095165,0.01918649270913277,-0.0283960092095165,0.0
