,Borda,plurality,gt,minimax,gtd,Schulze,IRV
Borda,0.0,0.14344262295081966,0.0,0.0,0.0,0.0,0.0
plurality,-0.14344262295081966,0.0,-0.12295081967213115,-0.14344262295081966,-0.12295081967213115,-0.14344262295081966,-0.14344262295081966
gt,0.0,0.12295081967213115,0.0,0.0,0.0,0.0,0.0
minimax,0.0,0.14344262295081966,0.0,0.0,0.0,0.0,0.0
gtd,0.0,0.12295081967213115,0.0,0.0,0.0,0.0,0.0
Schulze,0.0,0.14344262295081966,0.0,0.0,0.0,0.0,0.0
IRV,0.0,0.14344262295081966,0.0,0.0,0.0,0.0,0.0
