,Borda,plurality,gt,minimax,gtd,Schulze,IRV
Borda,0.0,-0.014150943396226415,0.0,0.0,0.0,0.0,0.04716981132075472
plurality,0.014150943396226415,0.0,0.014150943396226415,0.014150943396226415,0.014150943396226415,0.014150943396226415,-0.04716981132075472
gt,0.0,-0.014150943396226415,0.0,0.0,0.0,0.0,0.04716981132075472
minimax,0.0,-0.014150943396226415,0.0,0.0,0.0,0.0,0.04716981132075472
gtd,0.0,-0.014150943396226415,0.0,0.0,0.0,0.0,0.04716981132075472
Schulze,0.0,-0.014150943396226415,0.0,0.0,0.0,0.0,0.04716981132075472
IRV,-0.04716981132075472,0.04716981132075472,-0.04716981132075472,-0.04716981132075472,-0.04716981132075472,-0.04716981132075472,0.0
