,Borda,plurality,gt,minimax,gtd,Schulze,IRV
Borda,0.0,-0.013201320132013201,-0.013201320132013201,-0.013201320132013201,-0.013201320132013201,-0.013201320132013201,0.026402640264026403
plurality,0.013201320132013201,0.0,0.0,0.0,0.0,0.0,-0.009900990099009901
gt,0.013201320132013201,0.0,0.0,0.0,0.0,0.0,-0.009900990099009901
minimax,0.013201320132013201,0.0,0.0,0.0,0.0,0.0,-0.009900990099009901
gtd,0.013201320132013201,0.0,0.0,0.0,0.0,0.0,-0.009900990099009901
Schulze,0.013201320132013201,0.0,0.0,0.0,0.0,0.0,-0.009900990099009901
IRV,-0.026402640264026403,0.009900990099009901,0.009900990099009901,0.009900990099009901,0.009900990099009901,0.009900990099009901,0.0
