,Borda,plurality,gt,minimax,gtd,Schulze,IRV
Borda,0.0,-0.007704160246533128,0.020030816640986132,0.0,-0.007704160246533128,0.0,-0.007704160246533128
plurality,0.007704160246533128,0.0,-0.01386748844375963,0.007704160246533128,0.0,0.007704160246533128,0.0
gt,-0.020030816640986132,0.01386748844375963,0.0,-0.020030816640986132,0.01386748844375963,-0.020030816640986132,0.01386748844375963
minimax,0.0,-0.007704160246533128,0.020030816640986132,0.0,-0.007704160246533128,0.0,-0.007704160246533128
gtd,0.007704160246533128,0.0,-0.01386748844375963,0.007704160246533128,0.0,0.007704160246533128,0.0
Schulze,0.0,-0.007704160246533128,0.020030816640986132,0.0,-0.007704160246533128,0.0,-0.007704160246533128
IRV,0.007704160246533128,0.0,-0.01386748844375963,0.007704160246533128,0.0,0.007704160246533128,0.0
