,Borda,plurality,gt,minimax,gtd,Schulze,IRV
Borda,0.0,0.023383768913342505,0.023383768913342505,0.0,0.0,0.0,0.0
plurality,-0.023383768913342505,0.0,0.0,-0.023383768913342505,-0.023383768913342505,-0.023383768913342505,-0.023383768913342505
gt,-0.023383768913342505,0.0,0.0,-0.023383768913342505,-0.023383768913342505,-0.023383768913342505,-0.023383768913342505
minimax,0.0,0.023383768913342505,0.023383768913342505,0.0,0.0,0.0,0.0
gtd,0.0,0.023383768913342505,0.023383768913342505,0.0,0.0,0.0,0.0
Schulze,0.0,0.023383768913342505,0.023383768913342505,0.0,0.0,0.0,0.0
IRV,0.0,0.023383768913342505,0.023383768913342505,0.0,0.0,0.0,0.0
