,Borda,plurality,gt,minimax,gtd,Schulze,IRV
Borda,0.0,0.11971830985915492,0.0,0.0,0.0,0.0,0.0
plurality,-0.11971830985915492,0.0,-0.10328638497652583,-0.10328638497652583,-0.10328638497652583,-0.10328638497652583,-0.10328638497652583
gt,0.0,0.10328638497652583,0.0,0.0,0.0,0.0,0.0
minimax,0.0,0.10328638497652583,0.0,0.0,0.0,0.0,0.0
gtd,0.0,0.10328638497652583,0.0,0.0,0.0,0.0,0.0
Schulze,0.0,0.10328638497652583,0.0,0.0,0.0,0.0,0.0
IRV,0.0,0.10328638497652583,0.0,0.0,0.0,0.0,0.0
