,Borda,plurality,gt,minimax,gtd,Schulze,IRV
Borda,0.0,-0.0018484288354898336,-0.0018484288354898336,0.0,-0.0018484288354898336,0.0,-0.0018484288354898336
plurality,0.0018484288354898336,0.0,0.0,0.0018484288354898336,0.0,0.0018484288354898336,0.0
gt,0.0018484288354898336,0.0,0.0,0.0018484288354898336,0.0,0.0018484288354898336,0.0
minimax,0.0,-0.0018484288354898336,-0.0018484288354898336,0.0,-0.0018484288354898336,0.0,-0.0018484288354898336
gtd,0.0018484288354898336,0.0,0.0,0.0018484288354898336,0.0,0.0018484288354898336,0.0
Schulze,0.0,-0.0018484288354898336,-0.0018484288354898336,0.0,-0.0018484288354898336,0.0,-0.0018484288354898336
IRV,0.0018484288354898336,0.0,0.0,0.0018484288354898336,0.0,0.0018484288354898336,0.0
