,Borda,plurality,gt,minimax,gtd,Schulze,IRV
Borda,0.0,-0.016129032258064516,0.026881720430107527,-0.016129032258064516,-0.016129032258064516,-0.016129032258064516,0.026881720430107527
plurality,0.016129032258064516,0.0,-0.016129032258064516,0.0,0.0,0.0,-0.016129032258064516
gt,-0.026881720430107527,0.016129032258064516,0.0,0.016129032258064516,0.016129032258064516,0.016129032258064516,0.0
minimax,0.016129032258064516,0.0,-0.016129032258064516,0.0,0.0,0.0,-0.016129032258064516
gtd,0.016129032258064516,0.0,-0.016129032258064516,0.0,0.0,0.0,-0.016129032258064516
Schulze,0.016129032258064516,0.0,-0.016129032258064516,0.0,0.0,0.0,-0.016129032258064516
IRV,-0.026881720430107527,0.016129032258064516,0.0,0.016129032258064516,0.016129032258064516,0.016129032258064516,0.0
