,Borda,plurality,gt,minimax,gtd,Schulze,IRV
Borda,0.0,0.0,0.02702702702702703,-0.013013013013013013,-0.013013013013013013,-0.013013013013013013,0.0
plurality,0.0,0.0,0.02702702702702703,-0.013013013013013013,-0.013013013013013013,-0.013013013013013013,0.0
gt,-0.02702702702702703,-0.02702702702702703,0.0,0.013013013013013013,0.013013013013013013,0.013013013013013013,-0.02702702702702703
minimax,0.013013013013013013,0.013013013013013013,-0.013013013013013013,0.0,0.0,0.0,0.013013013013013013
gtd,0.013013013013013013,0.013013013013013013,-0.013013013013013013,0.0,0.0,0.0,0.013013013013013013
Schulze,0.013013013013013013,0.013013013013013013,-0.013013013013013013,0.0,0.0,0.0,0.013013013013013013
IRV,0.0,0.0,0.02702702702702703,-0.013013013013013013,-0.013013013013013013,-0.013013013013013013,0.0
