,Borda,plurality,gt,minimax,gtd,Schulze,IRV
Borda,0.0,0.0,0.03389830508474576,0.0,-0.011299435028248588,0.0,-0.011299435028248588
plurality,0.0,0.0,0.03389830508474576,0.0,-0.011299435028248588,0.0,-0.011299435028248588
gt,-0.03389830508474576,-0.03389830508474576,0.0,-0.03389830508474576,0.022598870056497175,-0.03389830508474576,0.022598870056497175
minimax,0.0,0.0,0.03389830508474576,0.0,-0.011299435028248588,0.0,-0.011299435028248588
gtd,0.011299435028248588,0.011299435028248588,-0.022598870056497175,0.011299435028248588,0.0,0.011299435028248588,0.0
Schulze,0.0,0.0,0.03389830508474576,0.0,-0.011299435028248588,0.0,-0.011299435028248588
IRV,0.011299435028248588,0.011299435028248588,-0.022598870056497175,0.011299435028248588,0.0,0.011299435028248588,0.0
