,Borda,plurality,gt,minimax,gtd,Schulze,IRV
Borda,0.0,0.0,-0.008567931456548347,0.0,-0.008567931456548347,0.0,-0.008567931456548347
plurality,0.0,0.0,-0.008567931456548347,0.0,-0.008567931456548347,0.0,-0.008567931456548347
gt,0.008567931456548347,0.008567931456548347,0.0,0.008567931456548347,0.0,0.008567931456548347,0.0
minimax,0.0,0.0,-0.008567931456548347,0.0,-0.008567931456548347,0.0,-0.008567931456548347
gtd,0.008567931456548347,0.008567931456548347,0.0,0.008567931456548347,0.0,0.008567931456548347,0.0
Schulze,0.0,0.0,-0.008567931456548347,0.0,-0.008567931456548347,0.0,-0.008567931456548347
IRV,0.008567931456548347,0.008567931456548347,0.0,0.008567931456548347,0.0,0.008567931456548347,0.0
