,Borda,plurality,gt,minimax,gtd,Schulze,IRV
Borda,0.0,0.07253886010362694,0.0,0.0,0.0,0.0,0.0
plurality,-0.07253886010362694,0.0,-0.031088082901554404,-0.07253886010362694,-0.031088082901554404,-0.07253886010362694,-0.07253886010362694
gt,0.0,0.031088082901554404,0.0,0.0,0.0,0.0,0.0
minimax,0.0,0.07253886010362694,0.0,0.0,0.0,0.0,0.0
gtd,0.0,0.031088082901554404,0.0,0.0,0.0,0.0,0.0
Schulze,0.0,0.07253886010362694,0.0,0.0,0.0,0.0,0.0
IRV,0.0,0.07253886010362694,0.0,0.0,0.0,0.0,0.0
