,Borda,plurality,gt,minimax,gtd,Schulze,IRV
Borda,0.0,0.0,0.09933774834437085,0.0,-0.024282560706401765,0.0,-0.024282560706401765
plurality,0.0,0.0,0.09933774834437085,0.0,-0.024282560706401765,0.0,-0.024282560706401765
gt,-0.09933774834437085,-0.09933774834437085,0.0,-0.09933774834437085,0.037527593818984545,-0.09933774834437085,0.037527593818984545
minimax,0.0,0.0,0.09933774834437085,0.0,-0.024282560706401765,0.0,-0.024282560706401765
gtd,0.024282560706401765,0.024282560706401765,-0.037527593818984545,0.024282560706401765,0.0,0.024282560706401765,0.0
Schulze,0.0,0.0,0.09933774834437085,0.0,-0.024282560706401765,0.0,-0.024282560706401765
IRV,0.024282560706401765,0.024282560706401765,-0.037527593818984545,0.024282560706401765,0.0,0.024282560706401765,0.0
