,Borda,plurality,gt,minimax,gtd,Schulze,IRV
Borda,0.0,-0.013774104683195593,0.0,0.0,-0.013774104683195593,0.0,-0.013774104683195593
plurality,0.013774104683195593,0.0,0.013774104683195593,0.013774104683195593,0.0,0.013774104683195593,0.0
gt,0.0,-0.013774104683195593,0.0,0.0,-0.013774104683195593,0.0,-0.013774104683195593
minimax,0.0,-0.013774104683195593,0.0,0.0,-0.013774104683195593,0.0,-0.013774104683195593
gtd,0.013774104683195593,0.0,0.013774104683195593,0.013774104683195593,0.0,0.013774104683195593,0.0
Schulze,0.0,-0.013774104683195593,0.0,0.0,-0.013774104683195593,0.0,-0.013774104683195593
IRV,0.013774104683195593,0.0,0.013774104683195593,0.013774104683195593,0.0,0.013774104683195593,0.0
