,Borda,plurality,gt,minimax,gtd,Schulze,IRV
Borda,0.0,0.0700218818380744,0.0,0.0,0.0,0.0,0.0
plurality,-0.0700218818380744,0.0,-0.0350109409190372,-0.0700218818380744,-0.0350109409190372,-0.0700218818380744,-0.0350109409190372
gt,0.0,0.0350109409190372,0.0,0.0,0.0,0.0,0.0
minimax,0.0,0.0700218818380744,0.0,0.0,0.0,0.0,0.0
gtd,0.0,0.0350109409190372,0.0,0.0,0.0,0.0,0.0
Schulze,0.0,0.0700218818380744,0.0,0.0,0.0,0.0,0.0
IRV,0.0,0.0350109409190372,0.0,0.0,0.0,0.0,0.0
