,Borda,plurality,gt,minimax,gtd,Schulze,IRV
Borda,0.0,-0.008431703204047217,-0.008431703204047217,-0.008431703204047217,-0.008431703204047217,-0.008431703204047217,-0.008431703204047217
plurality,0.008431703204047217,0.0,0.0,0.0,0.0,0.0,0.0
gt,0.008431703204047217,0.0,0.0,0.0,0.0,0.0,0.0
minimax,0.008431703204047217,0.0,0.0,0.0,0.0,0.0,0.0
gtd,0.008431703204047217,0.0,0.0,0.0,0.0,0.0,0.0
Schulze,0.008431703204047217,0.0,0.0,0.0,0.0,0.0,0.0
IRV,0.008431703204047217,0.0,0.0,0.0,0.0,0.0,0.0
