,Borda,plurality,gt,minimax,gtd,Schulze,IRV
Borda,0.0,-0.003952569169960474,0.0,0.0,0.0,0.0,0.011857707509881422
plurality,0.003952569169960474,0.0,0.003952569169960474,0.003952569169960474,0.003952569169960474,0.003952569169960474,-0.014492753623188406
gt,0.0,-0.003952569169960474,0.0,0.0,0.0,0.0,0.011857707509881422
minimax,0.0,-0.003952569169960474,0.0,0.0,0.0,0.0,0.011857707509881422
gtd,0.0,-0.003952569169960474,0.0,0.0,0.0,0.0,0.011857707509881422
Schulze,0.0,-0.003952569169960474,0.0,0.0,0.0,0.0,0.011857707509881422
IRV,-0.011857707509881422,0.014492753623188406,-0.011857707509881422,-0.011857707509881422,-0.011857707509881422,-0.011857707509881422,0.0
