,Borda,plurality,gt,minimax,gtd,Schulze,IRV
Borda,0.0,0.0,0.0,-0.010752688172043012,-0.010752688172043012,-0.010752688172043012,-0.010752688172043012
plurality,0.0,0.0,0.0,-0.010752688172043012,-0.010752688172043012,-0.010752688172043012,-0.010752688172043012
gt,0.0,0.0,0.0,-0.010752688172043012,-0.010752688172043012,-0.010752688172043012,-0.010752688172043012
minimax,0.010752688172043012,0.010752688172043012,0.010752688172043012,0.0,0.0,0.0,0.0
gtd,0.010752688172043012,0.010752688172043012,0.010752688172043012,0.0,0.0,0.0,0.0
Schulze,0.010752688172043012,0.010752688172043012,0.010752688172043012,0.0,0.0,0.0,0.0
IRV,0.010752688172043012,0.010752688172043012,0.010752688172043012,0.0,0.0,0.0,0.0
