,Borda,plurality,gt,minimax,gtd,Schulze,IRV
Borda,0.0,-0.017467248908296942,0.0,0.0,-0.017467248908296942,0.0,0.021834061135371178
plurality,0.017467248908296942,0.0,0.017467248908296942,0.017467248908296942,0.0,0.017467248908296942,-0.021834061135371178
gt,0.0,-0.017467248908296942,0.0,0.0,-0.017467248908296942,0.0,0.021834061135371178
minimax,0.0,-0.017467248908296942,0.0,0.0,-0.017467248908296942,0.0,0.021834061135371178
gtd,0.017467248908296942,0.0,0.017467248908296942,0.017467248908296942,0.0,0.017467248908296942,-0.021834061135371178
Schulze,0.0,-0.017467248908296942,0.0,0.0,-0.017467248908296942,0.0,0.021834061135371178
IRV,-0.021834061135371178,0.021834061135371178,-0.021834061135371178,-0.021834061135371178,0.021834061135371178,-0.021834061135371178,0.0
