,Borda,plurality,gt,minimax,gtd,Schulze,IRV
Borda,0.0,-0.01593625498007968,0.043824701195219126,-0.01593625498007968,-0.01593625498007968,-0.01593625498007968,-0.01593625498007968
plurality,0.01593625498007968,0.0,-0.00398406374501992,0.0,0.0,0.0,0.0
gt,-0.043824701195219126,0.00398406374501992,0.0,0.00398406374501992,0.00398406374501992,0.00398406374501992,0.00398406374501992
minimax,0.01593625498007968,0.0,-0.00398406374501992,0.0,0.0,0.0,0.0
gtd,0.01593625498007968,0.0,-0.00398406374501992,0.0,0.0,0.0,0.0
Schulze,0.01593625498007968,0.0,-0.00398406374501992,0.0,0.0,0.0,0.0
IRV,0.01593625498007968,0.0,-0.00398406374501992,0.0,0.0,0.0,0.0
