,Borda,plurality,gt,minimax,gtd,Schulze,IRV
Borda,0.0,0.04245283018867924,-0.014150943396226415,-0.014150943396226415,-0.014150943396226415,-0.014150943396226415,0.0
plurality,-0.04245283018867924,0.0,0.0047169811320754715,0.0047169811320754715,0.0047169811320754715,0.0047169811320754715,-0.04245283018867924
gt,0.014150943396226415,-0.0047169811320754715,0.0,0.0,0.0,0.0,0.014150943396226415
minimax,0.014150943396226415,-0.0047169811320754715,0.0,0.0,0.0,0.0,0.014150943396226415
gtd,0.014150943396226415,-0.0047169811320754715,0.0,0.0,0.0,0.0,0.014150943396226415
Schulze,0.014150943396226415,-0.0047169811320754715,0.0,0.0,0.0,0.0,0.014150943396226415
IRV,0.0,0.04245283018867924,-0.014150943396226415,-0.014150943396226415,-0.014150943396226415,-0.014150943396226415,0.0
