,Borda,plurality,gt,minimax,gtd,Schulze,IRV
Borda,0.0,-0.007334963325183374,-0.007334963325183374,0.0,-0.007334963325183374,0.0,0.03667481662591687
plurality,0.007334963325183374,0.0,0.0,0.007334963325183374,0.0,0.007334963325183374,-0.022004889975550123
gt,0.007334963325183374,0.0,0.0,0.007334963325183374,0.0,0.007334963325183374,-0.022004889975550123
minimax,0.0,-0.007334963325183374,-0.007334963325183374,0.0,-0.007334963325183374,0.0,0.03667481662591687
gtd,0.007334963325183374,0.0,0.0,0.007334963325183374,0.0,0.007334963325183374,-0.022004889975550123
Schulze,0.0,-0.007334963325183374,-0.007334963325183374,0.0,-0.007334963325183374,0.0,0.03667481662591687
IRV,-0.03667481662591687,0.022004889975550123,0.022004889975550123,-0.03667481662591687,0.022004889975550123,-0.03667481662591687,0.0
