,Borda,plurality,gt,minimax,gtd,Schulze,IRV
Borda,0.0,-0.017064846416382253,0.0,-0.017064846416382253,-0.017064846416382253,-0.017064846416382253,0.030716723549488054
plurality,0.017064846416382253,0.0,0.017064846416382253,0.0,0.0,0.0,-0.017064846416382253
gt,0.0,-0.017064846416382253,0.0,-0.017064846416382253,-0.017064846416382253,-0.017064846416382253,0.030716723549488054
minimax,0.017064846416382253,0.0,0.017064846416382253,0.0,0.0,0.0,-0.017064846416382253
gtd,0.017064846416382253,0.0,0.017064846416382253,0.0,0.0,0.0,-0.017064846416382253
Schulze,0.017064846416382253,0.0,0.017064846416382253,0.0,0.0,0.0,-0.017064846416382253
IRV,-0.030716723549488054,0.017064846416382253,-0.030716723549488054,0.017064846416382253,0.017064846416382253,0.017064846416382253,0.0
