,Borda,plurality,gt,minimax,gtd,Schulze,IRV
Borda,0.0,0.0,0.023333333333333334,0.0,0.0,0.0,-0.01
plurality,0.0,0.0,0.023333333333333334,0.0,0.0,0.0,-0.01
gt,-0.023333333333333334,-0.023333333333333334,0.0,-0.023333333333333334,-0.023333333333333334,-0.023333333333333334,0.03
minimax,0.0,0.0,0.023333333333333334,0.0,0.0,0.0,-0.01
gtd,0.0,0.0,0.023333333333333334,0.0,0.0,0.0,-0.01
Schulze,0.0,0.0,0.023333333333333334,0.0,0.0,0.0,-0.01
IRV,0.01,0.01,-0.03,0.01,0.01,0.01,0.0
