,Borda,plurality,gt,minimax,gtd,Schulze,IRV
Borda,0.0,0.0,-0.0036496350364963502,0.0,-0.0036496350364963502,0.0,0.0
plurality,0.0,0.0,-0.0036496350364963502,0.0,-0.0036496350364963502,0.0,0.0
gt,0.0036496350364963502,0.0036496350364963502,0.0,0.0036496350364963502,0.0,0.0036496350364963502,0.0036496350364963502
minimax,0.0,0.0,-0.0036496350364963502,0.0,-0.0036496350364963502,0.0,0.0
gtd,0.0036496350364963502,0.0036496350364963502,0.0,0.0036496350364963502,0.0,0.0036496350364963502,0.0036496350364963502
Schulze,0.0,0.0,-0.0036496350364963502,0.0,-0.0036496350364963502,0.0,0.0
IRV,0.0,0.0,-0.0036496350364963502,0.0,-0.0036496350364963502,0.0,0.0
