,Borda,plurality,gt,minimax,gtd,Schulze,IRV
Borda,0.0,-0.011673151750972763,0.0,0.0,0.0,0.0,0.01556420233463035
plurality,0.011673151750972763,0.0,0.011673151750972763,0.011673151750972763,0.011673151750972763,0.011673151750972763,-0.019455252918287938
gt,0.0,-0.011673151750972763,0.0,0.0,0.0,0.0,0.01556420233463035
minimax,0.0,-0.011673151750972763,0.0,0.0,0.0,0.0,0.01556420233463035
gtd,0.0,-0.011673151750972763,0.0,0.0,0.0,0.0,0.01556420233463035
Schulze,0.0,-0.011673151750972763,0.0,0.0,0.0,0.0,0.01556420233463035
IRV,-0.01556420233463035,0.019455252918287938,-0.01556420233463035,-0.01556420233463035,-0.01556420233463035,-0.01556420233463035,0.0
