,Borda,plurality,gt,minimax,gtd,Schulze,IRV
Borda,0.0,0.056338028169014086,-0.007042253521126761,0.0,-0.007042253521126761,0.0,0.0
plurality,-0.056338028169014086,0.0,0.01056338028169014,-0.056338028169014086,0.01056338028169014,-0.056338028169014086,-0.056338028169014086
gt,0.007042253521126761,-0.01056338028169014,0.0,0.007042253521126761,0.0,0.007042253521126761,0.007042253521126761
minimax,0.0,0.056338028169014086,-0.007042253521126761,0.0,-0.007042253521126761,0.0,0.0
gtd,0.007042253521126761,-0.01056338028169014,0.0,0.007042253521126761,0.0,0.007042253521126761,0.007042253521126761
Schulze,0.0,0.056338028169014086,-0.007042253521126761,0.0,-0.007042253521126761,0.0,0.0
IRV,0.0,0.056338028169014086,-0.007042253521126761,0.0,-0.007042253521126761,0.0,0.0
