,Borda,plurality,gt,minimax,gtd,Schulze,IRV
Borda,0.0,0.07547169811320754,0.0,0.0,0.0,0.0,0.0
plurality,-0.07547169811320754,0.0,-0.07547169811320754,-0.07547169811320754,-0.07547169811320754,-0.07547169811320754,-0.07547169811320754
gt,0.0,0.07547169811320754,0.0,0.0,0.0,0.0,0.0
minimax,0.0,0.07547169811320754,0.0,0.0,0.0,0.0,0.0
gtd,0.0,0.07547169811320754,0.0,0.0,0.0,0.0,0.0
Schulze,0.0,0.07547169811320754,0.0,0.0,0.0,0.0,0.0
IRV,0.0,0.07547169811320754,0.0,0.0,0.0,0.0,0.0
