,Borda,plurality,gt,minimax,gtd,Schulze,IRV
Borda,0.0,0.0,0.0,0.0,0.0,0.0,0.025974025974025976
plurality,0.0,0.0,0.0,0.0,0.0,0.0,-0.004329004329004329
gt,0.0,0.0,0.0,0.0,0.0,0.0,0.025974025974025976
minimax,0.0,0.0,0.0,0.0,0.0,0.0,0.025974025974025976
gtd,0.0,0.0,0.0,0.0,0.0,0.0,0.025974025974025976
Schulze,0.0,0.0,0.0,0.0,0.0,0.0,0.025974025974025976
IRV,-0.025974025974025976,0.004329004329004329,-0.025974025974025976,-0.025974025974025976,-0.025974025974025976,-0.025974025974025976,0.0
