,Borda,plurality,gt,minimax,gtd,Schulze,IRV
Borda,0.0,0.043795620437956206,0.0,0.0,0.0,0.0,0.0
plurality,-0.043795620437956206,0.0,0.05474452554744526,-0.043795620437956206,-0.043795620437956206,-0.043795620437956206,-0.043795620437956206
gt,0.0,-0.05474452554744526,0.0,0.0,0.0,0.0,0.0
minimax,0.0,0.043795620437956206,0.0,0.0,0.0,0.0,0.0
gtd,0.0,0.043795620437956206,0.0,0.0,0.0,0.0,0.0
Schulze,0.0,0.043795620437956206,0.0,0.0,0.0,0.0,0.0
IRV,0.0,0.043795620437956206,0.0,0.0,0.0,0.0,0.0
