,Borda,plurality,gt,minimax,gtd,Schulze,IRV
Borda,0.0,0.0,-0.0033632286995515697,0.0,-0.0033632286995515697,0.0,-0.0033632286995515697
plurality,0.0,0.0,-0.0033632286995515697,0.0,-0.0033632286995515697,0.0,-0.0033632286995515697
gt,0.0033632286995515697,0.0033632286995515697,0.0,0.0033632286995515697,0.0,0.0033632286995515697,0.0
minimax,0.0,0.0,-0.0033632286995515697,0.0,-0.0033632286995515697,0.0,-0.0033632286995515697
gtd,0.0033632286995515697,0.0033632286995515697,0.0,0.0033632286995515697,0.0,0.0033632286995515697,0.0
Schulze,0.0,0.0,-0.0033632286995515697,0.0,-0.0033632286995515697,0.0,-0.0033632286995515697
IRV,0.0033632286995515697,0.0033632286995515697,0.0,0.0033632286995515697,0.0,0.0033632286995515697,0.0
