,Borda,plurality,gt,minimax,gtd,Schulze,IRV
Borda,0.0,-0.009316770186335404,-0.009316770186335404,-0.009316770186335404,-0.009316770186335404,-0.009316770186335404,-0.009316770186335404
plurality,0.009316770186335404,0.0,0.0,0.0,0.0,0.0,0.0
gt,0.009316770186335404,0.0,0.0,0.0,0.0,0.0,0.0
minimax,0.009316770186335404,0.0,0.0,0.0,0.0,0.0,0.0
gtd,0.009316770186335404,0.0,0.0,0.0,0.0,0.0,0.0
Schulze,0.009316770186335404,0.0,0.0,0.0,0.0,0.0,0.0
IRV,0.009316770186335404,0.0,0.0,0.0,0.0,0.0,0.0
