,Borda,plurality,gt,minimax,gtd,Schulze,IRV
Borda,0.0,0.027637212923316466,-0.011288439081354613,-0.011288439081354613,-0.011288439081354613,-0.011288439081354613,0.0
plurality,-0.027637212923316466,0.0,0.00973141300116777,0.00973141300116777,0.00973141300116777,0.00973141300116777,-0.027637212923316466
gt,0.011288439081354613,-0.00973141300116777,0.0,0.0,0.0,0.0,0.011288439081354613
minimax,0.011288439081354613,-0.00973141300116777,0.0,0.0,0.0,0.0,0.011288439081354613
gtd,0.011288439081354613,-0.00973141300116777,0.0,0.0,0.0,0.0,0.011288439081354613
Schulze,0.011288439081354613,-0.00973141300116777,0.0,0.0,0.0,0.0,0.011288439081354613
IRV,0.0,0.027637212923316466,-0.011288439081354613,-0.011288439081354613,-0.011288439081354613,-0.011288439081354613,0.0
