,Borda,plurality,gt,minimax,gtd,Schulze,IRV
Borda,0.0,0.03951367781155015,-0.0121580547112462,0.0,-0.0121580547112462,0.0,0.03951367781155015
plurality,-0.03951367781155015,0.0,0.0121580547112462,-0.03951367781155015,0.0121580547112462,-0.03951367781155015,0.0
gt,0.0121580547112462,-0.0121580547112462,0.0,0.0121580547112462,0.0,0.0121580547112462,-0.0121580547112462
minimax,0.0,0.03951367781155015,-0.0121580547112462,0.0,-0.0121580547112462,0.0,0.03951367781155015
gtd,0.0121580547112462,-0.0121580547112462,0.0,0.0121580547112462,0.0,0.0121580547112462,-0.0121580547112462
Schulze,0.0,0.03951367781155015,-0.0121580547112462,0.0,-0.0121580547112462,0.0,0.03951367781155015
IRV,-0.03951367781155015,0.0,0.0121580547112462,-0.03951367781155015,0.0121580547112462,-0.03951367781155015,0.0
