,Borda,plurality,gt,minimax,gtd,Schulze,IRV
Borda,0.0,-0.007616974972796518,-0.007616974972796518,0.0,-0.007616974972796518,0.0,0.04896626768226333
plurality,0.007616974972796518,0.0,0.0,0.007616974972796518,0.0,0.007616974972796518,-0.020674646354733407
gt,0.007616974972796518,0.0,0.0,0.007616974972796518,0.0,0.007616974972796518,-0.020674646354733407
minimax,0.0,-0.007616974972796518,-0.007616974972796518,0.0,-0.007616974972796518,0.0,0.04896626768226333
gtd,0.007616974972796518,0.0,0.0,0.007616974972796518,0.0,0.007616974972796518,-0.020674646354733407
Schulze,0.0,-0.007616974972796518,-0.007616974972796518,0.0,-0.007616974972796518,0.0,0.04896626768226333
IRV,-0.04896626768226333,0.020674646354733407,0.020674646354733407,-0.04896626768226333,0.020674646354733407,-0.04896626768226333,0.0
