,Borda,plurality,gt,minimax,gtd,Schulze,IRV
Borda,0.0,0.0518783542039356,0.0,0.0,0.0,0.0,0.0
plurality,-0.0518783542039356,0.0,-0.0518783542039356,-0.03935599284436494,-0.03935599284436494,-0.03935599284436494,-0.03935599284436494
gt,0.0,0.0518783542039356,0.0,0.0,0.0,0.0,0.0
minimax,0.0,0.03935599284436494,0.0,0.0,0.0,0.0,0.0
gtd,0.0,0.03935599284436494,0.0,0.0,0.0,0.0,0.0
Schulze,0.0,0.03935599284436494,0.0,0.0,0.0,0.0,0.0
IRV,0.0,0.03935599284436494,0.0,0.0,0.0,0.0,0.0
