,Borda,plurality,gt,minimax,gtd,Schulze,IRV
Borda,0.0,0.02824858757062147,0.02824858757062147,0.0,-0.011299435028248588,0.0,0.0
plurality,-0.02824858757062147,0.0,0.0,-0.02824858757062147,0.01694915254237288,-0.02824858757062147,-0.02824858757062147
gt,-0.02824858757062147,0.0,0.0,-0.02824858757062147,0.01694915254237288,-0.02824858757062147,-0.02824858757062147
minimax,0.0,0.02824858757062147,0.02824858757062147,0.0,-0.011299435028248588,0.0,0.0
gtd,0.011299435028248588,-0.01694915254237288,-0.01694915254237288,0.011299435028248588,0.0,0.011299435028248588,0.011299435028248588
Schulze,0.0,0.02824858757062147,0.02824858757062147,0.0,-0.011299435028248588,0.0,0.0
IRV,0.0,0.02824858757062147,0.02824858757062147,0.0,-0.011299435028248588,0.0,0.0
