,Borda,plurality,gt,minimax,gtd,Schulze,IRV
Borda,0.0,0.02875399361022364,-0.006389776357827476,0.0,-0.006389776357827476,0.0,0.0
plurality,-0.02875399361022364,0.0,0.009584664536741214,-0.02875399361022364,0.009584664536741214,-0.02875399361022364,-0.02875399361022364
gt,0.006389776357827476,-0.009584664536741214,0.0,0.006389776357827476,0.0,0.006389776357827476,0.006389776357827476
minimax,0.0,0.02875399361022364,-0.006389776357827476,0.0,-0.006389776357827476,0.0,0.0
gtd,0.006389776357827476,-0.009584664536741214,0.0,0.006389776357827476,0.0,0.006389776357827476,0.006389776357827476
Schulze,0.0,0.02875399361022364,-0.006389776357827476,0.0,-0.006389776357827476,0.0,0.0
IRV,0.0,0.02875399361022364,-0.006389776357827476,0.0,-0.006389776357827476,0.0,0.0
