,Borda,plurality,gt,minimax,gtd,Schulze,IRV
Borda,0.0,0.0,0.03862660944206009,-0.02145922746781116,-0.02145922746781116,-0.02145922746781116,-0.02145922746781116
plurality,0.0,0.0,0.03862660944206009,-0.02145922746781116,-0.02145922746781116,-0.02145922746781116,-0.02145922746781116
gt,-0.03862660944206009,-0.03862660944206009,0.0,0.008583690987124463,0.008583690987124463,0.008583690987124463,0.008583690987124463
minimax,0.02145922746781116,0.02145922746781116,-0.008583690987124463,0.0,0.0,0.0,0.0
gtd,0.02145922746781116,0.02145922746781116,-0.008583690987124463,0.0,0.0,0.0,0.0
Schulze,0.02145922746781116,0.02145922746781116,-0.008583690987124463,0.0,0.0,0.0,0.0
IRV,0.02145922746781116,0.02145922746781116,-0.008583690987124463,0.0,0.0,0.0,0.0
