,Borda,plurality,gt,minimax,gtd,Schulze,IRV
Borda,0.0,0.0,-0.012875536480686695,0.0,-0.012875536480686695,0.0,0.0
plurality,0.0,0.0,-0.012875536480686695,0.0,-0.012875536480686695,0.0,0.0
gt,0.012875536480686695,0.012875536480686695,0.0,0.012875536480686695,0.0,0.012875536480686695,0.012875536480686695
minimax,0.0,0.0,-0.012875536480686695,0.0,-0.012875536480686695,0.0,0.0
gtd,0.012875536480686695,0.012875536480686695,0.0,0.012875536480686695,0.0,0.012875536480686695,0.012875536480686695
Schulze,0.0,0.0,-0.012875536480686695,0.0,-0.012875536480686695,0.0,0.0
IRV,0.0,0.0,-0.012875536480686695,0.0,-0.012875536480686695,0.0,0.0
