,Borda,plurality,gt,minimax,gtd,Schulze,IRV
Borda,0.0,0.02608695652173913,-0.00676328502415459,0.0,-0.00676328502415459,0.0,0.0
plurality,-0.02608695652173913,0.0,0.010628019323671498,-0.02608695652173913,0.010628019323671498,-0.02608695652173913,-0.02608695652173913
gt,0.00676328502415459,-0.010628019323671498,0.0,0.00676328502415459,0.0,0.00676328502415459,0.00676328502415459
minimax,0.0,0.02608695652173913,-0.00676328502415459,0.0,-0.00676328502415459,0.0,0.0
gtd,0.00676328502415459,-0.010628019323671498,0.0,0.00676328502415459,0.0,0.00676328502415459,0.00676328502415459
Schulze,0.0,0.02608695652173913,-0.00676328502415459,0.0,-0.00676328502415459,0.0,0.0
IRV,0.0,0.02608695652173913,-0.00676328502415459,0.0,-0.00676328502415459,0.0,0.0
