,Borda,plurality,gt,minimax,gtd,Schulze,IRV
Borda,0.0,-0.0038119440914866584,-0.0038119440914866584,0.0,-0.0038119440914866584,0.0,0.03430749682337993
plurality,0.0038119440914866584,0.0,0.0,0.0038119440914866584,0.0,0.0038119440914866584,-0.01397712833545108
gt,0.0038119440914866584,0.0,0.0,0.0038119440914866584,0.0,0.0038119440914866584,-0.01397712833545108
minimax,0.0,-0.0038119440914866584,-0.0038119440914866584,0.0,-0.0038119440914866584,0.0,0.03430749682337993
gtd,0.0038119440914866584,0.0,0.0,0.0038119440914866584,0.0,0.0038119440914866584,-0.01397712833545108
Schulze,0.0,-0.0038119440914866584,-0.0038119440914866584,0.0,-0.0038119440914866584,0.0,0.03430749682337993
IRV,-0.03430749682337993,0.01397712833545108,0.01397712833545108,-0.03430749682337993,0.01397712833545108,-0.03430749682337993,0.0
