,Borda,plurality,gt,minimax,gtd,Schulze,IRV
Borda,0.0,0.07281553398058252,0.0,0.0,-0.009708737864077669,0.0,0.07281553398058252
plurality,-0.07281553398058252,0.0,-0.07281553398058252,-0.07281553398058252,0.014563106796116505,-0.07281553398058252,0.0
gt,0.0,0.07281553398058252,0.0,0.0,-0.009708737864077669,0.0,0.07281553398058252
minimax,0.0,0.07281553398058252,0.0,0.0,-0.009708737864077669,0.0,0.07281553398058252
gtd,0.009708737864077669,-0.014563106796116505,0.009708737864077669,0.009708737864077669,0.0,0.009708737864077669,-0.014563106796116505
Schulze,0.0,0.07281553398058252,0.0,0.0,-0.009708737864077669,0.0,0.07281553398058252
IRV,-0.07281553398058252,0.0,-0.07281553398058252,-0.07281553398058252,0.014563106796116505,-0.07281553398058252,0.0
