,Borda,plurality,gt,minimax,gtd,Schulze,IRV
Borda,0.0,-0.013232514177693762,-0.013232514177693762,-0.013232514177693762,-0.013232514177693762,-0.013232514177693762,0.05860113421550094
plurality,0.013232514177693762,0.0,0.0,0.0,0.0,0.0,-0.005671077504725898
gt,0.013232514177693762,0.0,0.0,0.0,0.0,0.0,-0.005671077504725898
minimax,0.013232514177693762,0.0,0.0,0.0,0.0,0.0,-0.005671077504725898
gtd,0.013232514177693762,0.0,0.0,0.0,0.0,0.0,-0.005671077504725898
Schulze,0.013232514177693762,0.0,0.0,0.0,0.0,0.0,-0.005671077504725898
IRV,-0.05860113421550094,0.005671077504725898,0.005671077504725898,0.005671077504725898,0.005671077504725898,0.005671077504725898,0.0
