,Borda,plurality,gt,minimax,gtd,Schulze,IRV
Borda,0.0,0.0475396163469558,-0.0008340283569641367,0.0,-0.0008340283569641367,0.0,0.0
plurality,-0.0475396163469558,0.0,0.005838198498748957,-0.0475396163469558,0.005838198498748957,-0.0475396163469558,-0.0475396163469558
gt,0.0008340283569641367,-0.005838198498748957,0.0,0.0008340283569641367,0.0,0.0008340283569641367,0.0008340283569641367
minimax,0.0,0.0475396163469558,-0.0008340283569641367,0.0,-0.0008340283569641367,0.0,0.0
gtd,0.0008340283569641367,-0.005838198498748957,0.0,0.0008340283569641367,0.0,0.0008340283569641367,0.0008340283569641367
Schulze,0.0,0.0475396163469558,-0.0008340283569641367,0.0,-0.0008340283569641367,0.0,0.0
IRV,0.0,0.0475396163469558,-0.0008340283569641367,0.0,-0.0008340283569641367,0.0,0.0
