,Borda,plurality,gt,minimax,gtd,Schulze,IRV
Borda,0.0,0.0,-0.02572347266881029,-0.02572347266881029,-0.02572347266881029,-0.02572347266881029,0.0
plurality,0.0,0.0,-0.02572347266881029,-0.02572347266881029,-0.02572347266881029,-0.02572347266881029,0.0
gt,0.02572347266881029,0.02572347266881029,0.0,0.0,0.0,0.0,0.02572347266881029
minimax,0.02572347266881029,0.02572347266881029,0.0,0.0,0.0,0.0,0.02572347266881029
gtd,0.02572347266881029,0.02572347266881029,0.0,0.0,0.0,0.0,0.02572347266881029
Schulze,0.02572347266881029,0.02572347266881029,0.0,0.0,0.0,0.0,0.02572347266881029
IRV,0.0,0.0,-0.02572347266881029,-0.02572347266881029,-0.02572347266881029,-0.02572347266881029,0.0
