,Borda,plurality,gt,minimax,gtd,Schulze,IRV
Borda,0.0,0.03977272727272727,0.0,0.0,-0.005681818181818182,0.0,0.03977272727272727
plurality,-0.03977272727272727,0.0,-0.03977272727272727,-0.03977272727272727,0.03977272727272727,-0.03977272727272727,0.0
gt,0.0,0.03977272727272727,0.0,0.0,-0.005681818181818182,0.0,0.03977272727272727
minimax,0.0,0.03977272727272727,0.0,0.0,-0.005681818181818182,0.0,0.03977272727272727
gtd,0.005681818181818182,-0.03977272727272727,0.005681818181818182,0.005681818181818182,0.0,0.005681818181818182,-0.03977272727272727
Schulze,0.0,0.03977272727272727,0.0,0.0,-0.005681818181818182,0.0,0.03977272727272727
IRV,-0.03977272727272727,0.0,-0.03977272727272727,-0.03977272727272727,0.03977272727272727,-0.03977272727272727,0.0
