,Borda,plurality,gt,minimax,gtd,Schulze,IRV
Borda,0.0,-0.010256410256410256,-0.010256410256410256,0.0,0.0,0.0,0.03076923076923077
plurality,0.010256410256410256,0.0,0.0,0.010256410256410256,0.010256410256410256,0.010256410256410256,-0.041025641025641026
gt,0.010256410256410256,0.0,0.0,0.010256410256410256,0.010256410256410256,0.010256410256410256,-0.041025641025641026
minimax,0.0,-0.010256410256410256,-0.010256410256410256,0.0,0.0,0.0,0.03076923076923077
gtd,0.0,-0.010256410256410256,-0.010256410256410256,0.0,0.0,0.0,0.03076923076923077
Schulze,0.0,-0.010256410256410256,-0.010256410256410256,0.0,0.0,0.0,0.03076923076923077
IRV,-0.03076923076923077,0.041025641025641026,0.041025641025641026,-0.03076923076923077,-0.03076923076923077,-0.03076923076923077,0.0
