,Borda,plurality,gt,minimax,gtd,Schulze,IRV
Borda,0.0,0.0,0.0,0.0,-0.0040595399188092015,0.0,-0.0040595399188092015
plurality,0.0,0.0,0.0,0.0,-0.0040595399188092015,0.0,-0.0040595399188092015
gt,0.0,0.0,0.0,0.0,-0.0040595399188092015,0.0,-0.0040595399188092015
minimax,0.0,0.0,0.0,0.0,-0.0040595399188092015,0.0,-0.0040595399188092015
gtd,0.0040595399188092015,0.0040595399188092015,0.0040595399188092015,0.0040595399188092015,0.0,0.0040595399188092015,0.0
Schulze,0.0,0.0,0.0,0.0,-0.0040595399188092015,0.0,-0.0040595399188092015
IRV,0.0040595399188092015,0.0040595399188092015,0.0040595399188092015,0.0040595399188092015,0.0,0.0040595399188092015,0.0
