,Borda,plurality,gt,minimax,gtd,Schulze,IRV
Borda,0.0,0.0,-0.012612612612612612,-0.012612612612612612,-0.012612612612612612,-0.012612612612612612,0.0
plurality,0.0,0.0,-0.012612612612612612,-0.012612612612612612,-0.012612612612612612,-0.012612612612612612,0.0
gt,0.012612612612612612,0.012612612612612612,0.0,0.0,0.0,0.0,0.012612612612612612
minimax,0.012612612612612612,0.012612612612612612,0.0,0.0,0.0,0.0,0.012612612612612612
gtd,0.012612612612612612,0.012612612612612612,0.0,0.0,0.0,0.0,0.012612612612612612
Schulze,0.012612612612612612,0.012612612612612612,0.0,0.0,0.0,0.0,0.012612612612612612
IRV,0.0,0.0,-0.012612612612612612,-0.012612612612612612,-0.012612612612612612,-0.012612612612612612,0.0
