,Borda,plurality,gt,minimax,gtd,Schulze,IRV
Borda,0.0,0.0,-0.01800720288115246,0.0,-0.01800720288115246,0.0,-0.01800720288115246
plurality,0.0,0.0,-0.01800720288115246,0.0,-0.01800720288115246,0.0,-0.01800720288115246
gt,0.01800720288115246,0.01800720288115246,0.0,0.01800720288115246,0.0,0.01800720288115246,0.0
minimax,0.0,0.0,-0.01800720288115246,0.0,-0.01800720288115246,0.0,-0.01800720288115246
gtd,0.01800720288115246,0.01800720288115246,0.0,0.01800720288115246,0.0,0.01800720288115246,0.0
Schulze,0.0,0.0,-0.01800720288115246,0.0,-0.01800720288115246,0.0,-0.01800720288115246
IRV,0.01800720288115246,0.01800720288115246,0.0,0.01800720288115246,0.0,0.01800720288115246,0.0
