,Borda,plurality,gt,minimax,gtd,Schulze,IRV
Borda,0.0,0.0,-0.007259528130671506,0.0,-0.007259528130671506,0.0,-0.007259528130671506
plurality,0.0,0.0,-0.007259528130671506,0.0,-0.007259528130671506,0.0,-0.007259528130671506
gt,0.007259528130671506,0.007259528130671506,0.0,0.007259528130671506,0.0,0.007259528130671506,0.0
minimax,0.0,0.0,-0.007259528130671506,0.0,-0.007259528130671506,0.0,-0.007259528130671506
gtd,0.007259528130671506,0.007259528130671506,0.0,0.007259528130671506,0.0,0.007259528130671506,0.0
Schulze,0.0,0.0,-0.007259528130671506,0.0,-0.007259528130671506,0.0,-0.007259528130671506
IRV,0.007259528130671506,0.007259528130671506,0.0,0.007259528130671506,0.0,0.007259528130671506,0.0
