,Borda,plurality,gt,minimax,gtd,Schulze,IRV
Borda,0.0,-0.015250544662309368,0.0196078431372549,0.0,-0.015250544662309368,0.0,-0.015250544662309368
plurality,0.015250544662309368,0.0,-0.015250544662309368,0.015250544662309368,0.0,0.015250544662309368,0.0
gt,-0.0196078431372549,0.015250544662309368,0.0,-0.0196078431372549,0.015250544662309368,-0.0196078431372549,0.015250544662309368
minimax,0.0,-0.015250544662309368,0.0196078431372549,0.0,-0.015250544662309368,0.0,-0.015250544662309368
gtd,0.015250544662309368,0.0,-0.015250544662309368,0.015250544662309368,0.0,0.015250544662309368,0.0
Schulze,0.0,-0.015250544662309368,0.0196078431372549,0.0,-0.015250544662309368,0.0,-0.015250544662309368
IRV,0.015250544662309368,0.0,-0.015250544662309368,0.015250544662309368,0.0,0.015250544662309368,0.0
