,Borda,plurality,gt,minimax,gtd,Schulze,IRV
Borda,0.0,-0.008319467554076539,-0.008319467554076539,0.0,-0.008319467554076539,0.0,-0.008319467554076539
plurality,0.008319467554076539,0.0,0.0,0.008319467554076539,0.0,0.008319467554076539,0.0
gt,0.008319467554076539,0.0,0.0,0.008319467554076539,0.0,0.008319467554076539,0.0
minimax,0.0,-0.008319467554076539,-0.008319467554076539,0.0,-0.008319467554076539,0.0,-0.008319467554076539
gtd,0.008319467554076539,0.0,0.0,0.008319467554076539,0.0,0.008319467554076539,0.0
Schulze,0.0,-0.008319467554076539,-0.008319467554076539,0.0,-0.008319467554076539,0.0,-0.008319467554076539
IRV,0.008319467554076539,0.0,0.0,0.008319467554076539,0.0,0.008319467554076539,0.0
