,Borda,plurality,gt,minimax,gtd,Schulze,IRV
Borda,0.0,-0.004457652303120356,-0.004457652303120356,0.0,-0.004457652303120356,0.0,-0.004457652303120356
plurality,0.004457652303120356,0.0,0.0,0.004457652303120356,0.0,0.004457652303120356,0.0
gt,0.004457652303120356,0.0,0.0,0.004457652303120356,0.0,0.004457652303120356,0.0
minimax,0.0,-0.004457652303120356,-0.004457652303120356,0.0,-0.004457652303120356,0.0,-0.004457652303120356
gtd,0.004457652303120356,0.0,0.0,0.004457652303120356,0.0,0.004457652303120356,0.0
Schulze,0.0,-0.004457652303120356,-0.004457652303120356,0.0,-0.004457652303120356,0.0,-0.004457652303120356
IRV,0.004457652303120356,0.0,0.0,0.004457652303120356,0.0,0.004457652303120356,0.0
