,Borda,plurality,gt,minimax,gtd,Schulze,IRV
Borda,0.0,0.0,0.0,0.0,0.0,0.0,0.044642857142857144
plurality,0.0,0.0,0.0,0.0,0.0,0.0,-0.03571428571428571
gt,0.0,0.0,0.0,0.0,0.0,0.0,-0.03571428571428571
minimax,0.0,0.0,0.0,0.0,0.0,0.0,0.044642857142857144
gtd,0.0,0.0,0.0,0.0,0.0,0.0,0.044642857142857144
Schulze,0.0,0.0,0.0,0.0,0.0,0.0,0.044642857142857144
IRV,-0.044642857142857144,0.03571428571428571,0.03571428571428571,-0.044642857142857144,-0.044642857142857144,-0.044642857142857144,0.0
