,Borda,plurality,gt,minimax,gtd,Schulze,IRV
Borda,0.0,0.014598540145985401,0.0,0.0,0.0,0.0,0.014598540145985401
plurality,-0.014598540145985401,0.0,-0.014598540145985401,-0.014598540145985401,-0.014598540145985401,-0.014598540145985401,0.0
gt,0.0,0.014598540145985401,0.0,0.0,0.0,0.0,0.014598540145985401
minimax,0.0,0.014598540145985401,0.0,0.0,0.0,0.0,0.014598540145985401
gtd,0.0,0.014598540145985401,0.0,0.0,0.0,0.0,0.014598540145985401
Schulze,0.0,0.014598540145985401,0.0,0.0,0.0,0.0,0.014598540145985401
IRV,-0.014598540145985401,0.0,-0.014598540145985401,-0.014598540145985401,-0.014598540145985401,-0.014598540145985401,0.0
