,Borda,plurality,gt,minimax,gtd,Schulze,IRV
Borda,0.0,-0.030732860520094562,-0.030732860520094562,-0.030732860520094562,-0.030732860520094562,-0.030732860520094562,0.06855791962174941
plurality,0.030732860520094562,0.0,0.0,0.0,0.0,0.0,-0.016548463356973995
gt,0.030732860520094562,0.0,0.0,0.0,0.0,0.0,-0.016548463356973995
minimax,0.030732860520094562,0.0,0.0,0.0,0.0,0.0,-0.016548463356973995
gtd,0.030732860520094562,0.0,0.0,0.0,0.0,0.0,-0.016548463356973995
Schulze,0.030732860520094562,0.0,0.0,0.0,0.0,0.0,-0.016548463356973995
IRV,-0.06855791962174941,0.016548463356973995,0.016548463356973995,0.016548463356973995,0.016548463356973995,0.016548463356973995,0.0
