,Borda,plurality,gt,minimax,gtd,Schulze,IRV
Borda,0.0,0.0,0.0,0.0,0.0,0.0,0.041379310344827586
plurality,0.0,0.0,0.0,0.0,0.0,0.0,-0.03793103448275862
gt,0.0,0.0,0.0,0.0,0.0,0.0,-0.03793103448275862
minimax,0.0,0.0,0.0,0.0,0.0,0.0,0.041379310344827586
gtd,0.0,0.0,0.0,0.0,0.0,0.0,0.041379310344827586
Schulze,0.0,0.0,0.0,0.0,0.0,0.0,0.041379310344827586
IRV,-0.041379310344827586,0.03793103448275862,0.03793103448275862,-0.041379310344827586,-0.041379310344827586,-0.041379310344827586,0.0
