,Borda,plurality,gt,minimax,gtd,Schulze,IRV
Borda,0.0,-0.00881057268722467,0.0,0.0,-0.00881057268722467,0.0,0.04405286343612335
plurality,0.00881057268722467,0.0,0.00881057268722467,0.00881057268722467,0.0,0.00881057268722467,-0.039647577092511016
gt,0.0,-0.00881057268722467,0.0,0.0,-0.00881057268722467,0.0,0.04405286343612335
minimax,0.0,-0.00881057268722467,0.0,0.0,-0.00881057268722467,0.0,0.04405286343612335
gtd,0.00881057268722467,0.0,0.00881057268722467,0.00881057268722467,0.0,0.00881057268722467,-0.039647577092511016
Schulze,0.0,-0.00881057268722467,0.0,0.0,-0.00881057268722467,0.0,0.04405286343612335
IRV,-0.04405286343612335,0.039647577092511016,-0.04405286343612335,-0.04405286343612335,0.039647577092511016,-0.04405286343612335,0.0
