,Borda,plurality,gt,minimax,gtd,Schulze,IRV
Borda,0.0,0.0,-0.006937561942517344,0.0,-0.006937561942517344,0.0,-0.006937561942517344
plurality,0.0,0.0,-0.006937561942517344,0.0,-0.006937561942517344,0.0,-0.006937561942517344
gt,0.006937561942517344,0.006937561942517344,0.0,0.006937561942517344,0.0,0.006937561942517344,0.0
minimax,0.0,0.0,-0.006937561942517344,0.0,-0.006937561942517344,0.0,-0.006937561942517344
gtd,0.006937561942517344,0.006937561942517344,0.0,0.006937561942517344,0.0,0.006937561942517344,0.0
Schulze,0.0,0.0,-0.006937561942517344,0.0,-0.006937561942517344,0.0,-0.006937561942517344
IRV,0.006937561942517344,0.006937561942517344,0.0,0.006937561942517344,0.0,0.006937561942517344,0.0
