,Borda,plurality,gt,minimax,gtd,Schulze,IRV
Borda,0.0,0.07303370786516854,0.07303370786516854,-0.033707865168539325,-0.033707865168539325,-0.033707865168539325,0.0
plurality,-0.07303370786516854,0.0,0.0,0.028089887640449437,0.028089887640449437,0.028089887640449437,-0.07303370786516854
gt,-0.07303370786516854,0.0,0.0,0.028089887640449437,0.028089887640449437,0.028089887640449437,-0.07303370786516854
minimax,0.033707865168539325,-0.028089887640449437,-0.028089887640449437,0.0,0.0,0.0,0.033707865168539325
gtd,0.033707865168539325,-0.028089887640449437,-0.028089887640449437,0.0,0.0,0.0,0.033707865168539325
Schulze,0.033707865168539325,-0.028089887640449437,-0.028089887640449437,0.0,0.0,0.0,0.033707865168539325
IRV,0.0,0.07303370786516854,0.07303370786516854,-0.033707865168539325,-0.033707865168539325,-0.033707865168539325,0.0
