,Borda,plurality,gt,minimax,gtd,Schulze,IRV
Borda,0.0,0.0,-0.023776223776223775,-0.023776223776223775,-0.023776223776223775,-0.023776223776223775,0.0
plurality,0.0,0.0,-0.023776223776223775,-0.023776223776223775,-0.023776223776223775,-0.023776223776223775,0.0
gt,0.023776223776223775,0.023776223776223775,0.0,0.0,0.0,0.0,0.023776223776223775
minimax,0.023776223776223775,0.023776223776223775,0.0,0.0,0.0,0.0,0.023776223776223775
gtd,0.023776223776223775,0.023776223776223775,0.0,0.0,0.0,0.0,0.023776223776223775
Schulze,0.023776223776223775,0.023776223776223775,0.0,0.0,0.0,0.0,0.023776223776223775
IRV,0.0,0.0,-0.023776223776223775,-0.023776223776223775,-0.023776223776223775,-0.023776223776223775,0.0
