,Borda,plurality,gt,minimax,gtd,Schulze,IRV
Borda,0.0,0.0,0.09278350515463918,0.0,-0.03608247422680412,0.0,-0.03608247422680412
plurality,0.0,0.0,0.09278350515463918,0.0,-0.03608247422680412,0.0,-0.03608247422680412
gt,-0.09278350515463918,-0.09278350515463918,0.0,-0.09278350515463918,0.07731958762886598,-0.09278350515463918,0.07731958762886598
minimax,0.0,0.0,0.09278350515463918,0.0,-0.03608247422680412,0.0,-0.03608247422680412
gtd,0.03608247422680412,0.03608247422680412,-0.07731958762886598,0.03608247422680412,0.0,0.03608247422680412,0.0
Schulze,0.0,0.0,0.09278350515463918,0.0,-0.03608247422680412,0.0,-0.03608247422680412
IRV,0.03608247422680412,0.03608247422680412,-0.07731958762886598,0.03608247422680412,0.0,0.03608247422680412,0.0
