,Borda,plurality,gt,minimax,gtd,Schulze,IRV
Borda,0.0,-0.007547169811320755,0.0,0.0,-0.007547169811320755,0.0,0.04905660377358491
plurality,0.007547169811320755,0.0,0.007547169811320755,0.007547169811320755,0.0,0.007547169811320755,-0.03018867924528302
gt,0.0,-0.007547169811320755,0.0,0.0,-0.007547169811320755,0.0,0.04905660377358491
minimax,0.0,-0.007547169811320755,0.0,0.0,-0.007547169811320755,0.0,0.04905660377358491
gtd,0.007547169811320755,0.0,0.007547169811320755,0.007547169811320755,0.0,0.007547169811320755,-0.03018867924528302
Schulze,0.0,-0.007547169811320755,0.0,0.0,-0.007547169811320755,0.0,0.04905660377358491
IRV,-0.04905660377358491,0.03018867924528302,-0.04905660377358491,-0.04905660377358491,0.03018867924528302,-0.04905660377358491,0.0
