,Borda,plurality,gt,minimax,gtd,Schulze,IRV
Borda,0.0,0.0,0.0,0.0,-0.00398406374501992,0.0,-0.00398406374501992
plurality,0.0,0.0,0.0,0.0,-0.00398406374501992,0.0,-0.00398406374501992
gt,0.0,0.0,0.0,0.0,-0.00398406374501992,0.0,-0.00398406374501992
minimax,0.0,0.0,0.0,0.0,-0.00398406374501992,0.0,-0.00398406374501992
gtd,0.00398406374501992,0.00398406374501992,0.00398406374501992,0.00398406374501992,0.0,0.00398406374501992,0.0
Schulze,0.0,0.0,0.0,0.0,-0.00398406374501992,0.0,-0.00398406374501992
IRV,0.00398406374501992,0.00398406374501992,0.00398406374501992,0.00398406374501992,0.0,0.00398406374501992,0.0
