,Borda,plurality,gt,minimax,gtd,Schulze,IRV
Borda,0.0,-0.03275529865125241,0.04431599229287091,-0.03275529865125241,-0.03275529865125241,-0.03275529865125241,-0.03275529865125241
plurality,0.03275529865125241,0.0,-0.028901734104046242,0.0,0.0,0.0,0.0
gt,-0.04431599229287091,0.028901734104046242,0.0,0.028901734104046242,0.028901734104046242,0.028901734104046242,0.028901734104046242
minimax,0.03275529865125241,0.0,-0.028901734104046242,0.0,0.0,0.0,0.0
gtd,0.03275529865125241,0.0,-0.028901734104046242,0.0,0.0,0.0,0.0
Schulze,0.03275529865125241,0.0,-0.028901734104046242,0.0,0.0,0.0,0.0
IRV,0.03275529865125241,0.0,-0.028901734104046242,0.0,0.0,0.0,0.0
