,Borda,plurality,gt,minimax,gtd,Schulze,IRV
Borda,0.0,0.07075471698113207,-0.009433962264150943,-0.009433962264150943,-0.009433962264150943,-0.009433962264150943,0.07075471698113207
plurality,-0.07075471698113207,0.0,0.009433962264150943,0.009433962264150943,0.009433962264150943,0.009433962264150943,0.0
gt,0.009433962264150943,-0.009433962264150943,0.0,0.0,0.0,0.0,-0.009433962264150943
minimax,0.009433962264150943,-0.009433962264150943,0.0,0.0,0.0,0.0,-0.009433962264150943
gtd,0.009433962264150943,-0.009433962264150943,0.0,0.0,0.0,0.0,-0.009433962264150943
Schulze,0.009433962264150943,-0.009433962264150943,0.0,0.0,0.0,0.0,-0.009433962264150943
IRV,-0.07075471698113207,0.0,0.009433962264150943,0.009433962264150943,0.009433962264150943,0.009433962264150943,0.0
