,Borda,plurality,gt,minimax,gtd,Schulze,IRV
Borda,0.0,0.0,0.0,0.0,0.0,0.0,0.05025125628140704
plurality,0.0,0.0,0.0,0.0,0.0,0.0,-0.04020100502512563
gt,0.0,0.0,0.0,0.0,0.0,0.0,0.05025125628140704
minimax,0.0,0.0,0.0,0.0,0.0,0.0,0.05025125628140704
gtd,0.0,0.0,0.0,0.0,0.0,0.0,0.05025125628140704
Schulze,0.0,0.0,0.0,0.0,0.0,0.0,0.05025125628140704
IRV,-0.05025125628140704,0.04020100502512563,-0.05025125628140704,-0.05025125628140704,-0.05025125628140704,-0.05025125628140704,0.0
