,Borda,plurality,gt,minimax,gtd,Schulze,IRV
Borda,0.0,0.021377672209026127,0.0,0.0,-0.007125890736342043,0.0,0.021377672209026127
plurality,-0.021377672209026127,0.0,-0.021377672209026127,-0.021377672209026127,0.011876484560570071,-0.021377672209026127,0.0
gt,0.0,0.021377672209026127,0.0,0.0,-0.007125890736342043,0.0,0.021377672209026127
minimax,0.0,0.021377672209026127,0.0,0.0,-0.007125890736342043,0.0,0.021377672209026127
gtd,0.007125890736342043,-0.011876484560570071,0.007125890736342043,0.007125890736342043,0.0,0.007125890736342043,-0.011876484560570071
Schulze,0.0,0.021377672209026127,0.0,0.0,-0.007125890736342043,0.0,0.021377672209026127
IRV,-0.021377672209026127,0.0,-0.021377672209026127,-0.021377672209026127,0.011876484560570071,-0.021377672209026127,0.0
