,Borda,plurality,gt,minimax,gtd,Schulze,IRV
Borda,0.0,0.0,-0.0017035775127768314,-0.0017035775127768314,-0.0017035775127768314,-0.0017035775127768314,0.0
plurality,0.0,0.0,-0.0017035775127768314,-0.0017035775127768314,-0.0017035775127768314,-0.0017035775127768314,0.0
gt,0.0017035775127768314,0.0017035775127768314,0.0,0.0,0.0,0.0,0.0017035775127768314
minimax,0.0017035775127768314,0.0017035775127768314,0.0,0.0,0.0,0.0,0.0017035775127768314
gtd,0.0017035775127768314,0.0017035775127768314,0.0,0.0,0.0,0.0,0.0017035775127768314
Schulze,0.0017035775127768314,0.0017035775127768314,0.0,0.0,0.0,0.0,0.0017035775127768314
IRV,0.0,0.0,-0.0017035775127768314,-0.0017035775127768314,-0.0017035775127768314,-0.0017035775127768314,0.0
