,Borda,plurality,gt,minimax,gtd,Schulze,IRV
Borda,0.0,0.02594810379241517,0.0,0.0,-0.00998003992015968,0.0,0.0
plurality,-0.02594810379241517,0.0,-0.02594810379241517,-0.02594810379241517,0.02594810379241517,-0.02594810379241517,-0.02594810379241517
gt,0.0,0.02594810379241517,0.0,0.0,-0.00998003992015968,0.0,0.0
minimax,0.0,0.02594810379241517,0.0,0.0,-0.00998003992015968,0.0,0.0
gtd,0.00998003992015968,-0.02594810379241517,0.00998003992015968,0.00998003992015968,0.0,0.00998003992015968,0.00998003992015968
Schulze,0.0,0.02594810379241517,0.0,0.0,-0.00998003992015968,0.0,0.0
IRV,0.0,0.02594810379241517,0.0,0.0,-0.00998003992015968,0.0,0.0
