,Borda,plurality,gt,minimax,gtd,Schulze,IRV
Borda,0.0,0.0,0.0,0.0,0.0,0.0,0.01652892561983471
plurality,0.0,0.0,0.0,0.0,0.0,0.0,-0.024793388429752067
gt,0.0,0.0,0.0,0.0,0.0,0.0,0.01652892561983471
minimax,0.0,0.0,0.0,0.0,0.0,0.0,0.01652892561983471
gtd,0.0,0.0,0.0,0.0,0.0,0.0,0.01652892561983471
Schulze,0.0,0.0,0.0,0.0,0.0,0.0,0.01652892561983471
IRV,-0.01652892561983471,0.024793388429752067,-0.01652892561983471,-0.01652892561983471,-0.01652892561983471,-0.01652892561983471,0.0
