,Borda,plurality,gt,minimax,gtd,Schulze,IRV
Borda,0.0,0.04619565217391304,-0.021739130434782608,-0.021739130434782608,-0.021739130434782608,-0.021739130434782608,0.0
plurality,-0.04619565217391304,0.0,0.008152173913043478,0.008152173913043478,0.008152173913043478,0.008152173913043478,-0.04619565217391304
gt,0.021739130434782608,-0.008152173913043478,0.0,0.0,0.0,0.0,0.021739130434782608
minimax,0.021739130434782608,-0.008152173913043478,0.0,0.0,0.0,0.0,0.021739130434782608
gtd,0.021739130434782608,-0.008152173913043478,0.0,0.0,0.0,0.0,0.021739130434782608
Schulze,0.021739130434782608,-0.008152173913043478,0.0,0.0,0.0,0.0,0.021739130434782608
IRV,0.0,0.04619565217391304,-0.021739130434782608,-0.021739130434782608,-0.021739130434782608,-0.021739130434782608,0.0
