,Borda,plurality,gt,minimax,gtd,Schulze,IRV
Borda,0.0,0.03171247357293869,0.0,0.0,-0.0021141649048625794,0.0,0.0
plurality,-0.03171247357293869,0.0,-0.03171247357293869,-0.03171247357293869,0.02748414376321353,-0.03171247357293869,-0.03171247357293869
gt,0.0,0.03171247357293869,0.0,0.0,-0.0021141649048625794,0.0,0.0
minimax,0.0,0.03171247357293869,0.0,0.0,-0.0021141649048625794,0.0,0.0
gtd,0.0021141649048625794,-0.02748414376321353,0.0021141649048625794,0.0021141649048625794,0.0,0.0021141649048625794,0.0021141649048625794
Schulze,0.0,0.03171247357293869,0.0,0.0,-0.0021141649048625794,0.0,0.0
IRV,0.0,0.03171247357293869,0.0,0.0,-0.0021141649048625794,0.0,0.0
