,Borda,plurality,gt,minimax,gtd,Schulze,IRV
Borda,0.0,0.0,-0.02030456852791878,0.0,0.0,0.0,0.0
plurality,0.0,0.0,-0.02030456852791878,0.0,0.0,0.0,0.0
gt,0.02030456852791878,0.02030456852791878,0.0,0.02030456852791878,0.02030456852791878,0.02030456852791878,0.02030456852791878
minimax,0.0,0.0,-0.02030456852791878,0.0,0.0,0.0,0.0
gtd,0.0,0.0,-0.02030456852791878,0.0,0.0,0.0,0.0
Schulze,0.0,0.0,-0.02030456852791878,0.0,0.0,0.0,0.0
IRV,0.0,0.0,-0.02030456852791878,0.0,0.0,0.0,0.0
