,Borda,plurality,gt,minimax,gtd,Schulze,IRV
Borda,0.0,-0.024390243902439025,0.02981029810298103,0.0,-0.024390243902439025,0.0,0.02981029810298103
plurality,0.024390243902439025,0.0,-0.024390243902439025,0.024390243902439025,0.0,0.024390243902439025,-0.024390243902439025
gt,-0.02981029810298103,0.024390243902439025,0.0,-0.02981029810298103,0.024390243902439025,-0.02981029810298103,0.0
minimax,0.0,-0.024390243902439025,0.02981029810298103,0.0,-0.024390243902439025,0.0,0.02981029810298103
gtd,0.024390243902439025,0.0,-0.024390243902439025,0.024390243902439025,0.0,0.024390243902439025,-0.024390243902439025
Schulze,0.0,-0.024390243902439025,0.02981029810298103,0.0,-0.024390243902439025,0.0,0.02981029810298103
IRV,-0.02981029810298103,0.024390243902439025,0.0,-0.02981029810298103,0.024390243902439025,-0.02981029810298103,0.0
