,Borda,plurality,gt,minimax,gtd,Schulze,IRV
Borda,0.0,0.0,-0.026262626262626262,-0.026262626262626262,-0.026262626262626262,-0.026262626262626262,-0.026262626262626262
plurality,0.0,0.0,-0.026262626262626262,-0.026262626262626262,-0.026262626262626262,-0.026262626262626262,-0.026262626262626262
gt,0.026262626262626262,0.026262626262626262,0.0,0.0,0.0,0.0,0.0
minimax,0.026262626262626262,0.026262626262626262,0.0,0.0,0.0,0.0,0.0
gtd,0.026262626262626262,0.026262626262626262,0.0,0.0,0.0,0.0,0.0
Schulze,0.026262626262626262,0.026262626262626262,0.0,0.0,0.0,0.0,0.0
IRV,0.026262626262626262,0.026262626262626262,0.0,0.0,0.0,0.0,0.0
