,Borda,plurality,gt,minimax,gtd,Schulze,IRV
Borda,0.0,0.0,-0.005128205128205128,0.0,-0.005128205128205128,0.0,0.0
plurality,0.0,0.0,-0.005128205128205128,0.0,-0.005128205128205128,0.0,0.0
gt,0.005128205128205128,0.005128205128205128,0.0,0.005128205128205128,0.0,0.005128205128205128,0.005128205128205128
minimax,0.0,0.0,-0.005128205128205128,0.0,-0.005128205128205128,0.0,0.0
gtd,0.005128205128205128,0.005128205128205128,0.0,0.005128205128205128,0.0,0.005128205128205128,0.005128205128205128
Schulze,0.0,0.0,-0.005128205128205128,0.0,-0.005128205128205128,0.0,0.0
IRV,0.0,0.0,-0.005128205128205128,0.0,-0.005128205128205128,0.0,0.0
