,Borda,plurality,gt,minimax,gtd,Schulze,IRV
Borda,0.0,0.0246189917936694,0.0,0.0,-0.005861664712778429,0.0,0.0
plurality,-0.0246189917936694,0.0,-0.0246189917936694,-0.0246189917936694,0.022274325908558032,-0.0246189917936694,-0.0246189917936694
gt,0.0,0.0246189917936694,0.0,0.0,-0.005861664712778429,0.0,0.0
minimax,0.0,0.0246189917936694,0.0,0.0,-0.005861664712778429,0.0,0.0
gtd,0.005861664712778429,-0.022274325908558032,0.005861664712778429,0.005861664712778429,0.0,0.005861664712778429,0.005861664712778429
Schulze,0.0,0.0246189917936694,0.0,0.0,-0.005861664712778429,0.0,0.0
IRV,0.0,0.0246189917936694,0.0,0.0,-0.005861664712778429,0.0,0.0
