,Borda,plurality,gt,minimax,gtd,Schulze,IRV
Borda,0.0,0.03273809523809524,-0.023809523809523808,-0.023809523809523808,-0.023809523809523808,-0.023809523809523808,0.0
plurality,-0.03273809523809524,0.0,0.017857142857142856,0.017857142857142856,0.017857142857142856,0.017857142857142856,-0.03273809523809524
gt,0.023809523809523808,-0.017857142857142856,0.0,0.0,0.0,0.0,0.023809523809523808
minimax,0.023809523809523808,-0.017857142857142856,0.0,0.0,0.0,0.0,0.023809523809523808
gtd,0.023809523809523808,-0.017857142857142856,0.0,0.0,0.0,0.0,0.023809523809523808
Schulze,0.023809523809523808,-0.017857142857142856,0.0,0.0,0.0,0.0,0.023809523809523808
IRV,0.0,0.03273809523809524,-0.023809523809523808,-0.023809523809523808,-0.023809523809523808,-0.023809523809523808,0.0
