,Borda,plurality,gt,minimax,gtd,Schulze,IRV
Borda,0.0,0.0,-0.00202020202020202,0.0,-0.00202020202020202,0.0,0.0
plurality,0.0,0.0,-0.00202020202020202,0.0,-0.00202020202020202,0.0,0.0
gt,0.00202020202020202,0.00202020202020202,0.0,0.00202020202020202,0.0,0.00202020202020202,0.00202020202020202
minimax,0.0,0.0,-0.00202020202020202,0.0,-0.00202020202020202,0.0,0.0
gtd,0.00202020202020202,0.00202020202020202,0.0,0.00202020202020202,0.0,0.00202020202020202,0.00202020202020202
Schulze,0.0,0.0,-0.00202020202020202,0.0,-0.00202020202020202,0.0,0.0
IRV,0.0,0.0,-0.00202020202020202,0.0,-0.00202020202020202,0.0,0.0
