,Borda,plurality,gt,minimax,gtd,Schulze,IRV
Borda,0.0,0.0,0.03382663847780127,-0.012684989429175475,-0.012684989429175475,-0.012684989429175475,0.0
plurality,0.0,0.0,0.03382663847780127,-0.012684989429175475,-0.012684989429175475,-0.012684989429175475,0.0
gt,-0.03382663847780127,-0.03382663847780127,0.0,0.010570824524312896,0.010570824524312896,0.010570824524312896,-0.03382663847780127
minimax,0.012684989429175475,0.012684989429175475,-0.010570824524312896,0.0,0.0,0.0,0.012684989429175475
gtd,0.012684989429175475,0.012684989429175475,-0.010570824524312896,0.0,0.0,0.0,0.012684989429175475
Schulze,0.012684989429175475,0.012684989429175475,-0.010570824524312896,0.0,0.0,0.0,0.012684989429175475
IRV,0.0,0.0,0.03382663847780127,-0.012684989429175475,-0.012684989429175475,-0.012684989429175475,0.0
