,Borda,plurality,gt,minimax,gtd,Schulze,IRV
Borda,0.0,-0.02029769959404601,-0.02029769959404601,-0.02029769959404601,-0.02029769959404601,-0.02029769959404601,0.06359945872801083
plurality,0.02029769959404601,0.0,0.0,0.0,0.0,0.0,-0.014884979702300407
gt,0.02029769959404601,0.0,0.0,0.0,0.0,0.0,-0.014884979702300407
minimax,0.02029769959404601,0.0,0.0,0.0,0.0,0.0,-0.014884979702300407
gtd,0.02029769959404601,0.0,0.0,0.0,0.0,0.0,-0.014884979702300407
Schulze,0.02029769959404601,0.0,0.0,0.0,0.0,0.0,-0.014884979702300407
IRV,-0.06359945872801083,0.014884979702300407,0.014884979702300407,0.014884979702300407,0.014884979702300407,0.014884979702300407,0.0
