,Borda,plurality,gt,minimax,gtd,Schulze,IRV
Borda,0.0,-0.001692047377326565,-0.001692047377326565,0.0,-0.001692047377326565,0.0,-0.001692047377326565
plurality,0.001692047377326565,0.0,0.0,0.001692047377326565,0.0,0.001692047377326565,0.0
gt,0.001692047377326565,0.0,0.0,0.001692047377326565,0.0,0.001692047377326565,0.0
minimax,0.0,-0.001692047377326565,-0.001692047377326565,0.0,-0.001692047377326565,0.0,-0.001692047377326565
gtd,0.001692047377326565,0.0,0.0,0.001692047377326565,0.0,0.001692047377326565,0.0
Schulze,0.0,-0.001692047377326565,-0.001692047377326565,0.0,-0.001692047377326565,0.0,-0.001692047377326565
IRV,0.001692047377326565,0.0,0.0,0.001692047377326565,0.0,0.001692047377326565,0.0
