,Borda,plurality,gt,minimax,gtd,Schulze,IRV
Borda,0.0,0.0,0.05555555555555555,0.0,-0.006172839506172839,0.0,0.0
plurality,0.0,0.0,0.05555555555555555,0.0,-0.006172839506172839,0.0,0.0
gt,-0.05555555555555555,-0.05555555555555555,0.0,-0.05555555555555555,0.009259259259259259,-0.05555555555555555,-0.05555555555555555
minimax,0.0,0.0,0.05555555555555555,0.0,-0.006172839506172839,0.0,0.0
gtd,0.006172839506172839,0.006172839506172839,-0.009259259259259259,0.006172839506172839,0.0,0.006172839506172839,0.006172839506172839
Schulze,0.0,0.0,0.05555555555555555,0.0,-0.006172839506172839,0.0,0.0
IRV,0.0,0.0,0.05555555555555555,0.0,-0.006172839506172839,0.0,0.0
