,Borda,plurality,gt,minimax,gtd,Schulze,IRV
Borda,0.0,-0.013100436681222707,-0.013100436681222707,-0.013100436681222707,-0.013100436681222707,-0.013100436681222707,0.04512372634643377
plurality,0.013100436681222707,0.0,0.0,0.0,0.0,0.0,-0.001455604075691412
gt,0.013100436681222707,0.0,0.0,0.0,0.0,0.0,-0.001455604075691412
minimax,0.013100436681222707,0.0,0.0,0.0,0.0,0.0,-0.001455604075691412
gtd,0.013100436681222707,0.0,0.0,0.0,0.0,0.0,-0.001455604075691412
Schulze,0.013100436681222707,0.0,0.0,0.0,0.0,0.0,-0.001455604075691412
IRV,-0.04512372634643377,0.001455604075691412,0.001455604075691412,0.001455604075691412,0.001455604075691412,0.001455604075691412,0.0
