,Borda,plurality,gt,minimax,gtd,Schulze,IRV
Borda,0.0,0.010752688172043012,-0.007444168734491315,0.0,0.0,0.0,0.0
plurality,-0.010752688172043012,0.0,0.01240694789081886,-0.010752688172043012,-0.010752688172043012,-0.010752688172043012,-0.010752688172043012
gt,0.007444168734491315,-0.01240694789081886,0.0,0.007444168734491315,0.007444168734491315,0.007444168734491315,0.007444168734491315
minimax,0.0,0.010752688172043012,-0.007444168734491315,0.0,0.0,0.0,0.0
gtd,0.0,0.010752688172043012,-0.007444168734491315,0.0,0.0,0.0,0.0
Schulze,0.0,0.010752688172043012,-0.007444168734491315,0.0,0.0,0.0,0.0
IRV,0.0,0.010752688172043012,-0.007444168734491315,0.0,0.0,0.0,0.0
