,Borda,plurality,gt,minimax,gtd,Schulze,IRV
Borda,0.0,-0.016075219896875947,-0.016075219896875947,0.0,-0.016075219896875947,0.0,0.03791325447376403
plurality,0.016075219896875947,0.0,0.0,0.016075219896875947,0.0,0.016075219896875947,-0.025781013042159538
gt,0.016075219896875947,0.0,0.0,0.016075219896875947,0.0,0.016075219896875947,-0.025781013042159538
minimax,0.0,-0.016075219896875947,-0.016075219896875947,0.0,-0.016075219896875947,0.0,0.03791325447376403
gtd,0.016075219896875947,0.0,0.0,0.016075219896875947,0.0,0.016075219896875947,-0.025781013042159538
Schulze,0.0,-0.016075219896875947,-0.016075219896875947,0.0,-0.016075219896875947,0.0,0.03791325447376403
IRV,-0.03791325447376403,0.025781013042159538,0.025781013042159538,-0.03791325447376403,0.025781013042159538,-0.03791325447376403,0.0
