,Borda,plurality,gt,minimax,gtd,Schulze,IRV
Borda,0.0,0.028225806451612902,0.0,0.0,0.0,0.0,0.0
plurality,-0.028225806451612902,0.0,-0.028225806451612902,-0.028225806451612902,-0.024193548387096774,-0.028225806451612902,-0.028225806451612902
gt,0.0,0.028225806451612902,0.0,0.0,0.0,0.0,0.0
minimax,0.0,0.028225806451612902,0.0,0.0,0.0,0.0,0.0
gtd,0.0,0.024193548387096774,0.0,0.0,0.0,0.0,0.0
Schulze,0.0,0.028225806451612902,0.0,0.0,0.0,0.0,0.0
IRV,0.0,0.028225806451612902,0.0,0.0,0.0,0.0,0.0
