,Borda,plurality,gt,minimax,gtd,Schulze,IRV
Borda,0.0,0.036827195467422094,-0.0028328611898017,0.0,0.0,0.0,0.036827195467422094
plurality,-0.036827195467422094,0.0,0.042492917847025496,-0.036827195467422094,-0.036827195467422094,-0.036827195467422094,0.0
gt,0.0028328611898017,-0.042492917847025496,0.0,0.0028328611898017,0.0028328611898017,0.0028328611898017,-0.042492917847025496
minimax,0.0,0.036827195467422094,-0.0028328611898017,0.0,0.0,0.0,0.036827195467422094
gtd,0.0,0.036827195467422094,-0.0028328611898017,0.0,0.0,0.0,0.036827195467422094
Schulze,0.0,0.036827195467422094,-0.0028328611898017,0.0,0.0,0.0,0.036827195467422094
IRV,-0.036827195467422094,0.0,0.042492917847025496,-0.036827195467422094,-0.036827195467422094,-0.036827195467422094,0.0
