,Borda,plurality,gt,minimax,gtd,Schulze,IRV
Borda,0.0,0.056511056511056514,-0.0171990171990172,-0.0171990171990172,-0.0171990171990172,-0.0171990171990172,0.056511056511056514
plurality,-0.056511056511056514,0.0,0.007371007371007371,0.007371007371007371,0.007371007371007371,0.007371007371007371,0.0
gt,0.0171990171990172,-0.007371007371007371,0.0,0.0,0.0,0.0,-0.007371007371007371
minimax,0.0171990171990172,-0.007371007371007371,0.0,0.0,0.0,0.0,-0.007371007371007371
gtd,0.0171990171990172,-0.007371007371007371,0.0,0.0,0.0,0.0,-0.007371007371007371
Schulze,0.0171990171990172,-0.007371007371007371,0.0,0.0,0.0,0.0,-0.007371007371007371
IRV,-0.056511056511056514,0.0,0.007371007371007371,0.007371007371007371,0.007371007371007371,0.007371007371007371,0.0
