,Borda,plurality,gt,minimax,gtd,Schulze,IRV
Borda,0.0,0.05426356589147287,-0.007751937984496124,0.0,-0.007751937984496124,0.0,0.0
plurality,-0.05426356589147287,0.0,0.012919896640826873,-0.05426356589147287,0.012919896640826873,-0.05426356589147287,-0.05426356589147287
gt,0.007751937984496124,-0.012919896640826873,0.0,0.007751937984496124,0.0,0.007751937984496124,0.007751937984496124
minimax,0.0,0.05426356589147287,-0.007751937984496124,0.0,-0.007751937984496124,0.0,0.0
gtd,0.007751937984496124,-0.012919896640826873,0.0,0.007751937984496124,0.0,0.007751937984496124,0.007751937984496124
Schulze,0.0,0.05426356589147287,-0.007751937984496124,0.0,-0.007751937984496124,0.0,0.0
IRV,0.0,0.05426356589147287,-0.007751937984496124,0.0,-0.007751937984496124,0.0,0.0
