,Borda,plurality,gt,minimax,gtd,Schulze,IRV
Borda,0.0,-0.024608501118568233,0.10067114093959731,-0.024608501118568233,-0.024608501118568233,-0.024608501118568233,0.10067114093959731
plurality,0.024608501118568233,0.0,-0.0022371364653243847,0.0,0.0,0.0,-0.0022371364653243847
gt,-0.10067114093959731,0.0022371364653243847,0.0,0.0022371364653243847,0.0022371364653243847,0.0022371364653243847,0.0
minimax,0.024608501118568233,0.0,-0.0022371364653243847,0.0,0.0,0.0,-0.0022371364653243847
gtd,0.024608501118568233,0.0,-0.0022371364653243847,0.0,0.0,0.0,-0.0022371364653243847
Schulze,0.024608501118568233,0.0,-0.0022371364653243847,0.0,0.0,0.0,-0.0022371364653243847
IRV,-0.10067114093959731,0.0022371364653243847,0.0,0.0022371364653243847,0.0022371364653243847,0.0022371364653243847,0.0
