,Borda,plurality,gt,minimax,gtd,Schulze,IRV
Borda,0.0,-0.017013232514177693,-0.017013232514177693,-0.017013232514177693,-0.017013232514177693,-0.017013232514177693,0.05103969754253308
plurality,0.017013232514177693,0.0,0.0,0.0,0.0,0.0,-0.00945179584120983
gt,0.017013232514177693,0.0,0.0,0.0,0.0,0.0,-0.00945179584120983
minimax,0.017013232514177693,0.0,0.0,0.0,0.0,0.0,-0.00945179584120983
gtd,0.017013232514177693,0.0,0.0,0.0,0.0,0.0,-0.00945179584120983
Schulze,0.017013232514177693,0.0,0.0,0.0,0.0,0.0,-0.00945179584120983
IRV,-0.05103969754253308,0.00945179584120983,0.00945179584120983,0.00945179584120983,0.00945179584120983,0.00945179584120983,0.0
