,Borda,plurality,gt,minimax,gtd,Schulze,IRV
Borda,0.0,-0.039832285115303984,-0.039832285115303984,-0.039832285115303984,-0.039832285115303984,-0.039832285115303984,-0.039832285115303984
plurality,0.039832285115303984,0.0,0.0,0.0,0.0,0.0,0.0
gt,0.039832285115303984,0.0,0.0,0.0,0.0,0.0,0.0
minimax,0.039832285115303984,0.0,0.0,0.0,0.0,0.0,0.0
gtd,0.039832285115303984,0.0,0.0,0.0,0.0,0.0,0.0
Schulze,0.039832285115303984,0.0,0.0,0.0,0.0,0.0,0.0
IRV,0.039832285115303984,0.0,0.0,0.0,0.0,0.0,0.0
