,Borda,plurality,gt,minimax,gtd,Schulze,IRV
Borda,0.0,-0.001148105625717566,-0.001148105625717566,0.0,-0.001148105625717566,0.0,-0.001148105625717566
plurality,0.001148105625717566,0.0,0.0,0.001148105625717566,0.0,0.001148105625717566,0.0
gt,0.001148105625717566,0.0,0.0,0.001148105625717566,0.0,0.001148105625717566,0.0
minimax,0.0,-0.001148105625717566,-0.001148105625717566,0.0,-0.001148105625717566,0.0,-0.001148105625717566
gtd,0.001148105625717566,0.0,0.0,0.001148105625717566,0.0,0.001148105625717566,0.0
Schulze,0.0,-0.001148105625717566,-0.001148105625717566,0.0,-0.001148105625717566,0.0,-0.001148105625717566
IRV,0.001148105625717566,0.0,0.0,0.001148105625717566,0.0,0.001148105625717566,0.0
