,Borda,plurality,gt,minimax,gtd,Schulze,IRV
Borda,0.0,0.0,-0.0013198416190057193,0.0,0.0,0.0,-0.0013198416190057193
plurality,0.0,0.0,-0.0013198416190057193,0.0,0.0,0.0,-0.0013198416190057193
gt,0.0013198416190057193,0.0013198416190057193,0.0,0.0013198416190057193,0.0013198416190057193,0.0013198416190057193,0.0
minimax,0.0,0.0,-0.0013198416190057193,0.0,0.0,0.0,-0.0013198416190057193
gtd,0.0,0.0,-0.0013198416190057193,0.0,0.0,0.0,-0.0013198416190057193
Schulze,0.0,0.0,-0.0013198416190057193,0.0,0.0,0.0,-0.0013198416190057193
IRV,0.0013198416190057193,0.0013198416190057193,0.0,0.0013198416190057193,0.0013198416190057193,0.0013198416190057193,0.0
