,Borda,plurality,gt,minimax,gtd,Schulze,IRV
Borda,0.0,0.0,0.0,0.0,0.0,0.0,-0.006896551724137931
plurality,0.0,0.0,0.0,0.0,0.0,0.0,-0.006896551724137931
gt,0.0,0.0,0.0,0.0,0.0,0.0,-0.006896551724137931
minimax,0.0,0.0,0.0,0.0,0.0,0.0,-0.006896551724137931
gtd,0.0,0.0,0.0,0.0,0.0,0.0,-0.006896551724137931
Schulze,0.0,0.0,0.0,0.0,0.0,0.0,-0.006896551724137931
IRV,0.006896551724137931,0.006896551724137931,0.006896551724137931,0.006896551724137931,0.006896551724137931,0.006896551724137931,0.0
