,Borda,plurality,gt,minimax,gtd,Schulze,IRV
Borda,0.0,0.018957345971563982,-0.004739336492890996,0.0,0.0,0.0,0.018957345971563982
plurality,-0.018957345971563982,0.0,0.023696682464454975,-0.018957345971563982,-0.018957345971563982,-0.018957345971563982,0.0
gt,0.004739336492890996,-0.023696682464454975,0.0,0.004739336492890996,0.004739336492890996,0.004739336492890996,-0.023696682464454975
minimax,0.0,0.018957345971563982,-0.004739336492890996,0.0,0.0,0.0,0.018957345971563982
gtd,0.0,0.018957345971563982,-0.004739336492890996,0.0,0.0,0.0,0.018957345971563982
Schulze,0.0,0.018957345971563982,-0.004739336492890996,0.0,0.0,0.0,0.018957345971563982
IRV,-0.018957345971563982,0.0,0.023696682464454975,-0.018957345971563982,-0.018957345971563982,-0.018957345971563982,0.0
