,Borda,plurality,gt,minimax,gtd,Schulze,IRV
Borda,0.0,-0.014590347923681257,0.0,-0.014590347923681257,-0.014590347923681257,-0.014590347923681257,0.019079685746352413
plurality,0.014590347923681257,0.0,0.014590347923681257,0.0,0.0,0.0,-0.012345679012345678
gt,0.0,-0.014590347923681257,0.0,-0.014590347923681257,-0.014590347923681257,-0.014590347923681257,0.019079685746352413
minimax,0.014590347923681257,0.0,0.014590347923681257,0.0,0.0,0.0,-0.012345679012345678
gtd,0.014590347923681257,0.0,0.014590347923681257,0.0,0.0,0.0,-0.012345679012345678
Schulze,0.014590347923681257,0.0,0.014590347923681257,0.0,0.0,0.0,-0.012345679012345678
IRV,-0.019079685746352413,0.012345679012345678,-0.019079685746352413,0.012345679012345678,0.012345679012345678,0.012345679012345678,0.0
