,Borda,plurality,gt,minimax,gtd,Schulze,IRV
Borda,0.0,-0.03359173126614987,0.0,-0.03359173126614987,-0.03359173126614987,-0.03359173126614987,-0.03359173126614987
plurality,0.03359173126614987,0.0,0.03359173126614987,0.0,0.0,0.0,0.0
gt,0.0,-0.03359173126614987,0.0,-0.03359173126614987,-0.03359173126614987,-0.03359173126614987,-0.03359173126614987
minimax,0.03359173126614987,0.0,0.03359173126614987,0.0,0.0,0.0,0.0
gtd,0.03359173126614987,0.0,0.03359173126614987,0.0,0.0,0.0,0.0
Schulze,0.03359173126614987,0.0,0.03359173126614987,0.0,0.0,0.0,0.0
IRV,0.03359173126614987,0.0,0.03359173126614987,0.0,0.0,0.0,0.0
