,Borda,plurality,gt,minimax,gtd,Schulze,IRV
Borda,0.0,0.0,0.0,0.0,-0.003601440576230492,0.0,-0.003601440576230492
plurality,0.0,0.0,0.0,0.0,-0.003601440576230492,0.0,-0.003601440576230492
gt,0.0,0.0,0.0,0.0,-0.003601440576230492,0.0,-0.003601440576230492
minimax,0.0,0.0,0.0,0.0,-0.003601440576230492,0.0,-0.003601440576230492
gtd,0.003601440576230492,0.003601440576230492,0.003601440576230492,0.003601440576230492,0.0,0.003601440576230492,0.0
Schulze,0.0,0.0,0.0,0.0,-0.003601440576230492,0.0,-0.003601440576230492
IRV,0.003601440576230492,0.003601440576230492,0.003601440576230492,0.003601440576230492,0.0,0.003601440576230492,0.0
