,Borda,plurality,gt,minimax,gtd,Schulze,IRV
Borda,0.0,0.008403361344537815,0.0,0.0,0.0,0.0,0.008403361344537815
plurality,-0.008403361344537815,0.0,0.011204481792717087,-0.008403361344537815,-0.008403361344537815,-0.008403361344537815,0.0
gt,0.0,-0.011204481792717087,0.0,0.0,0.0,0.0,-0.011204481792717087
minimax,0.0,0.008403361344537815,0.0,0.0,0.0,0.0,0.008403361344537815
gtd,0.0,0.008403361344537815,0.0,0.0,0.0,0.0,0.008403361344537815
Schulze,0.0,0.008403361344537815,0.0,0.0,0.0,0.0,0.008403361344537815
IRV,-0.008403361344537815,0.0,0.011204481792717087,-0.008403361344537815,-0.008403361344537815,-0.008403361344537815,0.0
