,Borda,plurality,gt,minimax,gtd,Schulze,IRV
Borda,0.0,0.0,0.06217616580310881,-0.025906735751295335,-0.025906735751295335,-0.025906735751295335,-0.025906735751295335
plurality,0.0,0.0,0.06217616580310881,-0.025906735751295335,-0.025906735751295335,-0.025906735751295335,-0.025906735751295335
gt,-0.06217616580310881,-0.06217616580310881,0.0,0.0,0.0,0.0,0.0
minimax,0.025906735751295335,0.025906735751295335,0.0,0.0,0.0,0.0,0.0
gtd,0.025906735751295335,0.025906735751295335,0.0,0.0,0.0,0.0,0.0
Schulze,0.025906735751295335,0.025906735751295335,0.0,0.0,0.0,0.0,0.0
IRV,0.025906735751295335,0.025906735751295335,0.0,0.0,0.0,0.0,0.0
