,Borda,plurality,gt,minimax,gtd,Schulze,IRV
Borda,0.0,-0.013396375098502758,0.022852639873916468,-0.013396375098502758,-0.013396375098502758,-0.013396375098502758,0.022852639873916468
plurality,0.013396375098502758,0.0,-0.01182033096926714,0.0,0.0,0.0,-0.01182033096926714
gt,-0.022852639873916468,0.01182033096926714,0.0,0.01182033096926714,0.01182033096926714,0.01182033096926714,0.0
minimax,0.013396375098502758,0.0,-0.01182033096926714,0.0,0.0,0.0,-0.01182033096926714
gtd,0.013396375098502758,0.0,-0.01182033096926714,0.0,0.0,0.0,-0.01182033096926714
Schulze,0.013396375098502758,0.0,-0.01182033096926714,0.0,0.0,0.0,-0.01182033096926714
IRV,-0.022852639873916468,0.01182033096926714,0.0,0.01182033096926714,0.01182033096926714,0.01182033096926714,0.0
