,Borda,plurality,gt,minimax,gtd,Schulze,IRV
Borda,0.0,0.13973799126637554,0.0,0.0,0.0,0.0,0.0
plurality,-0.13973799126637554,0.0,-0.11790393013100436,-0.13973799126637554,-0.11790393013100436,-0.13973799126637554,-0.11790393013100436
gt,0.0,0.11790393013100436,0.0,0.0,0.0,0.0,0.0
minimax,0.0,0.13973799126637554,0.0,0.0,0.0,0.0,0.0
gtd,0.0,0.11790393013100436,0.0,0.0,0.0,0.0,0.0
Schulze,0.0,0.13973799126637554,0.0,0.0,0.0,0.0,0.0
IRV,0.0,0.11790393013100436,0.0,0.0,0.0,0.0,0.0
