,Borda,plurality,gt,minimax,gtd,Schulze,IRV
Borda,0.0,0.055970149253731345,0.055970149253731345,-0.011194029850746268,-0.011194029850746268,-0.011194029850746268,0.0
plurality,-0.055970149253731345,0.0,0.0,0.0037313432835820895,0.0037313432835820895,0.0037313432835820895,-0.055970149253731345
gt,-0.055970149253731345,0.0,0.0,0.0037313432835820895,0.0037313432835820895,0.0037313432835820895,-0.055970149253731345
minimax,0.011194029850746268,-0.0037313432835820895,-0.0037313432835820895,0.0,0.0,0.0,0.011194029850746268
gtd,0.011194029850746268,-0.0037313432835820895,-0.0037313432835820895,0.0,0.0,0.0,0.011194029850746268
Schulze,0.011194029850746268,-0.0037313432835820895,-0.0037313432835820895,0.0,0.0,0.0,0.011194029850746268
IRV,0.0,0.055970149253731345,0.055970149253731345,-0.011194029850746268,-0.011194029850746268,-0.011194029850746268,0.0
