,Borda,plurality,gt,minimax,gtd,Schulze,IRV
Borda,0.0,0.0,0.0,0.0,-0.001890359168241966,0.0,-0.001890359168241966
plurality,0.0,0.0,0.0,0.0,-0.001890359168241966,0.0,-0.001890359168241966
gt,0.0,0.0,0.0,0.0,-0.001890359168241966,0.0,-0.001890359168241966
minimax,0.0,0.0,0.0,0.0,-0.001890359168241966,0.0,-0.001890359168241966
gtd,0.001890359168241966,0.001890359168241966,0.001890359168241966,0.001890359168241966,0.0,0.001890359168241966,0.0
Schulze,0.0,0.0,0.0,0.0,-0.001890359168241966,0.0,-0.001890359168241966
IRV,0.001890359168241966,0.001890359168241966,0.001890359168241966,0.001890359168241966,0.0,0.001890359168241966,0.0
