,Borda,plurality,gt,minimax,gtd,Schulze,IRV
Borda,0.0,-0.02313624678663239,0.04884318766066838,-0.02313624678663239,-0.02313624678663239,-0.02313624678663239,-0.02313624678663239
plurality,0.02313624678663239,0.0,-0.007712082262210797,0.0,0.0,0.0,0.0
gt,-0.04884318766066838,0.007712082262210797,0.0,0.007712082262210797,0.007712082262210797,0.007712082262210797,0.007712082262210797
minimax,0.02313624678663239,0.0,-0.007712082262210797,0.0,0.0,0.0,0.0
gtd,0.02313624678663239,0.0,-0.007712082262210797,0.0,0.0,0.0,0.0
Schulze,0.02313624678663239,0.0,-0.007712082262210797,0.0,0.0,0.0,0.0
IRV,0.02313624678663239,0.0,-0.007712082262210797,0.0,0.0,0.0,0.0
