,Borda,plurality,gt,minimax,gtd,Schulze,IRV
Borda,0.0,0.0,0.0,-0.002028397565922921,-0.002028397565922921,-0.002028397565922921,-0.002028397565922921
plurality,0.0,0.0,0.0,-0.002028397565922921,-0.002028397565922921,-0.002028397565922921,-0.002028397565922921
gt,0.0,0.0,0.0,-0.002028397565922921,-0.002028397565922921,-0.002028397565922921,-0.002028397565922921
minimax,0.002028397565922921,0.002028397565922921,0.002028397565922921,0.0,0.0,0.0,0.0
gtd,0.002028397565922921,0.002028397565922921,0.002028397565922921,0.0,0.0,0.0,0.0
Schulze,0.002028397565922921,0.002028397565922921,0.002028397565922921,0.0,0.0,0.0,0.0
IRV,0.002028397565922921,0.002028397565922921,0.002028397565922921,0.0,0.0,0.0,0.0
