,Borda,plurality,gt,minimax,gtd,Schulze,IRV
Borda,0.0,-0.0070126227208976155,-0.0070126227208976155,0.0,-0.0070126227208976155,0.0,0.04908835904628331
plurality,0.0070126227208976155,0.0,0.0,0.0070126227208976155,0.0,0.0070126227208976155,-0.029453015427769985
gt,0.0070126227208976155,0.0,0.0,0.0070126227208976155,0.0,0.0070126227208976155,-0.029453015427769985
minimax,0.0,-0.0070126227208976155,-0.0070126227208976155,0.0,-0.0070126227208976155,0.0,0.04908835904628331
gtd,0.0070126227208976155,0.0,0.0,0.0070126227208976155,0.0,0.0070126227208976155,-0.029453015427769985
Schulze,0.0,-0.0070126227208976155,-0.0070126227208976155,0.0,-0.0070126227208976155,0.0,0.04908835904628331
IRV,-0.04908835904628331,0.029453015427769985,0.029453015427769985,-0.04908835904628331,0.029453015427769985,-0.04908835904628331,0.0
