,Borda,plurality,gt,minimax,gtd,Schulze,IRV
Borda,0.0,0.04415584415584416,0.0,0.0,-0.01818181818181818,0.0,0.0
plurality,-0.04415584415584416,0.0,-0.04415584415584416,-0.04415584415584416,0.01818181818181818,-0.04415584415584416,-0.04415584415584416
gt,0.0,0.04415584415584416,0.0,0.0,-0.01818181818181818,0.0,0.0
minimax,0.0,0.04415584415584416,0.0,0.0,-0.01818181818181818,0.0,0.0
gtd,0.01818181818181818,-0.01818181818181818,0.01818181818181818,0.01818181818181818,0.0,0.01818181818181818,0.01818181818181818
Schulze,0.0,0.04415584415584416,0.0,0.0,-0.01818181818181818,0.0,0.0
IRV,0.0,0.04415584415584416,0.0,0.0,-0.01818181818181818,0.0,0.0
