,Borda,plurality,gt,minimax,gtd,Schulze,IRV
Borda,0.0,-0.0012300123001230013,-0.0012300123001230013,-0.0012300123001230013,-0.0012300123001230013,-0.0012300123001230013,0.033210332103321034
plurality,0.0012300123001230013,0.0,0.0,0.0,0.0,0.0,-0.0012300123001230013
gt,0.0012300123001230013,0.0,0.0,0.0,0.0,0.0,-0.0012300123001230013
minimax,0.0012300123001230013,0.0,0.0,0.0,0.0,0.0,-0.0012300123001230013
gtd,0.0012300123001230013,0.0,0.0,0.0,0.0,0.0,-0.0012300123001230013
Schulze,0.0012300123001230013,0.0,0.0,0.0,0.0,0.0,-0.0012300123001230013
IRV,-0.033210332103321034,0.0012300123001230013,0.0012300123001230013,0.0012300123001230013,0.0012300123001230013,0.0012300123001230013,0.0
