,Borda,plurality,gt,minimax,gtd,Schulze,IRV
Borda,0.0,0.02575107296137339,0.0,0.0,-0.004291845493562232,0.0,0.02575107296137339
plurality,-0.02575107296137339,0.0,-0.02575107296137339,-0.02575107296137339,0.02575107296137339,-0.02575107296137339,0.0
gt,0.0,0.02575107296137339,0.0,0.0,-0.004291845493562232,0.0,0.02575107296137339
minimax,0.0,0.02575107296137339,0.0,0.0,-0.004291845493562232,0.0,0.02575107296137339
gtd,0.004291845493562232,-0.02575107296137339,0.004291845493562232,0.004291845493562232,0.0,0.004291845493562232,-0.02575107296137339
Schulze,0.0,0.02575107296137339,0.0,0.0,-0.004291845493562232,0.0,0.02575107296137339
IRV,-0.02575107296137339,0.0,-0.02575107296137339,-0.02575107296137339,0.02575107296137339,-0.02575107296137339,0.0
