,Borda,plurality,gt,minimax,gtd,Schulze,IRV
Borda,0.0,-0.017721518987341773,-0.017721518987341773,-0.017721518987341773,-0.017721518987341773,-0.017721518987341773,0.07341772151898734
plurality,0.017721518987341773,0.0,0.0,0.0,0.0,0.0,-0.002531645569620253
gt,0.017721518987341773,0.0,0.0,0.0,0.0,0.0,-0.002531645569620253
minimax,0.017721518987341773,0.0,0.0,0.0,0.0,0.0,-0.002531645569620253
gtd,0.017721518987341773,0.0,0.0,0.0,0.0,0.0,-0.002531645569620253
Schulze,0.017721518987341773,0.0,0.0,0.0,0.0,0.0,-0.002531645569620253
IRV,-0.07341772151898734,0.002531645569620253,0.002531645569620253,0.002531645569620253,0.002531645569620253,0.002531645569620253,0.0
