,Borda,plurality,gt,minimax,gtd,Schulze,IRV
Borda,0.0,0.0,0.0,-0.014975041597337771,-0.014975041597337771,-0.014975041597337771,-0.014975041597337771
plurality,0.0,0.0,0.0,-0.014975041597337771,-0.014975041597337771,-0.014975041597337771,-0.014975041597337771
gt,0.0,0.0,0.0,-0.014975041597337771,-0.014975041597337771,-0.014975041597337771,-0.014975041597337771
minimax,0.014975041597337771,0.014975041597337771,0.014975041597337771,0.0,0.0,0.0,0.0
gtd,0.014975041597337771,0.014975041597337771,0.014975041597337771,0.0,0.0,0.0,0.0
Schulze,0.014975041597337771,0.014975041597337771,0.014975041597337771,0.0,0.0,0.0,0.0
IRV,0.014975041597337771,0.014975041597337771,0.014975041597337771,0.0,0.0,0.0,0.0
