,Borda,plurality,gt,minimax,gtd,Schulze,IRV
Borda,0.0,-0.007963594994311717,0.0,0.0,0.0,0.0,0.030716723549488054
plurality,0.007963594994311717,0.0,0.007963594994311717,0.007963594994311717,0.007963594994311717,0.007963594994311717,-0.03754266211604096
gt,0.0,-0.007963594994311717,0.0,0.0,0.0,0.0,0.030716723549488054
minimax,0.0,-0.007963594994311717,0.0,0.0,0.0,0.0,0.030716723549488054
gtd,0.0,-0.007963594994311717,0.0,0.0,0.0,0.0,0.030716723549488054
Schulze,0.0,-0.007963594994311717,0.0,0.0,0.0,0.0,0.030716723549488054
IRV,-0.030716723549488054,0.03754266211604096,-0.030716723549488054,-0.030716723549488054,-0.030716723549488054,-0.030716723549488054,0.0
