,Borda,plurality,gt,minimax,gtd,Schulze,IRV
Borda,0.0,-0.010224948875255624,0.0,0.0,-0.010224948875255624,0.0,0.022494887525562373
plurality,0.010224948875255624,0.0,0.010224948875255624,0.010224948875255624,0.0,0.010224948875255624,-0.010224948875255624
gt,0.0,-0.010224948875255624,0.0,0.0,-0.010224948875255624,0.0,0.022494887525562373
minimax,0.0,-0.010224948875255624,0.0,0.0,-0.010224948875255624,0.0,0.022494887525562373
gtd,0.010224948875255624,0.0,0.010224948875255624,0.010224948875255624,0.0,0.010224948875255624,-0.010224948875255624
Schulze,0.0,-0.010224948875255624,0.0,0.0,-0.010224948875255624,0.0,0.022494887525562373
IRV,-0.022494887525562373,0.010224948875255624,-0.022494887525562373,-0.022494887525562373,0.010224948875255624,-0.022494887525562373,0.0
