,Borda,plurality,gt,minimax,gtd,Schulze,IRV
Borda,0.0,0.022608695652173914,-0.01217391304347826,0.0,0.0,0.0,0.022608695652173914
plurality,-0.022608695652173914,0.0,0.022608695652173914,-0.022608695652173914,-0.022608695652173914,-0.022608695652173914,0.0
gt,0.01217391304347826,-0.022608695652173914,0.0,0.01217391304347826,0.01217391304347826,0.01217391304347826,-0.022608695652173914
minimax,0.0,0.022608695652173914,-0.01217391304347826,0.0,0.0,0.0,0.022608695652173914
gtd,0.0,0.022608695652173914,-0.01217391304347826,0.0,0.0,0.0,0.022608695652173914
Schulze,0.0,0.022608695652173914,-0.01217391304347826,0.0,0.0,0.0,0.022608695652173914
IRV,-0.022608695652173914,0.0,0.022608695652173914,-0.022608695652173914,-0.022608695652173914,-0.022608695652173914,0.0
