,Borda,plurality,gt,minimax,gtd,Schulze,IRV
Borda,0.0,0.04519774011299435,-0.011299435028248588,-0.011299435028248588,-0.011299435028248588,-0.011299435028248588,0.0
plurality,-0.04519774011299435,0.0,0.005649717514124294,0.005649717514124294,0.005649717514124294,0.005649717514124294,-0.04519774011299435
gt,0.011299435028248588,-0.005649717514124294,0.0,0.0,0.0,0.0,0.011299435028248588
minimax,0.011299435028248588,-0.005649717514124294,0.0,0.0,0.0,0.0,0.011299435028248588
gtd,0.011299435028248588,-0.005649717514124294,0.0,0.0,0.0,0.0,0.011299435028248588
Schulze,0.011299435028248588,-0.005649717514124294,0.0,0.0,0.0,0.0,0.011299435028248588
IRV,0.0,0.04519774011299435,-0.011299435028248588,-0.011299435028248588,-0.011299435028248588,-0.011299435028248588,0.0
