,Borda,plurality,gt,minimax,gtd,Schulze,IRV
Borda,0.0,-0.008156606851549755,0.0,0.0,-0.008156606851549755,0.0,-0.008156606851549755
plurality,0.008156606851549755,0.0,0.008156606851549755,0.008156606851549755,0.0,0.008156606851549755,0.0
gt,0.0,-0.008156606851549755,0.0,0.0,-0.008156606851549755,0.0,-0.008156606851549755
minimax,0.0,-0.008156606851549755,0.0,0.0,-0.008156606851549755,0.0,-0.008156606851549755
gtd,0.008156606851549755,0.0,0.008156606851549755,0.008156606851549755,0.0,0.008156606851549755,0.0
Schulze,0.0,-0.008156606851549755,0.0,0.0,-0.008156606851549755,0.0,-0.008156606851549755
IRV,0.008156606851549755,0.0,0.008156606851549755,0.008156606851549755,0.0,0.008156606851549755,0.0
