,Borda,plurality,gt,minimax,gtd,Schulze,IRV
Borda,0.0,0.0,-0.016476552598225603,0.0,0.0,0.0,-0.016476552598225603
plurality,0.0,0.0,-0.016476552598225603,0.0,0.0,0.0,-0.016476552598225603
gt,0.016476552598225603,0.016476552598225603,0.0,0.016476552598225603,0.016476552598225603,0.016476552598225603,0.0
minimax,0.0,0.0,-0.016476552598225603,0.0,0.0,0.0,-0.016476552598225603
gtd,0.0,0.0,-0.016476552598225603,0.0,0.0,0.0,-0.016476552598225603
Schulze,0.0,0.0,-0.016476552598225603,0.0,0.0,0.0,-0.016476552598225603
IRV,0.016476552598225603,0.016476552598225603,0.0,0.016476552598225603,0.016476552598225603,0.016476552598225603,0.0
