,Borda,plurality,gt,minimax,gtd,Schulze,IRV
Borda,0.0,-0.004830917874396135,-0.004830917874396135,0.0,-0.004830917874396135,0.0,0.028985507246376812
plurality,0.004830917874396135,0.0,0.0,0.004830917874396135,0.0,0.004830917874396135,-0.00644122383252818
gt,0.004830917874396135,0.0,0.0,0.004830917874396135,0.0,0.004830917874396135,-0.00644122383252818
minimax,0.0,-0.004830917874396135,-0.004830917874396135,0.0,-0.004830917874396135,0.0,0.028985507246376812
gtd,0.004830917874396135,0.0,0.0,0.004830917874396135,0.0,0.004830917874396135,-0.00644122383252818
Schulze,0.0,-0.004830917874396135,-0.004830917874396135,0.0,-0.004830917874396135,0.0,0.028985507246376812
IRV,-0.028985507246376812,0.00644122383252818,0.00644122383252818,-0.028985507246376812,0.00644122383252818,-0.028985507246376812,0.0
