,Borda,plurality,gt,minimax,gtd,Schulze,IRV
Borda,0.0,-0.0446927374301676,0.07262569832402235,-0.0446927374301676,-0.0446927374301676,-0.0446927374301676,-0.0446927374301676
plurality,0.0446927374301676,0.0,-0.0223463687150838,0.0,0.0,0.0,0.0
gt,-0.07262569832402235,0.0223463687150838,0.0,0.0223463687150838,0.0223463687150838,0.0223463687150838,0.0223463687150838
minimax,0.0446927374301676,0.0,-0.0223463687150838,0.0,0.0,0.0,0.0
gtd,0.0446927374301676,0.0,-0.0223463687150838,0.0,0.0,0.0,0.0
Schulze,0.0446927374301676,0.0,-0.0223463687150838,0.0,0.0,0.0,0.0
IRV,0.0446927374301676,0.0,-0.0223463687150838,0.0,0.0,0.0,0.0
