,Borda,plurality,gt,minimax,gtd,Schulze,IRV
Borda,0.0,0.033816425120772944,-0.001610305958132045,0.0,-0.001610305958132045,0.0,0.033816425120772944
plurality,-0.033816425120772944,0.0,0.001610305958132045,-0.033816425120772944,0.001610305958132045,-0.033816425120772944,0.0
gt,0.001610305958132045,-0.001610305958132045,0.0,0.001610305958132045,0.0,0.001610305958132045,-0.001610305958132045
minimax,0.0,0.033816425120772944,-0.001610305958132045,0.0,-0.001610305958132045,0.0,0.033816425120772944
gtd,0.001610305958132045,-0.001610305958132045,0.0,0.001610305958132045,0.0,0.001610305958132045,-0.001610305958132045
Schulze,0.0,0.033816425120772944,-0.001610305958132045,0.0,-0.001610305958132045,0.0,0.033816425120772944
IRV,-0.033816425120772944,0.0,0.001610305958132045,-0.033816425120772944,0.001610305958132045,-0.033816425120772944,0.0
