,Borda,plurality,gt,minimax,gtd,Schulze,IRV
Borda,0.0,0.04964539007092199,-0.024822695035460994,-0.024822695035460994,-0.024822695035460994,-0.024822695035460994,0.0
plurality,-0.04964539007092199,0.0,0.0070921985815602835,0.0070921985815602835,0.0070921985815602835,0.0070921985815602835,-0.04964539007092199
gt,0.024822695035460994,-0.0070921985815602835,0.0,0.0,0.0,0.0,0.024822695035460994
minimax,0.024822695035460994,-0.0070921985815602835,0.0,0.0,0.0,0.0,0.024822695035460994
gtd,0.024822695035460994,-0.0070921985815602835,0.0,0.0,0.0,0.0,0.024822695035460994
Schulze,0.024822695035460994,-0.0070921985815602835,0.0,0.0,0.0,0.0,0.024822695035460994
IRV,0.0,0.04964539007092199,-0.024822695035460994,-0.024822695035460994,-0.024822695035460994,-0.024822695035460994,0.0
