,Borda,plurality,gt,minimax,gtd,Schulze,IRV
Borda,0.0,-0.017114914425427872,-0.017114914425427872,-0.017114914425427872,-0.017114914425427872,-0.017114914425427872,0.1295843520782396
plurality,0.017114914425427872,0.0,0.0,0.0,0.0,0.0,-0.0024449877750611247
gt,0.017114914425427872,0.0,0.0,0.0,0.0,0.0,-0.0024449877750611247
minimax,0.017114914425427872,0.0,0.0,0.0,0.0,0.0,-0.0024449877750611247
gtd,0.017114914425427872,0.0,0.0,0.0,0.0,0.0,-0.0024449877750611247
Schulze,0.017114914425427872,0.0,0.0,0.0,0.0,0.0,-0.0024449877750611247
IRV,-0.1295843520782396,0.0024449877750611247,0.0024449877750611247,0.0024449877750611247,0.0024449877750611247,0.0024449877750611247,0.0
