,Borda,plurality,gt,minimax,gtd,Schulze,IRV
Borda,0.0,-0.0191625266146203,0.0234208658623137,0.0,0.0,0.0,0.0234208658623137
plurality,0.0191625266146203,0.0,-0.0248403122782115,0.0191625266146203,0.0191625266146203,0.0191625266146203,-0.0248403122782115
gt,-0.0234208658623137,0.0248403122782115,0.0,-0.0234208658623137,-0.0234208658623137,-0.0234208658623137,0.0
minimax,0.0,-0.0191625266146203,0.0234208658623137,0.0,0.0,0.0,0.0234208658623137
gtd,0.0,-0.0191625266146203,0.0234208658623137,0.0,0.0,0.0,0.0234208658623137
Schulze,0.0,-0.0191625266146203,0.0234208658623137,0.0,0.0,0.0,0.0234208658623137
IRV,-0.0234208658623137,0.0248403122782115,0.0,-0.0234208658623137,-0.0234208658623137,-0.0234208658623137,0.0
