,Borda,plurality,gt,minimax,gtd,Schulze,IRV
Borda,0.0,-0.02040816326530612,0.03231292517006803,-0.02040816326530612,-0.02040816326530612,-0.02040816326530612,-0.02040816326530612
plurality,0.02040816326530612,0.0,-0.01020408163265306,0.0,0.0,0.0,0.0
gt,-0.03231292517006803,0.01020408163265306,0.0,0.01020408163265306,0.01020408163265306,0.01020408163265306,0.01020408163265306
minimax,0.02040816326530612,0.0,-0.01020408163265306,0.0,0.0,0.0,0.0
gtd,0.02040816326530612,0.0,-0.01020408163265306,0.0,0.0,0.0,0.0
Schulze,0.02040816326530612,0.0,-0.01020408163265306,0.0,0.0,0.0,0.0
IRV,0.02040816326530612,0.0,-0.01020408163265306,0.0,0.0,0.0,0.0
