,Borda,plurality,gt,minimax,gtd,Schulze,IRV
Borda,0.0,0.0,-0.00995285489785228,-0.00995285489785228,-0.00995285489785228,-0.00995285489785228,0.0
plurality,0.0,0.0,-0.00995285489785228,-0.00995285489785228,-0.00995285489785228,-0.00995285489785228,0.0
gt,0.00995285489785228,0.00995285489785228,0.0,0.0,0.0,0.0,0.00995285489785228
minimax,0.00995285489785228,0.00995285489785228,0.0,0.0,0.0,0.0,0.00995285489785228
gtd,0.00995285489785228,0.00995285489785228,0.0,0.0,0.0,0.0,0.00995285489785228
Schulze,0.00995285489785228,0.00995285489785228,0.0,0.0,0.0,0.0,0.00995285489785228
IRV,0.0,0.0,-0.00995285489785228,-0.00995285489785228,-0.00995285489785228,-0.00995285489785228,0.0
