,Borda,plurality,gt,minimax,gtd,Schulze,IRV
Borda,0.0,0.0,-0.012206572769953052,-0.012206572769953052,-0.012206572769953052,-0.012206572769953052,0.0
plurality,0.0,0.0,-0.012206572769953052,-0.012206572769953052,-0.012206572769953052,-0.012206572769953052,0.0
gt,0.012206572769953052,0.012206572769953052,0.0,0.0,0.0,0.0,0.012206572769953052
minimax,0.012206572769953052,0.012206572769953052,0.0,0.0,0.0,0.0,0.012206572769953052
gtd,0.012206572769953052,0.012206572769953052,0.0,0.0,0.0,0.0,0.012206572769953052
Schulze,0.012206572769953052,0.012206572769953052,0.0,0.0,0.0,0.0,0.012206572769953052
IRV,0.0,0.0,-0.012206572769953052,-0.012206572769953052,-0.012206572769953052,-0.012206572769953052,0.0
