,Borda,plurality,gt,minimax,gtd,Schulze,IRV
Borda,0.0,0.05029585798816568,-0.011834319526627219,0.0,-0.011834319526627219,0.0,0.0
plurality,-0.05029585798816568,0.0,0.014792899408284023,-0.05029585798816568,0.014792899408284023,-0.05029585798816568,-0.05029585798816568
gt,0.011834319526627219,-0.014792899408284023,0.0,0.011834319526627219,0.0,0.011834319526627219,0.011834319526627219
minimax,0.0,0.05029585798816568,-0.011834319526627219,0.0,-0.011834319526627219,0.0,0.0
gtd,0.011834319526627219,-0.014792899408284023,0.0,0.011834319526627219,0.0,0.011834319526627219,0.011834319526627219
Schulze,0.0,0.05029585798816568,-0.011834319526627219,0.0,-0.011834319526627219,0.0,0.0
IRV,0.0,0.05029585798816568,-0.011834319526627219,0.0,-0.011834319526627219,0.0,0.0
