,Borda,plurality,gt,minimax,gtd,Schulze,IRV
Borda,0.0,-0.005940594059405941,-0.005940594059405941,0.0,-0.005940594059405941,0.0,0.0297029702970297
plurality,0.005940594059405941,0.0,0.0,0.005940594059405941,0.0,0.005940594059405941,-0.009900990099009901
gt,0.005940594059405941,0.0,0.0,0.005940594059405941,0.0,0.005940594059405941,-0.009900990099009901
minimax,0.0,-0.005940594059405941,-0.005940594059405941,0.0,-0.005940594059405941,0.0,0.0297029702970297
gtd,0.005940594059405941,0.0,0.0,0.005940594059405941,0.0,0.005940594059405941,-0.009900990099009901
Schulze,0.0,-0.005940594059405941,-0.005940594059405941,0.0,-0.005940594059405941,0.0,0.0297029702970297
IRV,-0.0297029702970297,0.009900990099009901,0.009900990099009901,-0.0297029702970297,0.009900990099009901,-0.0297029702970297,0.0
