,Borda,plurality,gt,minimax,gtd,Schulze,IRV
Borda,0.0,0.0,0.0,0.0,0.0,0.0,0.0410958904109589
plurality,0.0,0.0,0.0,0.0,0.0,0.0,-0.0547945205479452
gt,0.0,0.0,0.0,0.0,0.0,0.0,0.0410958904109589
minimax,0.0,0.0,0.0,0.0,0.0,0.0,0.0410958904109589
gtd,0.0,0.0,0.0,0.0,0.0,0.0,0.0410958904109589
Schulze,0.0,0.0,0.0,0.0,0.0,0.0,0.0410958904109589
IRV,-0.0410958904109589,0.0547945205479452,-0.0410958904109589,-0.0410958904109589,-0.0410958904109589,-0.0410958904109589,0.0
