,Borda,plurality,gt,minimax,gtd,Schulze,IRV
Borda,0.0,-0.031413612565445025,-0.031413612565445025,0.0,-0.031413612565445025,0.0,0.041884816753926704
plurality,0.031413612565445025,0.0,0.0,0.031413612565445025,0.0,0.031413612565445025,-0.031413612565445025
gt,0.031413612565445025,0.0,0.0,0.031413612565445025,0.0,0.031413612565445025,-0.031413612565445025
minimax,0.0,-0.031413612565445025,-0.031413612565445025,0.0,-0.031413612565445025,0.0,0.041884816753926704
gtd,0.031413612565445025,0.0,0.0,0.031413612565445025,0.0,0.031413612565445025,-0.031413612565445025
Schulze,0.0,-0.031413612565445025,-0.031413612565445025,0.0,-0.031413612565445025,0.0,0.041884816753926704
IRV,-0.041884816753926704,0.031413612565445025,0.031413612565445025,-0.041884816753926704,0.031413612565445025,-0.041884816753926704,0.0
