,Borda,plurality,gt,minimax,gtd,Schulze,IRV
Borda,0.0,0.0,0.017543859649122806,-0.009446693657219974,-0.009446693657219974,-0.009446693657219974,-0.009446693657219974
plurality,0.0,0.0,0.017543859649122806,-0.009446693657219974,-0.009446693657219974,-0.009446693657219974,-0.009446693657219974
gt,-0.017543859649122806,-0.017543859649122806,0.0,0.004048582995951417,0.004048582995951417,0.004048582995951417,0.004048582995951417
minimax,0.009446693657219974,0.009446693657219974,-0.004048582995951417,0.0,0.0,0.0,0.0
gtd,0.009446693657219974,0.009446693657219974,-0.004048582995951417,0.0,0.0,0.0,0.0
Schulze,0.009446693657219974,0.009446693657219974,-0.004048582995951417,0.0,0.0,0.0,0.0
IRV,0.009446693657219974,0.009446693657219974,-0.004048582995951417,0.0,0.0,0.0,0.0
