,Borda,plurality,gt,minimax,gtd,Schulze,IRV
Borda,0.0,-0.011464968152866241,-0.011464968152866241,0.0,-0.011464968152866241,0.0,0.03184713375796178
plurality,0.011464968152866241,0.0,0.0,0.011464968152866241,0.0,0.011464968152866241,-0.016560509554140127
gt,0.011464968152866241,0.0,0.0,0.011464968152866241,0.0,0.011464968152866241,-0.016560509554140127
minimax,0.0,-0.011464968152866241,-0.011464968152866241,0.0,-0.011464968152866241,0.0,0.03184713375796178
gtd,0.011464968152866241,0.0,0.0,0.011464968152866241,0.0,0.011464968152866241,-0.016560509554140127
Schulze,0.0,-0.011464968152866241,-0.011464968152866241,0.0,-0.011464968152866241,0.0,0.03184713375796178
IRV,-0.03184713375796178,0.016560509554140127,0.016560509554140127,-0.03184713375796178,0.016560509554140127,-0.03184713375796178,0.0
