,Borda,plurality,gt,minimax,gtd,Schulze,IRV
Borda,0.0,0.0,-0.005873715124816446,0.0,-0.005873715124816446,0.0,-0.005873715124816446
plurality,0.0,0.0,-0.005873715124816446,0.0,-0.005873715124816446,0.0,-0.005873715124816446
gt,0.005873715124816446,0.005873715124816446,0.0,0.005873715124816446,0.0,0.005873715124816446,0.0
minimax,0.0,0.0,-0.005873715124816446,0.0,-0.005873715124816446,0.0,-0.005873715124816446
gtd,0.005873715124816446,0.005873715124816446,0.0,0.005873715124816446,0.0,0.005873715124816446,0.0
Schulze,0.0,0.0,-0.005873715124816446,0.0,-0.005873715124816446,0.0,-0.005873715124816446
IRV,0.005873715124816446,0.005873715124816446,0.0,0.005873715124816446,0.0,0.005873715124816446,0.0
