,Borda,plurality,gt,minimax,gtd,Schulze,IRV
Borda,0.0,0.0,-0.0017421602787456446,0.0,-0.0017421602787456446,0.0,-0.0017421602787456446
plurality,0.0,0.0,-0.0017421602787456446,0.0,-0.0017421602787456446,0.0,-0.0017421602787456446
gt,0.0017421602787456446,0.0017421602787456446,0.0,0.0017421602787456446,0.0,0.0017421602787456446,0.0
minimax,0.0,0.0,-0.0017421602787456446,0.0,-0.0017421602787456446,0.0,-0.0017421602787456446
gtd,0.0017421602787456446,0.0017421602787456446,0.0,0.0017421602787456446,0.0,0.0017421602787456446,0.0
Schulze,0.0,0.0,-0.0017421602787456446,0.0,-0.0017421602787456446,0.0,-0.0017421602787456446
IRV,0.0017421602787456446,0.0017421602787456446,0.0,0.0017421602787456446,0.0,0.0017421602787456446,0.0
