,Borda,plurality,gt,minimax,gtd,Schulze,IRV
Borda,0.0,-0.02947845804988662,0.0,0.0,-0.02947845804988662,0.0,-0.02947845804988662
plurality,0.02947845804988662,0.0,0.02947845804988662,0.02947845804988662,0.0,0.02947845804988662,0.0
gt,0.0,-0.02947845804988662,0.0,0.0,-0.02947845804988662,0.0,-0.02947845804988662
minimax,0.0,-0.02947845804988662,0.0,0.0,-0.02947845804988662,0.0,-0.02947845804988662
gtd,0.02947845804988662,0.0,0.02947845804988662,0.02947845804988662,0.0,0.02947845804988662,0.0
Schulze,0.0,-0.02947845804988662,0.0,0.0,-0.02947845804988662,0.0,-0.02947845804988662
IRV,0.02947845804988662,0.0,0.02947845804988662,0.02947845804988662,0.0,0.02947845804988662,0.0
