,Borda,plurality,gt,minimax,gtd,Schulze,IRV
Borda,0.0,0.0,0.0,0.0,0.0,0.0,0.011363636363636364
plurality,0.0,0.0,0.0,0.0,0.0,0.0,-0.017045454545454544
gt,0.0,0.0,0.0,0.0,0.0,0.0,-0.017045454545454544
minimax,0.0,0.0,0.0,0.0,0.0,0.0,0.011363636363636364
gtd,0.0,0.0,0.0,0.0,0.0,0.0,0.011363636363636364
Schulze,0.0,0.0,0.0,0.0,0.0,0.0,0.011363636363636364
IRV,-0.011363636363636364,0.017045454545454544,0.017045454545454544,-0.011363636363636364,-0.011363636363636364,-0.011363636363636364,0.0
