,Borda,plurality,gt,minimax,gtd,Schulze,IRV
Borda,0.0,-0.007385524372230428,-0.007385524372230428,0.0,-0.007385524372230428,0.0,-0.007385524372230428
plurality,0.007385524372230428,0.0,0.0,0.007385524372230428,0.0,0.007385524372230428,0.0
gt,0.007385524372230428,0.0,0.0,0.007385524372230428,0.0,0.007385524372230428,0.0
minimax,0.0,-0.007385524372230428,-0.007385524372230428,0.0,-0.007385524372230428,0.0,-0.007385524372230428
gtd,0.007385524372230428,0.0,0.0,0.007385524372230428,0.0,0.007385524372230428,0.0
Schulze,0.0,-0.007385524372230428,-0.007385524372230428,0.0,-0.007385524372230428,0.0,-0.007385524372230428
IRV,0.007385524372230428,0.0,0.0,0.007385524372230428,0.0,0.007385524372230428,0.0
