,Borda,plurality,gt,minimax,gtd,Schulze,IRV
Borda,0.0,-0.007476635514018692,0.013084112149532711,-0.007476635514018692,-0.007476635514018692,-0.007476635514018692,0.013084112149532711
plurality,0.007476635514018692,0.0,-0.004672897196261682,0.0,0.0,0.0,-0.004672897196261682
gt,-0.013084112149532711,0.004672897196261682,0.0,0.004672897196261682,0.004672897196261682,0.004672897196261682,0.0
minimax,0.007476635514018692,0.0,-0.004672897196261682,0.0,0.0,0.0,-0.004672897196261682
gtd,0.007476635514018692,0.0,-0.004672897196261682,0.0,0.0,0.0,-0.004672897196261682
Schulze,0.007476635514018692,0.0,-0.004672897196261682,0.0,0.0,0.0,-0.004672897196261682
IRV,-0.013084112149532711,0.004672897196261682,0.0,0.004672897196261682,0.004672897196261682,0.004672897196261682,0.0
