,Borda,plurality,gt,minimax,gtd,Schulze,IRV
Borda,0.0,0.0,-0.0023752969121140144,0.0,0.0,0.0,0.0
plurality,0.0,0.0,-0.0023752969121140144,0.0,0.0,0.0,0.0
gt,0.0023752969121140144,0.0023752969121140144,0.0,0.0023752969121140144,0.0023752969121140144,0.0023752969121140144,0.0023752969121140144
minimax,0.0,0.0,-0.0023752969121140144,0.0,0.0,0.0,0.0
gtd,0.0,0.0,-0.0023752969121140144,0.0,0.0,0.0,0.0
Schulze,0.0,0.0,-0.0023752969121140144,0.0,0.0,0.0,0.0
IRV,0.0,0.0,-0.0023752969121140144,0.0,0.0,0.0,0.0
