,Borda,plurality,gt,minimax,gtd,Schulze,IRV
Borda,0.0,-0.001692047377326565,0.0,0.0,0.0,0.0,0.021996615905245348
plurality,0.001692047377326565,0.0,0.001692047377326565,0.001692047377326565,0.001692047377326565,0.001692047377326565,-0.02707275803722504
gt,0.0,-0.001692047377326565,0.0,0.0,0.0,0.0,0.021996615905245348
minimax,0.0,-0.001692047377326565,0.0,0.0,0.0,0.0,0.021996615905245348
gtd,0.0,-0.001692047377326565,0.0,0.0,0.0,0.0,0.021996615905245348
Schulze,0.0,-0.001692047377326565,0.0,0.0,0.0,0.0,0.021996615905245348
IRV,-0.021996615905245348,0.02707275803722504,-0.021996615905245348,-0.021996615905245348,-0.021996615905245348,-0.021996615905245348,0.0
