,Borda,plurality,gt,minimax,gtd,Schulze,IRV
Borda,0.0,-0.009345794392523364,-0.009345794392523364,-0.009345794392523364,-0.009345794392523364,-0.009345794392523364,0.07009345794392523
plurality,0.009345794392523364,0.0,0.0,0.0,0.0,0.0,-0.004672897196261682
gt,0.009345794392523364,0.0,0.0,0.0,0.0,0.0,-0.004672897196261682
minimax,0.009345794392523364,0.0,0.0,0.0,0.0,0.0,-0.004672897196261682
gtd,0.009345794392523364,0.0,0.0,0.0,0.0,0.0,-0.004672897196261682
Schulze,0.009345794392523364,0.0,0.0,0.0,0.0,0.0,-0.004672897196261682
IRV,-0.07009345794392523,0.004672897196261682,0.004672897196261682,0.004672897196261682,0.004672897196261682,0.004672897196261682,0.0
