,Borda,plurality,gt,minimax,gtd,Schulze,IRV
Borda,0.0,0.0,-0.01358695652173913,0.0,0.0,0.0,0.0
plurality,0.0,0.0,-0.01358695652173913,0.0,0.0,0.0,0.0
gt,0.01358695652173913,0.01358695652173913,0.0,0.01358695652173913,0.01358695652173913,0.01358695652173913,0.01358695652173913
minimax,0.0,0.0,-0.01358695652173913,0.0,0.0,0.0,0.0
gtd,0.0,0.0,-0.01358695652173913,0.0,0.0,0.0,0.0
Schulze,0.0,0.0,-0.01358695652173913,0.0,0.0,0.0,0.0
IRV,0.0,0.0,-0.01358695652173913,0.0,0.0,0.0,0.0
