,Borda,plurality,gt,minimax,gtd,Schulze,IRV
Borda,0.0,-0.04225352112676056,0.059154929577464786,-0.04225352112676056,-0.04225352112676056,-0.04225352112676056,0.059154929577464786
plurality,0.04225352112676056,0.0,-0.030985915492957747,0.0,0.0,0.0,-0.030985915492957747
gt,-0.059154929577464786,0.030985915492957747,0.0,0.030985915492957747,0.030985915492957747,0.030985915492957747,0.0
minimax,0.04225352112676056,0.0,-0.030985915492957747,0.0,0.0,0.0,-0.030985915492957747
gtd,0.04225352112676056,0.0,-0.030985915492957747,0.0,0.0,0.0,-0.030985915492957747
Schulze,0.04225352112676056,0.0,-0.030985915492957747,0.0,0.0,0.0,-0.030985915492957747
IRV,-0.059154929577464786,0.030985915492957747,0.0,0.030985915492957747,0.030985915492957747,0.030985915492957747,0.0
