,Borda,plurality,gt,minimax,gtd,Schulze,IRV
Borda,0.0,0.0,0.06459948320413436,-0.023255813953488372,-0.023255813953488372,-0.023255813953488372,0.0
plurality,0.0,0.0,0.06459948320413436,-0.023255813953488372,-0.023255813953488372,-0.023255813953488372,0.0
gt,-0.06459948320413436,-0.06459948320413436,0.0,0.002583979328165375,0.002583979328165375,0.002583979328165375,-0.06459948320413436
minimax,0.023255813953488372,0.023255813953488372,-0.002583979328165375,0.0,0.0,0.0,0.023255813953488372
gtd,0.023255813953488372,0.023255813953488372,-0.002583979328165375,0.0,0.0,0.0,0.023255813953488372
Schulze,0.023255813953488372,0.023255813953488372,-0.002583979328165375,0.0,0.0,0.0,0.023255813953488372
IRV,0.0,0.0,0.06459948320413436,-0.023255813953488372,-0.023255813953488372,-0.023255813953488372,0.0
