,Borda,plurality,gt,minimax,gtd,Schulze,IRV
Borda,0.0,0.054481546572934976,0.0,0.0,-0.012302284710017574,0.0,0.054481546572934976
plurality,-0.054481546572934976,0.0,-0.054481546572934976,-0.054481546572934976,0.029876977152899824,-0.054481546572934976,0.0
gt,0.0,0.054481546572934976,0.0,0.0,-0.012302284710017574,0.0,0.054481546572934976
minimax,0.0,0.054481546572934976,0.0,0.0,-0.012302284710017574,0.0,0.054481546572934976
gtd,0.012302284710017574,-0.029876977152899824,0.012302284710017574,0.012302284710017574,0.0,0.012302284710017574,-0.029876977152899824
Schulze,0.0,0.054481546572934976,0.0,0.0,-0.012302284710017574,0.0,0.054481546572934976
IRV,-0.054481546572934976,0.0,-0.054481546572934976,-0.054481546572934976,0.029876977152899824,-0.054481546572934976,0.0
