,Borda,plurality,gt,minimax,gtd,Schulze,IRV
Borda,0.0,0.0,0.024128686327077747,0.0,0.0,0.0,-0.00804289544235925
plurality,0.0,0.0,0.024128686327077747,0.0,0.0,0.0,-0.00804289544235925
gt,-0.024128686327077747,-0.024128686327077747,0.0,-0.024128686327077747,-0.024128686327077747,-0.024128686327077747,0.03485254691689008
minimax,0.0,0.0,0.024128686327077747,0.0,0.0,0.0,-0.00804289544235925
gtd,0.0,0.0,0.024128686327077747,0.0,0.0,0.0,-0.00804289544235925
Schulze,0.0,0.0,0.024128686327077747,0.0,0.0,0.0,-0.00804289544235925
IRV,0.00804289544235925,0.00804289544235925,-0.03485254691689008,0.00804289544235925,0.00804289544235925,0.00804289544235925,0.0
