,Borda,plurality,gt,minimax,gtd,Schulze,IRV
Borda,0.0,0.0,0.047787610619469026,-0.012389380530973451,-0.012389380530973451,-0.012389380530973451,0.0
plurality,0.0,0.0,0.047787610619469026,-0.012389380530973451,-0.012389380530973451,-0.012389380530973451,0.0
gt,-0.047787610619469026,-0.047787610619469026,0.0,0.0017699115044247787,0.0017699115044247787,0.0017699115044247787,-0.047787610619469026
minimax,0.012389380530973451,0.012389380530973451,-0.0017699115044247787,0.0,0.0,0.0,0.012389380530973451
gtd,0.012389380530973451,0.012389380530973451,-0.0017699115044247787,0.0,0.0,0.0,0.012389380530973451
Schulze,0.012389380530973451,0.012389380530973451,-0.0017699115044247787,0.0,0.0,0.0,0.012389380530973451
IRV,0.0,0.0,0.047787610619469026,-0.012389380530973451,-0.012389380530973451,-0.012389380530973451,0.0
