,Borda,plurality,gt,minimax,gtd,Schulze,IRV
Borda,0.0,0.0397456279809221,0.0,-0.02384737678855326,-0.02384737678855326,-0.02384737678855326,0.0397456279809221
plurality,-0.0397456279809221,0.0,-0.0397456279809221,0.02066772655007949,0.02066772655007949,0.02066772655007949,0.0
gt,0.0,0.0397456279809221,0.0,-0.02384737678855326,-0.02384737678855326,-0.02384737678855326,0.0397456279809221
minimax,0.02384737678855326,-0.02066772655007949,0.02384737678855326,0.0,0.0,0.0,-0.02066772655007949
gtd,0.02384737678855326,-0.02066772655007949,0.02384737678855326,0.0,0.0,0.0,-0.02066772655007949
Schulze,0.02384737678855326,-0.02066772655007949,0.02384737678855326,0.0,0.0,0.0,-0.02066772655007949
IRV,-0.0397456279809221,0.0,-0.0397456279809221,0.02066772655007949,0.02066772655007949,0.02066772655007949,0.0
