,Borda,plurality,gt,minimax,gtd,Schulze,IRV
Borda,0.0,0.0,0.0,0.0,-0.005792522380200105,0.0,-0.005792522380200105
plurality,0.0,0.0,0.0,0.0,-0.005792522380200105,0.0,-0.005792522380200105
gt,0.0,0.0,0.0,0.0,-0.005792522380200105,0.0,-0.005792522380200105
minimax,0.0,0.0,0.0,0.0,-0.005792522380200105,0.0,-0.005792522380200105
gtd,0.005792522380200105,0.005792522380200105,0.005792522380200105,0.005792522380200105,0.0,0.005792522380200105,0.0
Schulze,0.0,0.0,0.0,0.0,-0.005792522380200105,0.0,-0.005792522380200105
IRV,0.005792522380200105,0.005792522380200105,0.005792522380200105,0.005792522380200105,0.0,0.005792522380200105,0.0
