,Borda,plurality,gt,minimax,gtd,Schulze,IRV
Borda,0.0,-0.01951219512195122,0.032520325203252036,-0.01951219512195122,-0.01951219512195122,-0.01951219512195122,-0.01951219512195122
plurality,0.01951219512195122,0.0,-0.008130081300813009,0.0,0.0,0.0,0.0
gt,-0.032520325203252036,0.008130081300813009,0.0,0.008130081300813009,0.008130081300813009,0.008130081300813009,0.008130081300813009
minimax,0.01951219512195122,0.0,-0.008130081300813009,0.0,0.0,0.0,0.0
gtd,0.01951219512195122,0.0,-0.008130081300813009,0.0,0.0,0.0,0.0
Schulze,0.01951219512195122,0.0,-0.008130081300813009,0.0,0.0,0.0,0.0
IRV,0.01951219512195122,0.0,-0.008130081300813009,0.0,0.0,0.0,0.0
