,Borda,plurality,gt,minimax,gtd,Schulze,IRV
Borda,0.0,0.0,-0.006033661479834868,-0.006033661479834868,-0.006033661479834868,-0.006033661479834868,0.0
plurality,0.0,0.0,-0.006033661479834868,-0.006033661479834868,-0.006033661479834868,-0.006033661479834868,0.0
gt,0.006033661479834868,0.006033661479834868,0.0,0.0,0.0,0.0,0.006033661479834868
minimax,0.006033661479834868,0.006033661479834868,0.0,0.0,0.0,0.0,0.006033661479834868
gtd,0.006033661479834868,0.006033661479834868,0.0,0.0,0.0,0.0,0.006033661479834868
Schulze,0.006033661479834868,0.006033661479834868,0.0,0.0,0.0,0.0,0.006033661479834868
IRV,0.0,0.0,-0.006033661479834868,-0.006033661479834868,-0.006033661479834868,-0.006033661479834868,0.0
