,Borda,plurality,gt,minimax,gtd,Schulze,IRV
Borda,0.0,0.0,0.05025125628140704,-0.020100502512562814,-0.020100502512562814,-0.020100502512562814,-0.020100502512562814
plurality,0.0,0.0,0.05025125628140704,-0.020100502512562814,-0.020100502512562814,-0.020100502512562814,-0.020100502512562814
gt,-0.05025125628140704,-0.05025125628140704,0.0,0.0,0.0,0.0,0.0
minimax,0.020100502512562814,0.020100502512562814,0.0,0.0,0.0,0.0,0.0
gtd,0.020100502512562814,0.020100502512562814,0.0,0.0,0.0,0.0,0.0
Schulze,0.020100502512562814,0.020100502512562814,0.0,0.0,0.0,0.0,0.0
IRV,0.020100502512562814,0.020100502512562814,0.0,0.0,0.0,0.0,0.0
