,Borda,plurality,gt,minimax,gtd,Schulze,IRV
Borda,0.0,-0.028070175438596492,-0.028070175438596492,-0.028070175438596492,-0.028070175438596492,-0.028070175438596492,0.042105263157894736
plurality,0.028070175438596492,0.0,0.0,0.0,0.0,0.0,-0.017543859649122806
gt,0.028070175438596492,0.0,0.0,0.0,0.0,0.0,-0.017543859649122806
minimax,0.028070175438596492,0.0,0.0,0.0,0.0,0.0,-0.017543859649122806
gtd,0.028070175438596492,0.0,0.0,0.0,0.0,0.0,-0.017543859649122806
Schulze,0.028070175438596492,0.0,0.0,0.0,0.0,0.0,-0.017543859649122806
IRV,-0.042105263157894736,0.017543859649122806,0.017543859649122806,0.017543859649122806,0.017543859649122806,0.017543859649122806,0.0
