,Borda,plurality,gt,minimax,gtd,Schulze,IRV
Borda,0.0,-0.0015408320493066256,-0.0015408320493066256,0.0,-0.0015408320493066256,0.0,0.04776579352850539
plurality,0.0015408320493066256,0.0,0.0,0.0015408320493066256,0.0,0.0015408320493066256,-0.004622496147919877
gt,0.0015408320493066256,0.0,0.0,0.0015408320493066256,0.0,0.0015408320493066256,-0.004622496147919877
minimax,0.0,-0.0015408320493066256,-0.0015408320493066256,0.0,-0.0015408320493066256,0.0,0.04776579352850539
gtd,0.0015408320493066256,0.0,0.0,0.0015408320493066256,0.0,0.0015408320493066256,-0.004622496147919877
Schulze,0.0,-0.0015408320493066256,-0.0015408320493066256,0.0,-0.0015408320493066256,0.0,0.04776579352850539
IRV,-0.04776579352850539,0.004622496147919877,0.004622496147919877,-0.04776579352850539,0.004622496147919877,-0.04776579352850539,0.0
