,Borda,plurality,gt,minimax,gtd,Schulze,IRV
Borda,0.0,0.015410958904109588,0.0,0.0,0.0,0.0,0.015410958904109588
plurality,-0.015410958904109588,0.0,-0.015410958904109588,-0.015410958904109588,-0.015410958904109588,-0.015410958904109588,0.0
gt,0.0,0.015410958904109588,0.0,0.0,0.0,0.0,0.015410958904109588
minimax,0.0,0.015410958904109588,0.0,0.0,0.0,0.0,0.015410958904109588
gtd,0.0,0.015410958904109588,0.0,0.0,0.0,0.0,0.015410958904109588
Schulze,0.0,0.015410958904109588,0.0,0.0,0.0,0.0,0.015410958904109588
IRV,-0.015410958904109588,0.0,-0.015410958904109588,-0.015410958904109588,-0.015410958904109588,-0.015410958904109588,0.0
