,Borda,plurality,gt,minimax,gtd,Schulze,IRV
Borda,0.0,0.0,0.029464285714285714,-0.014285714285714285,-0.014285714285714285,-0.014285714285714285,-0.014285714285714285
plurality,0.0,0.0,0.029464285714285714,-0.014285714285714285,-0.014285714285714285,-0.014285714285714285,-0.014285714285714285
gt,-0.029464285714285714,-0.029464285714285714,0.0,0.004464285714285714,0.004464285714285714,0.004464285714285714,0.004464285714285714
minimax,0.014285714285714285,0.014285714285714285,-0.004464285714285714,0.0,0.0,0.0,0.0
gtd,0.014285714285714285,0.014285714285714285,-0.004464285714285714,0.0,0.0,0.0,0.0
Schulze,0.014285714285714285,0.014285714285714285,-0.004464285714285714,0.0,0.0,0.0,0.0
IRV,0.014285714285714285,0.014285714285714285,-0.004464285714285714,0.0,0.0,0.0,0.0
