,Borda,plurality,gt,minimax,gtd,Schulze,IRV
Borda,0.0,-0.030694668820678513,-0.030694668820678513,0.0,-0.030694668820678513,0.0,0.05331179321486268
plurality,0.030694668820678513,0.0,0.0,0.030694668820678513,0.0,0.030694668820678513,-0.033925686591276254
gt,0.030694668820678513,0.0,0.0,0.030694668820678513,0.0,0.030694668820678513,-0.033925686591276254
minimax,0.0,-0.030694668820678513,-0.030694668820678513,0.0,-0.030694668820678513,0.0,0.05331179321486268
gtd,0.030694668820678513,0.0,0.0,0.030694668820678513,0.0,0.030694668820678513,-0.033925686591276254
Schulze,0.0,-0.030694668820678513,-0.030694668820678513,0.0,-0.030694668820678513,0.0,0.05331179321486268
IRV,-0.05331179321486268,0.033925686591276254,0.033925686591276254,-0.05331179321486268,0.033925686591276254,-0.05331179321486268,0.0
