,Borda,plurality,gt,minimax,gtd,Schulze,IRV
Borda,0.0,0.03543913713405239,-0.01386748844375963,-0.01386748844375963,-0.01386748844375963,-0.01386748844375963,0.0
plurality,-0.03543913713405239,0.0,0.004622496147919877,0.004622496147919877,0.004622496147919877,0.004622496147919877,-0.03543913713405239
gt,0.01386748844375963,-0.004622496147919877,0.0,0.0,0.0,0.0,0.01386748844375963
minimax,0.01386748844375963,-0.004622496147919877,0.0,0.0,0.0,0.0,0.01386748844375963
gtd,0.01386748844375963,-0.004622496147919877,0.0,0.0,0.0,0.0,0.01386748844375963
Schulze,0.01386748844375963,-0.004622496147919877,0.0,0.0,0.0,0.0,0.01386748844375963
IRV,0.0,0.03543913713405239,-0.01386748844375963,-0.01386748844375963,-0.01386748844375963,-0.01386748844375963,0.0
