,Borda,plurality,gt,minimax,gtd,Schulze,IRV
Borda,0.0,0.032846715328467155,-0.010948905109489052,-0.010948905109489052,-0.010948905109489052,-0.010948905109489052,0.0
plurality,-0.032846715328467155,0.0,0.0036496350364963502,0.0036496350364963502,0.0036496350364963502,0.0036496350364963502,-0.032846715328467155
gt,0.010948905109489052,-0.0036496350364963502,0.0,0.0,0.0,0.0,0.010948905109489052
minimax,0.010948905109489052,-0.0036496350364963502,0.0,0.0,0.0,0.0,0.010948905109489052
gtd,0.010948905109489052,-0.0036496350364963502,0.0,0.0,0.0,0.0,0.010948905109489052
Schulze,0.010948905109489052,-0.0036496350364963502,0.0,0.0,0.0,0.0,0.010948905109489052
IRV,0.0,0.032846715328467155,-0.010948905109489052,-0.010948905109489052,-0.010948905109489052,-0.010948905109489052,0.0
