,Borda,plurality,gt,minimax,gtd,Schulze,IRV
Borda,0.0,0.0,0.0,0.0,0.0,0.0,-0.0028222013170272815
plurality,0.0,0.0,0.0,0.0,0.0,0.0,-0.0028222013170272815
gt,0.0,0.0,0.0,0.0,0.0,0.0,-0.0028222013170272815
minimax,0.0,0.0,0.0,0.0,0.0,0.0,-0.0028222013170272815
gtd,0.0,0.0,0.0,0.0,0.0,0.0,-0.0028222013170272815
Schulze,0.0,0.0,0.0,0.0,0.0,0.0,-0.0028222013170272815
IRV,0.0028222013170272815,0.0028222013170272815,0.0028222013170272815,0.0028222013170272815,0.0028222013170272815,0.0028222013170272815,0.0
