,Borda,plurality,gt,minimax,gtd,Schulze,IRV
Borda,0.0,0.0,-0.009852216748768473,-0.009852216748768473,-0.009852216748768473,-0.009852216748768473,0.0
plurality,0.0,0.0,-0.009852216748768473,-0.009852216748768473,-0.009852216748768473,-0.009852216748768473,0.0
gt,0.009852216748768473,0.009852216748768473,0.0,0.0,0.0,0.0,0.009852216748768473
minimax,0.009852216748768473,0.009852216748768473,0.0,0.0,0.0,0.0,0.009852216748768473
gtd,0.009852216748768473,0.009852216748768473,0.0,0.0,0.0,0.0,0.009852216748768473
Schulze,0.009852216748768473,0.009852216748768473,0.0,0.0,0.0,0.0,0.009852216748768473
IRV,0.0,0.0,-0.009852216748768473,-0.009852216748768473,-0.009852216748768473,-0.009852216748768473,0.0
