,Borda,plurality,gt,minimax,gtd,Schulze,IRV
Borda,0.0,-0.010362694300518135,0.025906735751295335,0.0,-0.010362694300518135,0.0,0.025906735751295335
plurality,0.010362694300518135,0.0,-0.015544041450777202,0.010362694300518135,0.0,0.010362694300518135,-0.015544041450777202
gt,-0.025906735751295335,0.015544041450777202,0.0,-0.025906735751295335,0.015544041450777202,-0.025906735751295335,0.0
minimax,0.0,-0.010362694300518135,0.025906735751295335,0.0,-0.010362694300518135,0.0,0.025906735751295335
gtd,0.010362694300518135,0.0,-0.015544041450777202,0.010362694300518135,0.0,0.010362694300518135,-0.015544041450777202
Schulze,0.0,-0.010362694300518135,0.025906735751295335,0.0,-0.010362694300518135,0.0,0.025906735751295335
IRV,-0.025906735751295335,0.015544041450777202,0.0,-0.025906735751295335,0.015544041450777202,-0.025906735751295335,0.0
