,Borda,plurality,gt,minimax,gtd,Schulze,IRV
Borda,0.0,-0.010238907849829351,-0.010238907849829351,0.0,-0.010238907849829351,0.0,-0.010238907849829351
plurality,0.010238907849829351,0.0,0.0,0.010238907849829351,0.0,0.010238907849829351,0.0
gt,0.010238907849829351,0.0,0.0,0.010238907849829351,0.0,0.010238907849829351,0.0
minimax,0.0,-0.010238907849829351,-0.010238907849829351,0.0,-0.010238907849829351,0.0,-0.010238907849829351
gtd,0.010238907849829351,0.0,0.0,0.010238907849829351,0.0,0.010238907849829351,0.0
Schulze,0.0,-0.010238907849829351,-0.010238907849829351,0.0,-0.010238907849829351,0.0,-0.010238907849829351
IRV,0.010238907849829351,0.0,0.0,0.010238907849829351,0.0,0.010238907849829351,0.0
