,Borda,plurality,gt,minimax,gtd,Schulze,IRV
Borda,0.0,-0.0045385779122541605,-0.0045385779122541605,0.0,-0.0045385779122541605,0.0,-0.0045385779122541605
plurality,0.0045385779122541605,0.0,0.0,0.0045385779122541605,0.0,0.0045385779122541605,0.0
gt,0.0045385779122541605,0.0,0.0,0.0045385779122541605,0.0,0.0045385779122541605,0.0
minimax,0.0,-0.0045385779122541605,-0.0045385779122541605,0.0,-0.0045385779122541605,0.0,-0.0045385779122541605
gtd,0.0045385779122541605,0.0,0.0,0.0045385779122541605,0.0,0.0045385779122541605,0.0
Schulze,0.0,-0.0045385779122541605,-0.0045385779122541605,0.0,-0.0045385779122541605,0.0,-0.0045385779122541605
IRV,0.0045385779122541605,0.0,0.0,0.0045385779122541605,0.0,0.0045385779122541605,0.0
