,Borda,plurality,gt,minimax,gtd,Schulze,IRV
Borda,0.0,0.08523908523908524,-0.006237006237006237,-0.006237006237006237,-0.006237006237006237,-0.006237006237006237,0.08523908523908524
plurality,-0.08523908523908524,0.0,0.006237006237006237,0.006237006237006237,0.006237006237006237,0.006237006237006237,0.0
gt,0.006237006237006237,-0.006237006237006237,0.0,0.0,0.0,0.0,-0.006237006237006237
minimax,0.006237006237006237,-0.006237006237006237,0.0,0.0,0.0,0.0,-0.006237006237006237
gtd,0.006237006237006237,-0.006237006237006237,0.0,0.0,0.0,0.0,-0.006237006237006237
Schulze,0.006237006237006237,-0.006237006237006237,0.0,0.0,0.0,0.0,-0.006237006237006237
IRV,-0.08523908523908524,0.0,0.006237006237006237,0.006237006237006237,0.006237006237006237,0.006237006237006237,0.0
