,Borda,plurality,gt,minimax,gtd,Schulze,IRV
Borda,0.0,0.0,-0.006857142857142857,-0.006857142857142857,-0.006857142857142857,-0.006857142857142857,-0.006857142857142857
plurality,0.0,0.0,-0.006857142857142857,-0.006857142857142857,-0.006857142857142857,-0.006857142857142857,-0.006857142857142857
gt,0.006857142857142857,0.006857142857142857,0.0,0.0,0.0,0.0,0.0
minimax,0.006857142857142857,0.006857142857142857,0.0,0.0,0.0,0.0,0.0
gtd,0.006857142857142857,0.006857142857142857,0.0,0.0,0.0,0.0,0.0
Schulze,0.006857142857142857,0.006857142857142857,0.0,0.0,0.0,0.0,0.0
IRV,0.006857142857142857,0.006857142857142857,0.0,0.0,0.0,0.0,0.0
