,Borda,plurality,gt,minimax,gtd,Schulze,IRV
Borda,0.0,0.021505376344086023,-0.007168458781362007,-0.007168458781362007,-0.007168458781362007,-0.007168458781362007,0.0
plurality,-0.021505376344086023,0.0,0.0,0.0,0.0,0.0,-0.021505376344086023
gt,0.007168458781362007,0.0,0.0,0.0,0.0,0.0,0.007168458781362007
minimax,0.007168458781362007,0.0,0.0,0.0,0.0,0.0,0.007168458781362007
gtd,0.007168458781362007,0.0,0.0,0.0,0.0,0.0,0.007168458781362007
Schulze,0.007168458781362007,0.0,0.0,0.0,0.0,0.0,0.007168458781362007
IRV,0.0,0.021505376344086023,-0.007168458781362007,-0.007168458781362007,-0.007168458781362007,-0.007168458781362007,0.0
