,Borda,plurality,gt,minimax,gtd,Schulze,IRV
Borda,0.0,0.03339882121807466,0.03339882121807466,0.0,-0.01768172888015717,0.0,0.0
plurality,-0.03339882121807466,0.0,0.0,-0.03339882121807466,0.025540275049115914,-0.03339882121807466,-0.03339882121807466
gt,-0.03339882121807466,0.0,0.0,-0.03339882121807466,0.025540275049115914,-0.03339882121807466,-0.03339882121807466
minimax,0.0,0.03339882121807466,0.03339882121807466,0.0,-0.01768172888015717,0.0,0.0
gtd,0.01768172888015717,-0.025540275049115914,-0.025540275049115914,0.01768172888015717,0.0,0.01768172888015717,0.01768172888015717
Schulze,0.0,0.03339882121807466,0.03339882121807466,0.0,-0.01768172888015717,0.0,0.0
IRV,0.0,0.03339882121807466,0.03339882121807466,0.0,-0.01768172888015717,0.0,0.0
