,Borda,plurality,gt,minimax,gtd,Schulze,IRV
Borda,0.0,0.0,-0.013157894736842105,-0.013157894736842105,-0.013157894736842105,-0.013157894736842105,-0.013157894736842105
plurality,0.0,0.0,-0.013157894736842105,-0.013157894736842105,-0.013157894736842105,-0.013157894736842105,-0.013157894736842105
gt,0.013157894736842105,0.013157894736842105,0.0,0.0,0.0,0.0,0.0
minimax,0.013157894736842105,0.013157894736842105,0.0,0.0,0.0,0.0,0.0
gtd,0.013157894736842105,0.013157894736842105,0.0,0.0,0.0,0.0,0.0
Schulze,0.013157894736842105,0.013157894736842105,0.0,0.0,0.0,0.0,0.0
IRV,0.013157894736842105,0.013157894736842105,0.0,0.0,0.0,0.0,0.0
