,Borda,plurality,gt,minimax,gtd,Schulze,IRV
Borda,0.0,0.0746987951807229,0.0,0.0,-0.007228915662650603,0.0,0.0
plurality,-0.0746987951807229,0.0,-0.0746987951807229,-0.0746987951807229,0.02650602409638554,-0.0746987951807229,-0.0746987951807229
gt,0.0,0.0746987951807229,0.0,0.0,-0.007228915662650603,0.0,0.0
minimax,0.0,0.0746987951807229,0.0,0.0,-0.007228915662650603,0.0,0.0
gtd,0.007228915662650603,-0.02650602409638554,0.007228915662650603,0.007228915662650603,0.0,0.007228915662650603,0.007228915662650603
Schulze,0.0,0.0746987951807229,0.0,0.0,-0.007228915662650603,0.0,0.0
IRV,0.0,0.0746987951807229,0.0,0.0,-0.007228915662650603,0.0,0.0
