,Borda,plurality,gt,minimax,gtd,Schulze,IRV
Borda,0.0,0.0,-0.013468013468013467,-0.013468013468013467,-0.013468013468013467,-0.013468013468013467,0.0
plurality,0.0,0.0,-0.013468013468013467,-0.013468013468013467,-0.013468013468013467,-0.013468013468013467,0.0
gt,0.013468013468013467,0.013468013468013467,0.0,0.0,0.0,0.0,0.013468013468013467
minimax,0.013468013468013467,0.013468013468013467,0.0,0.0,0.0,0.0,0.013468013468013467
gtd,0.013468013468013467,0.013468013468013467,0.0,0.0,0.0,0.0,0.013468013468013467
Schulze,0.013468013468013467,0.013468013468013467,0.0,0.0,0.0,0.0,0.013468013468013467
IRV,0.0,0.0,-0.013468013468013467,-0.013468013468013467,-0.013468013468013467,-0.013468013468013467,0.0
