,Borda,plurality,gt,minimax,gtd,Schulze,IRV
Borda,0.0,0.0,-0.004347826086956522,0.0,-0.004347826086956522,0.0,-0.004347826086956522
plurality,0.0,0.0,-0.004347826086956522,0.0,-0.004347826086956522,0.0,-0.004347826086956522
gt,0.004347826086956522,0.004347826086956522,0.0,0.004347826086956522,0.0,0.004347826086956522,0.0
minimax,0.0,0.0,-0.004347826086956522,0.0,-0.004347826086956522,0.0,-0.004347826086956522
gtd,0.004347826086956522,0.004347826086956522,0.0,0.004347826086956522,0.0,0.004347826086956522,0.0
Schulze,0.0,0.0,-0.004347826086956522,0.0,-0.004347826086956522,0.0,-0.004347826086956522
IRV,0.004347826086956522,0.004347826086956522,0.0,0.004347826086956522,0.0,0.004347826086956522,0.0
