,Borda,plurality,gt,minimax,gtd,Schulze,IRV
Borda,0.0,0.024070021881838075,-0.010940919037199124,0.0,-0.010940919037199124,0.0,0.0
plurality,-0.024070021881838075,0.0,0.015317286652078774,-0.024070021881838075,0.015317286652078774,-0.024070021881838075,-0.024070021881838075
gt,0.010940919037199124,-0.015317286652078774,0.0,0.010940919037199124,0.0,0.010940919037199124,0.010940919037199124
minimax,0.0,0.024070021881838075,-0.010940919037199124,0.0,-0.010940919037199124,0.0,0.0
gtd,0.010940919037199124,-0.015317286652078774,0.0,0.010940919037199124,0.0,0.010940919037199124,0.010940919037199124
Schulze,0.0,0.024070021881838075,-0.010940919037199124,0.0,-0.010940919037199124,0.0,0.0
IRV,0.0,0.024070021881838075,-0.010940919037199124,0.0,-0.010940919037199124,0.0,0.0
