,Borda,plurality,gt,minimax,gtd,Schulze,IRV
Borda,0.0,0.0,0.0,0.0,-0.005865102639296188,0.0,-0.005865102639296188
plurality,0.0,0.0,0.0,0.0,-0.005865102639296188,0.0,-0.005865102639296188
gt,0.0,0.0,0.0,0.0,-0.005865102639296188,0.0,-0.005865102639296188
minimax,0.0,0.0,0.0,0.0,-0.005865102639296188,0.0,-0.005865102639296188
gtd,0.005865102639296188,0.005865102639296188,0.005865102639296188,0.005865102639296188,0.0,0.005865102639296188,0.0
Schulze,0.0,0.0,0.0,0.0,-0.005865102639296188,0.0,-0.005865102639296188
IRV,0.005865102639296188,0.005865102639296188,0.005865102639296188,0.005865102639296188,0.0,0.005865102639296188,0.0
