,Borda,plurality,gt,minimax,gtd,Schulze,IRV
Borda,0.0,0.0,-0.004424778761061947,0.0,-0.004424778761061947,0.0,0.0
plurality,0.0,0.0,-0.004424778761061947,0.0,-0.004424778761061947,0.0,0.0
gt,0.004424778761061947,0.004424778761061947,0.0,0.004424778761061947,0.0,0.004424778761061947,0.004424778761061947
minimax,0.0,0.0,-0.004424778761061947,0.0,-0.004424778761061947,0.0,0.0
gtd,0.004424778761061947,0.004424778761061947,0.0,0.004424778761061947,0.0,0.004424778761061947,0.004424778761061947
Schulze,0.0,0.0,-0.004424778761061947,0.0,-0.004424778761061947,0.0,0.0
IRV,0.0,0.0,-0.004424778761061947,0.0,-0.004424778761061947,0.0,0.0
