,Borda,plurality,gt,minimax,gtd,Schulze,IRV
Borda,0.0,0.0,-0.0009115770282588879,0.0,-0.0009115770282588879,0.0,0.0
plurality,0.0,0.0,-0.0009115770282588879,0.0,-0.0009115770282588879,0.0,0.0
gt,0.0009115770282588879,0.0009115770282588879,0.0,0.0009115770282588879,0.0,0.0009115770282588879,0.0009115770282588879
minimax,0.0,0.0,-0.0009115770282588879,0.0,-0.0009115770282588879,0.0,0.0
gtd,0.0009115770282588879,0.0009115770282588879,0.0,0.0009115770282588879,0.0,0.0009115770282588879,0.0009115770282588879
Schulze,0.0,0.0,-0.0009115770282588879,0.0,-0.0009115770282588879,0.0,0.0
IRV,0.0,0.0,-0.0009115770282588879,0.0,-0.0009115770282588879,0.0,0.0
