,Borda,plurality,gt,minimax,gtd,Schulze,IRV
Borda,0.0,0.0,0.020833333333333332,0.0,-0.008680555555555556,0.0,0.0
plurality,0.0,0.0,0.020833333333333332,0.0,-0.008680555555555556,0.0,0.0
gt,-0.020833333333333332,-0.020833333333333332,0.0,-0.020833333333333332,0.010416666666666666,-0.020833333333333332,-0.020833333333333332
minimax,0.0,0.0,0.020833333333333332,0.0,-0.008680555555555556,0.0,0.0
gtd,0.008680555555555556,0.008680555555555556,-0.010416666666666666,0.008680555555555556,0.0,0.008680555555555556,0.008680555555555556
Schulze,0.0,0.0,0.020833333333333332,0.0,-0.008680555555555556,0.0,0.0
IRV,0.0,0.0,0.020833333333333332,0.0,-0.008680555555555556,0.0,0.0
