,Borda,plurality,gt,minimax,gtd,Schulze,IRV
Borda,0.0,-0.022298456260720412,-0.022298456260720412,-0.022298456260720412,-0.022298456260720412,-0.022298456260720412,0.0686106346483705
plurality,0.022298456260720412,0.0,0.0,0.0,0.0,0.0,-0.017152658662092625
gt,0.022298456260720412,0.0,0.0,0.0,0.0,0.0,-0.017152658662092625
minimax,0.022298456260720412,0.0,0.0,0.0,0.0,0.0,-0.017152658662092625
gtd,0.022298456260720412,0.0,0.0,0.0,0.0,0.0,-0.017152658662092625
Schulze,0.022298456260720412,0.0,0.0,0.0,0.0,0.0,-0.017152658662092625
IRV,-0.0686106346483705,0.017152658662092625,0.017152658662092625,0.017152658662092625,0.017152658662092625,0.017152658662092625,0.0
