,Borda,plurality,gt,minimax,gtd,Schulze,IRV
Borda,0.0,0.01854974704890388,0.0,0.0,0.0,0.0,0.01854974704890388
plurality,-0.01854974704890388,0.0,-0.01854974704890388,-0.01854974704890388,-0.01854974704890388,-0.01854974704890388,0.0
gt,0.0,0.01854974704890388,0.0,0.0,0.0,0.0,0.01854974704890388
minimax,0.0,0.01854974704890388,0.0,0.0,0.0,0.0,0.01854974704890388
gtd,0.0,0.01854974704890388,0.0,0.0,0.0,0.0,0.01854974704890388
Schulze,0.0,0.01854974704890388,0.0,0.0,0.0,0.0,0.01854974704890388
IRV,-0.01854974704890388,0.0,-0.01854974704890388,-0.01854974704890388,-0.01854974704890388,-0.01854974704890388,0.0
