,Borda,plurality,gt,minimax,gtd,Schulze,IRV
Borda,0.0,0.04783599088838269,-0.00683371298405467,0.0,-0.00683371298405467,0.0,0.0
plurality,-0.04783599088838269,0.0,0.00683371298405467,-0.04783599088838269,0.00683371298405467,-0.04783599088838269,-0.04783599088838269
gt,0.00683371298405467,-0.00683371298405467,0.0,0.00683371298405467,0.0,0.00683371298405467,0.00683371298405467
minimax,0.0,0.04783599088838269,-0.00683371298405467,0.0,-0.00683371298405467,0.0,0.0
gtd,0.00683371298405467,-0.00683371298405467,0.0,0.00683371298405467,0.0,0.00683371298405467,0.00683371298405467
Schulze,0.0,0.04783599088838269,-0.00683371298405467,0.0,-0.00683371298405467,0.0,0.0
IRV,0.0,0.04783599088838269,-0.00683371298405467,0.0,-0.00683371298405467,0.0,0.0
