,Borda,plurality,gt,minimax,gtd,Schulze,IRV
Borda,0.0,0.03807615230460922,-0.002004008016032064,0.0,-0.002004008016032064,0.0,0.0
plurality,-0.03807615230460922,0.0,0.018036072144288578,-0.03807615230460922,0.018036072144288578,-0.03807615230460922,-0.03807615230460922
gt,0.002004008016032064,-0.018036072144288578,0.0,0.002004008016032064,0.0,0.002004008016032064,0.002004008016032064
minimax,0.0,0.03807615230460922,-0.002004008016032064,0.0,-0.002004008016032064,0.0,0.0
gtd,0.002004008016032064,-0.018036072144288578,0.0,0.002004008016032064,0.0,0.002004008016032064,0.002004008016032064
Schulze,0.0,0.03807615230460922,-0.002004008016032064,0.0,-0.002004008016032064,0.0,0.0
IRV,0.0,0.03807615230460922,-0.002004008016032064,0.0,-0.002004008016032064,0.0,0.0
