,Borda,plurality,gt,minimax,gtd,Schulze,IRV
Borda,0.0,0.04194260485651214,-0.002207505518763797,0.0,-0.002207505518763797,0.0,0.0
plurality,-0.04194260485651214,0.0,0.01545253863134658,-0.04194260485651214,0.01545253863134658,-0.04194260485651214,-0.04194260485651214
gt,0.002207505518763797,-0.01545253863134658,0.0,0.002207505518763797,0.0,0.002207505518763797,0.002207505518763797
minimax,0.0,0.04194260485651214,-0.002207505518763797,0.0,-0.002207505518763797,0.0,0.0
gtd,0.002207505518763797,-0.01545253863134658,0.0,0.002207505518763797,0.0,0.002207505518763797,0.002207505518763797
Schulze,0.0,0.04194260485651214,-0.002207505518763797,0.0,-0.002207505518763797,0.0,0.0
IRV,0.0,0.04194260485651214,-0.002207505518763797,0.0,-0.002207505518763797,0.0,0.0
