,Borda,plurality,gt,minimax,gtd,Schulze,IRV
Borda,0.0,0.02636916835699797,0.0,0.0,-0.002028397565922921,0.0,0.0
plurality,-0.02636916835699797,0.0,-0.02636916835699797,-0.02636916835699797,0.02231237322515213,-0.02636916835699797,-0.02636916835699797
gt,0.0,0.02636916835699797,0.0,0.0,-0.002028397565922921,0.0,0.0
minimax,0.0,0.02636916835699797,0.0,0.0,-0.002028397565922921,0.0,0.0
gtd,0.002028397565922921,-0.02231237322515213,0.002028397565922921,0.002028397565922921,0.0,0.002028397565922921,0.002028397565922921
Schulze,0.0,0.02636916835699797,0.0,0.0,-0.002028397565922921,0.0,0.0
IRV,0.0,0.02636916835699797,0.0,0.0,-0.002028397565922921,0.0,0.0
