,Borda,plurality,gt,minimax,gtd,Schulze,IRV
Borda,0.0,0.009653605905735378,0.0,0.0,0.0,0.0,0.009653605905735378
plurality,-0.009653605905735378,0.0,-0.009653605905735378,-0.009653605905735378,-0.009653605905735378,-0.009653605905735378,0.0
gt,0.0,0.009653605905735378,0.0,0.0,0.0,0.0,0.009653605905735378
minimax,0.0,0.009653605905735378,0.0,0.0,0.0,0.0,0.009653605905735378
gtd,0.0,0.009653605905735378,0.0,0.0,0.0,0.0,0.009653605905735378
Schulze,0.0,0.009653605905735378,0.0,0.0,0.0,0.0,0.009653605905735378
IRV,-0.009653605905735378,0.0,-0.009653605905735378,-0.009653605905735378,-0.009653605905735378,-0.009653605905735378,0.0
