,Borda,plurality,gt,minimax,gtd,Schulze,IRV
Borda,0.0,0.0,0.0,-0.022670025188916875,-0.022670025188916875,-0.022670025188916875,-0.022670025188916875
plurality,0.0,0.0,0.0,-0.022670025188916875,-0.022670025188916875,-0.022670025188916875,-0.022670025188916875
gt,0.0,0.0,0.0,-0.022670025188916875,-0.022670025188916875,-0.022670025188916875,-0.022670025188916875
minimax,0.022670025188916875,0.022670025188916875,0.022670025188916875,0.0,0.0,0.0,0.0
gtd,0.022670025188916875,0.022670025188916875,0.022670025188916875,0.0,0.0,0.0,0.0
Schulze,0.022670025188916875,0.022670025188916875,0.022670025188916875,0.0,0.0,0.0,0.0
IRV,0.022670025188916875,0.022670025188916875,0.022670025188916875,0.0,0.0,0.0,0.0
