,Borda,plurality,gt,minimax,gtd,Schulze,IRV
Borda,0.0,-0.02736842105263158,0.09473684210526316,-0.02736842105263158,-0.02736842105263158,-0.02736842105263158,-0.02736842105263158
plurality,0.02736842105263158,0.0,-0.00631578947368421,0.0,0.0,0.0,0.0
gt,-0.09473684210526316,0.00631578947368421,0.0,0.00631578947368421,0.00631578947368421,0.00631578947368421,0.00631578947368421
minimax,0.02736842105263158,0.0,-0.00631578947368421,0.0,0.0,0.0,0.0
gtd,0.02736842105263158,0.0,-0.00631578947368421,0.0,0.0,0.0,0.0
Schulze,0.02736842105263158,0.0,-0.00631578947368421,0.0,0.0,0.0,0.0
IRV,0.02736842105263158,0.0,-0.00631578947368421,0.0,0.0,0.0,0.0
