,Borda,plurality,gt,minimax,gtd,Schulze,IRV
Borda,0.0,-0.025210084033613446,-0.025210084033613446,-0.025210084033613446,-0.025210084033613446,-0.025210084033613446,0.03865546218487395
plurality,0.025210084033613446,0.0,0.0,0.0,0.0,0.0,-0.015126050420168067
gt,0.025210084033613446,0.0,0.0,0.0,0.0,0.0,-0.015126050420168067
minimax,0.025210084033613446,0.0,0.0,0.0,0.0,0.0,-0.015126050420168067
gtd,0.025210084033613446,0.0,0.0,0.0,0.0,0.0,-0.015126050420168067
Schulze,0.025210084033613446,0.0,0.0,0.0,0.0,0.0,-0.015126050420168067
IRV,-0.03865546218487395,0.015126050420168067,0.015126050420168067,0.015126050420168067,0.015126050420168067,0.015126050420168067,0.0
