,Borda,plurality,gt,minimax,gtd,Schulze,IRV
Borda,0.0,0.0,0.036284470246734396,0.0,-0.005805515239477504,0.0,-0.005805515239477504
plurality,0.0,0.0,0.036284470246734396,0.0,-0.005805515239477504,0.0,-0.005805515239477504
gt,-0.036284470246734396,-0.036284470246734396,0.0,-0.036284470246734396,0.033381712626995644,-0.036284470246734396,0.033381712626995644
minimax,0.0,0.0,0.036284470246734396,0.0,-0.005805515239477504,0.0,-0.005805515239477504
gtd,0.005805515239477504,0.005805515239477504,-0.033381712626995644,0.005805515239477504,0.0,0.005805515239477504,0.0
Schulze,0.0,0.0,0.036284470246734396,0.0,-0.005805515239477504,0.0,-0.005805515239477504
IRV,0.005805515239477504,0.005805515239477504,-0.033381712626995644,0.005805515239477504,0.0,0.005805515239477504,0.0
