,Borda,plurality,gt,minimax,gtd,Schulze,IRV
Borda,0.0,0.034482758620689655,-0.0009852216748768472,0.0,-0.0009852216748768472,0.0,0.0
plurality,-0.034482758620689655,0.0,0.0019704433497536944,-0.034482758620689655,0.0019704433497536944,-0.034482758620689655,-0.034482758620689655
gt,0.0009852216748768472,-0.0019704433497536944,0.0,0.0009852216748768472,0.0,0.0009852216748768472,0.0009852216748768472
minimax,0.0,0.034482758620689655,-0.0009852216748768472,0.0,-0.0009852216748768472,0.0,0.0
gtd,0.0009852216748768472,-0.0019704433497536944,0.0,0.0009852216748768472,0.0,0.0009852216748768472,0.0009852216748768472
Schulze,0.0,0.034482758620689655,-0.0009852216748768472,0.0,-0.0009852216748768472,0.0,0.0
IRV,0.0,0.034482758620689655,-0.0009852216748768472,0.0,-0.0009852216748768472,0.0,0.0
