,Borda,plurality,gt,minimax,gtd,Schulze,IRV
Borda,0.0,0.04155124653739612,-0.01662049861495845,0.0,-0.01662049861495845,0.0,0.04155124653739612
plurality,-0.04155124653739612,0.0,0.01662049861495845,-0.04155124653739612,0.01662049861495845,-0.04155124653739612,0.0
gt,0.01662049861495845,-0.01662049861495845,0.0,0.01662049861495845,0.0,0.01662049861495845,-0.01662049861495845
minimax,0.0,0.04155124653739612,-0.01662049861495845,0.0,-0.01662049861495845,0.0,0.04155124653739612
gtd,0.01662049861495845,-0.01662049861495845,0.0,0.01662049861495845,0.0,0.01662049861495845,-0.01662049861495845
Schulze,0.0,0.04155124653739612,-0.01662049861495845,0.0,-0.01662049861495845,0.0,0.04155124653739612
IRV,-0.04155124653739612,0.0,0.01662049861495845,-0.04155124653739612,0.01662049861495845,-0.04155124653739612,0.0
