,Borda,plurality,gt,minimax,gtd,Schulze,IRV
Borda,0.0,-0.024691358024691357,-0.024691358024691357,0.0,-0.024691358024691357,0.0,-0.024691358024691357
plurality,0.024691358024691357,0.0,0.0,0.024691358024691357,0.0,0.024691358024691357,0.0
gt,0.024691358024691357,0.0,0.0,0.024691358024691357,0.0,0.024691358024691357,0.0
minimax,0.0,-0.024691358024691357,-0.024691358024691357,0.0,-0.024691358024691357,0.0,-0.024691358024691357
gtd,0.024691358024691357,0.0,0.0,0.024691358024691357,0.0,0.024691358024691357,0.0
Schulze,0.0,-0.024691358024691357,-0.024691358024691357,0.0,-0.024691358024691357,0.0,-0.024691358024691357
IRV,0.024691358024691357,0.0,0.0,0.024691358024691357,0.0,0.024691358024691357,0.0
