,Borda,plurality,gt,minimax,gtd,Schulze,IRV
Borda,0.0,0.0,0.0,0.0,-0.010644257703081233,0.0,-0.010644257703081233
plurality,0.0,0.0,0.0,0.0,-0.010644257703081233,0.0,-0.010644257703081233
gt,0.0,0.0,0.0,0.0,-0.010644257703081233,0.0,-0.010644257703081233
minimax,0.0,0.0,0.0,0.0,-0.010644257703081233,0.0,-0.010644257703081233
gtd,0.010644257703081233,0.010644257703081233,0.010644257703081233,0.010644257703081233,0.0,0.010644257703081233,0.0
Schulze,0.0,0.0,0.0,0.0,-0.010644257703081233,0.0,-0.010644257703081233
IRV,0.010644257703081233,0.010644257703081233,0.010644257703081233,0.010644257703081233,0.0,0.010644257703081233,0.0
