,Borda,plurality,gt,minimax,gtd,Schulze,IRV
Borda,0.0,-0.012468827930174564,-0.012468827930174564,0.0,-0.012468827930174564,0.0,-0.012468827930174564
plurality,0.012468827930174564,0.0,0.0,0.012468827930174564,0.0,0.012468827930174564,0.0
gt,0.012468827930174564,0.0,0.0,0.012468827930174564,0.0,0.012468827930174564,0.0
minimax,0.0,-0.012468827930174564,-0.012468827930174564,0.0,-0.012468827930174564,0.0,-0.012468827930174564
gtd,0.012468827930174564,0.0,0.0,0.012468827930174564,0.0,0.012468827930174564,0.0
Schulze,0.0,-0.012468827930174564,-0.012468827930174564,0.0,-0.012468827930174564,0.0,-0.012468827930174564
IRV,0.012468827930174564,0.0,0.0,0.012468827930174564,0.0,0.012468827930174564,0.0
