,Borda,plurality,gt,minimax,gtd,Schulze,IRV
Borda,0.0,0.06208425720620843,-0.008869179600886918,-0.008869179600886918,-0.008869179600886918,-0.008869179600886918,0.0
plurality,-0.06208425720620843,0.0,0.0,0.0,0.0,0.0,-0.06208425720620843
gt,0.008869179600886918,0.0,0.0,0.0,0.0,0.0,0.008869179600886918
minimax,0.008869179600886918,0.0,0.0,0.0,0.0,0.0,0.008869179600886918
gtd,0.008869179600886918,0.0,0.0,0.0,0.0,0.0,0.008869179600886918
Schulze,0.008869179600886918,0.0,0.0,0.0,0.0,0.0,0.008869179600886918
IRV,0.0,0.06208425720620843,-0.008869179600886918,-0.008869179600886918,-0.008869179600886918,-0.008869179600886918,0.0
