,Borda,plurality,gt,minimax,gtd,Schulze,IRV
Borda,0.0,0.031746031746031744,-0.013227513227513227,-0.013227513227513227,-0.013227513227513227,-0.013227513227513227,0.0
plurality,-0.031746031746031744,0.0,0.0026455026455026454,0.0026455026455026454,0.0026455026455026454,0.0026455026455026454,-0.031746031746031744
gt,0.013227513227513227,-0.0026455026455026454,0.0,0.0,0.0,0.0,0.013227513227513227
minimax,0.013227513227513227,-0.0026455026455026454,0.0,0.0,0.0,0.0,0.013227513227513227
gtd,0.013227513227513227,-0.0026455026455026454,0.0,0.0,0.0,0.0,0.013227513227513227
Schulze,0.013227513227513227,-0.0026455026455026454,0.0,0.0,0.0,0.0,0.013227513227513227
IRV,0.0,0.031746031746031744,-0.013227513227513227,-0.013227513227513227,-0.013227513227513227,-0.013227513227513227,0.0
