,Borda,plurality,gt,minimax,gtd,Schulze,IRV
Borda,0.0,0.03132530120481928,0.0,0.0,0.0,0.0,0.03132530120481928
plurality,-0.03132530120481928,0.0,-0.03132530120481928,-0.03132530120481928,-0.03132530120481928,-0.03132530120481928,0.0
gt,0.0,0.03132530120481928,0.0,0.0,0.0,0.0,0.03132530120481928
minimax,0.0,0.03132530120481928,0.0,0.0,0.0,0.0,0.03132530120481928
gtd,0.0,0.03132530120481928,0.0,0.0,0.0,0.0,0.03132530120481928
Schulze,0.0,0.03132530120481928,0.0,0.0,0.0,0.0,0.03132530120481928
IRV,-0.03132530120481928,0.0,-0.03132530120481928,-0.03132530120481928,-0.03132530120481928,-0.03132530120481928,0.0
