,Borda,plurality,gt,minimax,gtd,Schulze,IRV
Borda,0.0,-0.013592233009708738,0.05242718446601942,-0.013592233009708738,-0.013592233009708738,-0.013592233009708738,-0.013592233009708738
plurality,0.013592233009708738,0.0,-0.009708737864077669,0.0,0.0,0.0,0.0
gt,-0.05242718446601942,0.009708737864077669,0.0,0.009708737864077669,0.009708737864077669,0.009708737864077669,0.009708737864077669
minimax,0.013592233009708738,0.0,-0.009708737864077669,0.0,0.0,0.0,0.0
gtd,0.013592233009708738,0.0,-0.009708737864077669,0.0,0.0,0.0,0.0
Schulze,0.013592233009708738,0.0,-0.009708737864077669,0.0,0.0,0.0,0.0
IRV,0.013592233009708738,0.0,-0.009708737864077669,0.0,0.0,0.0,0.0
