,Borda,plurality,gt,minimax,gtd,Schulze,IRV
Borda,0.0,0.06493506493506493,-0.03153988868274583,-0.03153988868274583,-0.03153988868274583,-0.03153988868274583,0.0
plurality,-0.06493506493506493,0.0,0.0055658627087198514,0.0055658627087198514,0.0055658627087198514,0.0055658627087198514,-0.06493506493506493
gt,0.03153988868274583,-0.0055658627087198514,0.0,0.0,0.0,0.0,0.03153988868274583
minimax,0.03153988868274583,-0.0055658627087198514,0.0,0.0,0.0,0.0,0.03153988868274583
gtd,0.03153988868274583,-0.0055658627087198514,0.0,0.0,0.0,0.0,0.03153988868274583
Schulze,0.03153988868274583,-0.0055658627087198514,0.0,0.0,0.0,0.0,0.03153988868274583
IRV,0.0,0.06493506493506493,-0.03153988868274583,-0.03153988868274583,-0.03153988868274583,-0.03153988868274583,0.0
