,Borda,plurality,gt,minimax,gtd,Schulze,IRV
Borda,0.0,0.0,-0.008939974457215836,0.0,-0.008939974457215836,0.0,-0.008939974457215836
plurality,0.0,0.0,-0.008939974457215836,0.0,-0.008939974457215836,0.0,-0.008939974457215836
gt,0.008939974457215836,0.008939974457215836,0.0,0.008939974457215836,0.0,0.008939974457215836,0.0
minimax,0.0,0.0,-0.008939974457215836,0.0,-0.008939974457215836,0.0,-0.008939974457215836
gtd,0.008939974457215836,0.008939974457215836,0.0,0.008939974457215836,0.0,0.008939974457215836,0.0
Schulze,0.0,0.0,-0.008939974457215836,0.0,-0.008939974457215836,0.0,-0.008939974457215836
IRV,0.008939974457215836,0.008939974457215836,0.0,0.008939974457215836,0.0,0.008939974457215836,0.0
