,Borda,plurality,gt,minimax,gtd,Schulze,IRV
Borda,0.0,0.06265664160401002,-0.012531328320802004,0.0,-0.012531328320802004,0.0,0.0
plurality,-0.06265664160401002,0.0,0.022556390977443608,-0.06265664160401002,0.022556390977443608,-0.06265664160401002,-0.06265664160401002
gt,0.012531328320802004,-0.022556390977443608,0.0,0.012531328320802004,0.0,0.012531328320802004,0.012531328320802004
minimax,0.0,0.06265664160401002,-0.012531328320802004,0.0,-0.012531328320802004,0.0,0.0
gtd,0.012531328320802004,-0.022556390977443608,0.0,0.012531328320802004,0.0,0.012531328320802004,0.012531328320802004
Schulze,0.0,0.06265664160401002,-0.012531328320802004,0.0,-0.012531328320802004,0.0,0.0
IRV,0.0,0.06265664160401002,-0.012531328320802004,0.0,-0.012531328320802004,0.0,0.0
