,Borda,plurality,gt,minimax,gtd,Schulze,IRV
Borda,0.0,-0.01566265060240964,-0.01566265060240964,0.0,-0.01566265060240964,0.0,0.01927710843373494
plurality,0.01566265060240964,0.0,0.0,0.01566265060240964,0.0,0.01566265060240964,-0.01566265060240964
gt,0.01566265060240964,0.0,0.0,0.01566265060240964,0.0,0.01566265060240964,-0.01566265060240964
minimax,0.0,-0.01566265060240964,-0.01566265060240964,0.0,-0.01566265060240964,0.0,0.01927710843373494
gtd,0.01566265060240964,0.0,0.0,0.01566265060240964,0.0,0.01566265060240964,-0.01566265060240964
Schulze,0.0,-0.01566265060240964,-0.01566265060240964,0.0,-0.01566265060240964,0.0,0.01927710843373494
IRV,-0.01927710843373494,0.01566265060240964,0.01566265060240964,-0.01927710843373494,0.01566265060240964,-0.01927710843373494,0.0
