,Borda,plurality,gt,minimax,gtd,Schulze,IRV
Borda,0.0,0.023679417122040074,0.0,-0.012750455373406194,-0.012750455373406194,-0.012750455373406194,0.0
plurality,-0.023679417122040074,0.0,-0.023679417122040074,0.009107468123861567,0.009107468123861567,0.009107468123861567,-0.023679417122040074
gt,0.0,0.023679417122040074,0.0,-0.012750455373406194,-0.012750455373406194,-0.012750455373406194,0.0
minimax,0.012750455373406194,-0.009107468123861567,0.012750455373406194,0.0,0.0,0.0,0.012750455373406194
gtd,0.012750455373406194,-0.009107468123861567,0.012750455373406194,0.0,0.0,0.0,0.012750455373406194
Schulze,0.012750455373406194,-0.009107468123861567,0.012750455373406194,0.0,0.0,0.0,0.012750455373406194
IRV,0.0,0.023679417122040074,0.0,-0.012750455373406194,-0.012750455373406194,-0.012750455373406194,0.0
