,Borda,plurality,gt,minimax,gtd,Schulze,IRV
Borda,0.0,-0.005208333333333333,-0.005208333333333333,0.0,0.0,0.0,-0.005208333333333333
plurality,0.005208333333333333,0.0,0.0,0.005208333333333333,0.005208333333333333,0.005208333333333333,0.0
gt,0.005208333333333333,0.0,0.0,0.005208333333333333,0.005208333333333333,0.005208333333333333,0.0
minimax,0.0,-0.005208333333333333,-0.005208333333333333,0.0,0.0,0.0,-0.005208333333333333
gtd,0.0,-0.005208333333333333,-0.005208333333333333,0.0,0.0,0.0,-0.005208333333333333
Schulze,0.0,-0.005208333333333333,-0.005208333333333333,0.0,0.0,0.0,-0.005208333333333333
IRV,0.005208333333333333,0.0,0.0,0.005208333333333333,0.005208333333333333,0.005208333333333333,0.0
