,Borda,plurality,gt,minimax,gtd,Schulze,IRV
Borda,0.0,0.0,0.01272264631043257,-0.002544529262086514,-0.002544529262086514,-0.002544529262086514,0.0
plurality,0.0,0.0,0.01272264631043257,-0.002544529262086514,-0.002544529262086514,-0.002544529262086514,0.0
gt,-0.01272264631043257,-0.01272264631043257,0.0,0.002544529262086514,0.002544529262086514,0.002544529262086514,-0.01272264631043257
minimax,0.002544529262086514,0.002544529262086514,-0.002544529262086514,0.0,0.0,0.0,0.002544529262086514
gtd,0.002544529262086514,0.002544529262086514,-0.002544529262086514,0.0,0.0,0.0,0.002544529262086514
Schulze,0.002544529262086514,0.002544529262086514,-0.002544529262086514,0.0,0.0,0.0,0.002544529262086514
IRV,0.0,0.0,0.01272264631043257,-0.002544529262086514,-0.002544529262086514,-0.002544529262086514,0.0
