,Borda,plurality,gt,minimax,gtd,Schulze,IRV
Borda,0.0,0.0,0.0,-0.03774879890185312,-0.03774879890185312,-0.03774879890185312,-0.03774879890185312
plurality,0.0,0.0,0.0,-0.03774879890185312,-0.03774879890185312,-0.03774879890185312,-0.03774879890185312
gt,0.0,0.0,0.0,-0.03774879890185312,-0.03774879890185312,-0.03774879890185312,-0.03774879890185312
minimax,0.03774879890185312,0.03774879890185312,0.03774879890185312,0.0,0.0,0.0,0.0
gtd,0.03774879890185312,0.03774879890185312,0.03774879890185312,0.0,0.0,0.0,0.0
Schulze,0.03774879890185312,0.03774879890185312,0.03774879890185312,0.0,0.0,0.0,0.0
IRV,0.03774879890185312,0.03774879890185312,0.03774879890185312,0.0,0.0,0.0,0.0
