,Borda,plurality,gt,minimax,gtd,Schulze,IRV
Borda,0.0,0.03515625,0.03515625,0.0,-0.015625,0.0,0.03515625
plurality,-0.03515625,0.0,0.0,-0.03515625,0.03125,-0.03515625,0.0
gt,-0.03515625,0.0,0.0,-0.03515625,0.03125,-0.03515625,0.0
minimax,0.0,0.03515625,0.03515625,0.0,-0.015625,0.0,0.03515625
gtd,0.015625,-0.03125,-0.03125,0.015625,0.0,0.015625,-0.03125
Schulze,0.0,0.03515625,0.03515625,0.0,-0.015625,0.0,0.03515625
IRV,-0.03515625,0.0,0.0,-0.03515625,0.03125,-0.03515625,0.0
