,Borda,plurality,gt,minimax,gtd,Schulze,IRV
Borda,0.0,0.0,-0.0028653295128939827,0.0,-0.0028653295128939827,0.0,0.0
plurality,0.0,0.0,-0.0028653295128939827,0.0,-0.0028653295128939827,0.0,0.0
gt,0.0028653295128939827,0.0028653295128939827,0.0,0.0028653295128939827,0.0,0.0028653295128939827,0.0028653295128939827
minimax,0.0,0.0,-0.0028653295128939827,0.0,-0.0028653295128939827,0.0,0.0
gtd,0.0028653295128939827,0.0028653295128939827,0.0,0.0028653295128939827,0.0,0.0028653295128939827,0.0028653295128939827
Schulze,0.0,0.0,-0.0028653295128939827,0.0,-0.0028653295128939827,0.0,0.0
IRV,0.0,0.0,-0.0028653295128939827,0.0,-0.0028653295128939827,0.0,0.0
