,Borda,plurality,gt,minimax,gtd,Schulze,IRV
Borda,0.0,0.0,-0.01511879049676026,-0.01511879049676026,-0.01511879049676026,-0.01511879049676026,0.0
plurality,0.0,0.0,-0.01511879049676026,-0.01511879049676026,-0.01511879049676026,-0.01511879049676026,0.0
gt,0.01511879049676026,0.01511879049676026,0.0,0.0,0.0,0.0,0.01511879049676026
minimax,0.01511879049676026,0.01511879049676026,0.0,0.0,0.0,0.0,0.01511879049676026
gtd,0.01511879049676026,0.01511879049676026,0.0,0.0,0.0,0.0,0.01511879049676026
Schulze,0.01511879049676026,0.01511879049676026,0.0,0.0,0.0,0.0,0.01511879049676026
IRV,0.0,0.0,-0.01511879049676026,-0.01511879049676026,-0.01511879049676026,-0.01511879049676026,0.0
