,Borda,plurality,gt,minimax,gtd,Schulze,IRV
Borda,0.0,0.0,-0.01627906976744186,0.0,-0.01627906976744186,0.0,0.0
plurality,0.0,0.0,-0.01627906976744186,0.0,-0.01627906976744186,0.0,0.0
gt,0.01627906976744186,0.01627906976744186,0.0,0.01627906976744186,0.0,0.01627906976744186,0.01627906976744186
minimax,0.0,0.0,-0.01627906976744186,0.0,-0.01627906976744186,0.0,0.0
gtd,0.01627906976744186,0.01627906976744186,0.0,0.01627906976744186,0.0,0.01627906976744186,0.01627906976744186
Schulze,0.0,0.0,-0.01627906976744186,0.0,-0.01627906976744186,0.0,0.0
IRV,0.0,0.0,-0.01627906976744186,0.0,-0.01627906976744186,0.0,0.0
