,Borda,plurality,gt,minimax,gtd,Schulze,IRV
Borda,0.0,-0.05726872246696035,0.08370044052863436,-0.05726872246696035,-0.05726872246696035,-0.05726872246696035,0.08370044052863436
plurality,0.05726872246696035,0.0,-0.048458149779735685,0.0,0.0,0.0,-0.048458149779735685
gt,-0.08370044052863436,0.048458149779735685,0.0,0.048458149779735685,0.048458149779735685,0.048458149779735685,0.0
minimax,0.05726872246696035,0.0,-0.048458149779735685,0.0,0.0,0.0,-0.048458149779735685
gtd,0.05726872246696035,0.0,-0.048458149779735685,0.0,0.0,0.0,-0.048458149779735685
Schulze,0.05726872246696035,0.0,-0.048458149779735685,0.0,0.0,0.0,-0.048458149779735685
IRV,-0.08370044052863436,0.048458149779735685,0.0,0.048458149779735685,0.048458149779735685,0.048458149779735685,0.0
