,Borda,plurality,gt,minimax,gtd,Schulze,IRV
Borda,0.0,0.10126582278481013,0.0,0.0,0.0,0.0,0.0
plurality,-0.10126582278481013,0.0,-0.10126582278481013,-0.06329113924050633,-0.06329113924050633,-0.06329113924050633,-0.10126582278481013
gt,0.0,0.10126582278481013,0.0,0.0,0.0,0.0,0.0
minimax,0.0,0.06329113924050633,0.0,0.0,0.0,0.0,0.0
gtd,0.0,0.06329113924050633,0.0,0.0,0.0,0.0,0.0
Schulze,0.0,0.06329113924050633,0.0,0.0,0.0,0.0,0.0
IRV,0.0,0.10126582278481013,0.0,0.0,0.0,0.0,0.0
