,Borda,plurality,gt,minimax,gtd,Schulze,IRV
Borda,0.0,-0.029850746268656716,0.0,0.0,0.0,0.0,0.03980099502487562
plurality,0.029850746268656716,0.0,0.029850746268656716,0.029850746268656716,0.029850746268656716,0.029850746268656716,-0.04477611940298507
gt,0.0,-0.029850746268656716,0.0,0.0,0.0,0.0,0.03980099502487562
minimax,0.0,-0.029850746268656716,0.0,0.0,0.0,0.0,0.03980099502487562
gtd,0.0,-0.029850746268656716,0.0,0.0,0.0,0.0,0.03980099502487562
Schulze,0.0,-0.029850746268656716,0.0,0.0,0.0,0.0,0.03980099502487562
IRV,-0.03980099502487562,0.04477611940298507,-0.03980099502487562,-0.03980099502487562,-0.03980099502487562,-0.03980099502487562,0.0
