,Borda,plurality,gt,minimax,gtd,Schulze,IRV
Borda,0.0,0.005649717514124294,0.0,0.0,0.0,0.0,0.0
plurality,-0.005649717514124294,0.0,0.011299435028248588,-0.005649717514124294,-0.005649717514124294,-0.005649717514124294,-0.005649717514124294
gt,0.0,-0.011299435028248588,0.0,0.0,0.0,0.0,0.0
minimax,0.0,0.005649717514124294,0.0,0.0,0.0,0.0,0.0
gtd,0.0,0.005649717514124294,0.0,0.0,0.0,0.0,0.0
Schulze,0.0,0.005649717514124294,0.0,0.0,0.0,0.0,0.0
IRV,0.0,0.005649717514124294,0.0,0.0,0.0,0.0,0.0
