,Borda,plurality,gt,minimax,gtd,Schulze,IRV
Borda,0.0,-0.0034762456546929316,-0.0034762456546929316,0.0,0.0,0.0,-0.0034762456546929316
plurality,0.0034762456546929316,0.0,0.0,0.0034762456546929316,0.0034762456546929316,0.0034762456546929316,0.0
gt,0.0034762456546929316,0.0,0.0,0.0034762456546929316,0.0034762456546929316,0.0034762456546929316,0.0
minimax,0.0,-0.0034762456546929316,-0.0034762456546929316,0.0,0.0,0.0,-0.0034762456546929316
gtd,0.0,-0.0034762456546929316,-0.0034762456546929316,0.0,0.0,0.0,-0.0034762456546929316
Schulze,0.0,-0.0034762456546929316,-0.0034762456546929316,0.0,0.0,0.0,-0.0034762456546929316
IRV,0.0034762456546929316,0.0,0.0,0.0034762456546929316,0.0034762456546929316,0.0034762456546929316,0.0
