,Borda,plurality,gt,minimax,gtd,Schulze,IRV
Borda,0.0,-0.006711409395973154,-0.006711409395973154,0.0,0.0,0.0,0.03087248322147651
plurality,0.006711409395973154,0.0,0.0,0.006711409395973154,0.006711409395973154,0.006711409395973154,-0.049664429530201344
gt,0.006711409395973154,0.0,0.0,0.006711409395973154,0.006711409395973154,0.006711409395973154,-0.049664429530201344
minimax,0.0,-0.006711409395973154,-0.006711409395973154,0.0,0.0,0.0,0.03087248322147651
gtd,0.0,-0.006711409395973154,-0.006711409395973154,0.0,0.0,0.0,0.03087248322147651
Schulze,0.0,-0.006711409395973154,-0.006711409395973154,0.0,0.0,0.0,0.03087248322147651
IRV,-0.03087248322147651,0.049664429530201344,0.049664429530201344,-0.03087248322147651,-0.03087248322147651,-0.03087248322147651,0.0
