,Borda,plurality,gt,minimax,gtd,Schulze,IRV
Borda,0.0,-0.0034965034965034965,0.0,0.0,-0.0034965034965034965,0.0,-0.0034965034965034965
plurality,0.0034965034965034965,0.0,0.0034965034965034965,0.0034965034965034965,0.0,0.0034965034965034965,0.0
gt,0.0,-0.0034965034965034965,0.0,0.0,-0.0034965034965034965,0.0,-0.0034965034965034965
minimax,0.0,-0.0034965034965034965,0.0,0.0,-0.0034965034965034965,0.0,-0.0034965034965034965
gtd,0.0034965034965034965,0.0,0.0034965034965034965,0.0034965034965034965,0.0,0.0034965034965034965,0.0
Schulze,0.0,-0.0034965034965034965,0.0,0.0,-0.0034965034965034965,0.0,-0.0034965034965034965
IRV,0.0034965034965034965,0.0,0.0034965034965034965,0.0034965034965034965,0.0,0.0034965034965034965,0.0
