,Borda,plurality,gt,minimax,gtd,Schulze,IRV
Borda,0.0,0.020134228187919462,0.0,0.0,-0.004026845637583893,0.0,0.020134228187919462
plurality,-0.020134228187919462,0.0,-0.020134228187919462,-0.020134228187919462,0.01476510067114094,-0.020134228187919462,0.0
gt,0.0,0.020134228187919462,0.0,0.0,-0.004026845637583893,0.0,0.020134228187919462
minimax,0.0,0.020134228187919462,0.0,0.0,-0.004026845637583893,0.0,0.020134228187919462
gtd,0.004026845637583893,-0.01476510067114094,0.004026845637583893,0.004026845637583893,0.0,0.004026845637583893,-0.01476510067114094
Schulze,0.0,0.020134228187919462,0.0,0.0,-0.004026845637583893,0.0,0.020134228187919462
IRV,-0.020134228187919462,0.0,-0.020134228187919462,-0.020134228187919462,0.01476510067114094,-0.020134228187919462,0.0
