,Borda,plurality,gt,minimax,gtd,Schulze,IRV
Borda,0.0,-0.030716723549488054,-0.030716723549488054,0.0,-0.030716723549488054,0.0,-0.030716723549488054
plurality,0.030716723549488054,0.0,0.0,0.030716723549488054,0.0,0.030716723549488054,0.0
gt,0.030716723549488054,0.0,0.0,0.030716723549488054,0.0,0.030716723549488054,0.0
minimax,0.0,-0.030716723549488054,-0.030716723549488054,0.0,-0.030716723549488054,0.0,-0.030716723549488054
gtd,0.030716723549488054,0.0,0.0,0.030716723549488054,0.0,0.030716723549488054,0.0
Schulze,0.0,-0.030716723549488054,-0.030716723549488054,0.0,-0.030716723549488054,0.0,-0.030716723549488054
IRV,0.030716723549488054,0.0,0.0,0.030716723549488054,0.0,0.030716723549488054,0.0
