,Borda,plurality,gt,minimax,gtd,Schulze,IRV
Borda,0.0,0.040238450074515646,-0.028315946348733235,0.0,-0.028315946348733235,0.0,0.0
plurality,-0.040238450074515646,0.0,0.028315946348733235,-0.040238450074515646,0.028315946348733235,-0.040238450074515646,-0.040238450074515646
gt,0.028315946348733235,-0.028315946348733235,0.0,0.028315946348733235,0.0,0.028315946348733235,0.028315946348733235
minimax,0.0,0.040238450074515646,-0.028315946348733235,0.0,-0.028315946348733235,0.0,0.0
gtd,0.028315946348733235,-0.028315946348733235,0.0,0.028315946348733235,0.0,0.028315946348733235,0.028315946348733235
Schulze,0.0,0.040238450074515646,-0.028315946348733235,0.0,-0.028315946348733235,0.0,0.0
IRV,0.0,0.040238450074515646,-0.028315946348733235,0.0,-0.028315946348733235,0.0,0.0
