,Borda,plurality,gt,minimax,gtd,Schulze,IRV
Borda,0.0,0.06666666666666667,-0.012345679012345678,-0.012345679012345678,-0.012345679012345678,-0.012345679012345678,0.0
plurality,-0.06666666666666667,0.0,0.007407407407407408,0.007407407407407408,0.007407407407407408,0.007407407407407408,-0.06666666666666667
gt,0.012345679012345678,-0.007407407407407408,0.0,0.0,0.0,0.0,0.012345679012345678
minimax,0.012345679012345678,-0.007407407407407408,0.0,0.0,0.0,0.0,0.012345679012345678
gtd,0.012345679012345678,-0.007407407407407408,0.0,0.0,0.0,0.0,0.012345679012345678
Schulze,0.012345679012345678,-0.007407407407407408,0.0,0.0,0.0,0.0,0.012345679012345678
IRV,0.0,0.06666666666666667,-0.012345679012345678,-0.012345679012345678,-0.012345679012345678,-0.012345679012345678,0.0
