,Borda,plurality,gt,minimax,gtd,Schulze,IRV
Borda,0.0,-0.003885003885003885,0.0,0.0,-0.003885003885003885,0.0,-0.003885003885003885
plurality,0.003885003885003885,0.0,0.003885003885003885,0.003885003885003885,0.0,0.003885003885003885,0.0
gt,0.0,-0.003885003885003885,0.0,0.0,-0.003885003885003885,0.0,-0.003885003885003885
minimax,0.0,-0.003885003885003885,0.0,0.0,-0.003885003885003885,0.0,-0.003885003885003885
gtd,0.003885003885003885,0.0,0.003885003885003885,0.003885003885003885,0.0,0.003885003885003885,0.0
Schulze,0.0,-0.003885003885003885,0.0,0.0,-0.003885003885003885,0.0,-0.003885003885003885
IRV,0.003885003885003885,0.0,0.003885003885003885,0.003885003885003885,0.0,0.003885003885003885,0.0
