,Borda,plurality,gt,minimax,gtd,Schulze,IRV
Borda,0.0,0.0,-0.017421602787456445,-0.017421602787456445,-0.017421602787456445,-0.017421602787456445,-0.017421602787456445
plurality,0.0,0.0,-0.017421602787456445,-0.017421602787456445,-0.017421602787456445,-0.017421602787456445,-0.017421602787456445
gt,0.017421602787456445,0.017421602787456445,0.0,0.0,0.0,0.0,0.0
minimax,0.017421602787456445,0.017421602787456445,0.0,0.0,0.0,0.0,0.0
gtd,0.017421602787456445,0.017421602787456445,0.0,0.0,0.0,0.0,0.0
Schulze,0.017421602787456445,0.017421602787456445,0.0,0.0,0.0,0.0,0.0
IRV,0.017421602787456445,0.017421602787456445,0.0,0.0,0.0,0.0,0.0
