,Borda,plurality,gt,minimax,gtd,Schulze,IRV
Borda,0.0,0.026499302649930265,0.0,0.0,-0.012552301255230125,0.0,0.026499302649930265
plurality,-0.026499302649930265,0.0,-0.026499302649930265,-0.026499302649930265,0.02092050209205021,-0.026499302649930265,0.0
gt,0.0,0.026499302649930265,0.0,0.0,-0.012552301255230125,0.0,0.026499302649930265
minimax,0.0,0.026499302649930265,0.0,0.0,-0.012552301255230125,0.0,0.026499302649930265
gtd,0.012552301255230125,-0.02092050209205021,0.012552301255230125,0.012552301255230125,0.0,0.012552301255230125,-0.02092050209205021
Schulze,0.0,0.026499302649930265,0.0,0.0,-0.012552301255230125,0.0,0.026499302649930265
IRV,-0.026499302649930265,0.0,-0.026499302649930265,-0.026499302649930265,0.02092050209205021,-0.026499302649930265,0.0
