,Borda,plurality,gt,minimax,gtd,Schulze,IRV
Borda,0.0,-0.006726457399103139,-0.006726457399103139,-0.006726457399103139,-0.006726457399103139,-0.006726457399103139,-0.006726457399103139
plurality,0.006726457399103139,0.0,0.0,0.0,0.0,0.0,0.0
gt,0.006726457399103139,0.0,0.0,0.0,0.0,0.0,0.0
minimax,0.006726457399103139,0.0,0.0,0.0,0.0,0.0,0.0
gtd,0.006726457399103139,0.0,0.0,0.0,0.0,0.0,0.0
Schulze,0.006726457399103139,0.0,0.0,0.0,0.0,0.0,0.0
IRV,0.006726457399103139,0.0,0.0,0.0,0.0,0.0,0.0
