,Borda,plurality,gt,minimax,gtd,Schulze,IRV
Borda,0.0,0.023622047244094488,0.023622047244094488,-0.01837270341207349,-0.01837270341207349,-0.01837270341207349,0.0
plurality,-0.023622047244094488,0.0,0.0,0.015748031496062992,0.015748031496062992,0.015748031496062992,-0.023622047244094488
gt,-0.023622047244094488,0.0,0.0,0.015748031496062992,0.015748031496062992,0.015748031496062992,-0.023622047244094488
minimax,0.01837270341207349,-0.015748031496062992,-0.015748031496062992,0.0,0.0,0.0,0.01837270341207349
gtd,0.01837270341207349,-0.015748031496062992,-0.015748031496062992,0.0,0.0,0.0,0.01837270341207349
Schulze,0.01837270341207349,-0.015748031496062992,-0.015748031496062992,0.0,0.0,0.0,0.01837270341207349
IRV,0.0,0.023622047244094488,0.023622047244094488,-0.01837270341207349,-0.01837270341207349,-0.01837270341207349,0.0
