,Borda,plurality,gt,minimax,gtd,Schulze,IRV
Borda,0.0,-0.0008756567425569177,-0.0008756567425569177,0.0,-0.0008756567425569177,0.0,0.08318739054290718
plurality,0.0008756567425569177,0.0,0.0,0.0008756567425569177,0.0,0.0008756567425569177,-0.006129597197898424
gt,0.0008756567425569177,0.0,0.0,0.0008756567425569177,0.0,0.0008756567425569177,-0.006129597197898424
minimax,0.0,-0.0008756567425569177,-0.0008756567425569177,0.0,-0.0008756567425569177,0.0,0.08318739054290718
gtd,0.0008756567425569177,0.0,0.0,0.0008756567425569177,0.0,0.0008756567425569177,-0.006129597197898424
Schulze,0.0,-0.0008756567425569177,-0.0008756567425569177,0.0,-0.0008756567425569177,0.0,0.08318739054290718
IRV,-0.08318739054290718,0.006129597197898424,0.006129597197898424,-0.08318739054290718,0.006129597197898424,-0.08318739054290718,0.0
