,Borda,plurality,gt,minimax,gtd,Schulze,IRV
Borda,0.0,0.0,0.041916167664670656,0.0,-0.017964071856287425,0.0,-0.017964071856287425
plurality,0.0,0.0,0.041916167664670656,0.0,-0.017964071856287425,0.0,-0.017964071856287425
gt,-0.041916167664670656,-0.041916167664670656,0.0,-0.041916167664670656,0.033932135728542916,-0.041916167664670656,0.033932135728542916
minimax,0.0,0.0,0.041916167664670656,0.0,-0.017964071856287425,0.0,-0.017964071856287425
gtd,0.017964071856287425,0.017964071856287425,-0.033932135728542916,0.017964071856287425,0.0,0.017964071856287425,0.0
Schulze,0.0,0.0,0.041916167664670656,0.0,-0.017964071856287425,0.0,-0.017964071856287425
IRV,0.017964071856287425,0.017964071856287425,-0.033932135728542916,0.017964071856287425,0.0,0.017964071856287425,0.0
