,Borda,plurality,gt,minimax,gtd,Schulze,IRV
Borda,0.0,-0.013114754098360656,0.0,0.0,0.0,0.0,-0.013114754098360656
plurality,0.013114754098360656,0.0,0.013114754098360656,0.013114754098360656,0.013114754098360656,0.013114754098360656,0.0
gt,0.0,-0.013114754098360656,0.0,0.0,0.0,0.0,-0.013114754098360656
minimax,0.0,-0.013114754098360656,0.0,0.0,0.0,0.0,-0.013114754098360656
gtd,0.0,-0.013114754098360656,0.0,0.0,0.0,0.0,-0.013114754098360656
Schulze,0.0,-0.013114754098360656,0.0,0.0,0.0,0.0,-0.013114754098360656
IRV,0.013114754098360656,0.0,0.013114754098360656,0.013114754098360656,0.013114754098360656,0.013114754098360656,0.0
