,Borda,plurality,gt,minimax,gtd,Schulze,IRV
Borda,0.0,0.045871559633027525,-0.027522935779816515,0.0,-0.027522935779816515,0.0,0.0
plurality,-0.045871559633027525,0.0,0.04128440366972477,-0.045871559633027525,0.04128440366972477,-0.045871559633027525,-0.045871559633027525
gt,0.027522935779816515,-0.04128440366972477,0.0,0.027522935779816515,0.0,0.027522935779816515,0.027522935779816515
minimax,0.0,0.045871559633027525,-0.027522935779816515,0.0,-0.027522935779816515,0.0,0.0
gtd,0.027522935779816515,-0.04128440366972477,0.0,0.027522935779816515,0.0,0.027522935779816515,0.027522935779816515
Schulze,0.0,0.045871559633027525,-0.027522935779816515,0.0,-0.027522935779816515,0.0,0.0
IRV,0.0,0.045871559633027525,-0.027522935779816515,0.0,-0.027522935779816515,0.0,0.0
