,Borda,plurality,gt,minimax,gtd,Schulze,IRV
Borda,0.0,0.03944315545243619,-0.02088167053364269,0.0,-0.02088167053364269,0.0,0.0
plurality,-0.03944315545243619,0.0,0.025522041763341066,-0.03944315545243619,0.025522041763341066,-0.03944315545243619,-0.03944315545243619
gt,0.02088167053364269,-0.025522041763341066,0.0,0.02088167053364269,0.0,0.02088167053364269,0.02088167053364269
minimax,0.0,0.03944315545243619,-0.02088167053364269,0.0,-0.02088167053364269,0.0,0.0
gtd,0.02088167053364269,-0.025522041763341066,0.0,0.02088167053364269,0.0,0.02088167053364269,0.02088167053364269
Schulze,0.0,0.03944315545243619,-0.02088167053364269,0.0,-0.02088167053364269,0.0,0.0
IRV,0.0,0.03944315545243619,-0.02088167053364269,0.0,-0.02088167053364269,0.0,0.0
