,Borda,plurality,gt,minimax,gtd,Schulze,IRV
Borda,0.0,-0.005861664712778429,0.0,0.0,0.0,0.0,-0.005861664712778429
plurality,0.005861664712778429,0.0,0.005861664712778429,0.005861664712778429,0.005861664712778429,0.005861664712778429,0.0
gt,0.0,-0.005861664712778429,0.0,0.0,0.0,0.0,-0.005861664712778429
minimax,0.0,-0.005861664712778429,0.0,0.0,0.0,0.0,-0.005861664712778429
gtd,0.0,-0.005861664712778429,0.0,0.0,0.0,0.0,-0.005861664712778429
Schulze,0.0,-0.005861664712778429,0.0,0.0,0.0,0.0,-0.005861664712778429
IRV,0.005861664712778429,0.0,0.005861664712778429,0.005861664712778429,0.005861664712778429,0.005861664712778429,0.0
