,Borda,plurality,gt,minimax,gtd,Schulze,IRV
Borda,0.0,-0.009985734664764621,0.0,0.0,0.0,0.0,0.02710413694721826
plurality,0.009985734664764621,0.0,0.009985734664764621,0.009985734664764621,0.009985734664764621,0.009985734664764621,-0.03851640513552068
gt,0.0,-0.009985734664764621,0.0,0.0,0.0,0.0,0.02710413694721826
minimax,0.0,-0.009985734664764621,0.0,0.0,0.0,0.0,0.02710413694721826
gtd,0.0,-0.009985734664764621,0.0,0.0,0.0,0.0,0.02710413694721826
Schulze,0.0,-0.009985734664764621,0.0,0.0,0.0,0.0,0.02710413694721826
IRV,-0.02710413694721826,0.03851640513552068,-0.02710413694721826,-0.02710413694721826,-0.02710413694721826,-0.02710413694721826,0.0
