,Borda,plurality,gt,minimax,gtd,Schulze,IRV
Borda,0.0,-0.013182674199623353,0.026365348399246705,0.0,-0.013182674199623353,0.0,0.026365348399246705
plurality,0.013182674199623353,0.0,-0.022598870056497175,0.013182674199623353,0.0,0.013182674199623353,-0.022598870056497175
gt,-0.026365348399246705,0.022598870056497175,0.0,-0.026365348399246705,0.022598870056497175,-0.026365348399246705,0.0
minimax,0.0,-0.013182674199623353,0.026365348399246705,0.0,-0.013182674199623353,0.0,0.026365348399246705
gtd,0.013182674199623353,0.0,-0.022598870056497175,0.013182674199623353,0.0,0.013182674199623353,-0.022598870056497175
Schulze,0.0,-0.013182674199623353,0.026365348399246705,0.0,-0.013182674199623353,0.0,0.026365348399246705
IRV,-0.026365348399246705,0.022598870056497175,0.0,-0.026365348399246705,0.022598870056497175,-0.026365348399246705,0.0
