,Borda,plurality,gt,minimax,gtd,Schulze,IRV
Borda,0.0,0.0,0.0,0.0,0.0,0.0,-0.020537124802527645
plurality,0.0,0.0,0.0,0.0,0.0,0.0,-0.020537124802527645
gt,0.0,0.0,0.0,0.0,0.0,0.0,-0.020537124802527645
minimax,0.0,0.0,0.0,0.0,0.0,0.0,-0.020537124802527645
gtd,0.0,0.0,0.0,0.0,0.0,0.0,-0.020537124802527645
Schulze,0.0,0.0,0.0,0.0,0.0,0.0,-0.020537124802527645
IRV,0.020537124802527645,0.020537124802527645,0.020537124802527645,0.020537124802527645,0.020537124802527645,0.020537124802527645,0.0
