,Borda,plurality,gt,minimax,gtd,Schulze,IRV
Borda,0.0,-0.0038910505836575876,0.0,0.0,-0.0038910505836575876,0.0,0.0324254215304799
plurality,0.0038910505836575876,0.0,0.0038910505836575876,0.0038910505836575876,0.0,0.0038910505836575876,-0.011673151750972763
gt,0.0,-0.0038910505836575876,0.0,0.0,-0.0038910505836575876,0.0,0.0324254215304799
minimax,0.0,-0.0038910505836575876,0.0,0.0,-0.0038910505836575876,0.0,0.0324254215304799
gtd,0.0038910505836575876,0.0,0.0038910505836575876,0.0038910505836575876,0.0,0.0038910505836575876,-0.011673151750972763
Schulze,0.0,-0.0038910505836575876,0.0,0.0,-0.0038910505836575876,0.0,0.0324254215304799
IRV,-0.0324254215304799,0.011673151750972763,-0.0324254215304799,-0.0324254215304799,0.011673151750972763,-0.0324254215304799,0.0
