,Borda,plurality,gt,minimax,gtd,Schulze,IRV
Borda,0.0,0.04891304347826087,-0.005434782608695652,0.0,-0.005434782608695652,0.0,0.0
plurality,-0.04891304347826087,0.0,0.03804347826086957,-0.04891304347826087,0.03804347826086957,-0.04891304347826087,-0.04891304347826087
gt,0.005434782608695652,-0.03804347826086957,0.0,0.005434782608695652,0.0,0.005434782608695652,0.005434782608695652
minimax,0.0,0.04891304347826087,-0.005434782608695652,0.0,-0.005434782608695652,0.0,0.0
gtd,0.005434782608695652,-0.03804347826086957,0.0,0.005434782608695652,0.0,0.005434782608695652,0.005434782608695652
Schulze,0.0,0.04891304347826087,-0.005434782608695652,0.0,-0.005434782608695652,0.0,0.0
IRV,0.0,0.04891304347826087,-0.005434782608695652,0.0,-0.005434782608695652,0.0,0.0
