,Borda,plurality,gt,minimax,gtd,Schulze,IRV
Borda,0.0,-0.023474178403755867,0.06572769953051644,-0.023474178403755867,-0.023474178403755867,-0.023474178403755867,0.06572769953051644
plurality,0.023474178403755867,0.0,0.0,0.0,0.0,0.0,0.0
gt,-0.06572769953051644,0.0,0.0,0.0,0.0,0.0,0.0
minimax,0.023474178403755867,0.0,0.0,0.0,0.0,0.0,0.0
gtd,0.023474178403755867,0.0,0.0,0.0,0.0,0.0,0.0
Schulze,0.023474178403755867,0.0,0.0,0.0,0.0,0.0,0.0
IRV,-0.06572769953051644,0.0,0.0,0.0,0.0,0.0,0.0
