,Borda,plurality,gt,minimax,gtd,Schulze,IRV
Borda,0.0,0.025889967637540454,0.0,0.0,0.0,0.0,0.025889967637540454
plurality,-0.025889967637540454,0.0,0.03559870550161812,-0.025889967637540454,-0.025889967637540454,-0.025889967637540454,0.0
gt,0.0,-0.03559870550161812,0.0,0.0,0.0,0.0,-0.03559870550161812
minimax,0.0,0.025889967637540454,0.0,0.0,0.0,0.0,0.025889967637540454
gtd,0.0,0.025889967637540454,0.0,0.0,0.0,0.0,0.025889967637540454
Schulze,0.0,0.025889967637540454,0.0,0.0,0.0,0.0,0.025889967637540454
IRV,-0.025889967637540454,0.0,0.03559870550161812,-0.025889967637540454,-0.025889967637540454,-0.025889967637540454,0.0
