,Borda,plurality,gt,minimax,gtd,Schulze,IRV
Borda,0.0,-0.01875,0.09375,-0.01875,-0.01875,-0.01875,-0.01875
plurality,0.01875,0.0,0.0,0.0,0.0,0.0,0.0
gt,-0.09375,0.0,0.0,0.0,0.0,0.0,0.0
minimax,0.01875,0.0,0.0,0.0,0.0,0.0,0.0
gtd,0.01875,0.0,0.0,0.0,0.0,0.0,0.0
Schulze,0.01875,0.0,0.0,0.0,0.0,0.0,0.0
IRV,0.01875,0.0,0.0,0.0,0.0,0.0,0.0
