,Borda,plurality,gt,minimax,gtd,Schulze,IRV
Borda,0.0,-0.017341040462427744,-0.017341040462427744,0.0,0.0,0.0,0.04277456647398844
plurality,0.017341040462427744,0.0,0.0,0.017341040462427744,0.017341040462427744,0.017341040462427744,-0.04508670520231214
gt,0.017341040462427744,0.0,0.0,0.017341040462427744,0.017341040462427744,0.017341040462427744,-0.04508670520231214
minimax,0.0,-0.017341040462427744,-0.017341040462427744,0.0,0.0,0.0,0.04277456647398844
gtd,0.0,-0.017341040462427744,-0.017341040462427744,0.0,0.0,0.0,0.04277456647398844
Schulze,0.0,-0.017341040462427744,-0.017341040462427744,0.0,0.0,0.0,0.04277456647398844
IRV,-0.04277456647398844,0.04508670520231214,0.04508670520231214,-0.04277456647398844,-0.04277456647398844,-0.04277456647398844,0.0
