,Borda,plurality,gt,minimax,gtd,Schulze,IRV
Borda,0.0,0.0,-0.0012746972594008922,0.0,-0.0012746972594008922,0.0,-0.0012746972594008922
plurality,0.0,0.0,-0.0012746972594008922,0.0,-0.0012746972594008922,0.0,-0.0012746972594008922
gt,0.0012746972594008922,0.0012746972594008922,0.0,0.0012746972594008922,0.0,0.0012746972594008922,0.0
minimax,0.0,0.0,-0.0012746972594008922,0.0,-0.0012746972594008922,0.0,-0.0012746972594008922
gtd,0.0012746972594008922,0.0012746972594008922,0.0,0.0012746972594008922,0.0,0.0012746972594008922,0.0
Schulze,0.0,0.0,-0.0012746972594008922,0.0,-0.0012746972594008922,0.0,-0.0012746972594008922
IRV,0.0012746972594008922,0.0012746972594008922,0.0,0.0012746972594008922,0.0,0.0012746972594008922,0.0
