,Borda,plurality,gt,minimax,gtd,Schulze,IRV
Borda,0.0,-0.008356545961002786,-0.008356545961002786,0.0,-0.008356545961002786,0.0,0.1309192200557103
plurality,0.008356545961002786,0.0,0.0,0.008356545961002786,0.0,0.008356545961002786,-0.036211699164345405
gt,0.008356545961002786,0.0,0.0,0.008356545961002786,0.0,0.008356545961002786,-0.036211699164345405
minimax,0.0,-0.008356545961002786,-0.008356545961002786,0.0,-0.008356545961002786,0.0,0.1309192200557103
gtd,0.008356545961002786,0.0,0.0,0.008356545961002786,0.0,0.008356545961002786,-0.036211699164345405
Schulze,0.0,-0.008356545961002786,-0.008356545961002786,0.0,-0.008356545961002786,0.0,0.1309192200557103
IRV,-0.1309192200557103,0.036211699164345405,0.036211699164345405,-0.1309192200557103,0.036211699164345405,-0.1309192200557103,0.0
