,Borda,plurality,gt,minimax,gtd,Schulze,IRV
Borda,0.0,-0.008403361344537815,-0.008403361344537815,0.0,-0.008403361344537815,0.0,0.05546218487394958
plurality,0.008403361344537815,0.0,0.0,0.008403361344537815,0.0,0.008403361344537815,-0.03865546218487395
gt,0.008403361344537815,0.0,0.0,0.008403361344537815,0.0,0.008403361344537815,-0.03865546218487395
minimax,0.0,-0.008403361344537815,-0.008403361344537815,0.0,-0.008403361344537815,0.0,0.05546218487394958
gtd,0.008403361344537815,0.0,0.0,0.008403361344537815,0.0,0.008403361344537815,-0.03865546218487395
Schulze,0.0,-0.008403361344537815,-0.008403361344537815,0.0,-0.008403361344537815,0.0,0.05546218487394958
IRV,-0.05546218487394958,0.03865546218487395,0.03865546218487395,-0.05546218487394958,0.03865546218487395,-0.05546218487394958,0.0
