,Borda,plurality,gt,minimax,gtd,Schulze,IRV
Borda,0.0,0.025936599423631124,0.0,0.0,0.0,0.0,0.0
plurality,-0.025936599423631124,0.0,0.020172910662824207,-0.025936599423631124,-0.025936599423631124,-0.025936599423631124,-0.025936599423631124
gt,0.0,-0.020172910662824207,0.0,0.0,0.0,0.0,0.0
minimax,0.0,0.025936599423631124,0.0,0.0,0.0,0.0,0.0
gtd,0.0,0.025936599423631124,0.0,0.0,0.0,0.0,0.0
Schulze,0.0,0.025936599423631124,0.0,0.0,0.0,0.0,0.0
IRV,0.0,0.025936599423631124,0.0,0.0,0.0,0.0,0.0
