,Borda,plurality,gt,minimax,gtd,Schulze,IRV
Borda,0.0,0.0,0.024,0.0,-0.008,0.0,-0.008
plurality,0.0,0.0,0.024,0.0,-0.008,0.0,-0.008
gt,-0.024,-0.024,0.0,-0.024,0.013333333333333334,-0.024,0.013333333333333334
minimax,0.0,0.0,0.024,0.0,-0.008,0.0,-0.008
gtd,0.008,0.008,-0.013333333333333334,0.008,0.0,0.008,0.0
Schulze,0.0,0.0,0.024,0.0,-0.008,0.0,-0.008
IRV,0.008,0.008,-0.013333333333333334,0.008,0.0,0.008,0.0
