,Borda,plurality,gt,minimax,gtd,Schulze,IRV
Borda,0.0,-0.0024330900243309003,-0.0024330900243309003,0.0,-0.0024330900243309003,0.0,0.031630170316301706
plurality,0.0024330900243309003,0.0,0.0,0.0024330900243309003,0.0,0.0024330900243309003,-0.021897810218978103
gt,0.0024330900243309003,0.0,0.0,0.0024330900243309003,0.0,0.0024330900243309003,-0.021897810218978103
minimax,0.0,-0.0024330900243309003,-0.0024330900243309003,0.0,-0.0024330900243309003,0.0,0.031630170316301706
gtd,0.0024330900243309003,0.0,0.0,0.0024330900243309003,0.0,0.0024330900243309003,-0.021897810218978103
Schulze,0.0,-0.0024330900243309003,-0.0024330900243309003,0.0,-0.0024330900243309003,0.0,0.031630170316301706
IRV,-0.031630170316301706,0.021897810218978103,0.021897810218978103,-0.031630170316301706,0.021897810218978103,-0.031630170316301706,0.0
