,Borda,plurality,gt,minimax,gtd,Schulze,IRV
Borda,0.0,-0.007462686567164179,0.0,0.0,0.0,0.0,-0.007462686567164179
plurality,0.007462686567164179,0.0,0.007462686567164179,0.007462686567164179,0.007462686567164179,0.007462686567164179,0.0
gt,0.0,-0.007462686567164179,0.0,0.0,0.0,0.0,-0.007462686567164179
minimax,0.0,-0.007462686567164179,0.0,0.0,0.0,0.0,-0.007462686567164179
gtd,0.0,-0.007462686567164179,0.0,0.0,0.0,0.0,-0.007462686567164179
Schulze,0.0,-0.007462686567164179,0.0,0.0,0.0,0.0,-0.007462686567164179
IRV,0.007462686567164179,0.0,0.007462686567164179,0.007462686567164179,0.007462686567164179,0.007462686567164179,0.0
