,Borda,plurality,gt,minimax,gtd,Schulze,IRV
Borda,0.0,-0.0004928536224741252,0.0,0.0,-0.0004928536224741252,0.0,-0.0004928536224741252
plurality,0.0004928536224741252,0.0,0.0004928536224741252,0.0004928536224741252,0.0,0.0004928536224741252,0.0
gt,0.0,-0.0004928536224741252,0.0,0.0,-0.0004928536224741252,0.0,-0.0004928536224741252
minimax,0.0,-0.0004928536224741252,0.0,0.0,-0.0004928536224741252,0.0,-0.0004928536224741252
gtd,0.0004928536224741252,0.0,0.0004928536224741252,0.0004928536224741252,0.0,0.0004928536224741252,0.0
Schulze,0.0,-0.0004928536224741252,0.0,0.0,-0.0004928536224741252,0.0,-0.0004928536224741252
IRV,0.0004928536224741252,0.0,0.0004928536224741252,0.0004928536224741252,0.0,0.0004928536224741252,0.0
