,Borda,plurality,gt,minimax,gtd,Schulze,IRV
Borda,0.0,-0.01990049751243781,-0.01990049751243781,0.0,-0.01990049751243781,0.0,0.024875621890547265
plurality,0.01990049751243781,0.0,0.0,0.01990049751243781,0.0,0.01990049751243781,-0.024875621890547265
gt,0.01990049751243781,0.0,0.0,0.01990049751243781,0.0,0.01990049751243781,-0.024875621890547265
minimax,0.0,-0.01990049751243781,-0.01990049751243781,0.0,-0.01990049751243781,0.0,0.024875621890547265
gtd,0.01990049751243781,0.0,0.0,0.01990049751243781,0.0,0.01990049751243781,-0.024875621890547265
Schulze,0.0,-0.01990049751243781,-0.01990049751243781,0.0,-0.01990049751243781,0.0,0.024875621890547265
IRV,-0.024875621890547265,0.024875621890547265,0.024875621890547265,-0.024875621890547265,0.024875621890547265,-0.024875621890547265,0.0
