,Borda,plurality,gt,minimax,gtd,Schulze,IRV
Borda,0.0,0.0,-0.010706638115631691,0.0,-0.010706638115631691,0.0,-0.010706638115631691
plurality,0.0,0.0,-0.010706638115631691,0.0,-0.010706638115631691,0.0,-0.010706638115631691
gt,0.010706638115631691,0.010706638115631691,0.0,0.010706638115631691,0.0,0.010706638115631691,0.0
minimax,0.0,0.0,-0.010706638115631691,0.0,-0.010706638115631691,0.0,-0.010706638115631691
gtd,0.010706638115631691,0.010706638115631691,0.0,0.010706638115631691,0.0,0.010706638115631691,0.0
Schulze,0.0,0.0,-0.010706638115631691,0.0,-0.010706638115631691,0.0,-0.010706638115631691
IRV,0.010706638115631691,0.010706638115631691,0.0,0.010706638115631691,0.0,0.010706638115631691,0.0
