,Borda,plurality,gt,minimax,gtd,Schulze,IRV
Borda,0.0,-0.0009569377990430622,-0.0009569377990430622,0.0,-0.0009569377990430622,0.0,0.012440191387559809
plurality,0.0009569377990430622,0.0,0.0,0.0009569377990430622,0.0,0.0009569377990430622,-0.007655502392344498
gt,0.0009569377990430622,0.0,0.0,0.0009569377990430622,0.0,0.0009569377990430622,-0.007655502392344498
minimax,0.0,-0.0009569377990430622,-0.0009569377990430622,0.0,-0.0009569377990430622,0.0,0.012440191387559809
gtd,0.0009569377990430622,0.0,0.0,0.0009569377990430622,0.0,0.0009569377990430622,-0.007655502392344498
Schulze,0.0,-0.0009569377990430622,-0.0009569377990430622,0.0,-0.0009569377990430622,0.0,0.012440191387559809
IRV,-0.012440191387559809,0.007655502392344498,0.007655502392344498,-0.012440191387559809,0.007655502392344498,-0.012440191387559809,0.0
