,Borda,plurality,gt,minimax,gtd,Schulze,IRV
Borda,0.0,-0.02292768959435626,0.04056437389770723,-0.02292768959435626,-0.02292768959435626,-0.02292768959435626,-0.02292768959435626
plurality,0.02292768959435626,0.0,-0.015873015873015872,0.0,0.0,0.0,0.0
gt,-0.04056437389770723,0.015873015873015872,0.0,0.015873015873015872,0.015873015873015872,0.015873015873015872,0.015873015873015872
minimax,0.02292768959435626,0.0,-0.015873015873015872,0.0,0.0,0.0,0.0
gtd,0.02292768959435626,0.0,-0.015873015873015872,0.0,0.0,0.0,0.0
Schulze,0.02292768959435626,0.0,-0.015873015873015872,0.0,0.0,0.0,0.0
IRV,0.02292768959435626,0.0,-0.015873015873015872,0.0,0.0,0.0,0.0
