,Borda,plurality,gt,minimax,gtd,Schulze,IRV
Borda,0.0,-0.0007892659826361484,0.008681925808997633,0.0,-0.0007892659826361484,0.0,0.008681925808997633
plurality,0.0007892659826361484,0.0,-0.003946329913180742,0.0007892659826361484,0.0,0.0007892659826361484,-0.003946329913180742
gt,-0.008681925808997633,0.003946329913180742,0.0,-0.008681925808997633,0.003946329913180742,-0.008681925808997633,0.0
minimax,0.0,-0.0007892659826361484,0.008681925808997633,0.0,-0.0007892659826361484,0.0,0.008681925808997633
gtd,0.0007892659826361484,0.0,-0.003946329913180742,0.0007892659826361484,0.0,0.0007892659826361484,-0.003946329913180742
Schulze,0.0,-0.0007892659826361484,0.008681925808997633,0.0,-0.0007892659826361484,0.0,0.008681925808997633
IRV,-0.008681925808997633,0.003946329913180742,0.0,-0.008681925808997633,0.003946329913180742,-0.008681925808997633,0.0
