,Borda,plurality,gt,minimax,gtd,Schulze,IRV
Borda,0.0,0.0,0.0,-0.009456264775413711,-0.009456264775413711,-0.009456264775413711,-0.009456264775413711
plurality,0.0,0.0,0.0,-0.009456264775413711,-0.009456264775413711,-0.009456264775413711,-0.009456264775413711
gt,0.0,0.0,0.0,-0.009456264775413711,-0.009456264775413711,-0.009456264775413711,-0.009456264775413711
minimax,0.009456264775413711,0.009456264775413711,0.009456264775413711,0.0,0.0,0.0,0.0
gtd,0.009456264775413711,0.009456264775413711,0.009456264775413711,0.0,0.0,0.0,0.0
Schulze,0.009456264775413711,0.009456264775413711,0.009456264775413711,0.0,0.0,0.0,0.0
IRV,0.009456264775413711,0.009456264775413711,0.009456264775413711,0.0,0.0,0.0,0.0
