,Borda,plurality,gt,minimax,gtd,Schulze,IRV
Borda,0.0,0.038461538461538464,-0.0034965034965034965,-0.0034965034965034965,-0.0034965034965034965,-0.0034965034965034965,0.038461538461538464
plurality,-0.038461538461538464,0.0,0.0,0.0,0.0,0.0,0.0
gt,0.0034965034965034965,0.0,0.0,0.0,0.0,0.0,0.0
minimax,0.0034965034965034965,0.0,0.0,0.0,0.0,0.0,0.0
gtd,0.0034965034965034965,0.0,0.0,0.0,0.0,0.0,0.0
Schulze,0.0034965034965034965,0.0,0.0,0.0,0.0,0.0,0.0
IRV,-0.038461538461538464,0.0,0.0,0.0,0.0,0.0,0.0
