,Borda,plurality,gt,minimax,gtd,Schulze,IRV
Borda,0.0,0.0,0.03337453646477132,-0.00865265760197775,-0.00865265760197775,-0.00865265760197775,-0.00865265760197775
plurality,0.0,0.0,0.03337453646477132,-0.00865265760197775,-0.00865265760197775,-0.00865265760197775,-0.00865265760197775
gt,-0.03337453646477132,-0.03337453646477132,0.0,0.006180469715698393,0.006180469715698393,0.006180469715698393,0.006180469715698393
minimax,0.00865265760197775,0.00865265760197775,-0.006180469715698393,0.0,0.0,0.0,0.0
gtd,0.00865265760197775,0.00865265760197775,-0.006180469715698393,0.0,0.0,0.0,0.0
Schulze,0.00865265760197775,0.00865265760197775,-0.006180469715698393,0.0,0.0,0.0,0.0
IRV,0.00865265760197775,0.00865265760197775,-0.006180469715698393,0.0,0.0,0.0,0.0
