,Borda,plurality,gt,minimax,gtd,Schulze,IRV
Borda,0.0,-0.0035714285714285713,-0.0035714285714285713,0.0,-0.0035714285714285713,0.0,0.05714285714285714
plurality,0.0035714285714285713,0.0,0.0,0.0035714285714285713,0.0,0.0035714285714285713,-0.010714285714285714
gt,0.0035714285714285713,0.0,0.0,0.0035714285714285713,0.0,0.0035714285714285713,-0.010714285714285714
minimax,0.0,-0.0035714285714285713,-0.0035714285714285713,0.0,-0.0035714285714285713,0.0,0.05714285714285714
gtd,0.0035714285714285713,0.0,0.0,0.0035714285714285713,0.0,0.0035714285714285713,-0.010714285714285714
Schulze,0.0,-0.0035714285714285713,-0.0035714285714285713,0.0,-0.0035714285714285713,0.0,0.05714285714285714
IRV,-0.05714285714285714,0.010714285714285714,0.010714285714285714,-0.05714285714285714,0.010714285714285714,-0.05714285714285714,0.0
