,Borda,plurality,gt,minimax,gtd,Schulze,IRV
Borda,0.0,0.06442577030812324,-0.0028011204481792717,0.0,-0.0028011204481792717,0.0,0.0
plurality,-0.06442577030812324,0.0,0.0196078431372549,-0.06442577030812324,0.0196078431372549,-0.06442577030812324,-0.06442577030812324
gt,0.0028011204481792717,-0.0196078431372549,0.0,0.0028011204481792717,0.0,0.0028011204481792717,0.0028011204481792717
minimax,0.0,0.06442577030812324,-0.0028011204481792717,0.0,-0.0028011204481792717,0.0,0.0
gtd,0.0028011204481792717,-0.0196078431372549,0.0,0.0028011204481792717,0.0,0.0028011204481792717,0.0028011204481792717
Schulze,0.0,0.06442577030812324,-0.0028011204481792717,0.0,-0.0028011204481792717,0.0,0.0
IRV,0.0,0.06442577030812324,-0.0028011204481792717,0.0,-0.0028011204481792717,0.0,0.0
