,Borda,plurality,gt,minimax,gtd,Schulze,IRV
Borda,0.0,0.0,-0.016874541452677916,-0.016874541452677916,-0.016874541452677916,-0.016874541452677916,-0.016874541452677916
plurality,0.0,0.0,-0.016874541452677916,-0.016874541452677916,-0.016874541452677916,-0.016874541452677916,-0.016874541452677916
gt,0.016874541452677916,0.016874541452677916,0.0,0.0,0.0,0.0,0.0
minimax,0.016874541452677916,0.016874541452677916,0.0,0.0,0.0,0.0,0.0
gtd,0.016874541452677916,0.016874541452677916,0.0,0.0,0.0,0.0,0.0
Schulze,0.016874541452677916,0.016874541452677916,0.0,0.0,0.0,0.0,0.0
IRV,0.016874541452677916,0.016874541452677916,0.0,0.0,0.0,0.0,0.0
