,Borda,plurality,gt,minimax,gtd,Schulze,IRV
Borda,0.0,0.0891089108910891,0.0,0.0,0.0,0.0,0.0
plurality,-0.0891089108910891,0.0,-0.0891089108910891,-0.06435643564356436,-0.06435643564356436,-0.06435643564356436,-0.06435643564356436
gt,0.0,0.0891089108910891,0.0,0.0,0.0,0.0,0.0
minimax,0.0,0.06435643564356436,0.0,0.0,0.0,0.0,0.0
gtd,0.0,0.06435643564356436,0.0,0.0,0.0,0.0,0.0
Schulze,0.0,0.06435643564356436,0.0,0.0,0.0,0.0,0.0
IRV,0.0,0.06435643564356436,0.0,0.0,0.0,0.0,0.0
