,Borda,plurality,gt,minimax,gtd,Schulze,IRV
Borda,0.0,-0.029213483146067417,-0.029213483146067417,0.0,-0.029213483146067417,0.0,0.04719101123595506
plurality,0.029213483146067417,0.0,0.0,0.029213483146067417,0.0,0.029213483146067417,-0.033707865168539325
gt,0.029213483146067417,0.0,0.0,0.029213483146067417,0.0,0.029213483146067417,-0.033707865168539325
minimax,0.0,-0.029213483146067417,-0.029213483146067417,0.0,-0.029213483146067417,0.0,0.04719101123595506
gtd,0.029213483146067417,0.0,0.0,0.029213483146067417,0.0,0.029213483146067417,-0.033707865168539325
Schulze,0.0,-0.029213483146067417,-0.029213483146067417,0.0,-0.029213483146067417,0.0,0.04719101123595506
IRV,-0.04719101123595506,0.033707865168539325,0.033707865168539325,-0.04719101123595506,0.033707865168539325,-0.04719101123595506,0.0
