,Borda,plurality,gt,minimax,gtd,Schulze,IRV
Borda,0.0,0.06338028169014084,0.0,-0.028169014084507043,-0.028169014084507043,-0.028169014084507043,0.06338028169014084
plurality,-0.06338028169014084,0.0,-0.06338028169014084,0.02112676056338028,0.02112676056338028,0.02112676056338028,0.0
gt,0.0,0.06338028169014084,0.0,-0.028169014084507043,-0.028169014084507043,-0.028169014084507043,0.06338028169014084
minimax,0.028169014084507043,-0.02112676056338028,0.028169014084507043,0.0,0.0,0.0,-0.02112676056338028
gtd,0.028169014084507043,-0.02112676056338028,0.028169014084507043,0.0,0.0,0.0,-0.02112676056338028
Schulze,0.028169014084507043,-0.02112676056338028,0.028169014084507043,0.0,0.0,0.0,-0.02112676056338028
IRV,-0.06338028169014084,0.0,-0.06338028169014084,0.02112676056338028,0.02112676056338028,0.02112676056338028,0.0
