,Borda,plurality,gt,minimax,gtd,Schulze,IRV
Borda,0.0,0.0,0.0392156862745098,-0.014705882352941176,-0.014705882352941176,-0.014705882352941176,-0.014705882352941176
plurality,0.0,0.0,0.0392156862745098,-0.014705882352941176,-0.014705882352941176,-0.014705882352941176,-0.014705882352941176
gt,-0.0392156862745098,-0.0392156862745098,0.0,0.0,0.0,0.0,0.0
minimax,0.014705882352941176,0.014705882352941176,0.0,0.0,0.0,0.0,0.0
gtd,0.014705882352941176,0.014705882352941176,0.0,0.0,0.0,0.0,0.0
Schulze,0.014705882352941176,0.014705882352941176,0.0,0.0,0.0,0.0,0.0
IRV,0.014705882352941176,0.014705882352941176,0.0,0.0,0.0,0.0,0.0
