,Borda,plurality,gt,minimax,gtd,Schulze,IRV
Borda,0.0,0.04131054131054131,-0.004273504273504274,0.0,-0.004273504273504274,0.0,0.0
plurality,-0.04131054131054131,0.0,0.017094017094017096,-0.04131054131054131,0.017094017094017096,-0.04131054131054131,-0.04131054131054131
gt,0.004273504273504274,-0.017094017094017096,0.0,0.004273504273504274,0.0,0.004273504273504274,0.004273504273504274
minimax,0.0,0.04131054131054131,-0.004273504273504274,0.0,-0.004273504273504274,0.0,0.0
gtd,0.004273504273504274,-0.017094017094017096,0.0,0.004273504273504274,0.0,0.004273504273504274,0.004273504273504274
Schulze,0.0,0.04131054131054131,-0.004273504273504274,0.0,-0.004273504273504274,0.0,0.0
IRV,0.0,0.04131054131054131,-0.004273504273504274,0.0,-0.004273504273504274,0.0,0.0
