,Borda,plurality,gt,minimax,gtd,Schulze,IRV
Borda,0.0,-0.011570247933884297,-0.011570247933884297,-0.011570247933884297,-0.011570247933884297,-0.011570247933884297,-0.011570247933884297
plurality,0.011570247933884297,0.0,0.0,0.0,0.0,0.0,0.0
gt,0.011570247933884297,0.0,0.0,0.0,0.0,0.0,0.0
minimax,0.011570247933884297,0.0,0.0,0.0,0.0,0.0,0.0
gtd,0.011570247933884297,0.0,0.0,0.0,0.0,0.0,0.0
Schulze,0.011570247933884297,0.0,0.0,0.0,0.0,0.0,0.0
IRV,0.011570247933884297,0.0,0.0,0.0,0.0,0.0,0.0
