,Borda,plurality,gt,minimax,gtd,Schulze,IRV
Borda,0.0,-0.015463917525773196,0.041237113402061855,-0.015463917525773196,-0.015463917525773196,-0.015463917525773196,-0.015463917525773196
plurality,0.015463917525773196,0.0,-0.005154639175257732,0.0,0.0,0.0,0.0
gt,-0.041237113402061855,0.005154639175257732,0.0,0.005154639175257732,0.005154639175257732,0.005154639175257732,0.005154639175257732
minimax,0.015463917525773196,0.0,-0.005154639175257732,0.0,0.0,0.0,0.0
gtd,0.015463917525773196,0.0,-0.005154639175257732,0.0,0.0,0.0,0.0
Schulze,0.015463917525773196,0.0,-0.005154639175257732,0.0,0.0,0.0,0.0
IRV,0.015463917525773196,0.0,-0.005154639175257732,0.0,0.0,0.0,0.0
