,Borda,plurality,gt,minimax,gtd,Schulze,IRV
Borda,0.0,0.050100200400801605,0.050100200400801605,0.0,-0.002004008016032064,0.0,0.0
plurality,-0.050100200400801605,0.0,0.0,-0.050100200400801605,0.04609218436873747,-0.050100200400801605,-0.050100200400801605
gt,-0.050100200400801605,0.0,0.0,-0.050100200400801605,0.04609218436873747,-0.050100200400801605,-0.050100200400801605
minimax,0.0,0.050100200400801605,0.050100200400801605,0.0,-0.002004008016032064,0.0,0.0
gtd,0.002004008016032064,-0.04609218436873747,-0.04609218436873747,0.002004008016032064,0.0,0.002004008016032064,0.002004008016032064
Schulze,0.0,0.050100200400801605,0.050100200400801605,0.0,-0.002004008016032064,0.0,0.0
IRV,0.0,0.050100200400801605,0.050100200400801605,0.0,-0.002004008016032064,0.0,0.0
