,Borda,plurality,gt,minimax,gtd,Schulze,IRV
Borda,0.0,0.019830028328611898,-0.014164305949008499,-0.014164305949008499,-0.014164305949008499,-0.014164305949008499,0.019830028328611898
plurality,-0.019830028328611898,0.0,0.014164305949008499,0.014164305949008499,0.014164305949008499,0.014164305949008499,0.0
gt,0.014164305949008499,-0.014164305949008499,0.0,0.0,0.0,0.0,-0.014164305949008499
minimax,0.014164305949008499,-0.014164305949008499,0.0,0.0,0.0,0.0,-0.014164305949008499
gtd,0.014164305949008499,-0.014164305949008499,0.0,0.0,0.0,0.0,-0.014164305949008499
Schulze,0.014164305949008499,-0.014164305949008499,0.0,0.0,0.0,0.0,-0.014164305949008499
IRV,-0.019830028328611898,0.0,0.014164305949008499,0.014164305949008499,0.014164305949008499,0.014164305949008499,0.0
