,Borda,plurality,gt,minimax,gtd,Schulze,IRV
Borda,0.0,0.060542797494780795,0.060542797494780795,0.0,-0.022964509394572025,0.0,0.0
plurality,-0.060542797494780795,0.0,0.0,-0.060542797494780795,0.05219206680584551,-0.060542797494780795,-0.060542797494780795
gt,-0.060542797494780795,0.0,0.0,-0.060542797494780795,0.05219206680584551,-0.060542797494780795,-0.060542797494780795
minimax,0.0,0.060542797494780795,0.060542797494780795,0.0,-0.022964509394572025,0.0,0.0
gtd,0.022964509394572025,-0.05219206680584551,-0.05219206680584551,0.022964509394572025,0.0,0.022964509394572025,0.022964509394572025
Schulze,0.0,0.060542797494780795,0.060542797494780795,0.0,-0.022964509394572025,0.0,0.0
IRV,0.0,0.060542797494780795,0.060542797494780795,0.0,-0.022964509394572025,0.0,0.0
