,Borda,plurality,gt,minimax,gtd,Schulze,IRV
Borda,0.0,-0.01597444089456869,-0.01597444089456869,-0.01597444089456869,-0.01597444089456869,-0.01597444089456869,0.07987220447284345
plurality,0.01597444089456869,0.0,0.0,0.0,0.0,0.0,-0.009584664536741214
gt,0.01597444089456869,0.0,0.0,0.0,0.0,0.0,-0.009584664536741214
minimax,0.01597444089456869,0.0,0.0,0.0,0.0,0.0,-0.009584664536741214
gtd,0.01597444089456869,0.0,0.0,0.0,0.0,0.0,-0.009584664536741214
Schulze,0.01597444089456869,0.0,0.0,0.0,0.0,0.0,-0.009584664536741214
IRV,-0.07987220447284345,0.009584664536741214,0.009584664536741214,0.009584664536741214,0.009584664536741214,0.009584664536741214,0.0
