,Borda,plurality,gt,minimax,gtd,Schulze,IRV
Borda,0.0,0.03296703296703297,-0.007659007659007659,0.0,-0.007659007659007659,0.0,0.03296703296703297
plurality,-0.03296703296703297,0.0,0.026973026973026972,-0.03296703296703297,0.026973026973026972,-0.03296703296703297,0.0
gt,0.007659007659007659,-0.026973026973026972,0.0,0.007659007659007659,0.0,0.007659007659007659,-0.026973026973026972
minimax,0.0,0.03296703296703297,-0.007659007659007659,0.0,-0.007659007659007659,0.0,0.03296703296703297
gtd,0.007659007659007659,-0.026973026973026972,0.0,0.007659007659007659,0.0,0.007659007659007659,-0.026973026973026972
Schulze,0.0,0.03296703296703297,-0.007659007659007659,0.0,-0.007659007659007659,0.0,0.03296703296703297
IRV,-0.03296703296703297,0.0,0.026973026973026972,-0.03296703296703297,0.026973026973026972,-0.03296703296703297,0.0
