,Borda,plurality,gt,minimax,gtd,Schulze,IRV
Borda,0.0,-0.031496062992125984,0.0,-0.031496062992125984,-0.031496062992125984,-0.031496062992125984,-0.031496062992125984
plurality,0.031496062992125984,0.0,0.031496062992125984,0.0,0.0,0.0,0.0
gt,0.0,-0.031496062992125984,0.0,-0.031496062992125984,-0.031496062992125984,-0.031496062992125984,-0.031496062992125984
minimax,0.031496062992125984,0.0,0.031496062992125984,0.0,0.0,0.0,0.0
gtd,0.031496062992125984,0.0,0.031496062992125984,0.0,0.0,0.0,0.0
Schulze,0.031496062992125984,0.0,0.031496062992125984,0.0,0.0,0.0,0.0
IRV,0.031496062992125984,0.0,0.031496062992125984,0.0,0.0,0.0,0.0
