,Borda,plurality,gt,minimax,gtd,Schulze,IRV
Borda,0.0,0.03829787234042553,0.0,0.0,0.0,0.0,0.0
plurality,-0.03829787234042553,0.0,-0.03829787234042553,-0.03829787234042553,-0.02127659574468085,-0.03829787234042553,-0.02127659574468085
gt,0.0,0.03829787234042553,0.0,0.0,0.0,0.0,0.0
minimax,0.0,0.03829787234042553,0.0,0.0,0.0,0.0,0.0
gtd,0.0,0.02127659574468085,0.0,0.0,0.0,0.0,0.0
Schulze,0.0,0.03829787234042553,0.0,0.0,0.0,0.0,0.0
IRV,0.0,0.02127659574468085,0.0,0.0,0.0,0.0,0.0
