,Borda,plurality,gt,minimax,gtd,Schulze,IRV
Borda,0.0,0.06068601583113457,-0.013192612137203167,-0.013192612137203167,-0.013192612137203167,-0.013192612137203167,0.06068601583113457
plurality,-0.06068601583113457,0.0,0.0079155672823219,0.0079155672823219,0.0079155672823219,0.0079155672823219,0.0
gt,0.013192612137203167,-0.0079155672823219,0.0,0.0,0.0,0.0,-0.0079155672823219
minimax,0.013192612137203167,-0.0079155672823219,0.0,0.0,0.0,0.0,-0.0079155672823219
gtd,0.013192612137203167,-0.0079155672823219,0.0,0.0,0.0,0.0,-0.0079155672823219
Schulze,0.013192612137203167,-0.0079155672823219,0.0,0.0,0.0,0.0,-0.0079155672823219
IRV,-0.06068601583113457,0.0,0.0079155672823219,0.0079155672823219,0.0079155672823219,0.0079155672823219,0.0
