,Borda,plurality,gt,minimax,gtd,Schulze,IRV
Borda,0.0,-0.0054446460980036296,-0.0054446460980036296,0.0,-0.0054446460980036296,0.0,-0.0054446460980036296
plurality,0.0054446460980036296,0.0,0.0,0.0054446460980036296,0.0,0.0054446460980036296,0.0
gt,0.0054446460980036296,0.0,0.0,0.0054446460980036296,0.0,0.0054446460980036296,0.0
minimax,0.0,-0.0054446460980036296,-0.0054446460980036296,0.0,-0.0054446460980036296,0.0,-0.0054446460980036296
gtd,0.0054446460980036296,0.0,0.0,0.0054446460980036296,0.0,0.0054446460980036296,0.0
Schulze,0.0,-0.0054446460980036296,-0.0054446460980036296,0.0,-0.0054446460980036296,0.0,-0.0054446460980036296
IRV,0.0054446460980036296,0.0,0.0,0.0054446460980036296,0.0,0.0054446460980036296,0.0
