,Borda,plurality,gt,minimax,gtd,Schulze,IRV
Borda,0.0,0.0125,-0.008333333333333333,0.0,-0.008333333333333333,0.0,0.0
plurality,-0.0125,0.0,0.008333333333333333,-0.0125,0.008333333333333333,-0.0125,-0.0125
gt,0.008333333333333333,-0.008333333333333333,0.0,0.008333333333333333,0.0,0.008333333333333333,0.008333333333333333
minimax,0.0,0.0125,-0.008333333333333333,0.0,-0.008333333333333333,0.0,0.0
gtd,0.008333333333333333,-0.008333333333333333,0.0,0.008333333333333333,0.0,0.008333333333333333,0.008333333333333333
Schulze,0.0,0.0125,-0.008333333333333333,0.0,-0.008333333333333333,0.0,0.0
IRV,0.0,0.0125,-0.008333333333333333,0.0,-0.008333333333333333,0.0,0.0
