,Borda,plurality,gt,minimax,gtd,Schulze,IRV
Borda,0.0,-0.020833333333333332,0.0,0.0,-0.020833333333333332,0.0,0.03125
plurality,0.020833333333333332,0.0,0.020833333333333332,0.020833333333333332,0.0,0.020833333333333332,-0.020833333333333332
gt,0.0,-0.020833333333333332,0.0,0.0,-0.020833333333333332,0.0,0.03125
minimax,0.0,-0.020833333333333332,0.0,0.0,-0.020833333333333332,0.0,0.03125
gtd,0.020833333333333332,0.0,0.020833333333333332,0.020833333333333332,0.0,0.020833333333333332,-0.020833333333333332
Schulze,0.0,-0.020833333333333332,0.0,0.0,-0.020833333333333332,0.0,0.03125
IRV,-0.03125,0.020833333333333332,-0.03125,-0.03125,0.020833333333333332,-0.03125,0.0
