,Borda,plurality,gt,minimax,gtd,Schulze,IRV
Borda,0.0,-0.012755102040816327,0.02040816326530612,-0.012755102040816327,-0.012755102040816327,-0.012755102040816327,-0.012755102040816327
plurality,0.012755102040816327,0.0,-0.007653061224489796,0.0,0.0,0.0,0.0
gt,-0.02040816326530612,0.007653061224489796,0.0,0.007653061224489796,0.007653061224489796,0.007653061224489796,0.007653061224489796
minimax,0.012755102040816327,0.0,-0.007653061224489796,0.0,0.0,0.0,0.0
gtd,0.012755102040816327,0.0,-0.007653061224489796,0.0,0.0,0.0,0.0
Schulze,0.012755102040816327,0.0,-0.007653061224489796,0.0,0.0,0.0,0.0
IRV,0.012755102040816327,0.0,-0.007653061224489796,0.0,0.0,0.0,0.0
