,Borda,plurality,gt,minimax,gtd,Schulze,IRV
Borda,0.0,-0.013333333333333334,-0.013333333333333334,-0.013333333333333334,-0.013333333333333334,-0.013333333333333334,0.04
plurality,0.013333333333333334,0.0,0.0,0.0,0.0,0.0,-0.0019047619047619048
gt,0.013333333333333334,0.0,0.0,0.0,0.0,0.0,-0.0019047619047619048
minimax,0.013333333333333334,0.0,0.0,0.0,0.0,0.0,-0.0019047619047619048
gtd,0.013333333333333334,0.0,0.0,0.0,0.0,0.0,-0.0019047619047619048
Schulze,0.013333333333333334,0.0,0.0,0.0,0.0,0.0,-0.0019047619047619048
IRV,-0.04,0.0019047619047619048,0.0019047619047619048,0.0019047619047619048,0.0019047619047619048,0.0019047619047619048,0.0
