,Borda,plurality,gt,minimax,gtd,Schulze,IRV
Borda,0.0,0.0,-0.02403846153846154,-0.02403846153846154,-0.02403846153846154,-0.02403846153846154,0.0
plurality,0.0,0.0,-0.02403846153846154,-0.02403846153846154,-0.02403846153846154,-0.02403846153846154,0.0
gt,0.02403846153846154,0.02403846153846154,0.0,0.0,0.0,0.0,0.02403846153846154
minimax,0.02403846153846154,0.02403846153846154,0.0,0.0,0.0,0.0,0.02403846153846154
gtd,0.02403846153846154,0.02403846153846154,0.0,0.0,0.0,0.0,0.02403846153846154
Schulze,0.02403846153846154,0.02403846153846154,0.0,0.0,0.0,0.0,0.02403846153846154
IRV,0.0,0.0,-0.02403846153846154,-0.02403846153846154,-0.02403846153846154,-0.02403846153846154,0.0
