,Borda,plurality,gt,minimax,gtd,Schulze,IRV
Borda,0.0,0.02702702702702703,0.02702702702702703,0.0,-0.01981981981981982,0.0,0.02702702702702703
plurality,-0.02702702702702703,0.0,0.0,-0.02702702702702703,0.023423423423423424,-0.02702702702702703,0.0
gt,-0.02702702702702703,0.0,0.0,-0.02702702702702703,0.023423423423423424,-0.02702702702702703,0.0
minimax,0.0,0.02702702702702703,0.02702702702702703,0.0,-0.01981981981981982,0.0,0.02702702702702703
gtd,0.01981981981981982,-0.023423423423423424,-0.023423423423423424,0.01981981981981982,0.0,0.01981981981981982,-0.023423423423423424
Schulze,0.0,0.02702702702702703,0.02702702702702703,0.0,-0.01981981981981982,0.0,0.02702702702702703
IRV,-0.02702702702702703,0.0,0.0,-0.02702702702702703,0.023423423423423424,-0.02702702702702703,0.0
