,Borda,plurality,gt,minimax,gtd,Schulze,IRV
Borda,0.0,0.02881844380403458,0.0,0.0,-0.008645533141210375,0.0,0.02881844380403458
plurality,-0.02881844380403458,0.0,-0.02881844380403458,-0.02881844380403458,0.020172910662824207,-0.02881844380403458,0.0
gt,0.0,0.02881844380403458,0.0,0.0,-0.008645533141210375,0.0,0.02881844380403458
minimax,0.0,0.02881844380403458,0.0,0.0,-0.008645533141210375,0.0,0.02881844380403458
gtd,0.008645533141210375,-0.020172910662824207,0.008645533141210375,0.008645533141210375,0.0,0.008645533141210375,-0.020172910662824207
Schulze,0.0,0.02881844380403458,0.0,0.0,-0.008645533141210375,0.0,0.02881844380403458
IRV,-0.02881844380403458,0.0,-0.02881844380403458,-0.02881844380403458,0.020172910662824207,-0.02881844380403458,0.0
