,Borda,plurality,gt,minimax,gtd,Schulze,IRV
Borda,0.0,0.02471169686985173,-0.0016474464579901153,0.0,0.0,0.0,0.0
plurality,-0.02471169686985173,0.0,0.02471169686985173,-0.02471169686985173,-0.02471169686985173,-0.02471169686985173,-0.02471169686985173
gt,0.0016474464579901153,-0.02471169686985173,0.0,0.0016474464579901153,0.0016474464579901153,0.0016474464579901153,0.0016474464579901153
minimax,0.0,0.02471169686985173,-0.0016474464579901153,0.0,0.0,0.0,0.0
gtd,0.0,0.02471169686985173,-0.0016474464579901153,0.0,0.0,0.0,0.0
Schulze,0.0,0.02471169686985173,-0.0016474464579901153,0.0,0.0,0.0,0.0
IRV,0.0,0.02471169686985173,-0.0016474464579901153,0.0,0.0,0.0,0.0
