,Borda,plurality,gt,minimax,gtd,Schulze,IRV
Borda,0.0,0.0,-0.02127659574468085,0.0,-0.02127659574468085,0.0,-0.02127659574468085
plurality,0.0,0.0,-0.02127659574468085,0.0,-0.02127659574468085,0.0,-0.02127659574468085
gt,0.02127659574468085,0.02127659574468085,0.0,0.02127659574468085,0.0,0.02127659574468085,0.0
minimax,0.0,0.0,-0.02127659574468085,0.0,-0.02127659574468085,0.0,-0.02127659574468085
gtd,0.02127659574468085,0.02127659574468085,0.0,0.02127659574468085,0.0,0.02127659574468085,0.0
Schulze,0.0,0.0,-0.02127659574468085,0.0,-0.02127659574468085,0.0,-0.02127659574468085
IRV,0.02127659574468085,0.02127659574468085,0.0,0.02127659574468085,0.0,0.02127659574468085,0.0
