,Borda,plurality,gt,minimax,gtd,Schulze,IRV
Borda,0.0,0.0,0.0,0.0,-0.008955223880597015,0.0,-0.008955223880597015
plurality,0.0,0.0,0.0,0.0,-0.008955223880597015,0.0,-0.008955223880597015
gt,0.0,0.0,0.0,0.0,-0.008955223880597015,0.0,-0.008955223880597015
minimax,0.0,0.0,0.0,0.0,-0.008955223880597015,0.0,-0.008955223880597015
gtd,0.008955223880597015,0.008955223880597015,0.008955223880597015,0.008955223880597015,0.0,0.008955223880597015,0.0
Schulze,0.0,0.0,0.0,0.0,-0.008955223880597015,0.0,-0.008955223880597015
IRV,0.008955223880597015,0.008955223880597015,0.008955223880597015,0.008955223880597015,0.0,0.008955223880597015,0.0
