,Borda,plurality,gt,minimax,gtd,Schulze,IRV
Borda,0.0,0.022727272727272728,0.0,0.0,0.0,0.0,0.0
plurality,-0.022727272727272728,0.0,0.015151515151515152,-0.022727272727272728,-0.022727272727272728,-0.022727272727272728,-0.022727272727272728
gt,0.0,-0.015151515151515152,0.0,0.0,0.0,0.0,0.0
minimax,0.0,0.022727272727272728,0.0,0.0,0.0,0.0,0.0
gtd,0.0,0.022727272727272728,0.0,0.0,0.0,0.0,0.0
Schulze,0.0,0.022727272727272728,0.0,0.0,0.0,0.0,0.0
IRV,0.0,0.022727272727272728,0.0,0.0,0.0,0.0,0.0
