,Borda,plurality,gt,minimax,gtd,Schulze,IRV
Borda,0.0,0.0,0.029605263157894735,0.0,-0.009868421052631578,0.0,0.0
plurality,0.0,0.0,0.029605263157894735,0.0,-0.009868421052631578,0.0,0.0
gt,-0.029605263157894735,-0.029605263157894735,0.0,-0.029605263157894735,0.029605263157894735,-0.029605263157894735,-0.029605263157894735
minimax,0.0,0.0,0.029605263157894735,0.0,-0.009868421052631578,0.0,0.0
gtd,0.009868421052631578,0.009868421052631578,-0.029605263157894735,0.009868421052631578,0.0,0.009868421052631578,0.009868421052631578
Schulze,0.0,0.0,0.029605263157894735,0.0,-0.009868421052631578,0.0,0.0
IRV,0.0,0.0,0.029605263157894735,0.0,-0.009868421052631578,0.0,0.0
