,Borda,plurality,gt,minimax,gtd,Schulze,IRV
Borda,0.0,-0.018214936247723135,-0.018214936247723135,0.0,-0.018214936247723135,0.0,0.10200364298724955
plurality,0.018214936247723135,0.0,0.0,0.018214936247723135,0.0,0.018214936247723135,-0.04189435336976321
gt,0.018214936247723135,0.0,0.0,0.018214936247723135,0.0,0.018214936247723135,-0.04189435336976321
minimax,0.0,-0.018214936247723135,-0.018214936247723135,0.0,-0.018214936247723135,0.0,0.10200364298724955
gtd,0.018214936247723135,0.0,0.0,0.018214936247723135,0.0,0.018214936247723135,-0.04189435336976321
Schulze,0.0,-0.018214936247723135,-0.018214936247723135,0.0,-0.018214936247723135,0.0,0.10200364298724955
IRV,-0.10200364298724955,0.04189435336976321,0.04189435336976321,-0.10200364298724955,0.04189435336976321,-0.10200364298724955,0.0
