,Borda,plurality,gt,minimax,gtd,Schulze,IRV
Borda,0.0,-0.0055248618784530384,-0.0055248618784530384,0.0,-0.0055248618784530384,0.0,0.049723756906077346
plurality,0.0055248618784530384,0.0,0.0,0.0055248618784530384,0.0,0.0055248618784530384,-0.027624309392265192
gt,0.0055248618784530384,0.0,0.0,0.0055248618784530384,0.0,0.0055248618784530384,-0.027624309392265192
minimax,0.0,-0.0055248618784530384,-0.0055248618784530384,0.0,-0.0055248618784530384,0.0,0.049723756906077346
gtd,0.0055248618784530384,0.0,0.0,0.0055248618784530384,0.0,0.0055248618784530384,-0.027624309392265192
Schulze,0.0,-0.0055248618784530384,-0.0055248618784530384,0.0,-0.0055248618784530384,0.0,0.049723756906077346
IRV,-0.049723756906077346,0.027624309392265192,0.027624309392265192,-0.049723756906077346,0.027624309392265192,-0.049723756906077346,0.0
