,Borda,plurality,gt,minimax,gtd,Schulze,IRV
Borda,0.0,0.0,0.0,-0.02056807051909892,-0.02056807051909892,-0.02056807051909892,0.0
plurality,0.0,0.0,0.0,-0.02056807051909892,-0.02056807051909892,-0.02056807051909892,0.0
gt,0.0,0.0,0.0,-0.02056807051909892,-0.02056807051909892,-0.02056807051909892,0.0
minimax,0.02056807051909892,0.02056807051909892,0.02056807051909892,0.0,0.0,0.0,0.02056807051909892
gtd,0.02056807051909892,0.02056807051909892,0.02056807051909892,0.0,0.0,0.0,0.02056807051909892
Schulze,0.02056807051909892,0.02056807051909892,0.02056807051909892,0.0,0.0,0.0,0.02056807051909892
IRV,0.0,0.0,0.0,-0.02056807051909892,-0.02056807051909892,-0.02056807051909892,0.0
