,Borda,plurality,gt,minimax,gtd,Schulze,IRV
Borda,0.0,0.1297709923664122,0.0,0.0,0.0,0.0,0.0
plurality,-0.1297709923664122,0.0,-0.1297709923664122,-0.08396946564885496,-0.08396946564885496,-0.08396946564885496,-0.1297709923664122
gt,0.0,0.1297709923664122,0.0,0.0,0.0,0.0,0.0
minimax,0.0,0.08396946564885496,0.0,0.0,0.0,0.0,0.0
gtd,0.0,0.08396946564885496,0.0,0.0,0.0,0.0,0.0
Schulze,0.0,0.08396946564885496,0.0,0.0,0.0,0.0,0.0
IRV,0.0,0.1297709923664122,0.0,0.0,0.0,0.0,0.0
