,Borda,plurality,gt,minimax,gtd,Schulze,IRV
Borda,0.0,0.06334841628959276,0.0,0.0,0.0,0.0,0.0
plurality,-0.06334841628959276,0.0,-0.06334841628959276,-0.01809954751131222,-0.06334841628959276,-0.01809954751131222,-0.06334841628959276
gt,0.0,0.06334841628959276,0.0,0.0,0.0,0.0,0.0
minimax,0.0,0.01809954751131222,0.0,0.0,0.0,0.0,0.0
gtd,0.0,0.06334841628959276,0.0,0.0,0.0,0.0,0.0
Schulze,0.0,0.01809954751131222,0.0,0.0,0.0,0.0,0.0
IRV,0.0,0.06334841628959276,0.0,0.0,0.0,0.0,0.0
