,Borda,plurality,gt,minimax,gtd,Schulze,IRV
Borda,0.0,0.021052631578947368,0.0,0.0,0.0,0.0,0.0
plurality,-0.021052631578947368,0.0,-0.002631578947368421,-0.021052631578947368,-0.021052631578947368,-0.021052631578947368,-0.002631578947368421
gt,0.0,0.002631578947368421,0.0,0.0,0.0,0.0,0.0
minimax,0.0,0.021052631578947368,0.0,0.0,0.0,0.0,0.0
gtd,0.0,0.021052631578947368,0.0,0.0,0.0,0.0,0.0
Schulze,0.0,0.021052631578947368,0.0,0.0,0.0,0.0,0.0
IRV,0.0,0.002631578947368421,0.0,0.0,0.0,0.0,0.0
