,Borda,plurality,gt,minimax,gtd,Schulze,IRV
Borda,0.0,-0.0023618327822390174,0.0136986301369863,0.0,-0.0023618327822390174,0.0,0.0136986301369863
plurality,0.0023618327822390174,0.0,-0.005668398677373642,0.0023618327822390174,0.0,0.0023618327822390174,-0.005668398677373642
gt,-0.0136986301369863,0.005668398677373642,0.0,-0.0136986301369863,0.005668398677373642,-0.0136986301369863,0.0
minimax,0.0,-0.0023618327822390174,0.0136986301369863,0.0,-0.0023618327822390174,0.0,0.0136986301369863
gtd,0.0023618327822390174,0.0,-0.005668398677373642,0.0023618327822390174,0.0,0.0023618327822390174,-0.005668398677373642
Schulze,0.0,-0.0023618327822390174,0.0136986301369863,0.0,-0.0023618327822390174,0.0,0.0136986301369863
IRV,-0.0136986301369863,0.005668398677373642,0.0,-0.0136986301369863,0.005668398677373642,-0.0136986301369863,0.0
