,Borda,plurality,gt,minimax,gtd,Schulze,IRV
Borda,0.0,0.0,0.0,0.0,-0.027656477438136828,0.0,-0.027656477438136828
plurality,0.0,0.0,0.0,0.0,-0.027656477438136828,0.0,-0.027656477438136828
gt,0.0,0.0,0.0,0.0,-0.027656477438136828,0.0,-0.027656477438136828
minimax,0.0,0.0,0.0,0.0,-0.027656477438136828,0.0,-0.027656477438136828
gtd,0.027656477438136828,0.027656477438136828,0.027656477438136828,0.027656477438136828,0.0,0.027656477438136828,0.0
Schulze,0.0,0.0,0.0,0.0,-0.027656477438136828,0.0,-0.027656477438136828
IRV,0.027656477438136828,0.027656477438136828,0.027656477438136828,0.027656477438136828,0.0,0.027656477438136828,0.0
