,Borda,plurality,gt,minimax,gtd,Schulze,IRV
Borda,0.0,-0.01675977653631285,0.027932960893854747,0.0,-0.01675977653631285,0.0,-0.01675977653631285
plurality,0.01675977653631285,0.0,-0.027932960893854747,0.01675977653631285,0.0,0.01675977653631285,0.0
gt,-0.027932960893854747,0.027932960893854747,0.0,-0.027932960893854747,0.027932960893854747,-0.027932960893854747,0.027932960893854747
minimax,0.0,-0.01675977653631285,0.027932960893854747,0.0,-0.01675977653631285,0.0,-0.01675977653631285
gtd,0.01675977653631285,0.0,-0.027932960893854747,0.01675977653631285,0.0,0.01675977653631285,0.0
Schulze,0.0,-0.01675977653631285,0.027932960893854747,0.0,-0.01675977653631285,0.0,-0.01675977653631285
IRV,0.01675977653631285,0.0,-0.027932960893854747,0.01675977653631285,0.0,0.01675977653631285,0.0
