,Borda,plurality,gt,minimax,gtd,Schulze,IRV
Borda,0.0,-0.0009606147934678194,-0.0009606147934678194,0.0,0.0,0.0,-0.0009606147934678194
plurality,0.0009606147934678194,0.0,0.0,0.0009606147934678194,0.0009606147934678194,0.0009606147934678194,0.0
gt,0.0009606147934678194,0.0,0.0,0.0009606147934678194,0.0009606147934678194,0.0009606147934678194,0.0
minimax,0.0,-0.0009606147934678194,-0.0009606147934678194,0.0,0.0,0.0,-0.0009606147934678194
gtd,0.0,-0.0009606147934678194,-0.0009606147934678194,0.0,0.0,0.0,-0.0009606147934678194
Schulze,0.0,-0.0009606147934678194,-0.0009606147934678194,0.0,0.0,0.0,-0.0009606147934678194
IRV,0.0009606147934678194,0.0,0.0,0.0009606147934678194,0.0009606147934678194,0.0009606147934678194,0.0
