,Borda,plurality,gt,minimax,gtd,Schulze,IRV
Borda,0.0,0.0,0.0,-0.00683371298405467,-0.00683371298405467,-0.00683371298405467,0.0
plurality,0.0,0.0,0.0,-0.00683371298405467,-0.00683371298405467,-0.00683371298405467,0.0
gt,0.0,0.0,0.0,-0.00683371298405467,-0.00683371298405467,-0.00683371298405467,0.0
minimax,0.00683371298405467,0.00683371298405467,0.00683371298405467,0.0,0.0,0.0,0.00683371298405467
gtd,0.00683371298405467,0.00683371298405467,0.00683371298405467,0.0,0.0,0.0,0.00683371298405467
Schulze,0.00683371298405467,0.00683371298405467,0.00683371298405467,0.0,0.0,0.0,0.00683371298405467
IRV,0.0,0.0,0.0,-0.00683371298405467,-0.00683371298405467,-0.00683371298405467,0.0
