,Borda,plurality,gt,minimax,gtd,Schulze,IRV
Borda,0.0,-0.0069605568445475635,-0.0069605568445475635,-0.0069605568445475635,-0.0069605568445475635,-0.0069605568445475635,0.025522041763341066
plurality,0.0069605568445475635,0.0,0.0,0.0,0.0,0.0,-0.002320185614849188
gt,0.0069605568445475635,0.0,0.0,0.0,0.0,0.0,-0.002320185614849188
minimax,0.0069605568445475635,0.0,0.0,0.0,0.0,0.0,-0.002320185614849188
gtd,0.0069605568445475635,0.0,0.0,0.0,0.0,0.0,-0.002320185614849188
Schulze,0.0069605568445475635,0.0,0.0,0.0,0.0,0.0,-0.002320185614849188
IRV,-0.025522041763341066,0.002320185614849188,0.002320185614849188,0.002320185614849188,0.002320185614849188,0.002320185614849188,0.0
