,Borda,plurality,gt,minimax,gtd,Schulze,IRV
Borda,0.0,-0.006382978723404255,0.0,0.0,-0.006382978723404255,0.0,0.01702127659574468
plurality,0.006382978723404255,0.0,0.006382978723404255,0.006382978723404255,0.0,0.006382978723404255,-0.014893617021276596
gt,0.0,-0.006382978723404255,0.0,0.0,-0.006382978723404255,0.0,0.01702127659574468
minimax,0.0,-0.006382978723404255,0.0,0.0,-0.006382978723404255,0.0,0.01702127659574468
gtd,0.006382978723404255,0.0,0.006382978723404255,0.006382978723404255,0.0,0.006382978723404255,-0.014893617021276596
Schulze,0.0,-0.006382978723404255,0.0,0.0,-0.006382978723404255,0.0,0.01702127659574468
IRV,-0.01702127659574468,0.014893617021276596,-0.01702127659574468,-0.01702127659574468,0.014893617021276596,-0.01702127659574468,0.0
