,Borda,plurality,gt,minimax,gtd,Schulze,IRV
Borda,0.0,0.0,-0.0002929973630237328,0.0,-0.0002929973630237328,0.0,-0.0002929973630237328
plurality,0.0,0.0,-0.0002929973630237328,0.0,-0.0002929973630237328,0.0,-0.0002929973630237328
gt,0.0002929973630237328,0.0002929973630237328,0.0,0.0002929973630237328,0.0,0.0002929973630237328,0.0
minimax,0.0,0.0,-0.0002929973630237328,0.0,-0.0002929973630237328,0.0,-0.0002929973630237328
gtd,0.0002929973630237328,0.0002929973630237328,0.0,0.0002929973630237328,0.0,0.0002929973630237328,0.0
Schulze,0.0,0.0,-0.0002929973630237328,0.0,-0.0002929973630237328,0.0,-0.0002929973630237328
IRV,0.0002929973630237328,0.0002929973630237328,0.0,0.0002929973630237328,0.0,0.0002929973630237328,0.0
