,Borda,plurality,gt,minimax,gtd,Schulze,IRV
Borda,0.0,0.0782608695652174,-0.021739130434782608,-0.021739130434782608,-0.021739130434782608,-0.021739130434782608,0.0782608695652174
plurality,-0.0782608695652174,0.0,0.013043478260869565,0.013043478260869565,0.013043478260869565,0.013043478260869565,0.0
gt,0.021739130434782608,-0.013043478260869565,0.0,0.0,0.0,0.0,-0.013043478260869565
minimax,0.021739130434782608,-0.013043478260869565,0.0,0.0,0.0,0.0,-0.013043478260869565
gtd,0.021739130434782608,-0.013043478260869565,0.0,0.0,0.0,0.0,-0.013043478260869565
Schulze,0.021739130434782608,-0.013043478260869565,0.0,0.0,0.0,0.0,-0.013043478260869565
IRV,-0.0782608695652174,0.0,0.013043478260869565,0.013043478260869565,0.013043478260869565,0.013043478260869565,0.0
