,Borda,plurality,gt,minimax,gtd,Schulze,IRV
Borda,0.0,0.0,-0.007662835249042145,-0.007662835249042145,-0.007662835249042145,-0.007662835249042145,-0.007662835249042145
plurality,0.0,0.0,-0.007662835249042145,-0.007662835249042145,-0.007662835249042145,-0.007662835249042145,-0.007662835249042145
gt,0.007662835249042145,0.007662835249042145,0.0,0.0,0.0,0.0,0.0
minimax,0.007662835249042145,0.007662835249042145,0.0,0.0,0.0,0.0,0.0
gtd,0.007662835249042145,0.007662835249042145,0.0,0.0,0.0,0.0,0.0
Schulze,0.007662835249042145,0.007662835249042145,0.0,0.0,0.0,0.0,0.0
IRV,0.007662835249042145,0.007662835249042145,0.0,0.0,0.0,0.0,0.0
