,Borda,plurality,gt,minimax,gtd,Schulze,IRV
Borda,0.0,0.03398926654740608,-0.012522361359570662,0.0,0.0,0.0,0.03398926654740608
plurality,-0.03398926654740608,0.0,0.04114490161001789,-0.03398926654740608,-0.03398926654740608,-0.03398926654740608,0.0
gt,0.012522361359570662,-0.04114490161001789,0.0,0.012522361359570662,0.012522361359570662,0.012522361359570662,-0.04114490161001789
minimax,0.0,0.03398926654740608,-0.012522361359570662,0.0,0.0,0.0,0.03398926654740608
gtd,0.0,0.03398926654740608,-0.012522361359570662,0.0,0.0,0.0,0.03398926654740608
Schulze,0.0,0.03398926654740608,-0.012522361359570662,0.0,0.0,0.0,0.03398926654740608
IRV,-0.03398926654740608,0.0,0.04114490161001789,-0.03398926654740608,-0.03398926654740608,-0.03398926654740608,0.0
