,Borda,plurality,gt,minimax,gtd,Schulze,IRV
Borda,0.0,0.06862745098039216,0.0,0.0,0.0,0.0,0.0
plurality,-0.06862745098039216,0.0,-0.0196078431372549,-0.06862745098039216,-0.06862745098039216,-0.06862745098039216,-0.06862745098039216
gt,0.0,0.0196078431372549,0.0,0.0,0.0,0.0,0.0
minimax,0.0,0.06862745098039216,0.0,0.0,0.0,0.0,0.0
gtd,0.0,0.06862745098039216,0.0,0.0,0.0,0.0,0.0
Schulze,0.0,0.06862745098039216,0.0,0.0,0.0,0.0,0.0
IRV,0.0,0.06862745098039216,0.0,0.0,0.0,0.0,0.0
