,Borda,plurality,gt,minimax,gtd,Schulze,IRV
Borda,0.0,0.022636484687083888,-0.0039946737683089215,0.0,-0.0039946737683089215,0.0,0.022636484687083888
plurality,-0.022636484687083888,0.0,0.009320905459387484,-0.022636484687083888,0.009320905459387484,-0.022636484687083888,0.0
gt,0.0039946737683089215,-0.009320905459387484,0.0,0.0039946737683089215,0.0,0.0039946737683089215,-0.009320905459387484
minimax,0.0,0.022636484687083888,-0.0039946737683089215,0.0,-0.0039946737683089215,0.0,0.022636484687083888
gtd,0.0039946737683089215,-0.009320905459387484,0.0,0.0039946737683089215,0.0,0.0039946737683089215,-0.009320905459387484
Schulze,0.0,0.022636484687083888,-0.0039946737683089215,0.0,-0.0039946737683089215,0.0,0.022636484687083888
IRV,-0.022636484687083888,0.0,0.009320905459387484,-0.022636484687083888,0.009320905459387484,-0.022636484687083888,0.0
