,Borda,plurality,gt,minimax,gtd,Schulze,IRV
Borda,0.0,-0.022727272727272728,0.0,0.0,0.0,0.0,0.030303030303030304
plurality,0.022727272727272728,0.0,0.022727272727272728,0.022727272727272728,0.022727272727272728,0.022727272727272728,-0.03409090909090909
gt,0.0,-0.022727272727272728,0.0,0.0,0.0,0.0,0.030303030303030304
minimax,0.0,-0.022727272727272728,0.0,0.0,0.0,0.0,0.030303030303030304
gtd,0.0,-0.022727272727272728,0.0,0.0,0.0,0.0,0.030303030303030304
Schulze,0.0,-0.022727272727272728,0.0,0.0,0.0,0.0,0.030303030303030304
IRV,-0.030303030303030304,0.03409090909090909,-0.030303030303030304,-0.030303030303030304,-0.030303030303030304,-0.030303030303030304,0.0
