,Borda,plurality,gt,minimax,gtd,Schulze,IRV
Borda,0.0,0.0,-0.016901408450704224,-0.016901408450704224,-0.016901408450704224,-0.016901408450704224,0.0
plurality,0.0,0.0,-0.016901408450704224,-0.016901408450704224,-0.016901408450704224,-0.016901408450704224,0.0
gt,0.016901408450704224,0.016901408450704224,0.0,0.0,0.0,0.0,0.016901408450704224
minimax,0.016901408450704224,0.016901408450704224,0.0,0.0,0.0,0.0,0.016901408450704224
gtd,0.016901408450704224,0.016901408450704224,0.0,0.0,0.0,0.0,0.016901408450704224
Schulze,0.016901408450704224,0.016901408450704224,0.0,0.0,0.0,0.0,0.016901408450704224
IRV,0.0,0.0,-0.016901408450704224,-0.016901408450704224,-0.016901408450704224,-0.016901408450704224,0.0
