,Borda,plurality,gt,minimax,gtd,Schulze,IRV
Borda,0.0,-0.011235955056179775,-0.011235955056179775,0.0,-0.011235955056179775,0.0,0.1146067415730337
plurality,0.011235955056179775,0.0,0.0,0.011235955056179775,0.0,0.011235955056179775,-0.020224719101123594
gt,0.011235955056179775,0.0,0.0,0.011235955056179775,0.0,0.011235955056179775,-0.020224719101123594
minimax,0.0,-0.011235955056179775,-0.011235955056179775,0.0,-0.011235955056179775,0.0,0.1146067415730337
gtd,0.011235955056179775,0.0,0.0,0.011235955056179775,0.0,0.011235955056179775,-0.020224719101123594
Schulze,0.0,-0.011235955056179775,-0.011235955056179775,0.0,-0.011235955056179775,0.0,0.1146067415730337
IRV,-0.1146067415730337,0.020224719101123594,0.020224719101123594,-0.1146067415730337,0.020224719101123594,-0.1146067415730337,0.0
