,Borda,plurality,gt,minimax,gtd,Schulze,IRV
Borda,0.0,0.0,-0.021917808219178082,-0.021917808219178082,-0.021917808219178082,-0.021917808219178082,0.0
plurality,0.0,0.0,-0.021917808219178082,-0.021917808219178082,-0.021917808219178082,-0.021917808219178082,0.0
gt,0.021917808219178082,0.021917808219178082,0.0,0.0,0.0,0.0,0.021917808219178082
minimax,0.021917808219178082,0.021917808219178082,0.0,0.0,0.0,0.0,0.021917808219178082
gtd,0.021917808219178082,0.021917808219178082,0.0,0.0,0.0,0.0,0.021917808219178082
Schulze,0.021917808219178082,0.021917808219178082,0.0,0.0,0.0,0.0,0.021917808219178082
IRV,0.0,0.0,-0.021917808219178082,-0.021917808219178082,-0.021917808219178082,-0.021917808219178082,0.0
