,Borda,plurality,gt,minimax,gtd,Schulze,IRV
Borda,0.0,0.0,-0.0009624639076034649,-0.0009624639076034649,-0.0009624639076034649,-0.0009624639076034649,-0.0009624639076034649
plurality,0.0,0.0,-0.0009624639076034649,-0.0009624639076034649,-0.0009624639076034649,-0.0009624639076034649,-0.0009624639076034649
gt,0.0009624639076034649,0.0009624639076034649,0.0,0.0,0.0,0.0,0.0
minimax,0.0009624639076034649,0.0009624639076034649,0.0,0.0,0.0,0.0,0.0
gtd,0.0009624639076034649,0.0009624639076034649,0.0,0.0,0.0,0.0,0.0
Schulze,0.0009624639076034649,0.0009624639076034649,0.0,0.0,0.0,0.0,0.0
IRV,0.0009624639076034649,0.0009624639076034649,0.0,0.0,0.0,0.0,0.0
