,Borda,plurality,gt,minimax,gtd,Schulze,IRV
Borda,0.0,-0.0014265335235378032,-0.0014265335235378032,0.0,-0.0014265335235378032,0.0,-0.0014265335235378032
plurality,0.0014265335235378032,0.0,0.0,0.0014265335235378032,0.0,0.0014265335235378032,0.0
gt,0.0014265335235378032,0.0,0.0,0.0014265335235378032,0.0,0.0014265335235378032,0.0
minimax,0.0,-0.0014265335235378032,-0.0014265335235378032,0.0,-0.0014265335235378032,0.0,-0.0014265335235378032
gtd,0.0014265335235378032,0.0,0.0,0.0014265335235378032,0.0,0.0014265335235378032,0.0
Schulze,0.0,-0.0014265335235378032,-0.0014265335235378032,0.0,-0.0014265335235378032,0.0,-0.0014265335235378032
IRV,0.0014265335235378032,0.0,0.0,0.0014265335235378032,0.0,0.0014265335235378032,0.0
