,Borda,plurality,gt,minimax,gtd,Schulze,IRV
Borda,0.0,0.0,-0.010050251256281407,-0.010050251256281407,-0.010050251256281407,-0.010050251256281407,0.0
plurality,0.0,0.0,-0.010050251256281407,-0.010050251256281407,-0.010050251256281407,-0.010050251256281407,0.0
gt,0.010050251256281407,0.010050251256281407,0.0,0.0,0.0,0.0,0.010050251256281407
minimax,0.010050251256281407,0.010050251256281407,0.0,0.0,0.0,0.0,0.010050251256281407
gtd,0.010050251256281407,0.010050251256281407,0.0,0.0,0.0,0.0,0.010050251256281407
Schulze,0.010050251256281407,0.010050251256281407,0.0,0.0,0.0,0.0,0.010050251256281407
IRV,0.0,0.0,-0.010050251256281407,-0.010050251256281407,-0.010050251256281407,-0.010050251256281407,0.0
