,Borda,plurality,gt,minimax,gtd,Schulze,IRV
Borda,0.0,0.017777777777777778,-0.0044444444444444444,0.0,-0.0044444444444444444,0.0,0.0
plurality,-0.017777777777777778,0.0,0.017777777777777778,-0.017777777777777778,0.017777777777777778,-0.017777777777777778,-0.017777777777777778
gt,0.0044444444444444444,-0.017777777777777778,0.0,0.0044444444444444444,0.0,0.0044444444444444444,0.0044444444444444444
minimax,0.0,0.017777777777777778,-0.0044444444444444444,0.0,-0.0044444444444444444,0.0,0.0
gtd,0.0044444444444444444,-0.017777777777777778,0.0,0.0044444444444444444,0.0,0.0044444444444444444,0.0044444444444444444
Schulze,0.0,0.017777777777777778,-0.0044444444444444444,0.0,-0.0044444444444444444,0.0,0.0
IRV,0.0,0.017777777777777778,-0.0044444444444444444,0.0,-0.0044444444444444444,0.0,0.0
