,Borda,plurality,gt,minimax,gtd,Schulze,IRV
Borda,0.0,0.03347280334728033,-0.012552301255230125,-0.012552301255230125,-0.012552301255230125,-0.012552301255230125,0.03347280334728033
plurality,-0.03347280334728033,0.0,0.0041841004184100415,0.0041841004184100415,0.0041841004184100415,0.0041841004184100415,0.0
gt,0.012552301255230125,-0.0041841004184100415,0.0,0.0,0.0,0.0,-0.0041841004184100415
minimax,0.012552301255230125,-0.0041841004184100415,0.0,0.0,0.0,0.0,-0.0041841004184100415
gtd,0.012552301255230125,-0.0041841004184100415,0.0,0.0,0.0,0.0,-0.0041841004184100415
Schulze,0.012552301255230125,-0.0041841004184100415,0.0,0.0,0.0,0.0,-0.0041841004184100415
IRV,-0.03347280334728033,0.0,0.0041841004184100415,0.0041841004184100415,0.0041841004184100415,0.0041841004184100415,0.0
