,Borda,plurality,gt,minimax,gtd,Schulze,IRV
Borda,0.0,-0.0024937655860349127,-0.0024937655860349127,0.0,-0.0024937655860349127,0.0,0.017456359102244388
plurality,0.0024937655860349127,0.0,0.0,0.0024937655860349127,0.0,0.0024937655860349127,-0.0024937655860349127
gt,0.0024937655860349127,0.0,0.0,0.0024937655860349127,0.0,0.0024937655860349127,-0.0024937655860349127
minimax,0.0,-0.0024937655860349127,-0.0024937655860349127,0.0,-0.0024937655860349127,0.0,0.017456359102244388
gtd,0.0024937655860349127,0.0,0.0,0.0024937655860349127,0.0,0.0024937655860349127,-0.0024937655860349127
Schulze,0.0,-0.0024937655860349127,-0.0024937655860349127,0.0,-0.0024937655860349127,0.0,0.017456359102244388
IRV,-0.017456359102244388,0.0024937655860349127,0.0024937655860349127,-0.017456359102244388,0.0024937655860349127,-0.017456359102244388,0.0
