,Borda,plurality,gt,minimax,gtd,Schulze,IRV
Borda,0.0,-0.011387163561076604,-0.011387163561076604,-0.011387163561076604,-0.011387163561076604,-0.011387163561076604,0.023809523809523808
plurality,0.011387163561076604,0.0,0.0,0.0,0.0,0.0,-0.007246376811594203
gt,0.011387163561076604,0.0,0.0,0.0,0.0,0.0,-0.007246376811594203
minimax,0.011387163561076604,0.0,0.0,0.0,0.0,0.0,-0.007246376811594203
gtd,0.011387163561076604,0.0,0.0,0.0,0.0,0.0,-0.007246376811594203
Schulze,0.011387163561076604,0.0,0.0,0.0,0.0,0.0,-0.007246376811594203
IRV,-0.023809523809523808,0.007246376811594203,0.007246376811594203,0.007246376811594203,0.007246376811594203,0.007246376811594203,0.0
