,Borda,plurality,gt,minimax,gtd,Schulze,IRV
Borda,0.0,0.0,0.0,0.0,-0.006060606060606061,0.0,-0.006060606060606061
plurality,0.0,0.0,0.0,0.0,-0.006060606060606061,0.0,-0.006060606060606061
gt,0.0,0.0,0.0,0.0,-0.006060606060606061,0.0,-0.006060606060606061
minimax,0.0,0.0,0.0,0.0,-0.006060606060606061,0.0,-0.006060606060606061
gtd,0.006060606060606061,0.006060606060606061,0.006060606060606061,0.006060606060606061,0.0,0.006060606060606061,0.0
Schulze,0.0,0.0,0.0,0.0,-0.006060606060606061,0.0,-0.006060606060606061
IRV,0.006060606060606061,0.006060606060606061,0.006060606060606061,0.006060606060606061,0.0,0.006060606060606061,0.0
