,Borda,plurality,gt,minimax,gtd,Schulze,IRV
Borda,0.0,-0.009416195856873822,-0.009416195856873822,-0.009416195856873822,-0.009416195856873822,-0.009416195856873822,0.03954802259887006
plurality,0.009416195856873822,0.0,0.0,0.0,0.0,0.0,-0.005649717514124294
gt,0.009416195856873822,0.0,0.0,0.0,0.0,0.0,-0.005649717514124294
minimax,0.009416195856873822,0.0,0.0,0.0,0.0,0.0,-0.005649717514124294
gtd,0.009416195856873822,0.0,0.0,0.0,0.0,0.0,-0.005649717514124294
Schulze,0.009416195856873822,0.0,0.0,0.0,0.0,0.0,-0.005649717514124294
IRV,-0.03954802259887006,0.005649717514124294,0.005649717514124294,0.005649717514124294,0.005649717514124294,0.005649717514124294,0.0
