,Borda,plurality,gt,minimax,gtd,Schulze,IRV
Borda,0.0,0.0,-0.011037527593818985,0.0,-0.011037527593818985,0.0,0.0
plurality,0.0,0.0,-0.011037527593818985,0.0,-0.011037527593818985,0.0,0.0
gt,0.011037527593818985,0.011037527593818985,0.0,0.011037527593818985,0.0,0.011037527593818985,0.011037527593818985
minimax,0.0,0.0,-0.011037527593818985,0.0,-0.011037527593818985,0.0,0.0
gtd,0.011037527593818985,0.011037527593818985,0.0,0.011037527593818985,0.0,0.011037527593818985,0.011037527593818985
Schulze,0.0,0.0,-0.011037527593818985,0.0,-0.011037527593818985,0.0,0.0
IRV,0.0,0.0,-0.011037527593818985,0.0,-0.011037527593818985,0.0,0.0
