,Borda,plurality,gt,minimax,gtd,Schulze,IRV
Borda,0.0,0.11917098445595854,0.0,0.0,0.0,0.0,0.0
plurality,-0.11917098445595854,0.0,-0.046632124352331605,-0.046632124352331605,-0.11917098445595854,-0.046632124352331605,-0.046632124352331605
gt,0.0,0.046632124352331605,0.0,0.0,0.0,0.0,0.0
minimax,0.0,0.046632124352331605,0.0,0.0,0.0,0.0,0.0
gtd,0.0,0.11917098445595854,0.0,0.0,0.0,0.0,0.0
Schulze,0.0,0.046632124352331605,0.0,0.0,0.0,0.0,0.0
IRV,0.0,0.046632124352331605,0.0,0.0,0.0,0.0,0.0
