,Borda,plurality,gt,minimax,gtd,Schulze,IRV
Borda,0.0,0.012165450121654502,-0.0072992700729927005,0.0,-0.0072992700729927005,0.0,0.0
plurality,-0.012165450121654502,0.0,0.012165450121654502,-0.012165450121654502,0.012165450121654502,-0.012165450121654502,-0.012165450121654502
gt,0.0072992700729927005,-0.012165450121654502,0.0,0.0072992700729927005,0.0,0.0072992700729927005,0.0072992700729927005
minimax,0.0,0.012165450121654502,-0.0072992700729927005,0.0,-0.0072992700729927005,0.0,0.0
gtd,0.0072992700729927005,-0.012165450121654502,0.0,0.0072992700729927005,0.0,0.0072992700729927005,0.0072992700729927005
Schulze,0.0,0.012165450121654502,-0.0072992700729927005,0.0,-0.0072992700729927005,0.0,0.0
IRV,0.0,0.012165450121654502,-0.0072992700729927005,0.0,-0.0072992700729927005,0.0,0.0
