,Borda,plurality,gt,minimax,gtd,Schulze,IRV
Borda,0.0,0.009198423127463863,0.0,0.0,-0.003942181340341655,0.0,0.0
plurality,-0.009198423127463863,0.0,-0.009198423127463863,-0.009198423127463863,0.006570302233902759,-0.009198423127463863,-0.009198423127463863
gt,0.0,0.009198423127463863,0.0,0.0,-0.003942181340341655,0.0,0.0
minimax,0.0,0.009198423127463863,0.0,0.0,-0.003942181340341655,0.0,0.0
gtd,0.003942181340341655,-0.006570302233902759,0.003942181340341655,0.003942181340341655,0.0,0.003942181340341655,0.003942181340341655
Schulze,0.0,0.009198423127463863,0.0,0.0,-0.003942181340341655,0.0,0.0
IRV,0.0,0.009198423127463863,0.0,0.0,-0.003942181340341655,0.0,0.0
