,Borda,plurality,gt,minimax,gtd,Schulze,IRV
Borda,0.0,-0.0005730659025787965,-0.0005730659025787965,0.0,-0.0005730659025787965,0.0,0.028080229226361032
plurality,0.0005730659025787965,0.0,0.0,0.0005730659025787965,0.0,0.0005730659025787965,-0.007449856733524355
gt,0.0005730659025787965,0.0,0.0,0.0005730659025787965,0.0,0.0005730659025787965,-0.007449856733524355
minimax,0.0,-0.0005730659025787965,-0.0005730659025787965,0.0,-0.0005730659025787965,0.0,0.028080229226361032
gtd,0.0005730659025787965,0.0,0.0,0.0005730659025787965,0.0,0.0005730659025787965,-0.007449856733524355
Schulze,0.0,-0.0005730659025787965,-0.0005730659025787965,0.0,-0.0005730659025787965,0.0,0.028080229226361032
IRV,-0.028080229226361032,0.007449856733524355,0.007449856733524355,-0.028080229226361032,0.007449856733524355,-0.028080229226361032,0.0
