,Borda,plurality,gt,minimax,gtd,Schulze,IRV
Borda,0.0,-0.014492753623188406,-0.014492753623188406,0.0,-0.014492753623188406,0.0,0.06280193236714976
plurality,0.014492753623188406,0.0,0.0,0.014492753623188406,0.0,0.014492753623188406,-0.024154589371980676
gt,0.014492753623188406,0.0,0.0,0.014492753623188406,0.0,0.014492753623188406,-0.024154589371980676
minimax,0.0,-0.014492753623188406,-0.014492753623188406,0.0,-0.014492753623188406,0.0,0.06280193236714976
gtd,0.014492753623188406,0.0,0.0,0.014492753623188406,0.0,0.014492753623188406,-0.024154589371980676
Schulze,0.0,-0.014492753623188406,-0.014492753623188406,0.0,-0.014492753623188406,0.0,0.06280193236714976
IRV,-0.06280193236714976,0.024154589371980676,0.024154589371980676,-0.06280193236714976,0.024154589371980676,-0.06280193236714976,0.0
