,Borda,plurality,gt,minimax,gtd,Schulze,IRV
Borda,0.0,0.03934871099050204,0.0,0.0,-0.0203527815468114,0.0,0.03934871099050204
plurality,-0.03934871099050204,0.0,-0.03934871099050204,-0.03934871099050204,0.023066485753052916,-0.03934871099050204,0.0
gt,0.0,0.03934871099050204,0.0,0.0,-0.0203527815468114,0.0,0.03934871099050204
minimax,0.0,0.03934871099050204,0.0,0.0,-0.0203527815468114,0.0,0.03934871099050204
gtd,0.0203527815468114,-0.023066485753052916,0.0203527815468114,0.0203527815468114,0.0,0.0203527815468114,-0.023066485753052916
Schulze,0.0,0.03934871099050204,0.0,0.0,-0.0203527815468114,0.0,0.03934871099050204
IRV,-0.03934871099050204,0.0,-0.03934871099050204,-0.03934871099050204,0.023066485753052916,-0.03934871099050204,0.0
