,Borda,plurality,gt,minimax,gtd,Schulze,IRV
Borda,0.0,-0.0022172949002217295,-0.0022172949002217295,0.0,0.0,0.0,-0.0022172949002217295
plurality,0.0022172949002217295,0.0,0.0,0.0022172949002217295,0.0022172949002217295,0.0022172949002217295,0.0
gt,0.0022172949002217295,0.0,0.0,0.0022172949002217295,0.0022172949002217295,0.0022172949002217295,0.0
minimax,0.0,-0.0022172949002217295,-0.0022172949002217295,0.0,0.0,0.0,-0.0022172949002217295
gtd,0.0,-0.0022172949002217295,-0.0022172949002217295,0.0,0.0,0.0,-0.0022172949002217295
Schulze,0.0,-0.0022172949002217295,-0.0022172949002217295,0.0,0.0,0.0,-0.0022172949002217295
IRV,0.0022172949002217295,0.0,0.0,0.0022172949002217295,0.0022172949002217295,0.0022172949002217295,0.0
