,Borda,plurality,gt,minimax,gtd,Schulze,IRV
Borda,0.0,-0.011627906976744186,0.0,0.0,0.0,0.0,-0.011627906976744186
plurality,0.011627906976744186,0.0,0.011627906976744186,0.011627906976744186,0.011627906976744186,0.011627906976744186,0.0
gt,0.0,-0.011627906976744186,0.0,0.0,0.0,0.0,-0.011627906976744186
minimax,0.0,-0.011627906976744186,0.0,0.0,0.0,0.0,-0.011627906976744186
gtd,0.0,-0.011627906976744186,0.0,0.0,0.0,0.0,-0.011627906976744186
Schulze,0.0,-0.011627906976744186,0.0,0.0,0.0,0.0,-0.011627906976744186
IRV,0.011627906976744186,0.0,0.011627906976744186,0.011627906976744186,0.011627906976744186,0.011627906976744186,0.0
