,Borda,plurality,gt,minimax,gtd,Schulze,IRV
Borda,0.0,-0.02694610778443114,0.041916167664670656,0.0,-0.02694610778443114,0.0,-0.02694610778443114
plurality,0.02694610778443114,0.0,-0.02694610778443114,0.02694610778443114,0.0,0.02694610778443114,0.0
gt,-0.041916167664670656,0.02694610778443114,0.0,-0.041916167664670656,0.02694610778443114,-0.041916167664670656,0.02694610778443114
minimax,0.0,-0.02694610778443114,0.041916167664670656,0.0,-0.02694610778443114,0.0,-0.02694610778443114
gtd,0.02694610778443114,0.0,-0.02694610778443114,0.02694610778443114,0.0,0.02694610778443114,0.0
Schulze,0.0,-0.02694610778443114,0.041916167664670656,0.0,-0.02694610778443114,0.0,-0.02694610778443114
IRV,0.02694610778443114,0.0,-0.02694610778443114,0.02694610778443114,0.0,0.02694610778443114,0.0
