,Borda,plurality,gt,minimax,gtd,Schulze,IRV
Borda,0.0,-0.011235955056179775,0.0,0.0,-0.011235955056179775,0.0,0.051685393258426963
plurality,0.011235955056179775,0.0,0.011235955056179775,0.011235955056179775,0.0,0.011235955056179775,-0.033707865168539325
gt,0.0,-0.011235955056179775,0.0,0.0,-0.011235955056179775,0.0,0.051685393258426963
minimax,0.0,-0.011235955056179775,0.0,0.0,-0.011235955056179775,0.0,0.051685393258426963
gtd,0.011235955056179775,0.0,0.011235955056179775,0.011235955056179775,0.0,0.011235955056179775,-0.033707865168539325
Schulze,0.0,-0.011235955056179775,0.0,0.0,-0.011235955056179775,0.0,0.051685393258426963
IRV,-0.051685393258426963,0.033707865168539325,-0.051685393258426963,-0.051685393258426963,0.033707865168539325,-0.051685393258426963,0.0
