,Borda,plurality,gt,minimax,gtd,Schulze,IRV
Borda,0.0,-0.005714285714285714,-0.005714285714285714,0.0,-0.005714285714285714,0.0,0.03428571428571429
plurality,0.005714285714285714,0.0,0.0,0.005714285714285714,0.0,0.005714285714285714,-0.017142857142857144
gt,0.005714285714285714,0.0,0.0,0.005714285714285714,0.0,0.005714285714285714,-0.017142857142857144
minimax,0.0,-0.005714285714285714,-0.005714285714285714,0.0,-0.005714285714285714,0.0,0.03428571428571429
gtd,0.005714285714285714,0.0,0.0,0.005714285714285714,0.0,0.005714285714285714,-0.017142857142857144
Schulze,0.0,-0.005714285714285714,-0.005714285714285714,0.0,-0.005714285714285714,0.0,0.03428571428571429
IRV,-0.03428571428571429,0.017142857142857144,0.017142857142857144,-0.03428571428571429,0.017142857142857144,-0.03428571428571429,0.0
