,Borda,plurality,gt,minimax,gtd,Schulze,IRV
Borda,0.0,0.0,0.0,-0.019830028328611898,-0.019830028328611898,-0.019830028328611898,-0.019830028328611898
plurality,0.0,0.0,0.0,-0.019830028328611898,-0.019830028328611898,-0.019830028328611898,-0.019830028328611898
gt,0.0,0.0,0.0,-0.019830028328611898,-0.019830028328611898,-0.019830028328611898,-0.019830028328611898
minimax,0.019830028328611898,0.019830028328611898,0.019830028328611898,0.0,0.0,0.0,0.0
gtd,0.019830028328611898,0.019830028328611898,0.019830028328611898,0.0,0.0,0.0,0.0
Schulze,0.019830028328611898,0.019830028328611898,0.019830028328611898,0.0,0.0,0.0,0.0
IRV,0.019830028328611898,0.019830028328611898,0.019830028328611898,0.0,0.0,0.0,0.0
