,Borda,plurality,gt,minimax,gtd,Schulze,IRV
Borda,0.0,0.055408970976253295,0.0,0.0,-0.013192612137203167,0.0,0.055408970976253295
plurality,-0.055408970976253295,0.0,-0.055408970976253295,-0.055408970976253295,0.0316622691292876,-0.055408970976253295,0.0
gt,0.0,0.055408970976253295,0.0,0.0,-0.013192612137203167,0.0,0.055408970976253295
minimax,0.0,0.055408970976253295,0.0,0.0,-0.013192612137203167,0.0,0.055408970976253295
gtd,0.013192612137203167,-0.0316622691292876,0.013192612137203167,0.013192612137203167,0.0,0.013192612137203167,-0.0316622691292876
Schulze,0.0,0.055408970976253295,0.0,0.0,-0.013192612137203167,0.0,0.055408970976253295
IRV,-0.055408970976253295,0.0,-0.055408970976253295,-0.055408970976253295,0.0316622691292876,-0.055408970976253295,0.0
