,Borda,plurality,gt,minimax,gtd,Schulze,IRV
Borda,0.0,0.0,0.03215434083601286,-0.012861736334405145,-0.012861736334405145,-0.012861736334405145,0.0
plurality,0.0,0.0,0.03215434083601286,-0.012861736334405145,-0.012861736334405145,-0.012861736334405145,0.0
gt,-0.03215434083601286,-0.03215434083601286,0.0,0.0,0.0,0.0,-0.03215434083601286
minimax,0.012861736334405145,0.012861736334405145,0.0,0.0,0.0,0.0,0.012861736334405145
gtd,0.012861736334405145,0.012861736334405145,0.0,0.0,0.0,0.0,0.012861736334405145
Schulze,0.012861736334405145,0.012861736334405145,0.0,0.0,0.0,0.0,0.012861736334405145
IRV,0.0,0.0,0.03215434083601286,-0.012861736334405145,-0.012861736334405145,-0.012861736334405145,0.0
