,Borda,plurality,gt,minimax,gtd,Schulze,IRV
Borda,0.0,0.017777777777777778,0.0,0.0,0.0,0.0,0.017777777777777778
plurality,-0.017777777777777778,0.0,-0.017777777777777778,-0.017777777777777778,-0.017777777777777778,-0.017777777777777778,0.0
gt,0.0,0.017777777777777778,0.0,0.0,0.0,0.0,0.017777777777777778
minimax,0.0,0.017777777777777778,0.0,0.0,0.0,0.0,0.017777777777777778
gtd,0.0,0.017777777777777778,0.0,0.0,0.0,0.0,0.017777777777777778
Schulze,0.0,0.017777777777777778,0.0,0.0,0.0,0.0,0.017777777777777778
IRV,-0.017777777777777778,0.0,-0.017777777777777778,-0.017777777777777778,-0.017777777777777778,-0.017777777777777778,0.0
