,Borda,plurality,gt,minimax,gtd,Schulze,IRV
Borda,0.0,-0.008051529790660225,0.0,0.0,-0.008051529790660225,0.0,0.04669887278582931
plurality,0.008051529790660225,0.0,0.008051529790660225,0.008051529790660225,0.0,0.008051529790660225,-0.043478260869565216
gt,0.0,-0.008051529790660225,0.0,0.0,-0.008051529790660225,0.0,0.04669887278582931
minimax,0.0,-0.008051529790660225,0.0,0.0,-0.008051529790660225,0.0,0.04669887278582931
gtd,0.008051529790660225,0.0,0.008051529790660225,0.008051529790660225,0.0,0.008051529790660225,-0.043478260869565216
Schulze,0.0,-0.008051529790660225,0.0,0.0,-0.008051529790660225,0.0,0.04669887278582931
IRV,-0.04669887278582931,0.043478260869565216,-0.04669887278582931,-0.04669887278582931,0.043478260869565216,-0.04669887278582931,0.0
