,Borda,plurality,gt,minimax,gtd,Schulze,IRV
Borda,0.0,0.0,-0.014884979702300407,-0.014884979702300407,-0.014884979702300407,-0.014884979702300407,0.0
plurality,0.0,0.0,-0.014884979702300407,-0.014884979702300407,-0.014884979702300407,-0.014884979702300407,0.0
gt,0.014884979702300407,0.014884979702300407,0.0,0.0,0.0,0.0,0.014884979702300407
minimax,0.014884979702300407,0.014884979702300407,0.0,0.0,0.0,0.0,0.014884979702300407
gtd,0.014884979702300407,0.014884979702300407,0.0,0.0,0.0,0.0,0.014884979702300407
Schulze,0.014884979702300407,0.014884979702300407,0.0,0.0,0.0,0.0,0.014884979702300407
IRV,0.0,0.0,-0.014884979702300407,-0.014884979702300407,-0.014884979702300407,-0.014884979702300407,0.0
