,Borda,plurality,gt,minimax,gtd,Schulze,IRV
Borda,0.0,0.01904761904761905,-0.0038095238095238095,0.0,-0.0038095238095238095,0.0,0.0
plurality,-0.01904761904761905,0.0,0.015238095238095238,-0.01904761904761905,0.015238095238095238,-0.01904761904761905,-0.01904761904761905
gt,0.0038095238095238095,-0.015238095238095238,0.0,0.0038095238095238095,0.0,0.0038095238095238095,0.0038095238095238095
minimax,0.0,0.01904761904761905,-0.0038095238095238095,0.0,-0.0038095238095238095,0.0,0.0
gtd,0.0038095238095238095,-0.015238095238095238,0.0,0.0038095238095238095,0.0,0.0038095238095238095,0.0038095238095238095
Schulze,0.0,0.01904761904761905,-0.0038095238095238095,0.0,-0.0038095238095238095,0.0,0.0
IRV,0.0,0.01904761904761905,-0.0038095238095238095,0.0,-0.0038095238095238095,0.0,0.0
