,Borda,plurality,gt,minimax,gtd,Schulze,IRV
Borda,0.0,0.006666666666666667,0.0,0.0,0.0,0.0,0.0
plurality,-0.006666666666666667,0.0,-0.0033333333333333335,-0.006666666666666667,-0.0033333333333333335,-0.006666666666666667,-0.0033333333333333335
gt,0.0,0.0033333333333333335,0.0,0.0,0.0,0.0,0.0
minimax,0.0,0.006666666666666667,0.0,0.0,0.0,0.0,0.0
gtd,0.0,0.0033333333333333335,0.0,0.0,0.0,0.0,0.0
Schulze,0.0,0.006666666666666667,0.0,0.0,0.0,0.0,0.0
IRV,0.0,0.0033333333333333335,0.0,0.0,0.0,0.0,0.0
