,Borda,plurality,gt,minimax,gtd,Schulze,IRV
Borda,0.0,0.037209302325581395,0.0,0.0,0.0,0.0,0.037209302325581395
plurality,-0.037209302325581395,0.0,-0.037209302325581395,-0.037209302325581395,-0.037209302325581395,-0.037209302325581395,0.0
gt,0.0,0.037209302325581395,0.0,0.0,0.0,0.0,0.037209302325581395
minimax,0.0,0.037209302325581395,0.0,0.0,0.0,0.0,0.037209302325581395
gtd,0.0,0.037209302325581395,0.0,0.0,0.0,0.0,0.037209302325581395
Schulze,0.0,0.037209302325581395,0.0,0.0,0.0,0.0,0.037209302325581395
IRV,-0.037209302325581395,0.0,-0.037209302325581395,-0.037209302325581395,-0.037209302325581395,-0.037209302325581395,0.0
