,Borda,plurality,gt,minimax,gtd,Schulze,IRV
Borda,0.0,0.012345679012345678,-0.009602194787379973,0.0,0.0,0.0,0.0
plurality,-0.012345679012345678,0.0,0.012345679012345678,-0.012345679012345678,-0.012345679012345678,-0.012345679012345678,-0.012345679012345678
gt,0.009602194787379973,-0.012345679012345678,0.0,0.009602194787379973,0.009602194787379973,0.009602194787379973,0.009602194787379973
minimax,0.0,0.012345679012345678,-0.009602194787379973,0.0,0.0,0.0,0.0
gtd,0.0,0.012345679012345678,-0.009602194787379973,0.0,0.0,0.0,0.0
Schulze,0.0,0.012345679012345678,-0.009602194787379973,0.0,0.0,0.0,0.0
IRV,0.0,0.012345679012345678,-0.009602194787379973,0.0,0.0,0.0,0.0
