,Borda,plurality,gt,minimax,gtd,Schulze,IRV
Borda,0.0,0.0,-0.005162364696086595,0.0,-0.005162364696086595,0.0,0.0
plurality,0.0,0.0,-0.005162364696086595,0.0,-0.005162364696086595,0.0,0.0
gt,0.005162364696086595,0.005162364696086595,0.0,0.005162364696086595,0.0,0.005162364696086595,0.005162364696086595
minimax,0.0,0.0,-0.005162364696086595,0.0,-0.005162364696086595,0.0,0.0
gtd,0.005162364696086595,0.005162364696086595,0.0,0.005162364696086595,0.0,0.005162364696086595,0.005162364696086595
Schulze,0.0,0.0,-0.005162364696086595,0.0,-0.005162364696086595,0.0,0.0
IRV,0.0,0.0,-0.005162364696086595,0.0,-0.005162364696086595,0.0,0.0
