,Borda,plurality,gt,minimax,gtd,Schulze,IRV
Borda,0.0,0.040776699029126215,-0.017475728155339806,-0.017475728155339806,-0.017475728155339806,-0.017475728155339806,0.040776699029126215
plurality,-0.040776699029126215,0.0,0.005825242718446602,0.005825242718446602,0.005825242718446602,0.005825242718446602,0.0
gt,0.017475728155339806,-0.005825242718446602,0.0,0.0,0.0,0.0,-0.005825242718446602
minimax,0.017475728155339806,-0.005825242718446602,0.0,0.0,0.0,0.0,-0.005825242718446602
gtd,0.017475728155339806,-0.005825242718446602,0.0,0.0,0.0,0.0,-0.005825242718446602
Schulze,0.017475728155339806,-0.005825242718446602,0.0,0.0,0.0,0.0,-0.005825242718446602
IRV,-0.040776699029126215,0.0,0.005825242718446602,0.005825242718446602,0.005825242718446602,0.005825242718446602,0.0
