,Borda,plurality,gt,minimax,gtd,Schulze,IRV
Borda,0.0,-0.012345679012345678,-0.012345679012345678,-0.012345679012345678,-0.012345679012345678,-0.012345679012345678,0.08641975308641975
plurality,0.012345679012345678,0.0,0.0,0.0,0.0,0.0,-0.00823045267489712
gt,0.012345679012345678,0.0,0.0,0.0,0.0,0.0,-0.00823045267489712
minimax,0.012345679012345678,0.0,0.0,0.0,0.0,0.0,-0.00823045267489712
gtd,0.012345679012345678,0.0,0.0,0.0,0.0,0.0,-0.00823045267489712
Schulze,0.012345679012345678,0.0,0.0,0.0,0.0,0.0,-0.00823045267489712
IRV,-0.08641975308641975,0.00823045267489712,0.00823045267489712,0.00823045267489712,0.00823045267489712,0.00823045267489712,0.0
