,Borda,plurality,gt,minimax,gtd,Schulze,IRV
Borda,0.0,0.125,0.0,0.0,0.0,0.0,0.0
plurality,-0.125,0.0,-0.125,-0.09051724137931035,-0.09051724137931035,-0.09051724137931035,-0.09051724137931035
gt,0.0,0.125,0.0,0.0,0.0,0.0,0.0
minimax,0.0,0.09051724137931035,0.0,0.0,0.0,0.0,0.0
gtd,0.0,0.09051724137931035,0.0,0.0,0.0,0.0,0.0
Schulze,0.0,0.09051724137931035,0.0,0.0,0.0,0.0,0.0
IRV,0.0,0.09051724137931035,0.0,0.0,0.0,0.0,0.0
