,Borda,plurality,gt,minimax,gtd,Schulze,IRV
Borda,0.0,-0.0066815144766146995,-0.0066815144766146995,0.0,0.0,0.0,-0.0066815144766146995
plurality,0.0066815144766146995,0.0,0.0,0.0066815144766146995,0.0066815144766146995,0.0066815144766146995,0.0
gt,0.0066815144766146995,0.0,0.0,0.0066815144766146995,0.0066815144766146995,0.0066815144766146995,0.0
minimax,0.0,-0.0066815144766146995,-0.0066815144766146995,0.0,0.0,0.0,-0.0066815144766146995
gtd,0.0,-0.0066815144766146995,-0.0066815144766146995,0.0,0.0,0.0,-0.0066815144766146995
Schulze,0.0,-0.0066815144766146995,-0.0066815144766146995,0.0,0.0,0.0,-0.0066815144766146995
IRV,0.0066815144766146995,0.0,0.0,0.0066815144766146995,0.0066815144766146995,0.0066815144766146995,0.0
