,Borda,plurality,gt,minimax,gtd,Schulze,IRV
Borda,0.0,0.06666666666666667,-0.041025641025641026,-0.041025641025641026,-0.041025641025641026,-0.041025641025641026,0.06666666666666667
plurality,-0.06666666666666667,0.0,0.020512820512820513,0.020512820512820513,0.020512820512820513,0.020512820512820513,0.0
gt,0.041025641025641026,-0.020512820512820513,0.0,0.0,0.0,0.0,-0.020512820512820513
minimax,0.041025641025641026,-0.020512820512820513,0.0,0.0,0.0,0.0,-0.020512820512820513
gtd,0.041025641025641026,-0.020512820512820513,0.0,0.0,0.0,0.0,-0.020512820512820513
Schulze,0.041025641025641026,-0.020512820512820513,0.0,0.0,0.0,0.0,-0.020512820512820513
IRV,-0.06666666666666667,0.0,0.020512820512820513,0.020512820512820513,0.020512820512820513,0.020512820512820513,0.0
