,Borda,plurality,gt,minimax,gtd,Schulze,IRV
Borda,0.0,0.10891089108910891,0.0,0.0,0.0,0.0,0.0
plurality,-0.10891089108910891,0.0,-0.056105610561056105,-0.10891089108910891,-0.10891089108910891,-0.10891089108910891,-0.056105610561056105
gt,0.0,0.056105610561056105,0.0,0.0,0.0,0.0,0.0
minimax,0.0,0.10891089108910891,0.0,0.0,0.0,0.0,0.0
gtd,0.0,0.10891089108910891,0.0,0.0,0.0,0.0,0.0
Schulze,0.0,0.10891089108910891,0.0,0.0,0.0,0.0,0.0
IRV,0.0,0.056105610561056105,0.0,0.0,0.0,0.0,0.0
