,Borda,plurality,gt,minimax,gtd,Schulze,IRV
Borda,0.0,0.05198776758409786,-0.009174311926605505,-0.009174311926605505,-0.009174311926605505,-0.009174311926605505,0.0
plurality,-0.05198776758409786,0.0,0.0030581039755351682,0.0030581039755351682,0.0030581039755351682,0.0030581039755351682,-0.05198776758409786
gt,0.009174311926605505,-0.0030581039755351682,0.0,0.0,0.0,0.0,0.009174311926605505
minimax,0.009174311926605505,-0.0030581039755351682,0.0,0.0,0.0,0.0,0.009174311926605505
gtd,0.009174311926605505,-0.0030581039755351682,0.0,0.0,0.0,0.0,0.009174311926605505
Schulze,0.009174311926605505,-0.0030581039755351682,0.0,0.0,0.0,0.0,0.009174311926605505
IRV,0.0,0.05198776758409786,-0.009174311926605505,-0.009174311926605505,-0.009174311926605505,-0.009174311926605505,0.0
