,Borda,plurality,gt,minimax,gtd,Schulze,IRV
Borda,0.0,0.06224066390041494,-0.004149377593360996,0.0,-0.004149377593360996,0.0,0.06224066390041494
plurality,-0.06224066390041494,0.0,0.009681881051175657,-0.06224066390041494,0.009681881051175657,-0.06224066390041494,0.0
gt,0.004149377593360996,-0.009681881051175657,0.0,0.004149377593360996,0.0,0.004149377593360996,-0.009681881051175657
minimax,0.0,0.06224066390041494,-0.004149377593360996,0.0,-0.004149377593360996,0.0,0.06224066390041494
gtd,0.004149377593360996,-0.009681881051175657,0.0,0.004149377593360996,0.0,0.004149377593360996,-0.009681881051175657
Schulze,0.0,0.06224066390041494,-0.004149377593360996,0.0,-0.004149377593360996,0.0,0.06224066390041494
IRV,-0.06224066390041494,0.0,0.009681881051175657,-0.06224066390041494,0.009681881051175657,-0.06224066390041494,0.0
