,Borda,plurality,gt,minimax,gtd,Schulze,IRV
Borda,0.0,-0.012779552715654952,-0.012779552715654952,-0.012779552715654952,-0.012779552715654952,-0.012779552715654952,0.06070287539936102
plurality,0.012779552715654952,0.0,0.0,0.0,0.0,0.0,-0.006389776357827476
gt,0.012779552715654952,0.0,0.0,0.0,0.0,0.0,-0.006389776357827476
minimax,0.012779552715654952,0.0,0.0,0.0,0.0,0.0,-0.006389776357827476
gtd,0.012779552715654952,0.0,0.0,0.0,0.0,0.0,-0.006389776357827476
Schulze,0.012779552715654952,0.0,0.0,0.0,0.0,0.0,-0.006389776357827476
IRV,-0.06070287539936102,0.006389776357827476,0.006389776357827476,0.006389776357827476,0.006389776357827476,0.006389776357827476,0.0
