,Borda,plurality,gt,minimax,gtd,Schulze,IRV
Borda,0.0,0.0383419689119171,-0.007253886010362694,0.0,-0.007253886010362694,0.0,0.0
plurality,-0.0383419689119171,0.0,0.00932642487046632,-0.0383419689119171,0.00932642487046632,-0.0383419689119171,-0.0383419689119171
gt,0.007253886010362694,-0.00932642487046632,0.0,0.007253886010362694,0.0,0.007253886010362694,0.007253886010362694
minimax,0.0,0.0383419689119171,-0.007253886010362694,0.0,-0.007253886010362694,0.0,0.0
gtd,0.007253886010362694,-0.00932642487046632,0.0,0.007253886010362694,0.0,0.007253886010362694,0.007253886010362694
Schulze,0.0,0.0383419689119171,-0.007253886010362694,0.0,-0.007253886010362694,0.0,0.0
IRV,0.0,0.0383419689119171,-0.007253886010362694,0.0,-0.007253886010362694,0.0,0.0
