,Borda,plurality,gt,minimax,gtd,Schulze,IRV
Borda,0.0,0.061170212765957445,0.061170212765957445,-0.03723404255319149,-0.03723404255319149,-0.03723404255319149,0.061170212765957445
plurality,-0.061170212765957445,0.0,0.0,0.018617021276595744,0.018617021276595744,0.018617021276595744,0.0
gt,-0.061170212765957445,0.0,0.0,0.018617021276595744,0.018617021276595744,0.018617021276595744,0.0
minimax,0.03723404255319149,-0.018617021276595744,-0.018617021276595744,0.0,0.0,0.0,-0.018617021276595744
gtd,0.03723404255319149,-0.018617021276595744,-0.018617021276595744,0.0,0.0,0.0,-0.018617021276595744
Schulze,0.03723404255319149,-0.018617021276595744,-0.018617021276595744,0.0,0.0,0.0,-0.018617021276595744
IRV,-0.061170212765957445,0.0,0.0,0.018617021276595744,0.018617021276595744,0.018617021276595744,0.0
