,Borda,plurality,gt,minimax,gtd,Schulze,IRV
Borda,0.0,-0.02576112412177986,0.0,0.0,-0.02576112412177986,0.0,-0.02576112412177986
plurality,0.02576112412177986,0.0,0.02576112412177986,0.02576112412177986,0.0,0.02576112412177986,0.0
gt,0.0,-0.02576112412177986,0.0,0.0,-0.02576112412177986,0.0,-0.02576112412177986
minimax,0.0,-0.02576112412177986,0.0,0.0,-0.02576112412177986,0.0,-0.02576112412177986
gtd,0.02576112412177986,0.0,0.02576112412177986,0.02576112412177986,0.0,0.02576112412177986,0.0
Schulze,0.0,-0.02576112412177986,0.0,0.0,-0.02576112412177986,0.0,-0.02576112412177986
IRV,0.02576112412177986,0.0,0.02576112412177986,0.02576112412177986,0.0,0.02576112412177986,0.0
