,Borda,plurality,gt,minimax,gtd,Schulze,IRV
Borda,0.0,0.047619047619047616,-0.006802721088435374,-0.006802721088435374,-0.006802721088435374,-0.006802721088435374,0.047619047619047616
plurality,-0.047619047619047616,0.0,0.0022675736961451248,0.0022675736961451248,0.0022675736961451248,0.0022675736961451248,0.0
gt,0.006802721088435374,-0.0022675736961451248,0.0,0.0,0.0,0.0,-0.0022675736961451248
minimax,0.006802721088435374,-0.0022675736961451248,0.0,0.0,0.0,0.0,-0.0022675736961451248
gtd,0.006802721088435374,-0.0022675736961451248,0.0,0.0,0.0,0.0,-0.0022675736961451248
Schulze,0.006802721088435374,-0.0022675736961451248,0.0,0.0,0.0,0.0,-0.0022675736961451248
IRV,-0.047619047619047616,0.0,0.0022675736961451248,0.0022675736961451248,0.0022675736961451248,0.0022675736961451248,0.0
