,Borda,plurality,gt,minimax,gtd,Schulze,IRV
Borda,0.0,-0.014492753623188406,0.06832298136645963,-0.014492753623188406,-0.014492753623188406,-0.014492753623188406,-0.014492753623188406
plurality,0.014492753623188406,0.0,-0.006211180124223602,0.0,0.0,0.0,0.0
gt,-0.06832298136645963,0.006211180124223602,0.0,0.006211180124223602,0.006211180124223602,0.006211180124223602,0.006211180124223602
minimax,0.014492753623188406,0.0,-0.006211180124223602,0.0,0.0,0.0,0.0
gtd,0.014492753623188406,0.0,-0.006211180124223602,0.0,0.0,0.0,0.0
Schulze,0.014492753623188406,0.0,-0.006211180124223602,0.0,0.0,0.0,0.0
IRV,0.014492753623188406,0.0,-0.006211180124223602,0.0,0.0,0.0,0.0
