,Borda,plurality,gt,minimax,gtd,Schulze,IRV
Borda,0.0,0.07326732673267326,-0.0019801980198019802,0.0,-0.0019801980198019802,0.0,0.0
plurality,-0.07326732673267326,0.0,0.005940594059405941,-0.07326732673267326,0.005940594059405941,-0.07326732673267326,-0.07326732673267326
gt,0.0019801980198019802,-0.005940594059405941,0.0,0.0019801980198019802,0.0,0.0019801980198019802,0.0019801980198019802
minimax,0.0,0.07326732673267326,-0.0019801980198019802,0.0,-0.0019801980198019802,0.0,0.0
gtd,0.0019801980198019802,-0.005940594059405941,0.0,0.0019801980198019802,0.0,0.0019801980198019802,0.0019801980198019802
Schulze,0.0,0.07326732673267326,-0.0019801980198019802,0.0,-0.0019801980198019802,0.0,0.0
IRV,0.0,0.07326732673267326,-0.0019801980198019802,0.0,-0.0019801980198019802,0.0,0.0
