,Borda,plurality,gt,minimax,gtd,Schulze,IRV
Borda,0.0,-0.0032626427406199023,-0.0032626427406199023,0.0,0.0,0.0,-0.0032626427406199023
plurality,0.0032626427406199023,0.0,0.0,0.0032626427406199023,0.0032626427406199023,0.0032626427406199023,0.0
gt,0.0032626427406199023,0.0,0.0,0.0032626427406199023,0.0032626427406199023,0.0032626427406199023,0.0
minimax,0.0,-0.0032626427406199023,-0.0032626427406199023,0.0,0.0,0.0,-0.0032626427406199023
gtd,0.0,-0.0032626427406199023,-0.0032626427406199023,0.0,0.0,0.0,-0.0032626427406199023
Schulze,0.0,-0.0032626427406199023,-0.0032626427406199023,0.0,0.0,0.0,-0.0032626427406199023
IRV,0.0032626427406199023,0.0,0.0,0.0032626427406199023,0.0032626427406199023,0.0032626427406199023,0.0
