,Borda,plurality,gt,minimax,gtd,Schulze,IRV
Borda,0.0,0.06566604127579738,-0.001876172607879925,0.0,-0.001876172607879925,0.0,0.06566604127579738
plurality,-0.06566604127579738,0.0,0.016885553470919325,-0.06566604127579738,0.016885553470919325,-0.06566604127579738,0.0
gt,0.001876172607879925,-0.016885553470919325,0.0,0.001876172607879925,0.0,0.001876172607879925,-0.016885553470919325
minimax,0.0,0.06566604127579738,-0.001876172607879925,0.0,-0.001876172607879925,0.0,0.06566604127579738
gtd,0.001876172607879925,-0.016885553470919325,0.0,0.001876172607879925,0.0,0.001876172607879925,-0.016885553470919325
Schulze,0.0,0.06566604127579738,-0.001876172607879925,0.0,-0.001876172607879925,0.0,0.06566604127579738
IRV,-0.06566604127579738,0.0,0.016885553470919325,-0.06566604127579738,0.016885553470919325,-0.06566604127579738,0.0
