,Borda,plurality,gt,minimax,gtd,Schulze,IRV
Borda,0.0,0.019271948608137045,0.0,-0.010706638115631691,-0.010706638115631691,-0.010706638115631691,0.019271948608137045
plurality,-0.019271948608137045,0.0,-0.019271948608137045,0.006423982869379015,0.006423982869379015,0.006423982869379015,0.0
gt,0.0,0.019271948608137045,0.0,-0.010706638115631691,-0.010706638115631691,-0.010706638115631691,0.019271948608137045
minimax,0.010706638115631691,-0.006423982869379015,0.010706638115631691,0.0,0.0,0.0,-0.006423982869379015
gtd,0.010706638115631691,-0.006423982869379015,0.010706638115631691,0.0,0.0,0.0,-0.006423982869379015
Schulze,0.010706638115631691,-0.006423982869379015,0.010706638115631691,0.0,0.0,0.0,-0.006423982869379015
IRV,-0.019271948608137045,0.0,-0.019271948608137045,0.006423982869379015,0.006423982869379015,0.006423982869379015,0.0
