,Borda,plurality,gt,minimax,gtd,Schulze,IRV
Borda,0.0,0.0,0.03985507246376811,0.0,0.0,0.0,-0.014492753623188406
plurality,0.0,0.0,0.03985507246376811,0.0,0.0,0.0,-0.014492753623188406
gt,-0.03985507246376811,-0.03985507246376811,0.0,-0.03985507246376811,-0.03985507246376811,-0.03985507246376811,0.043478260869565216
minimax,0.0,0.0,0.03985507246376811,0.0,0.0,0.0,-0.014492753623188406
gtd,0.0,0.0,0.03985507246376811,0.0,0.0,0.0,-0.014492753623188406
Schulze,0.0,0.0,0.03985507246376811,0.0,0.0,0.0,-0.014492753623188406
IRV,0.014492753623188406,0.014492753623188406,-0.043478260869565216,0.014492753623188406,0.014492753623188406,0.014492753623188406,0.0
