,Borda,plurality,gt,minimax,gtd,Schulze,IRV
Borda,0.0,-0.0021929824561403508,0.0043859649122807015,-0.0021929824561403508,-0.0021929824561403508,-0.0021929824561403508,-0.0021929824561403508
plurality,0.0021929824561403508,0.0,-0.0021929824561403508,0.0,0.0,0.0,0.0
gt,-0.0043859649122807015,0.0021929824561403508,0.0,0.0021929824561403508,0.0021929824561403508,0.0021929824561403508,0.0021929824561403508
minimax,0.0021929824561403508,0.0,-0.0021929824561403508,0.0,0.0,0.0,0.0
gtd,0.0021929824561403508,0.0,-0.0021929824561403508,0.0,0.0,0.0,0.0
Schulze,0.0021929824561403508,0.0,-0.0021929824561403508,0.0,0.0,0.0,0.0
IRV,0.0021929824561403508,0.0,-0.0021929824561403508,0.0,0.0,0.0,0.0
