,Borda,plurality,gt,minimax,gtd,Schulze,IRV
Borda,0.0,-0.004545454545454545,-0.004545454545454545,0.0,-0.004545454545454545,0.0,0.03409090909090909
plurality,0.004545454545454545,0.0,0.0,0.004545454545454545,0.0,0.004545454545454545,-0.02727272727272727
gt,0.004545454545454545,0.0,0.0,0.004545454545454545,0.0,0.004545454545454545,-0.02727272727272727
minimax,0.0,-0.004545454545454545,-0.004545454545454545,0.0,-0.004545454545454545,0.0,0.03409090909090909
gtd,0.004545454545454545,0.0,0.0,0.004545454545454545,0.0,0.004545454545454545,-0.02727272727272727
Schulze,0.0,-0.004545454545454545,-0.004545454545454545,0.0,-0.004545454545454545,0.0,0.03409090909090909
IRV,-0.03409090909090909,0.02727272727272727,0.02727272727272727,-0.03409090909090909,0.02727272727272727,-0.03409090909090909,0.0
