,Borda,plurality,gt,minimax,gtd,Schulze,IRV
Borda,0.0,0.0,0.020308692120227456,-0.008935824532900082,-0.008935824532900082,-0.008935824532900082,0.0
plurality,0.0,0.0,0.020308692120227456,-0.008935824532900082,-0.008935824532900082,-0.008935824532900082,0.0
gt,-0.020308692120227456,-0.020308692120227456,0.0,0.005686433793663688,0.005686433793663688,0.005686433793663688,-0.020308692120227456
minimax,0.008935824532900082,0.008935824532900082,-0.005686433793663688,0.0,0.0,0.0,0.008935824532900082
gtd,0.008935824532900082,0.008935824532900082,-0.005686433793663688,0.0,0.0,0.0,0.008935824532900082
Schulze,0.008935824532900082,0.008935824532900082,-0.005686433793663688,0.0,0.0,0.0,0.008935824532900082
IRV,0.0,0.0,0.020308692120227456,-0.008935824532900082,-0.008935824532900082,-0.008935824532900082,0.0
