,Borda,plurality,gt,minimax,gtd,Schulze,IRV
Borda,0.0,-0.003745318352059925,-0.003745318352059925,-0.003745318352059925,-0.003745318352059925,-0.003745318352059925,0.04369538077403246
plurality,0.003745318352059925,0.0,0.0,0.0,0.0,0.0,-0.0012484394506866417
gt,0.003745318352059925,0.0,0.0,0.0,0.0,0.0,-0.0012484394506866417
minimax,0.003745318352059925,0.0,0.0,0.0,0.0,0.0,-0.0012484394506866417
gtd,0.003745318352059925,0.0,0.0,0.0,0.0,0.0,-0.0012484394506866417
Schulze,0.003745318352059925,0.0,0.0,0.0,0.0,0.0,-0.0012484394506866417
IRV,-0.04369538077403246,0.0012484394506866417,0.0012484394506866417,0.0012484394506866417,0.0012484394506866417,0.0012484394506866417,0.0
