,Borda,plurality,gt,minimax,gtd,Schulze,IRV
Borda,0.0,0.1111111111111111,0.1111111111111111,0.0,-0.013550135501355014,0.0,0.0
plurality,-0.1111111111111111,0.0,0.0,-0.1111111111111111,0.024390243902439025,-0.1111111111111111,-0.1111111111111111
gt,-0.1111111111111111,0.0,0.0,-0.1111111111111111,0.024390243902439025,-0.1111111111111111,-0.1111111111111111
minimax,0.0,0.1111111111111111,0.1111111111111111,0.0,-0.013550135501355014,0.0,0.0
gtd,0.013550135501355014,-0.024390243902439025,-0.024390243902439025,0.013550135501355014,0.0,0.013550135501355014,0.013550135501355014
Schulze,0.0,0.1111111111111111,0.1111111111111111,0.0,-0.013550135501355014,0.0,0.0
IRV,0.0,0.1111111111111111,0.1111111111111111,0.0,-0.013550135501355014,0.0,0.0
