,Borda,plurality,gt,minimax,gtd,Schulze,IRV
Borda,0.0,0.05394190871369295,-0.02074688796680498,0.0,-0.02074688796680498,0.0,0.0
plurality,-0.05394190871369295,0.0,0.02074688796680498,-0.05394190871369295,0.02074688796680498,-0.05394190871369295,-0.05394190871369295
gt,0.02074688796680498,-0.02074688796680498,0.0,0.02074688796680498,0.0,0.02074688796680498,0.02074688796680498
minimax,0.0,0.05394190871369295,-0.02074688796680498,0.0,-0.02074688796680498,0.0,0.0
gtd,0.02074688796680498,-0.02074688796680498,0.0,0.02074688796680498,0.0,0.02074688796680498,0.02074688796680498
Schulze,0.0,0.05394190871369295,-0.02074688796680498,0.0,-0.02074688796680498,0.0,0.0
IRV,0.0,0.05394190871369295,-0.02074688796680498,0.0,-0.02074688796680498,0.0,0.0
