,Borda,plurality,gt,minimax,gtd,Schulze,IRV
Borda,0.0,0.042105263157894736,-0.021052631578947368,0.0,0.0,0.0,0.042105263157894736
plurality,-0.042105263157894736,0.0,0.04736842105263158,-0.042105263157894736,-0.042105263157894736,-0.042105263157894736,0.0
gt,0.021052631578947368,-0.04736842105263158,0.0,0.021052631578947368,0.021052631578947368,0.021052631578947368,-0.04736842105263158
minimax,0.0,0.042105263157894736,-0.021052631578947368,0.0,0.0,0.0,0.042105263157894736
gtd,0.0,0.042105263157894736,-0.021052631578947368,0.0,0.0,0.0,0.042105263157894736
Schulze,0.0,0.042105263157894736,-0.021052631578947368,0.0,0.0,0.0,0.042105263157894736
IRV,-0.042105263157894736,0.0,0.04736842105263158,-0.042105263157894736,-0.042105263157894736,-0.042105263157894736,0.0
