,Borda,plurality,gt,minimax,gtd,Schulze,IRV
Borda,0.0,0.04604985213350232,-0.008027038445289396,0.0,-0.008027038445289396,0.0,0.0
plurality,-0.04604985213350232,0.0,0.024081115335868188,-0.04604985213350232,0.024081115335868188,-0.04604985213350232,-0.04604985213350232
gt,0.008027038445289396,-0.024081115335868188,0.0,0.008027038445289396,0.0,0.008027038445289396,0.008027038445289396
minimax,0.0,0.04604985213350232,-0.008027038445289396,0.0,-0.008027038445289396,0.0,0.0
gtd,0.008027038445289396,-0.024081115335868188,0.0,0.008027038445289396,0.0,0.008027038445289396,0.008027038445289396
Schulze,0.0,0.04604985213350232,-0.008027038445289396,0.0,-0.008027038445289396,0.0,0.0
IRV,0.0,0.04604985213350232,-0.008027038445289396,0.0,-0.008027038445289396,0.0,0.0
