,Borda,plurality,gt,minimax,gtd,Schulze,IRV
Borda,0.0,0.032467532467532464,0.0,0.0,0.0,0.0,0.0
plurality,-0.032467532467532464,0.0,-0.032467532467532464,-0.032467532467532464,-0.01948051948051948,-0.032467532467532464,-0.01948051948051948
gt,0.0,0.032467532467532464,0.0,0.0,0.0,0.0,0.0
minimax,0.0,0.032467532467532464,0.0,0.0,0.0,0.0,0.0
gtd,0.0,0.01948051948051948,0.0,0.0,0.0,0.0,0.0
Schulze,0.0,0.032467532467532464,0.0,0.0,0.0,0.0,0.0
IRV,0.0,0.01948051948051948,0.0,0.0,0.0,0.0,0.0
