,Borda,plurality,gt,minimax,gtd,Schulze,IRV
Borda,0.0,-0.02252252252252252,0.0,0.0,-0.02252252252252252,0.0,0.05855855855855856
plurality,0.02252252252252252,0.0,0.02252252252252252,0.02252252252252252,0.0,0.02252252252252252,-0.04504504504504504
gt,0.0,-0.02252252252252252,0.0,0.0,-0.02252252252252252,0.0,0.05855855855855856
minimax,0.0,-0.02252252252252252,0.0,0.0,-0.02252252252252252,0.0,0.05855855855855856
gtd,0.02252252252252252,0.0,0.02252252252252252,0.02252252252252252,0.0,0.02252252252252252,-0.04504504504504504
Schulze,0.0,-0.02252252252252252,0.0,0.0,-0.02252252252252252,0.0,0.05855855855855856
IRV,-0.05855855855855856,0.04504504504504504,-0.05855855855855856,-0.05855855855855856,0.04504504504504504,-0.05855855855855856,0.0
