,Borda,plurality,gt,minimax,gtd,Schulze,IRV
Borda,0.0,0.0,0.10040705563093623,0.0,-0.008141112618724558,0.0,0.0
plurality,0.0,0.0,0.10040705563093623,0.0,-0.008141112618724558,0.0,0.0
gt,-0.10040705563093623,-0.10040705563093623,0.0,-0.10040705563093623,0.021709633649932156,-0.10040705563093623,-0.10040705563093623
minimax,0.0,0.0,0.10040705563093623,0.0,-0.008141112618724558,0.0,0.0
gtd,0.008141112618724558,0.008141112618724558,-0.021709633649932156,0.008141112618724558,0.0,0.008141112618724558,0.008141112618724558
Schulze,0.0,0.0,0.10040705563093623,0.0,-0.008141112618724558,0.0,0.0
IRV,0.0,0.0,0.10040705563093623,0.0,-0.008141112618724558,0.0,0.0
