,Borda,plurality,gt,minimax,gtd,Schulze,IRV
Borda,0.0,0.04526748971193416,-0.0013717421124828531,0.0,-0.0013717421124828531,0.0,0.0
plurality,-0.04526748971193416,0.0,0.009602194787379973,-0.04526748971193416,0.009602194787379973,-0.04526748971193416,-0.04526748971193416
gt,0.0013717421124828531,-0.009602194787379973,0.0,0.0013717421124828531,0.0,0.0013717421124828531,0.0013717421124828531
minimax,0.0,0.04526748971193416,-0.0013717421124828531,0.0,-0.0013717421124828531,0.0,0.0
gtd,0.0013717421124828531,-0.009602194787379973,0.0,0.0013717421124828531,0.0,0.0013717421124828531,0.0013717421124828531
Schulze,0.0,0.04526748971193416,-0.0013717421124828531,0.0,-0.0013717421124828531,0.0,0.0
IRV,0.0,0.04526748971193416,-0.0013717421124828531,0.0,-0.0013717421124828531,0.0,0.0
