,Borda,plurality,gt,minimax,gtd,Schulze,IRV
Borda,0.0,0.0,-0.005385996409335727,0.0,-0.005385996409335727,0.0,-0.005385996409335727
plurality,0.0,0.0,-0.005385996409335727,0.0,-0.005385996409335727,0.0,-0.005385996409335727
gt,0.005385996409335727,0.005385996409335727,0.0,0.005385996409335727,0.0,0.005385996409335727,0.0
minimax,0.0,0.0,-0.005385996409335727,0.0,-0.005385996409335727,0.0,-0.005385996409335727
gtd,0.005385996409335727,0.005385996409335727,0.0,0.005385996409335727,0.0,0.005385996409335727,0.0
Schulze,0.0,0.0,-0.005385996409335727,0.0,-0.005385996409335727,0.0,-0.005385996409335727
IRV,0.005385996409335727,0.005385996409335727,0.0,0.005385996409335727,0.0,0.005385996409335727,0.0
