,Borda,plurality,gt,minimax,gtd,Schulze,IRV
Borda,0.0,0.0,0.08701854493580599,0.0,-0.029957203994293864,0.0,-0.029957203994293864
plurality,0.0,0.0,0.08701854493580599,0.0,-0.029957203994293864,0.0,-0.029957203994293864
gt,-0.08701854493580599,-0.08701854493580599,0.0,-0.08701854493580599,0.047075606276747506,-0.08701854493580599,0.047075606276747506
minimax,0.0,0.0,0.08701854493580599,0.0,-0.029957203994293864,0.0,-0.029957203994293864
gtd,0.029957203994293864,0.029957203994293864,-0.047075606276747506,0.029957203994293864,0.0,0.029957203994293864,0.0
Schulze,0.0,0.0,0.08701854493580599,0.0,-0.029957203994293864,0.0,-0.029957203994293864
IRV,0.029957203994293864,0.029957203994293864,-0.047075606276747506,0.029957203994293864,0.0,0.029957203994293864,0.0
