,Borda,plurality,gt,minimax,gtd,Schulze,IRV
Borda,0.0,0.0,0.029439696106362774,0.0,-0.002849002849002849,0.0,-0.002849002849002849
plurality,0.0,0.0,0.029439696106362774,0.0,-0.002849002849002849,0.0,-0.002849002849002849
gt,-0.029439696106362774,-0.029439696106362774,0.0,-0.029439696106362774,0.010446343779677113,-0.029439696106362774,0.010446343779677113
minimax,0.0,0.0,0.029439696106362774,0.0,-0.002849002849002849,0.0,-0.002849002849002849
gtd,0.002849002849002849,0.002849002849002849,-0.010446343779677113,0.002849002849002849,0.0,0.002849002849002849,0.0
Schulze,0.0,0.0,0.029439696106362774,0.0,-0.002849002849002849,0.0,-0.002849002849002849
IRV,0.002849002849002849,0.002849002849002849,-0.010446343779677113,0.002849002849002849,0.0,0.002849002849002849,0.0
