,Borda,plurality,gt,minimax,gtd,Schulze,IRV
Borda,0.0,0.033255993812838364,0.0,0.0,0.0,0.0,0.033255993812838364
plurality,-0.033255993812838364,0.0,-0.033255993812838364,-0.033255993812838364,-0.033255993812838364,-0.033255993812838364,0.0
gt,0.0,0.033255993812838364,0.0,0.0,0.0,0.0,0.033255993812838364
minimax,0.0,0.033255993812838364,0.0,0.0,0.0,0.0,0.033255993812838364
gtd,0.0,0.033255993812838364,0.0,0.0,0.0,0.0,0.033255993812838364
Schulze,0.0,0.033255993812838364,0.0,0.0,0.0,0.0,0.033255993812838364
IRV,-0.033255993812838364,0.0,-0.033255993812838364,-0.033255993812838364,-0.033255993812838364,-0.033255993812838364,0.0
