,Borda,plurality,gt,minimax,gtd,Schulze,IRV
Borda,0.0,0.013237063778580024,0.0,0.0,-0.0012033694344163659,0.0,0.0
plurality,-0.013237063778580024,0.0,-0.013237063778580024,-0.013237063778580024,0.010830324909747292,-0.013237063778580024,-0.013237063778580024
gt,0.0,0.013237063778580024,0.0,0.0,-0.0012033694344163659,0.0,0.0
minimax,0.0,0.013237063778580024,0.0,0.0,-0.0012033694344163659,0.0,0.0
gtd,0.0012033694344163659,-0.010830324909747292,0.0012033694344163659,0.0012033694344163659,0.0,0.0012033694344163659,0.0012033694344163659
Schulze,0.0,0.013237063778580024,0.0,0.0,-0.0012033694344163659,0.0,0.0
IRV,0.0,0.013237063778580024,0.0,0.0,-0.0012033694344163659,0.0,0.0
