,Borda,plurality,gt,minimax,gtd,Schulze,IRV
Borda,0.0,-0.014005602240896359,-0.014005602240896359,-0.014005602240896359,-0.014005602240896359,-0.014005602240896359,0.13725490196078433
plurality,0.014005602240896359,0.0,0.0,0.0,0.0,0.0,-0.008403361344537815
gt,0.014005602240896359,0.0,0.0,0.0,0.0,0.0,-0.008403361344537815
minimax,0.014005602240896359,0.0,0.0,0.0,0.0,0.0,-0.008403361344537815
gtd,0.014005602240896359,0.0,0.0,0.0,0.0,0.0,-0.008403361344537815
Schulze,0.014005602240896359,0.0,0.0,0.0,0.0,0.0,-0.008403361344537815
IRV,-0.13725490196078433,0.008403361344537815,0.008403361344537815,0.008403361344537815,0.008403361344537815,0.008403361344537815,0.0
