,Borda,plurality,gt,minimax,gtd,Schulze,IRV
Borda,0.0,-0.006211180124223602,0.018633540372670808,-0.006211180124223602,-0.006211180124223602,-0.006211180124223602,-0.006211180124223602
plurality,0.006211180124223602,0.0,-0.006211180124223602,0.0,0.0,0.0,0.0
gt,-0.018633540372670808,0.006211180124223602,0.0,0.006211180124223602,0.006211180124223602,0.006211180124223602,0.006211180124223602
minimax,0.006211180124223602,0.0,-0.006211180124223602,0.0,0.0,0.0,0.0
gtd,0.006211180124223602,0.0,-0.006211180124223602,0.0,0.0,0.0,0.0
Schulze,0.006211180124223602,0.0,-0.006211180124223602,0.0,0.0,0.0,0.0
IRV,0.006211180124223602,0.0,-0.006211180124223602,0.0,0.0,0.0,0.0
