,Borda,plurality,gt,minimax,gtd,Schulze,IRV
Borda,0.0,0.05845181674565561,0.0,0.0,-0.004739336492890996,0.0,0.05845181674565561
plurality,-0.05845181674565561,0.0,-0.05845181674565561,-0.05845181674565561,0.020537124802527645,-0.05845181674565561,0.0
gt,0.0,0.05845181674565561,0.0,0.0,-0.004739336492890996,0.0,0.05845181674565561
minimax,0.0,0.05845181674565561,0.0,0.0,-0.004739336492890996,0.0,0.05845181674565561
gtd,0.004739336492890996,-0.020537124802527645,0.004739336492890996,0.004739336492890996,0.0,0.004739336492890996,-0.020537124802527645
Schulze,0.0,0.05845181674565561,0.0,0.0,-0.004739336492890996,0.0,0.05845181674565561
IRV,-0.05845181674565561,0.0,-0.05845181674565561,-0.05845181674565561,0.020537124802527645,-0.05845181674565561,0.0
