,Borda,plurality,gt,minimax,gtd,Schulze,IRV
Borda,0.0,-0.001949317738791423,-0.001949317738791423,0.0,-0.001949317738791423,0.0,-0.001949317738791423
plurality,0.001949317738791423,0.0,0.0,0.001949317738791423,0.0,0.001949317738791423,0.0
gt,0.001949317738791423,0.0,0.0,0.001949317738791423,0.0,0.001949317738791423,0.0
minimax,0.0,-0.001949317738791423,-0.001949317738791423,0.0,-0.001949317738791423,0.0,-0.001949317738791423
gtd,0.001949317738791423,0.0,0.0,0.001949317738791423,0.0,0.001949317738791423,0.0
Schulze,0.0,-0.001949317738791423,-0.001949317738791423,0.0,-0.001949317738791423,0.0,-0.001949317738791423
IRV,0.001949317738791423,0.0,0.0,0.001949317738791423,0.0,0.001949317738791423,0.0
