,Borda,plurality,gt,minimax,gtd,Schulze,IRV
Borda,0.0,0.10869565217391304,0.0,0.0,0.0,0.0,0.0
plurality,-0.10869565217391304,0.0,-0.02608695652173913,-0.02608695652173913,-0.10869565217391304,-0.02608695652173913,-0.02608695652173913
gt,0.0,0.02608695652173913,0.0,0.0,0.0,0.0,0.0
minimax,0.0,0.02608695652173913,0.0,0.0,0.0,0.0,0.0
gtd,0.0,0.10869565217391304,0.0,0.0,0.0,0.0,0.0
Schulze,0.0,0.02608695652173913,0.0,0.0,0.0,0.0,0.0
IRV,0.0,0.02608695652173913,0.0,0.0,0.0,0.0,0.0
