,Borda,plurality,gt,minimax,gtd,Schulze,IRV
Borda,0.0,-0.007125890736342043,0.09738717339667459,-0.007125890736342043,-0.007125890736342043,-0.007125890736342043,-0.007125890736342043
plurality,0.007125890736342043,0.0,0.0,0.0,0.0,0.0,0.0
gt,-0.09738717339667459,0.0,0.0,0.0,0.0,0.0,0.0
minimax,0.007125890736342043,0.0,0.0,0.0,0.0,0.0,0.0
gtd,0.007125890736342043,0.0,0.0,0.0,0.0,0.0,0.0
Schulze,0.007125890736342043,0.0,0.0,0.0,0.0,0.0,0.0
IRV,0.007125890736342043,0.0,0.0,0.0,0.0,0.0,0.0
