,Borda,plurality,gt,minimax,gtd,Schulze,IRV
Borda,0.0,-0.005366726296958855,0.0,0.0,-0.005366726296958855,0.0,-0.005366726296958855
plurality,0.005366726296958855,0.0,0.005366726296958855,0.005366726296958855,0.0,0.005366726296958855,0.0
gt,0.0,-0.005366726296958855,0.0,0.0,-0.005366726296958855,0.0,-0.005366726296958855
minimax,0.0,-0.005366726296958855,0.0,0.0,-0.005366726296958855,0.0,-0.005366726296958855
gtd,0.005366726296958855,0.0,0.005366726296958855,0.005366726296958855,0.0,0.005366726296958855,0.0
Schulze,0.0,-0.005366726296958855,0.0,0.0,-0.005366726296958855,0.0,-0.005366726296958855
IRV,0.005366726296958855,0.0,0.005366726296958855,0.005366726296958855,0.0,0.005366726296958855,0.0
