,Borda,plurality,gt,minimax,gtd,Schulze,IRV
Borda,0.0,-0.01026694045174538,-0.01026694045174538,0.0,-0.01026694045174538,0.0,0.014373716632443531
plurality,0.01026694045174538,0.0,0.0,0.01026694045174538,0.0,0.01026694045174538,-0.01026694045174538
gt,0.01026694045174538,0.0,0.0,0.01026694045174538,0.0,0.01026694045174538,-0.01026694045174538
minimax,0.0,-0.01026694045174538,-0.01026694045174538,0.0,-0.01026694045174538,0.0,0.014373716632443531
gtd,0.01026694045174538,0.0,0.0,0.01026694045174538,0.0,0.01026694045174538,-0.01026694045174538
Schulze,0.0,-0.01026694045174538,-0.01026694045174538,0.0,-0.01026694045174538,0.0,0.014373716632443531
IRV,-0.014373716632443531,0.01026694045174538,0.01026694045174538,-0.014373716632443531,0.01026694045174538,-0.014373716632443531,0.0
