,Borda,plurality,gt,minimax,gtd,Schulze,IRV
Borda,0.0,0.0215119852489244,-0.0006146281499692685,-0.0006146281499692685,-0.0006146281499692685,-0.0006146281499692685,0.0
plurality,-0.0215119852489244,0.0,0.0006146281499692685,0.0006146281499692685,0.0006146281499692685,0.0006146281499692685,-0.0215119852489244
gt,0.0006146281499692685,-0.0006146281499692685,0.0,0.0,0.0,0.0,0.0006146281499692685
minimax,0.0006146281499692685,-0.0006146281499692685,0.0,0.0,0.0,0.0,0.0006146281499692685
gtd,0.0006146281499692685,-0.0006146281499692685,0.0,0.0,0.0,0.0,0.0006146281499692685
Schulze,0.0006146281499692685,-0.0006146281499692685,0.0,0.0,0.0,0.0,0.0006146281499692685
IRV,0.0,0.0215119852489244,-0.0006146281499692685,-0.0006146281499692685,-0.0006146281499692685,-0.0006146281499692685,0.0
