,Borda,plurality,gt,minimax,gtd,Schulze,IRV
Borda,0.0,-0.0029154518950437317,-0.0029154518950437317,0.0,-0.0029154518950437317,0.0,0.052478134110787174
plurality,0.0029154518950437317,0.0,0.0,0.0029154518950437317,0.0,0.0029154518950437317,-0.043731778425655975
gt,0.0029154518950437317,0.0,0.0,0.0029154518950437317,0.0,0.0029154518950437317,-0.043731778425655975
minimax,0.0,-0.0029154518950437317,-0.0029154518950437317,0.0,-0.0029154518950437317,0.0,0.052478134110787174
gtd,0.0029154518950437317,0.0,0.0,0.0029154518950437317,0.0,0.0029154518950437317,-0.043731778425655975
Schulze,0.0,-0.0029154518950437317,-0.0029154518950437317,0.0,-0.0029154518950437317,0.0,0.052478134110787174
IRV,-0.052478134110787174,0.043731778425655975,0.043731778425655975,-0.052478134110787174,0.043731778425655975,-0.052478134110787174,0.0
