,Borda,plurality,gt,minimax,gtd,Schulze,IRV
Borda,0.0,-0.013404825737265416,-0.013404825737265416,-0.013404825737265416,-0.013404825737265416,-0.013404825737265416,0.04825737265415549
plurality,0.013404825737265416,0.0,0.0,0.0,0.0,0.0,-0.0008936550491510277
gt,0.013404825737265416,0.0,0.0,0.0,0.0,0.0,-0.0008936550491510277
minimax,0.013404825737265416,0.0,0.0,0.0,0.0,0.0,-0.0008936550491510277
gtd,0.013404825737265416,0.0,0.0,0.0,0.0,0.0,-0.0008936550491510277
Schulze,0.013404825737265416,0.0,0.0,0.0,0.0,0.0,-0.0008936550491510277
IRV,-0.04825737265415549,0.0008936550491510277,0.0008936550491510277,0.0008936550491510277,0.0008936550491510277,0.0008936550491510277,0.0
