,Borda,plurality,gt,minimax,gtd,Schulze,IRV
Borda,0.0,-0.007017543859649123,-0.007017543859649123,-0.007017543859649123,-0.007017543859649123,-0.007017543859649123,0.06666666666666667
plurality,0.007017543859649123,0.0,0.0,0.0,0.0,0.0,0.0
gt,0.007017543859649123,0.0,0.0,0.0,0.0,0.0,0.0
minimax,0.007017543859649123,0.0,0.0,0.0,0.0,0.0,0.0
gtd,0.007017543859649123,0.0,0.0,0.0,0.0,0.0,0.0
Schulze,0.007017543859649123,0.0,0.0,0.0,0.0,0.0,0.0
IRV,-0.06666666666666667,0.0,0.0,0.0,0.0,0.0,0.0
