,Borda,plurality,gt,minimax,gtd,Schulze,IRV
Borda,0.0,0.05783132530120482,0.05783132530120482,-0.024096385542168676,-0.024096385542168676,-0.024096385542168676,0.0
plurality,-0.05783132530120482,0.0,0.0,0.0,0.0,0.0,-0.05783132530120482
gt,-0.05783132530120482,0.0,0.0,0.0,0.0,0.0,-0.05783132530120482
minimax,0.024096385542168676,0.0,0.0,0.0,0.0,0.0,0.024096385542168676
gtd,0.024096385542168676,0.0,0.0,0.0,0.0,0.0,0.024096385542168676
Schulze,0.024096385542168676,0.0,0.0,0.0,0.0,0.0,0.024096385542168676
IRV,0.0,0.05783132530120482,0.05783132530120482,-0.024096385542168676,-0.024096385542168676,-0.024096385542168676,0.0
