,Borda,plurality,gt,minimax,gtd,Schulze,IRV
Borda,0.0,0.09283819628647215,-0.050397877984084884,-0.050397877984084884,-0.050397877984084884,-0.050397877984084884,0.09283819628647215
plurality,-0.09283819628647215,0.0,0.023872679045092837,0.023872679045092837,0.023872679045092837,0.023872679045092837,0.0
gt,0.050397877984084884,-0.023872679045092837,0.0,0.0,0.0,0.0,-0.023872679045092837
minimax,0.050397877984084884,-0.023872679045092837,0.0,0.0,0.0,0.0,-0.023872679045092837
gtd,0.050397877984084884,-0.023872679045092837,0.0,0.0,0.0,0.0,-0.023872679045092837
Schulze,0.050397877984084884,-0.023872679045092837,0.0,0.0,0.0,0.0,-0.023872679045092837
IRV,-0.09283819628647215,0.0,0.023872679045092837,0.023872679045092837,0.023872679045092837,0.023872679045092837,0.0
