,Borda,plurality,gt,minimax,gtd,Schulze,IRV
Borda,0.0,-0.0117096018735363,-0.0117096018735363,0.0,-0.0117096018735363,0.0,-0.0117096018735363
plurality,0.0117096018735363,0.0,0.0,0.0117096018735363,0.0,0.0117096018735363,0.0
gt,0.0117096018735363,0.0,0.0,0.0117096018735363,0.0,0.0117096018735363,0.0
minimax,0.0,-0.0117096018735363,-0.0117096018735363,0.0,-0.0117096018735363,0.0,-0.0117096018735363
gtd,0.0117096018735363,0.0,0.0,0.0117096018735363,0.0,0.0117096018735363,0.0
Schulze,0.0,-0.0117096018735363,-0.0117096018735363,0.0,-0.0117096018735363,0.0,-0.0117096018735363
IRV,0.0117096018735363,0.0,0.0,0.0117096018735363,0.0,0.0117096018735363,0.0
