,Borda,plurality,gt,minimax,gtd,Schulze,IRV
Borda,0.0,-0.008818342151675485,0.0,0.0,-0.008818342151675485,0.0,-0.008818342151675485
plurality,0.008818342151675485,0.0,0.008818342151675485,0.008818342151675485,0.0,0.008818342151675485,0.0
gt,0.0,-0.008818342151675485,0.0,0.0,-0.008818342151675485,0.0,-0.008818342151675485
minimax,0.0,-0.008818342151675485,0.0,0.0,-0.008818342151675485,0.0,-0.008818342151675485
gtd,0.008818342151675485,0.0,0.008818342151675485,0.008818342151675485,0.0,0.008818342151675485,0.0
Schulze,0.0,-0.008818342151675485,0.0,0.0,-0.008818342151675485,0.0,-0.008818342151675485
IRV,0.008818342151675485,0.0,0.008818342151675485,0.008818342151675485,0.0,0.008818342151675485,0.0
