,Borda,plurality,gt,minimax,gtd,Schulze,IRV
Borda,0.0,-0.01990049751243781,-0.01990049751243781,-0.01990049751243781,-0.01990049751243781,-0.01990049751243781,0.029850746268656716
plurality,0.01990049751243781,0.0,0.0,0.0,0.0,0.0,-0.014925373134328358
gt,0.01990049751243781,0.0,0.0,0.0,0.0,0.0,-0.014925373134328358
minimax,0.01990049751243781,0.0,0.0,0.0,0.0,0.0,-0.014925373134328358
gtd,0.01990049751243781,0.0,0.0,0.0,0.0,0.0,-0.014925373134328358
Schulze,0.01990049751243781,0.0,0.0,0.0,0.0,0.0,-0.014925373134328358
IRV,-0.029850746268656716,0.014925373134328358,0.014925373134328358,0.014925373134328358,0.014925373134328358,0.014925373134328358,0.0
