,Borda,plurality,gt,minimax,gtd,Schulze,IRV
Borda,0.0,0.0,-0.007662835249042145,-0.007662835249042145,-0.007662835249042145,-0.007662835249042145,0.0
plurality,0.0,0.0,-0.007662835249042145,-0.007662835249042145,-0.007662835249042145,-0.007662835249042145,0.0
gt,0.007662835249042145,0.007662835249042145,0.0,0.0,0.0,0.0,0.007662835249042145
minimax,0.007662835249042145,0.007662835249042145,0.0,0.0,0.0,0.0,0.007662835249042145
gtd,0.007662835249042145,0.007662835249042145,0.0,0.0,0.0,0.0,0.007662835249042145
Schulze,0.007662835249042145,0.007662835249042145,0.0,0.0,0.0,0.0,0.007662835249042145
IRV,0.0,0.0,-0.007662835249042145,-0.007662835249042145,-0.007662835249042145,-0.007662835249042145,0.0
