,Borda,plurality,gt,minimax,gtd,Schulze,IRV
Borda,0.0,-0.007518796992481203,0.03007518796992481,0.0,0.0,0.0,-0.007518796992481203
plurality,0.007518796992481203,0.0,-0.03383458646616541,0.007518796992481203,0.007518796992481203,0.007518796992481203,0.0
gt,-0.03007518796992481,0.03383458646616541,0.0,-0.03007518796992481,-0.03007518796992481,-0.03007518796992481,0.03383458646616541
minimax,0.0,-0.007518796992481203,0.03007518796992481,0.0,0.0,0.0,-0.007518796992481203
gtd,0.0,-0.007518796992481203,0.03007518796992481,0.0,0.0,0.0,-0.007518796992481203
Schulze,0.0,-0.007518796992481203,0.03007518796992481,0.0,0.0,0.0,-0.007518796992481203
IRV,0.007518796992481203,0.0,-0.03383458646616541,0.007518796992481203,0.007518796992481203,0.007518796992481203,0.0
