,Borda,plurality,gt,minimax,gtd,Schulze,IRV
Borda,0.0,0.0,0.04854368932038835,-0.014563106796116505,-0.014563106796116505,-0.014563106796116505,-0.014563106796116505
plurality,0.0,0.0,0.04854368932038835,-0.014563106796116505,-0.014563106796116505,-0.014563106796116505,-0.014563106796116505
gt,-0.04854368932038835,-0.04854368932038835,0.0,0.0048543689320388345,0.0048543689320388345,0.0048543689320388345,0.0048543689320388345
minimax,0.014563106796116505,0.014563106796116505,-0.0048543689320388345,0.0,0.0,0.0,0.0
gtd,0.014563106796116505,0.014563106796116505,-0.0048543689320388345,0.0,0.0,0.0,0.0
Schulze,0.014563106796116505,0.014563106796116505,-0.0048543689320388345,0.0,0.0,0.0,0.0
IRV,0.014563106796116505,0.014563106796116505,-0.0048543689320388345,0.0,0.0,0.0,0.0
