,Borda,plurality,gt,minimax,gtd,Schulze,IRV
Borda,0.0,-0.0063532401524777635,-0.0063532401524777635,0.0,-0.0063532401524777635,0.0,-0.0063532401524777635
plurality,0.0063532401524777635,0.0,0.0,0.0063532401524777635,0.0,0.0063532401524777635,0.0
gt,0.0063532401524777635,0.0,0.0,0.0063532401524777635,0.0,0.0063532401524777635,0.0
minimax,0.0,-0.0063532401524777635,-0.0063532401524777635,0.0,-0.0063532401524777635,0.0,-0.0063532401524777635
gtd,0.0063532401524777635,0.0,0.0,0.0063532401524777635,0.0,0.0063532401524777635,0.0
Schulze,0.0,-0.0063532401524777635,-0.0063532401524777635,0.0,-0.0063532401524777635,0.0,-0.0063532401524777635
IRV,0.0063532401524777635,0.0,0.0,0.0063532401524777635,0.0,0.0063532401524777635,0.0
