,Borda,plurality,gt,minimax,gtd,Schulze,IRV
Borda,0.0,0.0,-0.004032258064516129,0.0,-0.004032258064516129,0.0,-0.004032258064516129
plurality,0.0,0.0,-0.004032258064516129,0.0,-0.004032258064516129,0.0,-0.004032258064516129
gt,0.004032258064516129,0.004032258064516129,0.0,0.004032258064516129,0.0,0.004032258064516129,0.0
minimax,0.0,0.0,-0.004032258064516129,0.0,-0.004032258064516129,0.0,-0.004032258064516129
gtd,0.004032258064516129,0.004032258064516129,0.0,0.004032258064516129,0.0,0.004032258064516129,0.0
Schulze,0.0,0.0,-0.004032258064516129,0.0,-0.004032258064516129,0.0,-0.004032258064516129
IRV,0.004032258064516129,0.004032258064516129,0.0,0.004032258064516129,0.0,0.004032258064516129,0.0
