,Borda,plurality,gt,minimax,gtd,Schulze,IRV
Borda,0.0,0.0,0.0,-0.01935483870967742,-0.01935483870967742,-0.01935483870967742,0.0
plurality,0.0,0.0,0.0,-0.01935483870967742,-0.01935483870967742,-0.01935483870967742,0.0
gt,0.0,0.0,0.0,-0.01935483870967742,-0.01935483870967742,-0.01935483870967742,0.0
minimax,0.01935483870967742,0.01935483870967742,0.01935483870967742,0.0,0.0,0.0,0.01935483870967742
gtd,0.01935483870967742,0.01935483870967742,0.01935483870967742,0.0,0.0,0.0,0.01935483870967742
Schulze,0.01935483870967742,0.01935483870967742,0.01935483870967742,0.0,0.0,0.0,0.01935483870967742
IRV,0.0,0.0,0.0,-0.01935483870967742,-0.01935483870967742,-0.01935483870967742,0.0
