,Borda,plurality,gt,minimax,gtd,Schulze,IRV
Borda,0.0,0.0,-0.011727912431587178,0.0,-0.011727912431587178,0.0,0.0
plurality,0.0,0.0,-0.011727912431587178,0.0,-0.011727912431587178,0.0,0.0
gt,0.011727912431587178,0.011727912431587178,0.0,0.011727912431587178,0.0,0.011727912431587178,0.011727912431587178
minimax,0.0,0.0,-0.011727912431587178,0.0,-0.011727912431587178,0.0,0.0
gtd,0.011727912431587178,0.011727912431587178,0.0,0.011727912431587178,0.0,0.011727912431587178,0.011727912431587178
Schulze,0.0,0.0,-0.011727912431587178,0.0,-0.011727912431587178,0.0,0.0
IRV,0.0,0.0,-0.011727912431587178,0.0,-0.011727912431587178,0.0,0.0
