,Borda,plurality,gt,minimax,gtd,Schulze,IRV
Borda,0.0,-0.013157894736842105,0.021929824561403508,0.0,-0.013157894736842105,0.0,0.021929824561403508
plurality,0.013157894736842105,0.0,-0.017543859649122806,0.013157894736842105,0.0,0.013157894736842105,-0.017543859649122806
gt,-0.021929824561403508,0.017543859649122806,0.0,-0.021929824561403508,0.017543859649122806,-0.021929824561403508,0.0
minimax,0.0,-0.013157894736842105,0.021929824561403508,0.0,-0.013157894736842105,0.0,0.021929824561403508
gtd,0.013157894736842105,0.0,-0.017543859649122806,0.013157894736842105,0.0,0.013157894736842105,-0.017543859649122806
Schulze,0.0,-0.013157894736842105,0.021929824561403508,0.0,-0.013157894736842105,0.0,0.021929824561403508
IRV,-0.021929824561403508,0.017543859649122806,0.0,-0.021929824561403508,0.017543859649122806,-0.021929824561403508,0.0
