,Borda,plurality,gt,minimax,gtd,Schulze,IRV
Borda,0.0,-0.015228426395939087,-0.015228426395939087,0.0,-0.015228426395939087,0.0,0.09137055837563451
plurality,0.015228426395939087,0.0,0.0,0.015228426395939087,0.0,0.015228426395939087,-0.02030456852791878
gt,0.015228426395939087,0.0,0.0,0.015228426395939087,0.0,0.015228426395939087,-0.02030456852791878
minimax,0.0,-0.015228426395939087,-0.015228426395939087,0.0,-0.015228426395939087,0.0,0.09137055837563451
gtd,0.015228426395939087,0.0,0.0,0.015228426395939087,0.0,0.015228426395939087,-0.02030456852791878
Schulze,0.0,-0.015228426395939087,-0.015228426395939087,0.0,-0.015228426395939087,0.0,0.09137055837563451
IRV,-0.09137055837563451,0.02030456852791878,0.02030456852791878,-0.09137055837563451,0.02030456852791878,-0.09137055837563451,0.0
