,Borda,plurality,gt,minimax,gtd,Schulze,IRV
Borda,0.0,-0.01195219123505976,-0.01195219123505976,-0.01195219123505976,-0.01195219123505976,-0.01195219123505976,0.0398406374501992
plurality,0.01195219123505976,0.0,0.0,0.0,0.0,0.0,-0.00398406374501992
gt,0.01195219123505976,0.0,0.0,0.0,0.0,0.0,-0.00398406374501992
minimax,0.01195219123505976,0.0,0.0,0.0,0.0,0.0,-0.00398406374501992
gtd,0.01195219123505976,0.0,0.0,0.0,0.0,0.0,-0.00398406374501992
Schulze,0.01195219123505976,0.0,0.0,0.0,0.0,0.0,-0.00398406374501992
IRV,-0.0398406374501992,0.00398406374501992,0.00398406374501992,0.00398406374501992,0.00398406374501992,0.00398406374501992,0.0
