,Borda,plurality,gt,minimax,gtd,Schulze,IRV
Borda,0.0,0.0,-0.013114754098360656,0.0,-0.013114754098360656,0.0,0.0
plurality,0.0,0.0,-0.013114754098360656,0.0,-0.013114754098360656,0.0,0.0
gt,0.013114754098360656,0.013114754098360656,0.0,0.013114754098360656,0.0,0.013114754098360656,0.013114754098360656
minimax,0.0,0.0,-0.013114754098360656,0.0,-0.013114754098360656,0.0,0.0
gtd,0.013114754098360656,0.013114754098360656,0.0,0.013114754098360656,0.0,0.013114754098360656,0.013114754098360656
Schulze,0.0,0.0,-0.013114754098360656,0.0,-0.013114754098360656,0.0,0.0
IRV,0.0,0.0,-0.013114754098360656,0.0,-0.013114754098360656,0.0,0.0
