,Borda,plurality,gt,minimax,gtd,Schulze,IRV
Borda,0.0,0.04477611940298507,-0.0021321961620469083,0.0,-0.0021321961620469083,0.0,0.0
plurality,-0.04477611940298507,0.0,0.010660980810234541,-0.04477611940298507,0.010660980810234541,-0.04477611940298507,-0.04477611940298507
gt,0.0021321961620469083,-0.010660980810234541,0.0,0.0021321961620469083,0.0,0.0021321961620469083,0.0021321961620469083
minimax,0.0,0.04477611940298507,-0.0021321961620469083,0.0,-0.0021321961620469083,0.0,0.0
gtd,0.0021321961620469083,-0.010660980810234541,0.0,0.0021321961620469083,0.0,0.0021321961620469083,0.0021321961620469083
Schulze,0.0,0.04477611940298507,-0.0021321961620469083,0.0,-0.0021321961620469083,0.0,0.0
IRV,0.0,0.04477611940298507,-0.0021321961620469083,0.0,-0.0021321961620469083,0.0,0.0
