,Borda,plurality,gt,minimax,gtd,Schulze,IRV
Borda,0.0,-0.019197207678883072,0.0,-0.019197207678883072,-0.019197207678883072,-0.019197207678883072,0.0506108202443281
plurality,0.019197207678883072,0.0,0.019197207678883072,0.0,0.0,0.0,-0.008726003490401396
gt,0.0,-0.019197207678883072,0.0,-0.019197207678883072,-0.019197207678883072,-0.019197207678883072,0.0506108202443281
minimax,0.019197207678883072,0.0,0.019197207678883072,0.0,0.0,0.0,-0.008726003490401396
gtd,0.019197207678883072,0.0,0.019197207678883072,0.0,0.0,0.0,-0.008726003490401396
Schulze,0.019197207678883072,0.0,0.019197207678883072,0.0,0.0,0.0,-0.008726003490401396
IRV,-0.0506108202443281,0.008726003490401396,-0.0506108202443281,0.008726003490401396,0.008726003490401396,0.008726003490401396,0.0
