,Borda,plurality,gt,minimax,gtd,Schulze,IRV
Borda,0.0,0.06693711967545639,-0.010141987829614604,-0.010141987829614604,-0.010141987829614604,-0.010141987829614604,0.06693711967545639
plurality,-0.06693711967545639,0.0,0.006085192697768763,0.006085192697768763,0.006085192697768763,0.006085192697768763,0.0
gt,0.010141987829614604,-0.006085192697768763,0.0,0.0,0.0,0.0,-0.006085192697768763
minimax,0.010141987829614604,-0.006085192697768763,0.0,0.0,0.0,0.0,-0.006085192697768763
gtd,0.010141987829614604,-0.006085192697768763,0.0,0.0,0.0,0.0,-0.006085192697768763
Schulze,0.010141987829614604,-0.006085192697768763,0.0,0.0,0.0,0.0,-0.006085192697768763
IRV,-0.06693711967545639,0.0,0.006085192697768763,0.006085192697768763,0.006085192697768763,0.006085192697768763,0.0
