,Borda,plurality,gt,minimax,gtd,Schulze,IRV
Borda,0.0,0.04048892284186402,0.0,0.0,-0.009931245225362872,0.0,0.0
plurality,-0.04048892284186402,0.0,-0.04048892284186402,-0.04048892284186402,0.01145912910618793,-0.04048892284186402,-0.04048892284186402
gt,0.0,0.04048892284186402,0.0,0.0,-0.009931245225362872,0.0,0.0
minimax,0.0,0.04048892284186402,0.0,0.0,-0.009931245225362872,0.0,0.0
gtd,0.009931245225362872,-0.01145912910618793,0.009931245225362872,0.009931245225362872,0.0,0.009931245225362872,0.009931245225362872
Schulze,0.0,0.04048892284186402,0.0,0.0,-0.009931245225362872,0.0,0.0
IRV,0.0,0.04048892284186402,0.0,0.0,-0.009931245225362872,0.0,0.0
