,Borda,plurality,gt,minimax,gtd,Schulze,IRV
Borda,0.0,0.0,0.0,0.0,0.0,0.0,-0.02588235294117647
plurality,0.0,0.0,0.0,0.0,0.0,0.0,-0.02588235294117647
gt,0.0,0.0,0.0,0.0,0.0,0.0,-0.02588235294117647
minimax,0.0,0.0,0.0,0.0,0.0,0.0,-0.02588235294117647
gtd,0.0,0.0,0.0,0.0,0.0,0.0,-0.02588235294117647
Schulze,0.0,0.0,0.0,0.0,0.0,0.0,-0.02588235294117647
IRV,0.02588235294117647,0.02588235294117647,0.02588235294117647,0.02588235294117647,0.02588235294117647,0.02588235294117647,0.0
