,Borda,plurality,gt,minimax,gtd,Schulze,IRV
Borda,0.0,0.0,0.059602649006622516,-0.025165562913907286,-0.025165562913907286,-0.025165562913907286,-0.025165562913907286
plurality,0.0,0.0,0.059602649006622516,-0.025165562913907286,-0.025165562913907286,-0.025165562913907286,-0.025165562913907286
gt,-0.059602649006622516,-0.059602649006622516,0.0,0.009271523178807948,0.009271523178807948,0.009271523178807948,0.009271523178807948
minimax,0.025165562913907286,0.025165562913907286,-0.009271523178807948,0.0,0.0,0.0,0.0
gtd,0.025165562913907286,0.025165562913907286,-0.009271523178807948,0.0,0.0,0.0,0.0
Schulze,0.025165562913907286,0.025165562913907286,-0.009271523178807948,0.0,0.0,0.0,0.0
IRV,0.025165562913907286,0.025165562913907286,-0.009271523178807948,0.0,0.0,0.0,0.0
