,Borda,plurality,gt,minimax,gtd,Schulze,IRV
Borda,0.0,0.028409090909090908,0.0,0.0,0.0,0.0,0.0
plurality,-0.028409090909090908,0.0,-0.028409090909090908,-0.028409090909090908,-0.028409090909090908,-0.028409090909090908,-0.028409090909090908
gt,0.0,0.028409090909090908,0.0,0.0,0.0,0.0,0.0
minimax,0.0,0.028409090909090908,0.0,0.0,0.0,0.0,0.0
gtd,0.0,0.028409090909090908,0.0,0.0,0.0,0.0,0.0
Schulze,0.0,0.028409090909090908,0.0,0.0,0.0,0.0,0.0
IRV,0.0,0.028409090909090908,0.0,0.0,0.0,0.0,0.0
