,Borda,plurality,gt,minimax,gtd,Schulze,IRV
Borda,0.0,0.0,-0.003416300634455832,0.0,-0.003416300634455832,0.0,-0.003416300634455832
plurality,0.0,0.0,-0.003416300634455832,0.0,-0.003416300634455832,0.0,-0.003416300634455832
gt,0.003416300634455832,0.003416300634455832,0.0,0.003416300634455832,0.0,0.003416300634455832,0.0
minimax,0.0,0.0,-0.003416300634455832,0.0,-0.003416300634455832,0.0,-0.003416300634455832
gtd,0.003416300634455832,0.003416300634455832,0.0,0.003416300634455832,0.0,0.003416300634455832,0.0
Schulze,0.0,0.0,-0.003416300634455832,0.0,-0.003416300634455832,0.0,-0.003416300634455832
IRV,0.003416300634455832,0.003416300634455832,0.0,0.003416300634455832,0.0,0.003416300634455832,0.0
