,Borda,plurality,gt,minimax,gtd,Schulze,IRV
Borda,0.0,0.03438975050573163,0.03438975050573163,0.0,0.0,0.0,0.03438975050573163
plurality,-0.03438975050573163,0.0,0.0,-0.03438975050573163,-0.03438975050573163,-0.03438975050573163,0.0
gt,-0.03438975050573163,0.0,0.0,-0.03438975050573163,-0.03438975050573163,-0.03438975050573163,0.0
minimax,0.0,0.03438975050573163,0.03438975050573163,0.0,0.0,0.0,0.03438975050573163
gtd,0.0,0.03438975050573163,0.03438975050573163,0.0,0.0,0.0,0.03438975050573163
Schulze,0.0,0.03438975050573163,0.03438975050573163,0.0,0.0,0.0,0.03438975050573163
IRV,-0.03438975050573163,0.0,0.0,-0.03438975050573163,-0.03438975050573163,-0.03438975050573163,0.0
