,Borda,plurality,gt,minimax,gtd,Schulze,IRV
Borda,0.0,0.04895104895104895,-0.006993006993006993,-0.006993006993006993,-0.006993006993006993,-0.006993006993006993,0.0
plurality,-0.04895104895104895,0.0,0.002331002331002331,0.002331002331002331,0.002331002331002331,0.002331002331002331,-0.04895104895104895
gt,0.006993006993006993,-0.002331002331002331,0.0,0.0,0.0,0.0,0.006993006993006993
minimax,0.006993006993006993,-0.002331002331002331,0.0,0.0,0.0,0.0,0.006993006993006993
gtd,0.006993006993006993,-0.002331002331002331,0.0,0.0,0.0,0.0,0.006993006993006993
Schulze,0.006993006993006993,-0.002331002331002331,0.0,0.0,0.0,0.0,0.006993006993006993
IRV,0.0,0.04895104895104895,-0.006993006993006993,-0.006993006993006993,-0.006993006993006993,-0.006993006993006993,0.0
