,Borda,plurality,gt,minimax,gtd,Schulze,IRV
Borda,0.0,0.0,-0.02040816326530612,-0.02040816326530612,-0.02040816326530612,-0.02040816326530612,0.0
plurality,0.0,0.0,-0.02040816326530612,-0.02040816326530612,-0.02040816326530612,-0.02040816326530612,0.0
gt,0.02040816326530612,0.02040816326530612,0.0,0.0,0.0,0.0,0.02040816326530612
minimax,0.02040816326530612,0.02040816326530612,0.0,0.0,0.0,0.0,0.02040816326530612
gtd,0.02040816326530612,0.02040816326530612,0.0,0.0,0.0,0.0,0.02040816326530612
Schulze,0.02040816326530612,0.02040816326530612,0.0,0.0,0.0,0.0,0.02040816326530612
IRV,0.0,0.0,-0.02040816326530612,-0.02040816326530612,-0.02040816326530612,-0.02040816326530612,0.0
