,Borda,plurality,gt,minimax,gtd,Schulze,IRV
Borda,0.0,0.03636363636363636,0.0,0.0,-0.013636363636363636,0.0,0.03636363636363636
plurality,-0.03636363636363636,0.0,-0.03636363636363636,-0.03636363636363636,0.031818181818181815,-0.03636363636363636,0.0
gt,0.0,0.03636363636363636,0.0,0.0,-0.013636363636363636,0.0,0.03636363636363636
minimax,0.0,0.03636363636363636,0.0,0.0,-0.013636363636363636,0.0,0.03636363636363636
gtd,0.013636363636363636,-0.031818181818181815,0.013636363636363636,0.013636363636363636,0.0,0.013636363636363636,-0.031818181818181815
Schulze,0.0,0.03636363636363636,0.0,0.0,-0.013636363636363636,0.0,0.03636363636363636
IRV,-0.03636363636363636,0.0,-0.03636363636363636,-0.03636363636363636,0.031818181818181815,-0.03636363636363636,0.0
