,Borda,plurality,gt,minimax,gtd,Schulze,IRV
Borda,0.0,0.0,0.0,0.0,-0.006711409395973154,0.0,-0.006711409395973154
plurality,0.0,0.0,0.0,0.0,-0.006711409395973154,0.0,-0.006711409395973154
gt,0.0,0.0,0.0,0.0,-0.006711409395973154,0.0,-0.006711409395973154
minimax,0.0,0.0,0.0,0.0,-0.006711409395973154,0.0,-0.006711409395973154
gtd,0.006711409395973154,0.006711409395973154,0.006711409395973154,0.006711409395973154,0.0,0.006711409395973154,0.0
Schulze,0.0,0.0,0.0,0.0,-0.006711409395973154,0.0,-0.006711409395973154
IRV,0.006711409395973154,0.006711409395973154,0.006711409395973154,0.006711409395973154,0.0,0.006711409395973154,0.0
