,Borda,plurality,gt,minimax,gtd,Schulze,IRV
Borda,0.0,-0.002386634844868735,0.0,0.0,-0.002386634844868735,0.0,0.031026252983293555
plurality,0.002386634844868735,0.0,0.002386634844868735,0.002386634844868735,0.0,0.002386634844868735,-0.026252983293556086
gt,0.0,-0.002386634844868735,0.0,0.0,-0.002386634844868735,0.0,0.031026252983293555
minimax,0.0,-0.002386634844868735,0.0,0.0,-0.002386634844868735,0.0,0.031026252983293555
gtd,0.002386634844868735,0.0,0.002386634844868735,0.002386634844868735,0.0,0.002386634844868735,-0.026252983293556086
Schulze,0.0,-0.002386634844868735,0.0,0.0,-0.002386634844868735,0.0,0.031026252983293555
IRV,-0.031026252983293555,0.026252983293556086,-0.031026252983293555,-0.031026252983293555,0.026252983293556086,-0.031026252983293555,0.0
