,Borda,plurality,gt,minimax,gtd,Schulze,IRV
Borda,0.0,0.1134020618556701,-0.015463917525773196,-0.015463917525773196,-0.015463917525773196,-0.015463917525773196,0.1134020618556701
plurality,-0.1134020618556701,0.0,0.010309278350515464,0.010309278350515464,0.010309278350515464,0.010309278350515464,0.0
gt,0.015463917525773196,-0.010309278350515464,0.0,0.0,0.0,0.0,-0.010309278350515464
minimax,0.015463917525773196,-0.010309278350515464,0.0,0.0,0.0,0.0,-0.010309278350515464
gtd,0.015463917525773196,-0.010309278350515464,0.0,0.0,0.0,0.0,-0.010309278350515464
Schulze,0.015463917525773196,-0.010309278350515464,0.0,0.0,0.0,0.0,-0.010309278350515464
IRV,-0.1134020618556701,0.0,0.010309278350515464,0.010309278350515464,0.010309278350515464,0.010309278350515464,0.0
