,Borda,plurality,gt,minimax,gtd,Schulze,IRV
Borda,0.0,0.03559870550161812,0.0,0.0,-0.009708737864077669,0.0,0.0
plurality,-0.03559870550161812,0.0,-0.03559870550161812,-0.03559870550161812,0.032362459546925564,-0.03559870550161812,-0.03559870550161812
gt,0.0,0.03559870550161812,0.0,0.0,-0.009708737864077669,0.0,0.0
minimax,0.0,0.03559870550161812,0.0,0.0,-0.009708737864077669,0.0,0.0
gtd,0.009708737864077669,-0.032362459546925564,0.009708737864077669,0.009708737864077669,0.0,0.009708737864077669,0.009708737864077669
Schulze,0.0,0.03559870550161812,0.0,0.0,-0.009708737864077669,0.0,0.0
IRV,0.0,0.03559870550161812,0.0,0.0,-0.009708737864077669,0.0,0.0
