,Borda,plurality,gt,minimax,gtd,Schulze,IRV
Borda,0.0,-0.023872679045092837,0.09151193633952255,-0.023872679045092837,-0.023872679045092837,-0.023872679045092837,-0.023872679045092837
plurality,0.023872679045092837,0.0,-0.002652519893899204,0.0,0.0,0.0,0.0
gt,-0.09151193633952255,0.002652519893899204,0.0,0.002652519893899204,0.002652519893899204,0.002652519893899204,0.002652519893899204
minimax,0.023872679045092837,0.0,-0.002652519893899204,0.0,0.0,0.0,0.0
gtd,0.023872679045092837,0.0,-0.002652519893899204,0.0,0.0,0.0,0.0
Schulze,0.023872679045092837,0.0,-0.002652519893899204,0.0,0.0,0.0,0.0
IRV,0.023872679045092837,0.0,-0.002652519893899204,0.0,0.0,0.0,0.0
