,Borda,plurality,gt,minimax,gtd,Schulze,IRV
Borda,0.0,0.03184713375796178,-0.006369426751592357,-0.006369426751592357,-0.006369426751592357,-0.006369426751592357,0.0
plurality,-0.03184713375796178,0.0,0.006369426751592357,0.006369426751592357,0.006369426751592357,0.006369426751592357,-0.03184713375796178
gt,0.006369426751592357,-0.006369426751592357,0.0,0.0,0.0,0.0,0.006369426751592357
minimax,0.006369426751592357,-0.006369426751592357,0.0,0.0,0.0,0.0,0.006369426751592357
gtd,0.006369426751592357,-0.006369426751592357,0.0,0.0,0.0,0.0,0.006369426751592357
Schulze,0.006369426751592357,-0.006369426751592357,0.0,0.0,0.0,0.0,0.006369426751592357
IRV,0.0,0.03184713375796178,-0.006369426751592357,-0.006369426751592357,-0.006369426751592357,-0.006369426751592357,0.0
