,Borda,plurality,gt,minimax,gtd,Schulze,IRV
Borda,0.0,-0.00631578947368421,0.014736842105263158,0.0,-0.00631578947368421,0.0,0.014736842105263158
plurality,0.00631578947368421,0.0,-0.00631578947368421,0.00631578947368421,0.0,0.00631578947368421,-0.00631578947368421
gt,-0.014736842105263158,0.00631578947368421,0.0,-0.014736842105263158,0.00631578947368421,-0.014736842105263158,0.0
minimax,0.0,-0.00631578947368421,0.014736842105263158,0.0,-0.00631578947368421,0.0,0.014736842105263158
gtd,0.00631578947368421,0.0,-0.00631578947368421,0.00631578947368421,0.0,0.00631578947368421,-0.00631578947368421
Schulze,0.0,-0.00631578947368421,0.014736842105263158,0.0,-0.00631578947368421,0.0,0.014736842105263158
IRV,-0.014736842105263158,0.00631578947368421,0.0,-0.014736842105263158,0.00631578947368421,-0.014736842105263158,0.0
