,Borda,plurality,gt,minimax,gtd,Schulze,IRV
Borda,0.0,0.0,-0.03608247422680412,-0.03608247422680412,-0.03608247422680412,-0.03608247422680412,0.0
plurality,0.0,0.0,-0.03608247422680412,-0.03608247422680412,-0.03608247422680412,-0.03608247422680412,0.0
gt,0.03608247422680412,0.03608247422680412,0.0,0.0,0.0,0.0,0.03608247422680412
minimax,0.03608247422680412,0.03608247422680412,0.0,0.0,0.0,0.0,0.03608247422680412
gtd,0.03608247422680412,0.03608247422680412,0.0,0.0,0.0,0.0,0.03608247422680412
Schulze,0.03608247422680412,0.03608247422680412,0.0,0.0,0.0,0.0,0.03608247422680412
IRV,0.0,0.0,-0.03608247422680412,-0.03608247422680412,-0.03608247422680412,-0.03608247422680412,0.0
