,Borda,plurality,gt,minimax,gtd,Schulze,IRV
Borda,0.0,0.0,0.0,-0.017881705639614855,-0.017881705639614855,-0.017881705639614855,-0.017881705639614855
plurality,0.0,0.0,0.0,-0.017881705639614855,-0.017881705639614855,-0.017881705639614855,-0.017881705639614855
gt,0.0,0.0,0.0,-0.017881705639614855,-0.017881705639614855,-0.017881705639614855,-0.017881705639614855
minimax,0.017881705639614855,0.017881705639614855,0.017881705639614855,0.0,0.0,0.0,0.0
gtd,0.017881705639614855,0.017881705639614855,0.017881705639614855,0.0,0.0,0.0,0.0
Schulze,0.017881705639614855,0.017881705639614855,0.017881705639614855,0.0,0.0,0.0,0.0
IRV,0.017881705639614855,0.017881705639614855,0.017881705639614855,0.0,0.0,0.0,0.0
