,Borda,plurality,gt,minimax,gtd,Schulze,IRV
Borda,0.0,0.036334913112164295,-0.014218009478672985,-0.014218009478672985,-0.014218009478672985,-0.014218009478672985,0.036334913112164295
plurality,-0.036334913112164295,0.0,0.004739336492890996,0.004739336492890996,0.004739336492890996,0.004739336492890996,0.0
gt,0.014218009478672985,-0.004739336492890996,0.0,0.0,0.0,0.0,-0.004739336492890996
minimax,0.014218009478672985,-0.004739336492890996,0.0,0.0,0.0,0.0,-0.004739336492890996
gtd,0.014218009478672985,-0.004739336492890996,0.0,0.0,0.0,0.0,-0.004739336492890996
Schulze,0.014218009478672985,-0.004739336492890996,0.0,0.0,0.0,0.0,-0.004739336492890996
IRV,-0.036334913112164295,0.0,0.004739336492890996,0.004739336492890996,0.004739336492890996,0.004739336492890996,0.0
