,Borda,plurality,gt,minimax,gtd,Schulze,IRV
Borda,0.0,-0.015217391304347827,-0.015217391304347827,0.0,-0.015217391304347827,0.0,-0.015217391304347827
plurality,0.015217391304347827,0.0,0.0,0.015217391304347827,0.0,0.015217391304347827,0.0
gt,0.015217391304347827,0.0,0.0,0.015217391304347827,0.0,0.015217391304347827,0.0
minimax,0.0,-0.015217391304347827,-0.015217391304347827,0.0,-0.015217391304347827,0.0,-0.015217391304347827
gtd,0.015217391304347827,0.0,0.0,0.015217391304347827,0.0,0.015217391304347827,0.0
Schulze,0.0,-0.015217391304347827,-0.015217391304347827,0.0,-0.015217391304347827,0.0,-0.015217391304347827
IRV,0.015217391304347827,0.0,0.0,0.015217391304347827,0.0,0.015217391304347827,0.0
