,Borda,plurality,gt,minimax,gtd,Schulze,IRV
Borda,0.0,0.0,-0.004940014114326041,-0.004940014114326041,-0.004940014114326041,-0.004940014114326041,-0.004940014114326041
plurality,0.0,0.0,-0.004940014114326041,-0.004940014114326041,-0.004940014114326041,-0.004940014114326041,-0.004940014114326041
gt,0.004940014114326041,0.004940014114326041,0.0,0.0,0.0,0.0,0.0
minimax,0.004940014114326041,0.004940014114326041,0.0,0.0,0.0,0.0,0.0
gtd,0.004940014114326041,0.004940014114326041,0.0,0.0,0.0,0.0,0.0
Schulze,0.004940014114326041,0.004940014114326041,0.0,0.0,0.0,0.0,0.0
IRV,0.004940014114326041,0.004940014114326041,0.0,0.0,0.0,0.0,0.0
