,Borda,plurality,gt,minimax,gtd,Schulze,IRV
Borda,0.0,-0.020703933747412008,0.07246376811594203,-0.020703933747412008,-0.020703933747412008,-0.020703933747412008,0.07246376811594203
plurality,0.020703933747412008,0.0,-0.012422360248447204,0.0,0.0,0.0,-0.012422360248447204
gt,-0.07246376811594203,0.012422360248447204,0.0,0.012422360248447204,0.012422360248447204,0.012422360248447204,0.0
minimax,0.020703933747412008,0.0,-0.012422360248447204,0.0,0.0,0.0,-0.012422360248447204
gtd,0.020703933747412008,0.0,-0.012422360248447204,0.0,0.0,0.0,-0.012422360248447204
Schulze,0.020703933747412008,0.0,-0.012422360248447204,0.0,0.0,0.0,-0.012422360248447204
IRV,-0.07246376811594203,0.012422360248447204,0.0,0.012422360248447204,0.012422360248447204,0.012422360248447204,0.0
