,Borda,plurality,gt,minimax,gtd,Schulze,IRV
Borda,0.0,0.0391304347826087,-0.008695652173913044,-0.008695652173913044,-0.008695652173913044,-0.008695652173913044,0.0391304347826087
plurality,-0.0391304347826087,0.0,0.004347826086956522,0.004347826086956522,0.004347826086956522,0.004347826086956522,0.0
gt,0.008695652173913044,-0.004347826086956522,0.0,0.0,0.0,0.0,-0.004347826086956522
minimax,0.008695652173913044,-0.004347826086956522,0.0,0.0,0.0,0.0,-0.004347826086956522
gtd,0.008695652173913044,-0.004347826086956522,0.0,0.0,0.0,0.0,-0.004347826086956522
Schulze,0.008695652173913044,-0.004347826086956522,0.0,0.0,0.0,0.0,-0.004347826086956522
IRV,-0.0391304347826087,0.0,0.004347826086956522,0.004347826086956522,0.004347826086956522,0.004347826086956522,0.0
