,Borda,plurality,gt,minimax,gtd,Schulze,IRV
Borda,0.0,-0.000855431993156544,-0.000855431993156544,0.0,0.0,0.0,-0.000855431993156544
plurality,0.000855431993156544,0.0,0.0,0.000855431993156544,0.000855431993156544,0.000855431993156544,0.0
gt,0.000855431993156544,0.0,0.0,0.000855431993156544,0.000855431993156544,0.000855431993156544,0.0
minimax,0.0,-0.000855431993156544,-0.000855431993156544,0.0,0.0,0.0,-0.000855431993156544
gtd,0.0,-0.000855431993156544,-0.000855431993156544,0.0,0.0,0.0,-0.000855431993156544
Schulze,0.0,-0.000855431993156544,-0.000855431993156544,0.0,0.0,0.0,-0.000855431993156544
IRV,0.000855431993156544,0.0,0.0,0.000855431993156544,0.000855431993156544,0.000855431993156544,0.0
