,Borda,plurality,gt,minimax,gtd,Schulze,IRV
Borda,0.0,0.0660024906600249,0.0,0.0,0.0,0.0,0.0
plurality,-0.0660024906600249,0.0,-0.0660024906600249,-0.0660024906600249,-0.05105853051058531,-0.0660024906600249,-0.0660024906600249
gt,0.0,0.0660024906600249,0.0,0.0,0.0,0.0,0.0
minimax,0.0,0.0660024906600249,0.0,0.0,0.0,0.0,0.0
gtd,0.0,0.05105853051058531,0.0,0.0,0.0,0.0,0.0
Schulze,0.0,0.0660024906600249,0.0,0.0,0.0,0.0,0.0
IRV,0.0,0.0660024906600249,0.0,0.0,0.0,0.0,0.0
