,Borda,plurality,gt,minimax,gtd,Schulze,IRV
Borda,0.0,0.0,0.09919571045576407,-0.013404825737265416,-0.013404825737265416,-0.013404825737265416,-0.013404825737265416
plurality,0.0,0.0,0.09919571045576407,-0.013404825737265416,-0.013404825737265416,-0.013404825737265416,-0.013404825737265416
gt,-0.09919571045576407,-0.09919571045576407,0.0,0.00804289544235925,0.00804289544235925,0.00804289544235925,0.00804289544235925
minimax,0.013404825737265416,0.013404825737265416,-0.00804289544235925,0.0,0.0,0.0,0.0
gtd,0.013404825737265416,0.013404825737265416,-0.00804289544235925,0.0,0.0,0.0,0.0
Schulze,0.013404825737265416,0.013404825737265416,-0.00804289544235925,0.0,0.0,0.0,0.0
IRV,0.013404825737265416,0.013404825737265416,-0.00804289544235925,0.0,0.0,0.0,0.0
