,Borda,plurality,gt,minimax,gtd,Schulze,IRV
Borda,0.0,0.0,0.022222222222222223,-0.012560386473429951,-0.012560386473429951,-0.012560386473429951,-0.012560386473429951
plurality,0.0,0.0,0.022222222222222223,-0.012560386473429951,-0.012560386473429951,-0.012560386473429951,-0.012560386473429951
gt,-0.022222222222222223,-0.022222222222222223,0.0,0.004830917874396135,0.004830917874396135,0.004830917874396135,0.004830917874396135
minimax,0.012560386473429951,0.012560386473429951,-0.004830917874396135,0.0,0.0,0.0,0.0
gtd,0.012560386473429951,0.012560386473429951,-0.004830917874396135,0.0,0.0,0.0,0.0
Schulze,0.012560386473429951,0.012560386473429951,-0.004830917874396135,0.0,0.0,0.0,0.0
IRV,0.012560386473429951,0.012560386473429951,-0.004830917874396135,0.0,0.0,0.0,0.0
