,Borda,plurality,gt,minimax,gtd,Schulze,IRV
Borda,0.0,0.0,0.0599250936329588,-0.018726591760299626,-0.018726591760299626,-0.018726591760299626,-0.018726591760299626
plurality,0.0,0.0,0.0599250936329588,-0.018726591760299626,-0.018726591760299626,-0.018726591760299626,-0.018726591760299626
gt,-0.0599250936329588,-0.0599250936329588,0.0,0.011235955056179775,0.011235955056179775,0.011235955056179775,0.011235955056179775
minimax,0.018726591760299626,0.018726591760299626,-0.011235955056179775,0.0,0.0,0.0,0.0
gtd,0.018726591760299626,0.018726591760299626,-0.011235955056179775,0.0,0.0,0.0,0.0
Schulze,0.018726591760299626,0.018726591760299626,-0.011235955056179775,0.0,0.0,0.0,0.0
IRV,0.018726591760299626,0.018726591760299626,-0.011235955056179775,0.0,0.0,0.0,0.0
