,Borda,plurality,gt,minimax,gtd,Schulze,IRV
Borda,0.0,-0.007272727272727273,-0.007272727272727273,-0.007272727272727273,-0.007272727272727273,-0.007272727272727273,0.04727272727272727
plurality,0.007272727272727273,0.0,0.0,0.0,0.0,0.0,-0.0036363636363636364
gt,0.007272727272727273,0.0,0.0,0.0,0.0,0.0,-0.0036363636363636364
minimax,0.007272727272727273,0.0,0.0,0.0,0.0,0.0,-0.0036363636363636364
gtd,0.007272727272727273,0.0,0.0,0.0,0.0,0.0,-0.0036363636363636364
Schulze,0.007272727272727273,0.0,0.0,0.0,0.0,0.0,-0.0036363636363636364
IRV,-0.04727272727272727,0.0036363636363636364,0.0036363636363636364,0.0036363636363636364,0.0036363636363636364,0.0036363636363636364,0.0
