,Borda,plurality,gt,minimax,gtd,Schulze,IRV
Borda,0.0,-0.02262443438914027,0.07692307692307693,-0.02262443438914027,-0.02262443438914027,-0.02262443438914027,0.07692307692307693
plurality,0.02262443438914027,0.0,-0.0022624434389140274,0.0,0.0,0.0,-0.0022624434389140274
gt,-0.07692307692307693,0.0022624434389140274,0.0,0.0022624434389140274,0.0022624434389140274,0.0022624434389140274,0.0
minimax,0.02262443438914027,0.0,-0.0022624434389140274,0.0,0.0,0.0,-0.0022624434389140274
gtd,0.02262443438914027,0.0,-0.0022624434389140274,0.0,0.0,0.0,-0.0022624434389140274
Schulze,0.02262443438914027,0.0,-0.0022624434389140274,0.0,0.0,0.0,-0.0022624434389140274
IRV,-0.07692307692307693,0.0022624434389140274,0.0,0.0022624434389140274,0.0022624434389140274,0.0022624434389140274,0.0
