,Borda,plurality,gt,minimax,gtd,Schulze,IRV
Borda,0.0,0.0,-0.009242144177449169,0.0,-0.009242144177449169,0.0,-0.009242144177449169
plurality,0.0,0.0,-0.009242144177449169,0.0,-0.009242144177449169,0.0,-0.009242144177449169
gt,0.009242144177449169,0.009242144177449169,0.0,0.009242144177449169,0.0,0.009242144177449169,0.0
minimax,0.0,0.0,-0.009242144177449169,0.0,-0.009242144177449169,0.0,-0.009242144177449169
gtd,0.009242144177449169,0.009242144177449169,0.0,0.009242144177449169,0.0,0.009242144177449169,0.0
Schulze,0.0,0.0,-0.009242144177449169,0.0,-0.009242144177449169,0.0,-0.009242144177449169
IRV,0.009242144177449169,0.009242144177449169,0.0,0.009242144177449169,0.0,0.009242144177449169,0.0
