,Borda,plurality,gt,minimax,gtd,Schulze,IRV
Borda,0.0,0.0,-0.012552301255230125,-0.012552301255230125,-0.012552301255230125,-0.012552301255230125,0.0
plurality,0.0,0.0,-0.012552301255230125,-0.012552301255230125,-0.012552301255230125,-0.012552301255230125,0.0
gt,0.012552301255230125,0.012552301255230125,0.0,0.0,0.0,0.0,0.012552301255230125
minimax,0.012552301255230125,0.012552301255230125,0.0,0.0,0.0,0.0,0.012552301255230125
gtd,0.012552301255230125,0.012552301255230125,0.0,0.0,0.0,0.0,0.012552301255230125
Schulze,0.012552301255230125,0.012552301255230125,0.0,0.0,0.0,0.0,0.012552301255230125
IRV,0.0,0.0,-0.012552301255230125,-0.012552301255230125,-0.012552301255230125,-0.012552301255230125,0.0
