,Borda,plurality,gt,minimax,gtd,Schulze,IRV
Borda,0.0,-0.012345679012345678,-0.012345679012345678,0.0,-0.012345679012345678,0.0,0.08641975308641975
plurality,0.012345679012345678,0.0,0.0,0.012345679012345678,0.0,0.012345679012345678,-0.027160493827160494
gt,0.012345679012345678,0.0,0.0,0.012345679012345678,0.0,0.012345679012345678,-0.027160493827160494
minimax,0.0,-0.012345679012345678,-0.012345679012345678,0.0,-0.012345679012345678,0.0,0.08641975308641975
gtd,0.012345679012345678,0.0,0.0,0.012345679012345678,0.0,0.012345679012345678,-0.027160493827160494
Schulze,0.0,-0.012345679012345678,-0.012345679012345678,0.0,-0.012345679012345678,0.0,0.08641975308641975
IRV,-0.08641975308641975,0.027160493827160494,0.027160493827160494,-0.08641975308641975,0.027160493827160494,-0.08641975308641975,0.0
