,Borda,plurality,gt,minimax,gtd,Schulze,IRV
Borda,0.0,-0.02556390977443609,0.0,-0.02556390977443609,-0.02556390977443609,-0.02556390977443609,0.07067669172932331
plurality,0.02556390977443609,0.0,0.02556390977443609,0.0,0.0,0.0,-0.022556390977443608
gt,0.0,-0.02556390977443609,0.0,-0.02556390977443609,-0.02556390977443609,-0.02556390977443609,0.07067669172932331
minimax,0.02556390977443609,0.0,0.02556390977443609,0.0,0.0,0.0,-0.022556390977443608
gtd,0.02556390977443609,0.0,0.02556390977443609,0.0,0.0,0.0,-0.022556390977443608
Schulze,0.02556390977443609,0.0,0.02556390977443609,0.0,0.0,0.0,-0.022556390977443608
IRV,-0.07067669172932331,0.022556390977443608,-0.07067669172932331,0.022556390977443608,0.022556390977443608,0.022556390977443608,0.0
