,Borda,plurality,gt,minimax,gtd,Schulze,IRV
Borda,0.0,0.0,-0.006423982869379015,0.0,-0.006423982869379015,0.0,-0.006423982869379015
plurality,0.0,0.0,-0.006423982869379015,0.0,-0.006423982869379015,0.0,-0.006423982869379015
gt,0.006423982869379015,0.006423982869379015,0.0,0.006423982869379015,0.0,0.006423982869379015,0.0
minimax,0.0,0.0,-0.006423982869379015,0.0,-0.006423982869379015,0.0,-0.006423982869379015
gtd,0.006423982869379015,0.006423982869379015,0.0,0.006423982869379015,0.0,0.006423982869379015,0.0
Schulze,0.0,0.0,-0.006423982869379015,0.0,-0.006423982869379015,0.0,-0.006423982869379015
IRV,0.006423982869379015,0.006423982869379015,0.0,0.006423982869379015,0.0,0.006423982869379015,0.0
