,Borda,plurality,gt,minimax,gtd,Schulze,IRV
Borda,0.0,-0.0017513134851138354,0.0,0.0,0.0,0.0,0.02626970227670753
plurality,0.0017513134851138354,0.0,0.0017513134851138354,0.0017513134851138354,0.0017513134851138354,0.0017513134851138354,-0.03677758318739054
gt,0.0,-0.0017513134851138354,0.0,0.0,0.0,0.0,0.02626970227670753
minimax,0.0,-0.0017513134851138354,0.0,0.0,0.0,0.0,0.02626970227670753
gtd,0.0,-0.0017513134851138354,0.0,0.0,0.0,0.0,0.02626970227670753
Schulze,0.0,-0.0017513134851138354,0.0,0.0,0.0,0.0,0.02626970227670753
IRV,-0.02626970227670753,0.03677758318739054,-0.02626970227670753,-0.02626970227670753,-0.02626970227670753,-0.02626970227670753,0.0
