,Borda,plurality,gt,minimax,gtd,Schulze,IRV
Borda,0.0,0.0,0.0,0.0,-0.006016847172081829,0.0,-0.006016847172081829
plurality,0.0,0.0,0.0,0.0,-0.006016847172081829,0.0,-0.006016847172081829
gt,0.0,0.0,0.0,0.0,-0.006016847172081829,0.0,-0.006016847172081829
minimax,0.0,0.0,0.0,0.0,-0.006016847172081829,0.0,-0.006016847172081829
gtd,0.006016847172081829,0.006016847172081829,0.006016847172081829,0.006016847172081829,0.0,0.006016847172081829,0.0
Schulze,0.0,0.0,0.0,0.0,-0.006016847172081829,0.0,-0.006016847172081829
IRV,0.006016847172081829,0.006016847172081829,0.006016847172081829,0.006016847172081829,0.0,0.006016847172081829,0.0
