,Borda,plurality,gt,minimax,gtd,Schulze,IRV
Borda,0.0,-0.03761755485893417,0.0,-0.03761755485893417,-0.03761755485893417,-0.03761755485893417,-0.03761755485893417
plurality,0.03761755485893417,0.0,0.03761755485893417,0.0,0.0,0.0,0.0
gt,0.0,-0.03761755485893417,0.0,-0.03761755485893417,-0.03761755485893417,-0.03761755485893417,-0.03761755485893417
minimax,0.03761755485893417,0.0,0.03761755485893417,0.0,0.0,0.0,0.0
gtd,0.03761755485893417,0.0,0.03761755485893417,0.0,0.0,0.0,0.0
Schulze,0.03761755485893417,0.0,0.03761755485893417,0.0,0.0,0.0,0.0
IRV,0.03761755485893417,0.0,0.03761755485893417,0.0,0.0,0.0,0.0
