,Borda,plurality,gt,minimax,gtd,Schulze,IRV
Borda,0.0,-0.04945054945054945,0.06593406593406594,-0.04945054945054945,-0.04945054945054945,-0.04945054945054945,-0.04945054945054945
plurality,0.04945054945054945,0.0,-0.038461538461538464,0.0,0.0,0.0,0.0
gt,-0.06593406593406594,0.038461538461538464,0.0,0.038461538461538464,0.038461538461538464,0.038461538461538464,0.038461538461538464
minimax,0.04945054945054945,0.0,-0.038461538461538464,0.0,0.0,0.0,0.0
gtd,0.04945054945054945,0.0,-0.038461538461538464,0.0,0.0,0.0,0.0
Schulze,0.04945054945054945,0.0,-0.038461538461538464,0.0,0.0,0.0,0.0
IRV,0.04945054945054945,0.0,-0.038461538461538464,0.0,0.0,0.0,0.0
