,Borda,plurality,gt,minimax,gtd,Schulze,IRV
Borda,0.0,0.02252252252252252,-0.006756756756756757,0.0,-0.006756756756756757,0.0,0.02252252252252252
plurality,-0.02252252252252252,0.0,0.018018018018018018,-0.02252252252252252,0.018018018018018018,-0.02252252252252252,0.0
gt,0.006756756756756757,-0.018018018018018018,0.0,0.006756756756756757,0.0,0.006756756756756757,-0.018018018018018018
minimax,0.0,0.02252252252252252,-0.006756756756756757,0.0,-0.006756756756756757,0.0,0.02252252252252252
gtd,0.006756756756756757,-0.018018018018018018,0.0,0.006756756756756757,0.0,0.006756756756756757,-0.018018018018018018
Schulze,0.0,0.02252252252252252,-0.006756756756756757,0.0,-0.006756756756756757,0.0,0.02252252252252252
IRV,-0.02252252252252252,0.0,0.018018018018018018,-0.02252252252252252,0.018018018018018018,-0.02252252252252252,0.0
