,Borda,plurality,gt,minimax,gtd,Schulze,IRV
Borda,0.0,0.0,0.04081632653061224,-0.022263450834879406,-0.022263450834879406,-0.022263450834879406,-0.022263450834879406
plurality,0.0,0.0,0.04081632653061224,-0.022263450834879406,-0.022263450834879406,-0.022263450834879406,-0.022263450834879406
gt,-0.04081632653061224,-0.04081632653061224,0.0,0.011131725417439703,0.011131725417439703,0.011131725417439703,0.011131725417439703
minimax,0.022263450834879406,0.022263450834879406,-0.011131725417439703,0.0,0.0,0.0,0.0
gtd,0.022263450834879406,0.022263450834879406,-0.011131725417439703,0.0,0.0,0.0,0.0
Schulze,0.022263450834879406,0.022263450834879406,-0.011131725417439703,0.0,0.0,0.0,0.0
IRV,0.022263450834879406,0.022263450834879406,-0.011131725417439703,0.0,0.0,0.0,0.0
