,Borda,plurality,gt,minimax,gtd,Schulze,IRV
Borda,0.0,0.0,0.0442225392296719,-0.018544935805991442,-0.018544935805991442,-0.018544935805991442,-0.018544935805991442
plurality,0.0,0.0,0.0442225392296719,-0.018544935805991442,-0.018544935805991442,-0.018544935805991442,-0.018544935805991442
gt,-0.0442225392296719,-0.0442225392296719,0.0,0.009985734664764621,0.009985734664764621,0.009985734664764621,0.009985734664764621
minimax,0.018544935805991442,0.018544935805991442,-0.009985734664764621,0.0,0.0,0.0,0.0
gtd,0.018544935805991442,0.018544935805991442,-0.009985734664764621,0.0,0.0,0.0,0.0
Schulze,0.018544935805991442,0.018544935805991442,-0.009985734664764621,0.0,0.0,0.0,0.0
IRV,0.018544935805991442,0.018544935805991442,-0.009985734664764621,0.0,0.0,0.0,0.0
