,Borda,plurality,gt,minimax,gtd,Schulze,IRV
Borda,0.0,-0.0007479431563201197,-0.0007479431563201197,0.0,-0.0007479431563201197,0.0,-0.0007479431563201197
plurality,0.0007479431563201197,0.0,0.0,0.0007479431563201197,0.0,0.0007479431563201197,0.0
gt,0.0007479431563201197,0.0,0.0,0.0007479431563201197,0.0,0.0007479431563201197,0.0
minimax,0.0,-0.0007479431563201197,-0.0007479431563201197,0.0,-0.0007479431563201197,0.0,-0.0007479431563201197
gtd,0.0007479431563201197,0.0,0.0,0.0007479431563201197,0.0,0.0007479431563201197,0.0
Schulze,0.0,-0.0007479431563201197,-0.0007479431563201197,0.0,-0.0007479431563201197,0.0,-0.0007479431563201197
IRV,0.0007479431563201197,0.0,0.0,0.0007479431563201197,0.0,0.0007479431563201197,0.0
