,Borda,plurality,gt,minimax,gtd,Schulze,IRV
Borda,0.0,0.07100591715976332,0.07100591715976332,-0.023668639053254437,-0.023668639053254437,-0.023668639053254437,0.07100591715976332
plurality,-0.07100591715976332,0.0,0.0,0.0,0.0,0.0,0.0
gt,-0.07100591715976332,0.0,0.0,0.0,0.0,0.0,0.0
minimax,0.023668639053254437,0.0,0.0,0.0,0.0,0.0,0.0
gtd,0.023668639053254437,0.0,0.0,0.0,0.0,0.0,0.0
Schulze,0.023668639053254437,0.0,0.0,0.0,0.0,0.0,0.0
IRV,-0.07100591715976332,0.0,0.0,0.0,0.0,0.0,0.0
