,Borda,plurality,gt,minimax,gtd,Schulze,IRV
Borda,0.0,0.0,0.0,0.0,0.0,0.0,-0.018050541516245487
plurality,0.0,0.0,0.0,0.0,0.0,0.0,-0.018050541516245487
gt,0.0,0.0,0.0,0.0,0.0,0.0,-0.018050541516245487
minimax,0.0,0.0,0.0,0.0,0.0,0.0,-0.018050541516245487
gtd,0.0,0.0,0.0,0.0,0.0,0.0,-0.018050541516245487
Schulze,0.0,0.0,0.0,0.0,0.0,0.0,-0.018050541516245487
IRV,0.018050541516245487,0.018050541516245487,0.018050541516245487,0.018050541516245487,0.018050541516245487,0.018050541516245487,0.0
