,Borda,plurality,gt,minimax,gtd,Schulze,IRV
Borda,0.0,-0.001177856301531213,-0.001177856301531213,0.0,-0.001177856301531213,0.0,-0.001177856301531213
plurality,0.001177856301531213,0.0,0.0,0.001177856301531213,0.0,0.001177856301531213,0.0
gt,0.001177856301531213,0.0,0.0,0.001177856301531213,0.0,0.001177856301531213,0.0
minimax,0.0,-0.001177856301531213,-0.001177856301531213,0.0,-0.001177856301531213,0.0,-0.001177856301531213
gtd,0.001177856301531213,0.0,0.0,0.001177856301531213,0.0,0.001177856301531213,0.0
Schulze,0.0,-0.001177856301531213,-0.001177856301531213,0.0,-0.001177856301531213,0.0,-0.001177856301531213
IRV,0.001177856301531213,0.0,0.0,0.001177856301531213,0.0,0.001177856301531213,0.0
