,Borda,plurality,gt,minimax,gtd,Schulze,IRV
Borda,0.0,-0.0038910505836575876,0.0,0.0,-0.0038910505836575876,0.0,0.016861219195849545
plurality,0.0038910505836575876,0.0,0.0038910505836575876,0.0038910505836575876,0.0,0.0038910505836575876,-0.0038910505836575876
gt,0.0,-0.0038910505836575876,0.0,0.0,-0.0038910505836575876,0.0,0.016861219195849545
minimax,0.0,-0.0038910505836575876,0.0,0.0,-0.0038910505836575876,0.0,0.016861219195849545
gtd,0.0038910505836575876,0.0,0.0038910505836575876,0.0038910505836575876,0.0,0.0038910505836575876,-0.0038910505836575876
Schulze,0.0,-0.0038910505836575876,0.0,0.0,-0.0038910505836575876,0.0,0.016861219195849545
IRV,-0.016861219195849545,0.0038910505836575876,-0.016861219195849545,-0.016861219195849545,0.0038910505836575876,-0.016861219195849545,0.0
