,Borda,plurality,gt,minimax,gtd,Schulze,IRV
Borda,0.0,0.03597122302158273,0.03597122302158273,-0.011990407673860911,-0.011990407673860911,-0.011990407673860911,0.03597122302158273
plurality,-0.03597122302158273,0.0,0.0,0.002398081534772182,0.002398081534772182,0.002398081534772182,0.0
gt,-0.03597122302158273,0.0,0.0,0.002398081534772182,0.002398081534772182,0.002398081534772182,0.0
minimax,0.011990407673860911,-0.002398081534772182,-0.002398081534772182,0.0,0.0,0.0,-0.002398081534772182
gtd,0.011990407673860911,-0.002398081534772182,-0.002398081534772182,0.0,0.0,0.0,-0.002398081534772182
Schulze,0.011990407673860911,-0.002398081534772182,-0.002398081534772182,0.0,0.0,0.0,-0.002398081534772182
IRV,-0.03597122302158273,0.0,0.0,0.002398081534772182,0.002398081534772182,0.002398081534772182,0.0
