,Borda,plurality,gt,minimax,gtd,Schulze,IRV
Borda,0.0,0.0,0.0,0.0,0.0,0.0,0.04814814814814815
plurality,0.0,0.0,0.0,0.0,0.0,0.0,0.0
gt,0.0,0.0,0.0,0.0,0.0,0.0,0.04814814814814815
minimax,0.0,0.0,0.0,0.0,0.0,0.0,0.04814814814814815
gtd,0.0,0.0,0.0,0.0,0.0,0.0,0.04814814814814815
Schulze,0.0,0.0,0.0,0.0,0.0,0.0,0.04814814814814815
IRV,-0.04814814814814815,0.0,-0.04814814814814815,-0.04814814814814815,-0.04814814814814815,-0.04814814814814815,0.0
