,Borda,plurality,gt,minimax,gtd,Schulze,IRV
Borda,0.0,0.02689486552567237,-0.007334963325183374,0.0,-0.007334963325183374,0.0,0.0
plurality,-0.02689486552567237,0.0,0.012224938875305624,-0.02689486552567237,0.012224938875305624,-0.02689486552567237,-0.02689486552567237
gt,0.007334963325183374,-0.012224938875305624,0.0,0.007334963325183374,0.0,0.007334963325183374,0.007334963325183374
minimax,0.0,0.02689486552567237,-0.007334963325183374,0.0,-0.007334963325183374,0.0,0.0
gtd,0.007334963325183374,-0.012224938875305624,0.0,0.007334963325183374,0.0,0.007334963325183374,0.007334963325183374
Schulze,0.0,0.02689486552567237,-0.007334963325183374,0.0,-0.007334963325183374,0.0,0.0
IRV,0.0,0.02689486552567237,-0.007334963325183374,0.0,-0.007334963325183374,0.0,0.0
