,Borda,plurality,gt,minimax,gtd,Schulze,IRV
Borda,0.0,0.05331179321486268,-0.017770597738287562,-0.017770597738287562,-0.017770597738287562,-0.017770597738287562,0.05331179321486268
plurality,-0.05331179321486268,0.0,0.008077544426494346,0.008077544426494346,0.008077544426494346,0.008077544426494346,0.0
gt,0.017770597738287562,-0.008077544426494346,0.0,0.0,0.0,0.0,-0.008077544426494346
minimax,0.017770597738287562,-0.008077544426494346,0.0,0.0,0.0,0.0,-0.008077544426494346
gtd,0.017770597738287562,-0.008077544426494346,0.0,0.0,0.0,0.0,-0.008077544426494346
Schulze,0.017770597738287562,-0.008077544426494346,0.0,0.0,0.0,0.0,-0.008077544426494346
IRV,-0.05331179321486268,0.0,0.008077544426494346,0.008077544426494346,0.008077544426494346,0.008077544426494346,0.0
