,Borda,plurality,gt,minimax,gtd,Schulze,IRV
Borda,0.0,0.0,-0.005309734513274336,0.0,-0.005309734513274336,0.0,-0.005309734513274336
plurality,0.0,0.0,-0.005309734513274336,0.0,-0.005309734513274336,0.0,-0.005309734513274336
gt,0.005309734513274336,0.005309734513274336,0.0,0.005309734513274336,0.0,0.005309734513274336,0.0
minimax,0.0,0.0,-0.005309734513274336,0.0,-0.005309734513274336,0.0,-0.005309734513274336
gtd,0.005309734513274336,0.005309734513274336,0.0,0.005309734513274336,0.0,0.005309734513274336,0.0
Schulze,0.0,0.0,-0.005309734513274336,0.0,-0.005309734513274336,0.0,-0.005309734513274336
IRV,0.005309734513274336,0.005309734513274336,0.0,0.005309734513274336,0.0,0.005309734513274336,0.0
