,Borda,plurality,gt,minimax,gtd,Schulze,IRV
Borda,0.0,0.042606516290726815,-0.002506265664160401,0.0,0.0,0.0,0.0
plurality,-0.042606516290726815,0.0,0.05263157894736842,-0.042606516290726815,-0.042606516290726815,-0.042606516290726815,-0.042606516290726815
gt,0.002506265664160401,-0.05263157894736842,0.0,0.002506265664160401,0.002506265664160401,0.002506265664160401,0.002506265664160401
minimax,0.0,0.042606516290726815,-0.002506265664160401,0.0,0.0,0.0,0.0
gtd,0.0,0.042606516290726815,-0.002506265664160401,0.0,0.0,0.0,0.0
Schulze,0.0,0.042606516290726815,-0.002506265664160401,0.0,0.0,0.0,0.0
IRV,0.0,0.042606516290726815,-0.002506265664160401,0.0,0.0,0.0,0.0
