,Borda,plurality,gt,minimax,gtd,Schulze,IRV
Borda,0.0,-0.0071174377224199285,-0.0071174377224199285,0.0,0.0,0.0,-0.0071174377224199285
plurality,0.0071174377224199285,0.0,0.0,0.0071174377224199285,0.0071174377224199285,0.0071174377224199285,0.0
gt,0.0071174377224199285,0.0,0.0,0.0071174377224199285,0.0071174377224199285,0.0071174377224199285,0.0
minimax,0.0,-0.0071174377224199285,-0.0071174377224199285,0.0,0.0,0.0,-0.0071174377224199285
gtd,0.0,-0.0071174377224199285,-0.0071174377224199285,0.0,0.0,0.0,-0.0071174377224199285
Schulze,0.0,-0.0071174377224199285,-0.0071174377224199285,0.0,0.0,0.0,-0.0071174377224199285
IRV,0.0071174377224199285,0.0,0.0,0.0071174377224199285,0.0071174377224199285,0.0071174377224199285,0.0
