,Borda,plurality,gt,minimax,gtd,Schulze,IRV
Borda,0.0,0.0,-0.01364522417153996,0.0,-0.01364522417153996,0.0,-0.01364522417153996
plurality,0.0,0.0,-0.01364522417153996,0.0,-0.01364522417153996,0.0,-0.01364522417153996
gt,0.01364522417153996,0.01364522417153996,0.0,0.01364522417153996,0.0,0.01364522417153996,0.0
minimax,0.0,0.0,-0.01364522417153996,0.0,-0.01364522417153996,0.0,-0.01364522417153996
gtd,0.01364522417153996,0.01364522417153996,0.0,0.01364522417153996,0.0,0.01364522417153996,0.0
Schulze,0.0,0.0,-0.01364522417153996,0.0,-0.01364522417153996,0.0,-0.01364522417153996
IRV,0.01364522417153996,0.01364522417153996,0.0,0.01364522417153996,0.0,0.01364522417153996,0.0
