,Borda,plurality,gt,minimax,gtd,Schulze,IRV
Borda,0.0,-0.010479867622724766,0.0,-0.010479867622724766,-0.010479867622724766,-0.010479867622724766,-0.010479867622724766
plurality,0.010479867622724766,0.0,0.010479867622724766,0.0,0.0,0.0,0.0
gt,0.0,-0.010479867622724766,0.0,-0.010479867622724766,-0.010479867622724766,-0.010479867622724766,-0.010479867622724766
minimax,0.010479867622724766,0.0,0.010479867622724766,0.0,0.0,0.0,0.0
gtd,0.010479867622724766,0.0,0.010479867622724766,0.0,0.0,0.0,0.0
Schulze,0.010479867622724766,0.0,0.010479867622724766,0.0,0.0,0.0,0.0
IRV,0.010479867622724766,0.0,0.010479867622724766,0.0,0.0,0.0,0.0
