,Borda,plurality,gt,minimax,gtd,Schulze,IRV
Borda,0.0,0.014492753623188406,-0.004830917874396135,0.0,0.0,0.0,0.0
plurality,-0.014492753623188406,0.0,0.020933977455716585,-0.014492753623188406,-0.014492753623188406,-0.014492753623188406,-0.014492753623188406
gt,0.004830917874396135,-0.020933977455716585,0.0,0.004830917874396135,0.004830917874396135,0.004830917874396135,0.004830917874396135
minimax,0.0,0.014492753623188406,-0.004830917874396135,0.0,0.0,0.0,0.0
gtd,0.0,0.014492753623188406,-0.004830917874396135,0.0,0.0,0.0,0.0
Schulze,0.0,0.014492753623188406,-0.004830917874396135,0.0,0.0,0.0,0.0
IRV,0.0,0.014492753623188406,-0.004830917874396135,0.0,0.0,0.0,0.0
