,Borda,plurality,gt,minimax,gtd,Schulze,IRV
Borda,0.0,-0.010471204188481676,0.0,0.0,-0.010471204188481676,0.0,0.015706806282722512
plurality,0.010471204188481676,0.0,0.010471204188481676,0.010471204188481676,0.0,0.010471204188481676,-0.010471204188481676
gt,0.0,-0.010471204188481676,0.0,0.0,-0.010471204188481676,0.0,0.015706806282722512
minimax,0.0,-0.010471204188481676,0.0,0.0,-0.010471204188481676,0.0,0.015706806282722512
gtd,0.010471204188481676,0.0,0.010471204188481676,0.010471204188481676,0.0,0.010471204188481676,-0.010471204188481676
Schulze,0.0,-0.010471204188481676,0.0,0.0,-0.010471204188481676,0.0,0.015706806282722512
IRV,-0.015706806282722512,0.010471204188481676,-0.015706806282722512,-0.015706806282722512,0.010471204188481676,-0.015706806282722512,0.0
