,Borda,plurality,gt,minimax,gtd,Schulze,IRV
Borda,0.0,0.026858213616489695,0.026858213616489695,-0.010618363522798251,-0.010618363522798251,-0.010618363522798251,0.0
plurality,-0.026858213616489695,0.0,0.0,0.003123048094940662,0.003123048094940662,0.003123048094940662,-0.026858213616489695
gt,-0.026858213616489695,0.0,0.0,0.003123048094940662,0.003123048094940662,0.003123048094940662,-0.026858213616489695
minimax,0.010618363522798251,-0.003123048094940662,-0.003123048094940662,0.0,0.0,0.0,0.010618363522798251
gtd,0.010618363522798251,-0.003123048094940662,-0.003123048094940662,0.0,0.0,0.0,0.010618363522798251
Schulze,0.010618363522798251,-0.003123048094940662,-0.003123048094940662,0.0,0.0,0.0,0.010618363522798251
IRV,0.0,0.026858213616489695,0.026858213616489695,-0.010618363522798251,-0.010618363522798251,-0.010618363522798251,0.0
