,Borda,plurality,gt,minimax,gtd,Schulze,IRV
Borda,0.0,0.0,0.037037037037037035,-0.01949317738791423,-0.01949317738791423,-0.01949317738791423,0.0
plurality,0.0,0.0,0.037037037037037035,-0.01949317738791423,-0.01949317738791423,-0.01949317738791423,0.0
gt,-0.037037037037037035,-0.037037037037037035,0.0,0.007797270955165692,0.007797270955165692,0.007797270955165692,-0.037037037037037035
minimax,0.01949317738791423,0.01949317738791423,-0.007797270955165692,0.0,0.0,0.0,0.01949317738791423
gtd,0.01949317738791423,0.01949317738791423,-0.007797270955165692,0.0,0.0,0.0,0.01949317738791423
Schulze,0.01949317738791423,0.01949317738791423,-0.007797270955165692,0.0,0.0,0.0,0.01949317738791423
IRV,0.0,0.0,0.037037037037037035,-0.01949317738791423,-0.01949317738791423,-0.01949317738791423,0.0
