,Borda,plurality,gt,minimax,gtd,Schulze,IRV
Borda,0.0,0.01834862385321101,-0.009174311926605505,-0.009174311926605505,-0.009174311926605505,-0.009174311926605505,0.0
plurality,-0.01834862385321101,0.0,0.0045871559633027525,0.0045871559633027525,0.0045871559633027525,0.0045871559633027525,-0.01834862385321101
gt,0.009174311926605505,-0.0045871559633027525,0.0,0.0,0.0,0.0,0.009174311926605505
minimax,0.009174311926605505,-0.0045871559633027525,0.0,0.0,0.0,0.0,0.009174311926605505
gtd,0.009174311926605505,-0.0045871559633027525,0.0,0.0,0.0,0.0,0.009174311926605505
Schulze,0.009174311926605505,-0.0045871559633027525,0.0,0.0,0.0,0.0,0.009174311926605505
IRV,0.0,0.01834862385321101,-0.009174311926605505,-0.009174311926605505,-0.009174311926605505,-0.009174311926605505,0.0
