,Borda,plurality,gt,minimax,gtd,Schulze,IRV
Borda,0.0,-0.0009233610341643582,-0.0009233610341643582,0.0,-0.0009233610341643582,0.0,-0.0009233610341643582
plurality,0.0009233610341643582,0.0,0.0,0.0009233610341643582,0.0,0.0009233610341643582,0.0
gt,0.0009233610341643582,0.0,0.0,0.0009233610341643582,0.0,0.0009233610341643582,0.0
minimax,0.0,-0.0009233610341643582,-0.0009233610341643582,0.0,-0.0009233610341643582,0.0,-0.0009233610341643582
gtd,0.0009233610341643582,0.0,0.0,0.0009233610341643582,0.0,0.0009233610341643582,0.0
Schulze,0.0,-0.0009233610341643582,-0.0009233610341643582,0.0,-0.0009233610341643582,0.0,-0.0009233610341643582
IRV,0.0009233610341643582,0.0,0.0,0.0009233610341643582,0.0,0.0009233610341643582,0.0
