,Borda,plurality,gt,minimax,gtd,Schulze,IRV
Borda,0.0,0.0625,0.0625,-0.03618421052631579,-0.03618421052631579,-0.03618421052631579,0.0
plurality,-0.0625,0.0,0.0,0.013157894736842105,0.013157894736842105,0.013157894736842105,-0.0625
gt,-0.0625,0.0,0.0,0.013157894736842105,0.013157894736842105,0.013157894736842105,-0.0625
minimax,0.03618421052631579,-0.013157894736842105,-0.013157894736842105,0.0,0.0,0.0,0.03618421052631579
gtd,0.03618421052631579,-0.013157894736842105,-0.013157894736842105,0.0,0.0,0.0,0.03618421052631579
Schulze,0.03618421052631579,-0.013157894736842105,-0.013157894736842105,0.0,0.0,0.0,0.03618421052631579
IRV,0.0,0.0625,0.0625,-0.03618421052631579,-0.03618421052631579,-0.03618421052631579,0.0
