,Borda,plurality,gt,minimax,gtd,Schulze,IRV
Borda,0.0,-0.012096774193548387,-0.012096774193548387,0.0,-0.012096774193548387,0.0,0.04838709677419355
plurality,0.012096774193548387,0.0,0.0,0.012096774193548387,0.0,0.012096774193548387,-0.016129032258064516
gt,0.012096774193548387,0.0,0.0,0.012096774193548387,0.0,0.012096774193548387,-0.016129032258064516
minimax,0.0,-0.012096774193548387,-0.012096774193548387,0.0,-0.012096774193548387,0.0,0.04838709677419355
gtd,0.012096774193548387,0.0,0.0,0.012096774193548387,0.0,0.012096774193548387,-0.016129032258064516
Schulze,0.0,-0.012096774193548387,-0.012096774193548387,0.0,-0.012096774193548387,0.0,0.04838709677419355
IRV,-0.04838709677419355,0.016129032258064516,0.016129032258064516,-0.04838709677419355,0.016129032258064516,-0.04838709677419355,0.0
