,Borda,plurality,gt,minimax,gtd,Schulze,IRV
Borda,0.0,-0.01545253863134658,-0.01545253863134658,-0.01545253863134658,-0.01545253863134658,-0.01545253863134658,0.033112582781456956
plurality,0.01545253863134658,0.0,0.0,0.0,0.0,0.0,-0.002207505518763797
gt,0.01545253863134658,0.0,0.0,0.0,0.0,0.0,-0.002207505518763797
minimax,0.01545253863134658,0.0,0.0,0.0,0.0,0.0,-0.002207505518763797
gtd,0.01545253863134658,0.0,0.0,0.0,0.0,0.0,-0.002207505518763797
Schulze,0.01545253863134658,0.0,0.0,0.0,0.0,0.0,-0.002207505518763797
IRV,-0.033112582781456956,0.002207505518763797,0.002207505518763797,0.002207505518763797,0.002207505518763797,0.002207505518763797,0.0
