,Borda,plurality,gt,minimax,gtd,Schulze,IRV
Borda,0.0,0.0,0.0,0.0,-0.004651162790697674,0.0,0.0
plurality,0.0,0.0,0.0,0.0,-0.004651162790697674,0.0,0.0
gt,0.0,0.0,0.0,0.0,-0.004651162790697674,0.0,0.0
minimax,0.0,0.0,0.0,0.0,-0.004651162790697674,0.0,0.0
gtd,0.004651162790697674,0.004651162790697674,0.004651162790697674,0.004651162790697674,0.0,0.004651162790697674,0.004651162790697674
Schulze,0.0,0.0,0.0,0.0,-0.004651162790697674,0.0,0.0
IRV,0.0,0.0,0.0,0.0,-0.004651162790697674,0.0,0.0
