,Borda,plurality,gt,minimax,gtd,Schulze,IRV
Borda,0.0,0.0,-0.009287925696594427,-0.009287925696594427,-0.009287925696594427,-0.009287925696594427,0.0
plurality,0.0,0.0,-0.009287925696594427,-0.009287925696594427,-0.009287925696594427,-0.009287925696594427,0.0
gt,0.009287925696594427,0.009287925696594427,0.0,0.0,0.0,0.0,0.009287925696594427
minimax,0.009287925696594427,0.009287925696594427,0.0,0.0,0.0,0.0,0.009287925696594427
gtd,0.009287925696594427,0.009287925696594427,0.0,0.0,0.0,0.0,0.009287925696594427
Schulze,0.009287925696594427,0.009287925696594427,0.0,0.0,0.0,0.0,0.009287925696594427
IRV,0.0,0.0,-0.009287925696594427,-0.009287925696594427,-0.009287925696594427,-0.009287925696594427,0.0
