,Borda,plurality,gt,minimax,gtd,Schulze,IRV
Borda,0.0,0.028169014084507043,-0.004694835680751174,0.0,-0.004694835680751174,0.0,0.0
plurality,-0.028169014084507043,0.0,0.004694835680751174,-0.028169014084507043,0.004694835680751174,-0.028169014084507043,-0.028169014084507043
gt,0.004694835680751174,-0.004694835680751174,0.0,0.004694835680751174,0.0,0.004694835680751174,0.004694835680751174
minimax,0.0,0.028169014084507043,-0.004694835680751174,0.0,-0.004694835680751174,0.0,0.0
gtd,0.004694835680751174,-0.004694835680751174,0.0,0.004694835680751174,0.0,0.004694835680751174,0.004694835680751174
Schulze,0.0,0.028169014084507043,-0.004694835680751174,0.0,-0.004694835680751174,0.0,0.0
IRV,0.0,0.028169014084507043,-0.004694835680751174,0.0,-0.004694835680751174,0.0,0.0
