,Borda,plurality,gt,minimax,gtd,Schulze,IRV
Borda,0.0,0.0113314447592068,-0.00141643059490085,-0.00141643059490085,-0.00141643059490085,-0.00141643059490085,0.0113314447592068
plurality,-0.0113314447592068,0.0,0.00141643059490085,0.00141643059490085,0.00141643059490085,0.00141643059490085,0.0
gt,0.00141643059490085,-0.00141643059490085,0.0,0.0,0.0,0.0,-0.00141643059490085
minimax,0.00141643059490085,-0.00141643059490085,0.0,0.0,0.0,0.0,-0.00141643059490085
gtd,0.00141643059490085,-0.00141643059490085,0.0,0.0,0.0,0.0,-0.00141643059490085
Schulze,0.00141643059490085,-0.00141643059490085,0.0,0.0,0.0,0.0,-0.00141643059490085
IRV,-0.0113314447592068,0.0,0.00141643059490085,0.00141643059490085,0.00141643059490085,0.00141643059490085,0.0
