,Borda,plurality,gt,minimax,gtd,Schulze,IRV
Borda,0.0,-0.008174386920980926,0.013623978201634877,-0.008174386920980926,-0.008174386920980926,-0.008174386920980926,0.013623978201634877
plurality,0.008174386920980926,0.0,-0.008174386920980926,0.0,0.0,0.0,-0.008174386920980926
gt,-0.013623978201634877,0.008174386920980926,0.0,0.008174386920980926,0.008174386920980926,0.008174386920980926,0.0
minimax,0.008174386920980926,0.0,-0.008174386920980926,0.0,0.0,0.0,-0.008174386920980926
gtd,0.008174386920980926,0.0,-0.008174386920980926,0.0,0.0,0.0,-0.008174386920980926
Schulze,0.008174386920980926,0.0,-0.008174386920980926,0.0,0.0,0.0,-0.008174386920980926
IRV,-0.013623978201634877,0.008174386920980926,0.0,0.008174386920980926,0.008174386920980926,0.008174386920980926,0.0
