,Borda,plurality,gt,minimax,gtd,Schulze,IRV
Borda,0.0,-0.015873015873015872,-0.015873015873015872,-0.015873015873015872,-0.015873015873015872,-0.015873015873015872,0.026113671274961597
plurality,0.015873015873015872,0.0,0.0,0.0,0.0,0.0,-0.010752688172043012
gt,0.015873015873015872,0.0,0.0,0.0,0.0,0.0,-0.010752688172043012
minimax,0.015873015873015872,0.0,0.0,0.0,0.0,0.0,-0.010752688172043012
gtd,0.015873015873015872,0.0,0.0,0.0,0.0,0.0,-0.010752688172043012
Schulze,0.015873015873015872,0.0,0.0,0.0,0.0,0.0,-0.010752688172043012
IRV,-0.026113671274961597,0.010752688172043012,0.010752688172043012,0.010752688172043012,0.010752688172043012,0.010752688172043012,0.0
