,Borda,plurality,gt,minimax,gtd,Schulze,IRV
Borda,0.0,0.0,-0.003289473684210526,0.0,-0.003289473684210526,0.0,-0.003289473684210526
plurality,0.0,0.0,-0.003289473684210526,0.0,-0.003289473684210526,0.0,-0.003289473684210526
gt,0.003289473684210526,0.003289473684210526,0.0,0.003289473684210526,0.0,0.003289473684210526,0.0
minimax,0.0,0.0,-0.003289473684210526,0.0,-0.003289473684210526,0.0,-0.003289473684210526
gtd,0.003289473684210526,0.003289473684210526,0.0,0.003289473684210526,0.0,0.003289473684210526,0.0
Schulze,0.0,0.0,-0.003289473684210526,0.0,-0.003289473684210526,0.0,-0.003289473684210526
IRV,0.003289473684210526,0.003289473684210526,0.0,0.003289473684210526,0.0,0.003289473684210526,0.0
