,Borda,plurality,gt,minimax,gtd,Schulze,IRV
Borda,0.0,0.0,-0.006622516556291391,-0.006622516556291391,-0.006622516556291391,-0.006622516556291391,-0.006622516556291391
plurality,0.0,0.0,-0.006622516556291391,-0.006622516556291391,-0.006622516556291391,-0.006622516556291391,-0.006622516556291391
gt,0.006622516556291391,0.006622516556291391,0.0,0.0,0.0,0.0,0.0
minimax,0.006622516556291391,0.006622516556291391,0.0,0.0,0.0,0.0,0.0
gtd,0.006622516556291391,0.006622516556291391,0.0,0.0,0.0,0.0,0.0
Schulze,0.006622516556291391,0.006622516556291391,0.0,0.0,0.0,0.0,0.0
IRV,0.006622516556291391,0.006622516556291391,0.0,0.0,0.0,0.0,0.0
