,Borda,plurality,gt,minimax,gtd,Schulze,IRV
Borda,0.0,0.0,-0.016591251885369532,-0.016591251885369532,-0.016591251885369532,-0.016591251885369532,0.0
plurality,0.0,0.0,-0.016591251885369532,-0.016591251885369532,-0.016591251885369532,-0.016591251885369532,0.0
gt,0.016591251885369532,0.016591251885369532,0.0,0.0,0.0,0.0,0.016591251885369532
minimax,0.016591251885369532,0.016591251885369532,0.0,0.0,0.0,0.0,0.016591251885369532
gtd,0.016591251885369532,0.016591251885369532,0.0,0.0,0.0,0.0,0.016591251885369532
Schulze,0.016591251885369532,0.016591251885369532,0.0,0.0,0.0,0.0,0.016591251885369532
IRV,0.0,0.0,-0.016591251885369532,-0.016591251885369532,-0.016591251885369532,-0.016591251885369532,0.0
