,Borda,plurality,gt,minimax,gtd,Schulze,IRV
Borda,0.0,0.0,0.0,0.0,-0.002898550724637681,0.0,-0.002898550724637681
plurality,0.0,0.0,0.0,0.0,-0.002898550724637681,0.0,-0.002898550724637681
gt,0.0,0.0,0.0,0.0,-0.002898550724637681,0.0,-0.002898550724637681
minimax,0.0,0.0,0.0,0.0,-0.002898550724637681,0.0,-0.002898550724637681
gtd,0.002898550724637681,0.002898550724637681,0.002898550724637681,0.002898550724637681,0.0,0.002898550724637681,0.0
Schulze,0.0,0.0,0.0,0.0,-0.002898550724637681,0.0,-0.002898550724637681
IRV,0.002898550724637681,0.002898550724637681,0.002898550724637681,0.002898550724637681,0.0,0.002898550724637681,0.0
