,Borda,plurality,gt,minimax,gtd,Schulze,IRV
Borda,0.0,0.031096563011456628,-0.010365521003818877,-0.010365521003818877,-0.010365521003818877,-0.010365521003818877,0.031096563011456628
plurality,-0.031096563011456628,0.0,0.0005455537370430987,0.0005455537370430987,0.0005455537370430987,0.0005455537370430987,0.0
gt,0.010365521003818877,-0.0005455537370430987,0.0,0.0,0.0,0.0,-0.0005455537370430987
minimax,0.010365521003818877,-0.0005455537370430987,0.0,0.0,0.0,0.0,-0.0005455537370430987
gtd,0.010365521003818877,-0.0005455537370430987,0.0,0.0,0.0,0.0,-0.0005455537370430987
Schulze,0.010365521003818877,-0.0005455537370430987,0.0,0.0,0.0,0.0,-0.0005455537370430987
IRV,-0.031096563011456628,0.0,0.0005455537370430987,0.0005455537370430987,0.0005455537370430987,0.0005455537370430987,0.0
