,Borda,plurality,gt,minimax,gtd,Schulze,IRV
Borda,0.0,0.0,0.0,-0.03597122302158273,-0.03597122302158273,-0.03597122302158273,-0.03597122302158273
plurality,0.0,0.0,0.0,-0.03597122302158273,-0.03597122302158273,-0.03597122302158273,-0.03597122302158273
gt,0.0,0.0,0.0,-0.03597122302158273,-0.03597122302158273,-0.03597122302158273,-0.03597122302158273
minimax,0.03597122302158273,0.03597122302158273,0.03597122302158273,0.0,0.0,0.0,0.0
gtd,0.03597122302158273,0.03597122302158273,0.03597122302158273,0.0,0.0,0.0,0.0
Schulze,0.03597122302158273,0.03597122302158273,0.03597122302158273,0.0,0.0,0.0,0.0
IRV,0.03597122302158273,0.03597122302158273,0.03597122302158273,0.0,0.0,0.0,0.0
