,Borda,plurality,gt,minimax,gtd,Schulze,IRV
Borda,0.0,-0.0028011204481792717,0.0,0.0,0.0,0.0,0.03081232492997199
plurality,0.0028011204481792717,0.0,0.0028011204481792717,0.0028011204481792717,0.0028011204481792717,0.0028011204481792717,-0.05322128851540616
gt,0.0,-0.0028011204481792717,0.0,0.0,0.0,0.0,0.03081232492997199
minimax,0.0,-0.0028011204481792717,0.0,0.0,0.0,0.0,0.03081232492997199
gtd,0.0,-0.0028011204481792717,0.0,0.0,0.0,0.0,0.03081232492997199
Schulze,0.0,-0.0028011204481792717,0.0,0.0,0.0,0.0,0.03081232492997199
IRV,-0.03081232492997199,0.05322128851540616,-0.03081232492997199,-0.03081232492997199,-0.03081232492997199,-0.03081232492997199,0.0
