,Borda,plurality,gt,minimax,gtd,Schulze,IRV
Borda,0.0,-0.012903225806451613,-0.012903225806451613,-0.012903225806451613,-0.012903225806451613,-0.012903225806451613,0.025806451612903226
plurality,0.012903225806451613,0.0,0.0,0.0,0.0,0.0,-0.0032258064516129032
gt,0.012903225806451613,0.0,0.0,0.0,0.0,0.0,-0.0032258064516129032
minimax,0.012903225806451613,0.0,0.0,0.0,0.0,0.0,-0.0032258064516129032
gtd,0.012903225806451613,0.0,0.0,0.0,0.0,0.0,-0.0032258064516129032
Schulze,0.012903225806451613,0.0,0.0,0.0,0.0,0.0,-0.0032258064516129032
IRV,-0.025806451612903226,0.0032258064516129032,0.0032258064516129032,0.0032258064516129032,0.0032258064516129032,0.0032258064516129032,0.0
