,Borda,plurality,gt,minimax,gtd,Schulze,IRV
Borda,0.0,-0.01953125,-0.01953125,-0.01953125,-0.01953125,-0.01953125,0.03515625
plurality,0.01953125,0.0,0.0,0.0,0.0,0.0,-0.0078125
gt,0.01953125,0.0,0.0,0.0,0.0,0.0,-0.0078125
minimax,0.01953125,0.0,0.0,0.0,0.0,0.0,-0.0078125
gtd,0.01953125,0.0,0.0,0.0,0.0,0.0,-0.0078125
Schulze,0.01953125,0.0,0.0,0.0,0.0,0.0,-0.0078125
IRV,-0.03515625,0.0078125,0.0078125,0.0078125,0.0078125,0.0078125,0.0
