,Borda,plurality,gt,minimax,gtd,Schulze,IRV
Borda,0.0,0.048223350253807105,-0.02030456852791878,-0.02030456852791878,-0.02030456852791878,-0.02030456852791878,0.048223350253807105
plurality,-0.048223350253807105,0.0,0.005076142131979695,0.005076142131979695,0.005076142131979695,0.005076142131979695,0.0
gt,0.02030456852791878,-0.005076142131979695,0.0,0.0,0.0,0.0,-0.005076142131979695
minimax,0.02030456852791878,-0.005076142131979695,0.0,0.0,0.0,0.0,-0.005076142131979695
gtd,0.02030456852791878,-0.005076142131979695,0.0,0.0,0.0,0.0,-0.005076142131979695
Schulze,0.02030456852791878,-0.005076142131979695,0.0,0.0,0.0,0.0,-0.005076142131979695
IRV,-0.048223350253807105,0.0,0.005076142131979695,0.005076142131979695,0.005076142131979695,0.005076142131979695,0.0
