,Borda,plurality,gt,minimax,gtd,Schulze,IRV
Borda,0.0,0.0,0.0,0.0,0.0,0.0,-0.00510204081632653
plurality,0.0,0.0,0.0,0.0,0.0,0.0,-0.00510204081632653
gt,0.0,0.0,0.0,0.0,0.0,0.0,-0.00510204081632653
minimax,0.0,0.0,0.0,0.0,0.0,0.0,-0.00510204081632653
gtd,0.0,0.0,0.0,0.0,0.0,0.0,-0.00510204081632653
Schulze,0.0,0.0,0.0,0.0,0.0,0.0,-0.00510204081632653
IRV,0.00510204081632653,0.00510204081632653,0.00510204081632653,0.00510204081632653,0.00510204081632653,0.00510204081632653,0.0
