,Borda,plurality,gt,minimax,gtd,Schulze,IRV
Borda,0.0,0.04067796610169491,0.0,0.0,0.0,0.0,0.0
plurality,-0.04067796610169491,0.0,-0.04067796610169491,-0.013559322033898305,-0.04067796610169491,-0.013559322033898305,-0.013559322033898305
gt,0.0,0.04067796610169491,0.0,0.0,0.0,0.0,0.0
minimax,0.0,0.013559322033898305,0.0,0.0,0.0,0.0,0.0
gtd,0.0,0.04067796610169491,0.0,0.0,0.0,0.0,0.0
Schulze,0.0,0.013559322033898305,0.0,0.0,0.0,0.0,0.0
IRV,0.0,0.013559322033898305,0.0,0.0,0.0,0.0,0.0
