,Borda,plurality,gt,minimax,gtd,Schulze,IRV
Borda,0.0,-0.011128775834658187,-0.011128775834658187,0.0,-0.011128775834658187,0.0,0.08426073131955485
plurality,0.011128775834658187,0.0,0.0,0.011128775834658187,0.0,0.011128775834658187,-0.014308426073131956
gt,0.011128775834658187,0.0,0.0,0.011128775834658187,0.0,0.011128775834658187,-0.014308426073131956
minimax,0.0,-0.011128775834658187,-0.011128775834658187,0.0,-0.011128775834658187,0.0,0.08426073131955485
gtd,0.011128775834658187,0.0,0.0,0.011128775834658187,0.0,0.011128775834658187,-0.014308426073131956
Schulze,0.0,-0.011128775834658187,-0.011128775834658187,0.0,-0.011128775834658187,0.0,0.08426073131955485
IRV,-0.08426073131955485,0.014308426073131956,0.014308426073131956,-0.08426073131955485,0.014308426073131956,-0.08426073131955485,0.0
