,Borda,plurality,gt,minimax,gtd,Schulze,IRV
Borda,0.0,-0.009762900976290097,0.03207810320781032,0.0,-0.009762900976290097,0.0,-0.009762900976290097
plurality,0.009762900976290097,0.0,-0.026499302649930265,0.009762900976290097,0.0,0.009762900976290097,0.0
gt,-0.03207810320781032,0.026499302649930265,0.0,-0.03207810320781032,0.026499302649930265,-0.03207810320781032,0.026499302649930265
minimax,0.0,-0.009762900976290097,0.03207810320781032,0.0,-0.009762900976290097,0.0,-0.009762900976290097
gtd,0.009762900976290097,0.0,-0.026499302649930265,0.009762900976290097,0.0,0.009762900976290097,0.0
Schulze,0.0,-0.009762900976290097,0.03207810320781032,0.0,-0.009762900976290097,0.0,-0.009762900976290097
IRV,0.009762900976290097,0.0,-0.026499302649930265,0.009762900976290097,0.0,0.009762900976290097,0.0
