,Borda,plurality,gt,minimax,gtd,Schulze,IRV
Borda,0.0,-0.022556390977443608,-0.022556390977443608,-0.022556390977443608,-0.022556390977443608,-0.022556390977443608,0.04189044038668099
plurality,0.022556390977443608,0.0,0.0,0.0,0.0,0.0,-0.01611170784103115
gt,0.022556390977443608,0.0,0.0,0.0,0.0,0.0,-0.01611170784103115
minimax,0.022556390977443608,0.0,0.0,0.0,0.0,0.0,-0.01611170784103115
gtd,0.022556390977443608,0.0,0.0,0.0,0.0,0.0,-0.01611170784103115
Schulze,0.022556390977443608,0.0,0.0,0.0,0.0,0.0,-0.01611170784103115
IRV,-0.04189044038668099,0.01611170784103115,0.01611170784103115,0.01611170784103115,0.01611170784103115,0.01611170784103115,0.0
