,Borda,plurality,gt,minimax,gtd,Schulze,IRV
Borda,0.0,-0.013651877133105802,-0.013651877133105802,0.0,-0.013651877133105802,0.0,0.05802047781569966
plurality,0.013651877133105802,0.0,0.0,0.013651877133105802,0.0,0.013651877133105802,-0.017064846416382253
gt,0.013651877133105802,0.0,0.0,0.013651877133105802,0.0,0.013651877133105802,-0.017064846416382253
minimax,0.0,-0.013651877133105802,-0.013651877133105802,0.0,-0.013651877133105802,0.0,0.05802047781569966
gtd,0.013651877133105802,0.0,0.0,0.013651877133105802,0.0,0.013651877133105802,-0.017064846416382253
Schulze,0.0,-0.013651877133105802,-0.013651877133105802,0.0,-0.013651877133105802,0.0,0.05802047781569966
IRV,-0.05802047781569966,0.017064846416382253,0.017064846416382253,-0.05802047781569966,0.017064846416382253,-0.05802047781569966,0.0
