,Borda,plurality,gt,minimax,gtd,Schulze,IRV
Borda,0.0,0.0,-0.01728395061728395,-0.01728395061728395,-0.01728395061728395,-0.01728395061728395,0.0
plurality,0.0,0.0,-0.01728395061728395,-0.01728395061728395,-0.01728395061728395,-0.01728395061728395,0.0
gt,0.01728395061728395,0.01728395061728395,0.0,0.0,0.0,0.0,0.01728395061728395
minimax,0.01728395061728395,0.01728395061728395,0.0,0.0,0.0,0.0,0.01728395061728395
gtd,0.01728395061728395,0.01728395061728395,0.0,0.0,0.0,0.0,0.01728395061728395
Schulze,0.01728395061728395,0.01728395061728395,0.0,0.0,0.0,0.0,0.01728395061728395
IRV,0.0,0.0,-0.01728395061728395,-0.01728395061728395,-0.01728395061728395,-0.01728395061728395,0.0
