,Borda,plurality,gt,minimax,gtd,Schulze,IRV
Borda,0.0,0.0,-0.006237006237006237,0.0,-0.006237006237006237,0.0,-0.006237006237006237
plurality,0.0,0.0,-0.006237006237006237,0.0,-0.006237006237006237,0.0,-0.006237006237006237
gt,0.006237006237006237,0.006237006237006237,0.0,0.006237006237006237,0.0,0.006237006237006237,0.0
minimax,0.0,0.0,-0.006237006237006237,0.0,-0.006237006237006237,0.0,-0.006237006237006237
gtd,0.006237006237006237,0.006237006237006237,0.0,0.006237006237006237,0.0,0.006237006237006237,0.0
Schulze,0.0,0.0,-0.006237006237006237,0.0,-0.006237006237006237,0.0,-0.006237006237006237
IRV,0.006237006237006237,0.006237006237006237,0.0,0.006237006237006237,0.0,0.006237006237006237,0.0
