,Borda,plurality,gt,minimax,gtd,Schulze,IRV
Borda,0.0,0.025,-0.00125,0.0,-0.00125,0.0,0.0
plurality,-0.025,0.0,0.005,-0.025,0.005,-0.025,-0.025
gt,0.00125,-0.005,0.0,0.00125,0.0,0.00125,0.00125
minimax,0.0,0.025,-0.00125,0.0,-0.00125,0.0,0.0
gtd,0.00125,-0.005,0.0,0.00125,0.0,0.00125,0.00125
Schulze,0.0,0.025,-0.00125,0.0,-0.00125,0.0,0.0
IRV,0.0,0.025,-0.00125,0.0,-0.00125,0.0,0.0
