,Borda,plurality,gt,minimax,gtd,Schulze,IRV
Borda,0.0,0.0,-0.019933554817275746,-0.019933554817275746,-0.019933554817275746,-0.019933554817275746,-0.019933554817275746
plurality,0.0,0.0,-0.019933554817275746,-0.019933554817275746,-0.019933554817275746,-0.019933554817275746,-0.019933554817275746
gt,0.019933554817275746,0.019933554817275746,0.0,0.0,0.0,0.0,0.0
minimax,0.019933554817275746,0.019933554817275746,0.0,0.0,0.0,0.0,0.0
gtd,0.019933554817275746,0.019933554817275746,0.0,0.0,0.0,0.0,0.0
Schulze,0.019933554817275746,0.019933554817275746,0.0,0.0,0.0,0.0,0.0
IRV,0.019933554817275746,0.019933554817275746,0.0,0.0,0.0,0.0,0.0
