,Borda,plurality,gt,minimax,gtd,Schulze,IRV
Borda,0.0,-0.01694915254237288,-0.01694915254237288,0.0,-0.01694915254237288,0.0,0.05569007263922518
plurality,0.01694915254237288,0.0,0.0,0.01694915254237288,0.0,0.01694915254237288,-0.04116222760290557
gt,0.01694915254237288,0.0,0.0,0.01694915254237288,0.0,0.01694915254237288,-0.04116222760290557
minimax,0.0,-0.01694915254237288,-0.01694915254237288,0.0,-0.01694915254237288,0.0,0.05569007263922518
gtd,0.01694915254237288,0.0,0.0,0.01694915254237288,0.0,0.01694915254237288,-0.04116222760290557
Schulze,0.0,-0.01694915254237288,-0.01694915254237288,0.0,-0.01694915254237288,0.0,0.05569007263922518
IRV,-0.05569007263922518,0.04116222760290557,0.04116222760290557,-0.05569007263922518,0.04116222760290557,-0.05569007263922518,0.0
