,Borda,plurality,gt,minimax,gtd,Schulze,IRV
Borda,0.0,-0.01867572156196944,-0.01867572156196944,0.0,-0.01867572156196944,0.0,-0.01867572156196944
plurality,0.01867572156196944,0.0,0.0,0.01867572156196944,0.0,0.01867572156196944,0.0
gt,0.01867572156196944,0.0,0.0,0.01867572156196944,0.0,0.01867572156196944,0.0
minimax,0.0,-0.01867572156196944,-0.01867572156196944,0.0,-0.01867572156196944,0.0,-0.01867572156196944
gtd,0.01867572156196944,0.0,0.0,0.01867572156196944,0.0,0.01867572156196944,0.0
Schulze,0.0,-0.01867572156196944,-0.01867572156196944,0.0,-0.01867572156196944,0.0,-0.01867572156196944
IRV,0.01867572156196944,0.0,0.0,0.01867572156196944,0.0,0.01867572156196944,0.0
