,Borda,plurality,gt,minimax,gtd,Schulze,IRV
Borda,0.0,0.0,-0.015432098765432098,0.0,-0.015432098765432098,0.0,0.0
plurality,0.0,0.0,-0.015432098765432098,0.0,-0.015432098765432098,0.0,0.0
gt,0.015432098765432098,0.015432098765432098,0.0,0.015432098765432098,0.0,0.015432098765432098,0.015432098765432098
minimax,0.0,0.0,-0.015432098765432098,0.0,-0.015432098765432098,0.0,0.0
gtd,0.015432098765432098,0.015432098765432098,0.0,0.015432098765432098,0.0,0.015432098765432098,0.015432098765432098
Schulze,0.0,0.0,-0.015432098765432098,0.0,-0.015432098765432098,0.0,0.0
IRV,0.0,0.0,-0.015432098765432098,0.0,-0.015432098765432098,0.0,0.0
