,Borda,plurality,gt,minimax,gtd,Schulze,IRV
Borda,0.0,-0.01474010861132661,-0.01474010861132661,0.0,-0.01474010861132661,0.0,-0.01474010861132661
plurality,0.01474010861132661,0.0,0.0,0.01474010861132661,0.0,0.01474010861132661,0.0
gt,0.01474010861132661,0.0,0.0,0.01474010861132661,0.0,0.01474010861132661,0.0
minimax,0.0,-0.01474010861132661,-0.01474010861132661,0.0,-0.01474010861132661,0.0,-0.01474010861132661
gtd,0.01474010861132661,0.0,0.0,0.01474010861132661,0.0,0.01474010861132661,0.0
Schulze,0.0,-0.01474010861132661,-0.01474010861132661,0.0,-0.01474010861132661,0.0,-0.01474010861132661
IRV,0.01474010861132661,0.0,0.0,0.01474010861132661,0.0,0.01474010861132661,0.0
