,Borda,plurality,gt,minimax,gtd,Schulze,IRV
Borda,0.0,0.0,0.025295109612141653,0.0,-0.021922428330522766,0.0,-0.021922428330522766
plurality,0.0,0.0,0.025295109612141653,0.0,-0.021922428330522766,0.0,-0.021922428330522766
gt,-0.025295109612141653,-0.025295109612141653,0.0,-0.025295109612141653,0.021922428330522766,-0.025295109612141653,0.021922428330522766
minimax,0.0,0.0,0.025295109612141653,0.0,-0.021922428330522766,0.0,-0.021922428330522766
gtd,0.021922428330522766,0.021922428330522766,-0.021922428330522766,0.021922428330522766,0.0,0.021922428330522766,0.0
Schulze,0.0,0.0,0.025295109612141653,0.0,-0.021922428330522766,0.0,-0.021922428330522766
IRV,0.021922428330522766,0.021922428330522766,-0.021922428330522766,0.021922428330522766,0.0,0.021922428330522766,0.0
