,Borda,plurality,gt,minimax,gtd,Schulze,IRV
Borda,0.0,-0.008433200177541057,-0.008433200177541057,-0.008433200177541057,-0.008433200177541057,-0.008433200177541057,0.02174877940523746
plurality,0.008433200177541057,0.0,0.0,0.0,0.0,0.0,-0.0004438526409232135
gt,0.008433200177541057,0.0,0.0,0.0,0.0,0.0,-0.0004438526409232135
minimax,0.008433200177541057,0.0,0.0,0.0,0.0,0.0,-0.0004438526409232135
gtd,0.008433200177541057,0.0,0.0,0.0,0.0,0.0,-0.0004438526409232135
Schulze,0.008433200177541057,0.0,0.0,0.0,0.0,0.0,-0.0004438526409232135
IRV,-0.02174877940523746,0.0004438526409232135,0.0004438526409232135,0.0004438526409232135,0.0004438526409232135,0.0004438526409232135,0.0
