,Borda,plurality,gt,minimax,gtd,Schulze,IRV
Borda,0.0,0.03081232492997199,-0.014005602240896359,-0.014005602240896359,-0.014005602240896359,-0.014005602240896359,0.03081232492997199
plurality,-0.03081232492997199,0.0,0.014005602240896359,0.014005602240896359,0.014005602240896359,0.014005602240896359,0.0
gt,0.014005602240896359,-0.014005602240896359,0.0,0.0,0.0,0.0,-0.014005602240896359
minimax,0.014005602240896359,-0.014005602240896359,0.0,0.0,0.0,0.0,-0.014005602240896359
gtd,0.014005602240896359,-0.014005602240896359,0.0,0.0,0.0,0.0,-0.014005602240896359
Schulze,0.014005602240896359,-0.014005602240896359,0.0,0.0,0.0,0.0,-0.014005602240896359
IRV,-0.03081232492997199,0.0,0.014005602240896359,0.014005602240896359,0.014005602240896359,0.014005602240896359,0.0
