,Borda,plurality,gt,minimax,gtd,Schulze,IRV
Borda,0.0,0.015053763440860216,-0.002150537634408602,0.0,0.0,0.0,0.0
plurality,-0.015053763440860216,0.0,0.023655913978494623,-0.015053763440860216,-0.015053763440860216,-0.015053763440860216,-0.015053763440860216
gt,0.002150537634408602,-0.023655913978494623,0.0,0.002150537634408602,0.002150537634408602,0.002150537634408602,0.002150537634408602
minimax,0.0,0.015053763440860216,-0.002150537634408602,0.0,0.0,0.0,0.0
gtd,0.0,0.015053763440860216,-0.002150537634408602,0.0,0.0,0.0,0.0
Schulze,0.0,0.015053763440860216,-0.002150537634408602,0.0,0.0,0.0,0.0
IRV,0.0,0.015053763440860216,-0.002150537634408602,0.0,0.0,0.0,0.0
