,Borda,plurality,gt,minimax,gtd,Schulze,IRV
Borda,0.0,0.015384615384615385,-0.008547008547008548,0.0,-0.008547008547008548,0.0,0.0
plurality,-0.015384615384615385,0.0,0.013675213675213675,-0.015384615384615385,0.013675213675213675,-0.015384615384615385,-0.015384615384615385
gt,0.008547008547008548,-0.013675213675213675,0.0,0.008547008547008548,0.0,0.008547008547008548,0.008547008547008548
minimax,0.0,0.015384615384615385,-0.008547008547008548,0.0,-0.008547008547008548,0.0,0.0
gtd,0.008547008547008548,-0.013675213675213675,0.0,0.008547008547008548,0.0,0.008547008547008548,0.008547008547008548
Schulze,0.0,0.015384615384615385,-0.008547008547008548,0.0,-0.008547008547008548,0.0,0.0
IRV,0.0,0.015384615384615385,-0.008547008547008548,0.0,-0.008547008547008548,0.0,0.0
