,Borda,plurality,gt,minimax,gtd,Schulze,IRV
Borda,0.0,0.012522361359570662,-0.0017889087656529517,0.0,-0.0017889087656529517,0.0,0.0
plurality,-0.012522361359570662,0.0,0.012522361359570662,-0.012522361359570662,0.012522361359570662,-0.012522361359570662,-0.012522361359570662
gt,0.0017889087656529517,-0.012522361359570662,0.0,0.0017889087656529517,0.0,0.0017889087656529517,0.0017889087656529517
minimax,0.0,0.012522361359570662,-0.0017889087656529517,0.0,-0.0017889087656529517,0.0,0.0
gtd,0.0017889087656529517,-0.012522361359570662,0.0,0.0017889087656529517,0.0,0.0017889087656529517,0.0017889087656529517
Schulze,0.0,0.012522361359570662,-0.0017889087656529517,0.0,-0.0017889087656529517,0.0,0.0
IRV,0.0,0.012522361359570662,-0.0017889087656529517,0.0,-0.0017889087656529517,0.0,0.0
