,Borda,plurality,gt,minimax,gtd,Schulze,IRV
Borda,0.0,0.0,0.03944315545243619,0.0,-0.025522041763341066,0.0,-0.025522041763341066
plurality,0.0,0.0,0.03944315545243619,0.0,-0.025522041763341066,0.0,-0.025522041763341066
gt,-0.03944315545243619,-0.03944315545243619,0.0,-0.03944315545243619,0.030162412993039442,-0.03944315545243619,0.030162412993039442
minimax,0.0,0.0,0.03944315545243619,0.0,-0.025522041763341066,0.0,-0.025522041763341066
gtd,0.025522041763341066,0.025522041763341066,-0.030162412993039442,0.025522041763341066,0.0,0.025522041763341066,0.0
Schulze,0.0,0.0,0.03944315545243619,0.0,-0.025522041763341066,0.0,-0.025522041763341066
IRV,0.025522041763341066,0.025522041763341066,-0.030162412993039442,0.025522041763341066,0.0,0.025522041763341066,0.0
