,Borda,plurality,gt,minimax,gtd,Schulze,IRV
Borda,0.0,0.0,0.0,0.0,0.0,0.0,-0.011435832274459974
plurality,0.0,0.0,0.0,0.0,0.0,0.0,-0.011435832274459974
gt,0.0,0.0,0.0,0.0,0.0,0.0,-0.011435832274459974
minimax,0.0,0.0,0.0,0.0,0.0,0.0,-0.011435832274459974
gtd,0.0,0.0,0.0,0.0,0.0,0.0,-0.011435832274459974
Schulze,0.0,0.0,0.0,0.0,0.0,0.0,-0.011435832274459974
IRV,0.011435832274459974,0.011435832274459974,0.011435832274459974,0.011435832274459974,0.011435832274459974,0.011435832274459974,0.0
