,Borda,plurality,gt,minimax,gtd,Schulze,IRV
Borda,0.0,-0.005208333333333333,-0.005208333333333333,0.0,0.0,0.0,0.041666666666666664
plurality,0.005208333333333333,0.0,0.0,0.005208333333333333,0.005208333333333333,0.005208333333333333,-0.057291666666666664
gt,0.005208333333333333,0.0,0.0,0.005208333333333333,0.005208333333333333,0.005208333333333333,-0.057291666666666664
minimax,0.0,-0.005208333333333333,-0.005208333333333333,0.0,0.0,0.0,0.041666666666666664
gtd,0.0,-0.005208333333333333,-0.005208333333333333,0.0,0.0,0.0,0.041666666666666664
Schulze,0.0,-0.005208333333333333,-0.005208333333333333,0.0,0.0,0.0,0.041666666666666664
IRV,-0.041666666666666664,0.057291666666666664,0.057291666666666664,-0.041666666666666664,-0.041666666666666664,-0.041666666666666664,0.0
