,Borda,plurality,gt,minimax,gtd,Schulze,IRV
Borda,0.0,-0.034358047016274866,-0.034358047016274866,-0.034358047016274866,-0.034358047016274866,-0.034358047016274866,0.045207956600361664
plurality,0.034358047016274866,0.0,0.0,0.0,0.0,0.0,-0.027124773960216998
gt,0.034358047016274866,0.0,0.0,0.0,0.0,0.0,-0.027124773960216998
minimax,0.034358047016274866,0.0,0.0,0.0,0.0,0.0,-0.027124773960216998
gtd,0.034358047016274866,0.0,0.0,0.0,0.0,0.0,-0.027124773960216998
Schulze,0.034358047016274866,0.0,0.0,0.0,0.0,0.0,-0.027124773960216998
IRV,-0.045207956600361664,0.027124773960216998,0.027124773960216998,0.027124773960216998,0.027124773960216998,0.027124773960216998,0.0
