,Borda,plurality,gt,minimax,gtd,Schulze,IRV
Borda,0.0,0.08314606741573034,-0.015730337078651686,-0.015730337078651686,-0.015730337078651686,-0.015730337078651686,0.0
plurality,-0.08314606741573034,0.0,0.011235955056179775,0.011235955056179775,0.011235955056179775,0.011235955056179775,-0.08314606741573034
gt,0.015730337078651686,-0.011235955056179775,0.0,0.0,0.0,0.0,0.015730337078651686
minimax,0.015730337078651686,-0.011235955056179775,0.0,0.0,0.0,0.0,0.015730337078651686
gtd,0.015730337078651686,-0.011235955056179775,0.0,0.0,0.0,0.0,0.015730337078651686
Schulze,0.015730337078651686,-0.011235955056179775,0.0,0.0,0.0,0.0,0.015730337078651686
IRV,0.0,0.08314606741573034,-0.015730337078651686,-0.015730337078651686,-0.015730337078651686,-0.015730337078651686,0.0
