,Borda,plurality,gt,minimax,gtd,Schulze,IRV
Borda,0.0,-0.024390243902439025,-0.024390243902439025,0.0,0.0,0.0,-0.024390243902439025
plurality,0.024390243902439025,0.0,0.0,0.024390243902439025,0.024390243902439025,0.024390243902439025,0.0
gt,0.024390243902439025,0.0,0.0,0.024390243902439025,0.024390243902439025,0.024390243902439025,0.0
minimax,0.0,-0.024390243902439025,-0.024390243902439025,0.0,0.0,0.0,-0.024390243902439025
gtd,0.0,-0.024390243902439025,-0.024390243902439025,0.0,0.0,0.0,-0.024390243902439025
Schulze,0.0,-0.024390243902439025,-0.024390243902439025,0.0,0.0,0.0,-0.024390243902439025
IRV,0.024390243902439025,0.0,0.0,0.024390243902439025,0.024390243902439025,0.024390243902439025,0.0
