,Borda,plurality,gt,minimax,gtd,Schulze,IRV
Borda,0.0,-0.0012135922330097086,-0.0012135922330097086,0.0,0.0,0.0,-0.0012135922330097086
plurality,0.0012135922330097086,0.0,0.0,0.0012135922330097086,0.0012135922330097086,0.0012135922330097086,0.0
gt,0.0012135922330097086,0.0,0.0,0.0012135922330097086,0.0012135922330097086,0.0012135922330097086,0.0
minimax,0.0,-0.0012135922330097086,-0.0012135922330097086,0.0,0.0,0.0,-0.0012135922330097086
gtd,0.0,-0.0012135922330097086,-0.0012135922330097086,0.0,0.0,0.0,-0.0012135922330097086
Schulze,0.0,-0.0012135922330097086,-0.0012135922330097086,0.0,0.0,0.0,-0.0012135922330097086
IRV,0.0012135922330097086,0.0,0.0,0.0012135922330097086,0.0012135922330097086,0.0012135922330097086,0.0
