,Borda,plurality,gt,minimax,gtd,Schulze,IRV
Borda,0.0,-0.031026252983293555,-0.031026252983293555,-0.031026252983293555,-0.031026252983293555,-0.031026252983293555,-0.031026252983293555
plurality,0.031026252983293555,0.0,0.0,0.0,0.0,0.0,0.0
gt,0.031026252983293555,0.0,0.0,0.0,0.0,0.0,0.0
minimax,0.031026252983293555,0.0,0.0,0.0,0.0,0.0,0.0
gtd,0.031026252983293555,0.0,0.0,0.0,0.0,0.0,0.0
Schulze,0.031026252983293555,0.0,0.0,0.0,0.0,0.0,0.0
IRV,0.031026252983293555,0.0,0.0,0.0,0.0,0.0,0.0
