,Borda,plurality,gt,minimax,gtd,Schulze,IRV
Borda,0.0,-0.033003300330033,0.0,0.0,-0.033003300330033,0.0,-0.033003300330033
plurality,0.033003300330033,0.0,0.033003300330033,0.033003300330033,0.0,0.033003300330033,0.0
gt,0.0,-0.033003300330033,0.0,0.0,-0.033003300330033,0.0,-0.033003300330033
minimax,0.0,-0.033003300330033,0.0,0.0,-0.033003300330033,0.0,-0.033003300330033
gtd,0.033003300330033,0.0,0.033003300330033,0.033003300330033,0.0,0.033003300330033,0.0
Schulze,0.0,-0.033003300330033,0.0,0.0,-0.033003300330033,0.0,-0.033003300330033
IRV,0.033003300330033,0.0,0.033003300330033,0.033003300330033,0.0,0.033003300330033,0.0
