,Borda,plurality,gt,minimax,gtd,Schulze,IRV
Borda,0.0,0.0,0.06521739130434782,-0.034782608695652174,-0.034782608695652174,-0.034782608695652174,0.0
plurality,0.0,0.0,0.06521739130434782,-0.034782608695652174,-0.034782608695652174,-0.034782608695652174,0.0
gt,-0.06521739130434782,-0.06521739130434782,0.0,0.017391304347826087,0.017391304347826087,0.017391304347826087,-0.06521739130434782
minimax,0.034782608695652174,0.034782608695652174,-0.017391304347826087,0.0,0.0,0.0,0.034782608695652174
gtd,0.034782608695652174,0.034782608695652174,-0.017391304347826087,0.0,0.0,0.0,0.034782608695652174
Schulze,0.034782608695652174,0.034782608695652174,-0.017391304347826087,0.0,0.0,0.0,0.034782608695652174
IRV,0.0,0.0,0.06521739130434782,-0.034782608695652174,-0.034782608695652174,-0.034782608695652174,0.0
