,Borda,plurality,gt,minimax,gtd,Schulze,IRV
Borda,0.0,-0.00186219739292365,-0.00186219739292365,0.0,0.0,0.0,-0.00186219739292365
plurality,0.00186219739292365,0.0,0.0,0.00186219739292365,0.00186219739292365,0.00186219739292365,0.0
gt,0.00186219739292365,0.0,0.0,0.00186219739292365,0.00186219739292365,0.00186219739292365,0.0
minimax,0.0,-0.00186219739292365,-0.00186219739292365,0.0,0.0,0.0,-0.00186219739292365
gtd,0.0,-0.00186219739292365,-0.00186219739292365,0.0,0.0,0.0,-0.00186219739292365
Schulze,0.0,-0.00186219739292365,-0.00186219739292365,0.0,0.0,0.0,-0.00186219739292365
IRV,0.00186219739292365,0.0,0.0,0.00186219739292365,0.00186219739292365,0.00186219739292365,0.0
