,Borda,plurality,gt,minimax,gtd,Schulze,IRV
Borda,0.0,0.0,-0.00199203187250996,0.0,-0.00199203187250996,0.0,-0.00199203187250996
plurality,0.0,0.0,-0.00199203187250996,0.0,-0.00199203187250996,0.0,-0.00199203187250996
gt,0.00199203187250996,0.00199203187250996,0.0,0.00199203187250996,0.0,0.00199203187250996,0.0
minimax,0.0,0.0,-0.00199203187250996,0.0,-0.00199203187250996,0.0,-0.00199203187250996
gtd,0.00199203187250996,0.00199203187250996,0.0,0.00199203187250996,0.0,0.00199203187250996,0.0
Schulze,0.0,0.0,-0.00199203187250996,0.0,-0.00199203187250996,0.0,-0.00199203187250996
IRV,0.00199203187250996,0.00199203187250996,0.0,0.00199203187250996,0.0,0.00199203187250996,0.0
