,Borda,plurality,gt,minimax,gtd,Schulze,IRV
Borda,0.0,0.0,-0.01486988847583643,0.0,-0.01486988847583643,0.0,-0.01486988847583643
plurality,0.0,0.0,-0.01486988847583643,0.0,-0.01486988847583643,0.0,-0.01486988847583643
gt,0.01486988847583643,0.01486988847583643,0.0,0.01486988847583643,0.0,0.01486988847583643,0.0
minimax,0.0,0.0,-0.01486988847583643,0.0,-0.01486988847583643,0.0,-0.01486988847583643
gtd,0.01486988847583643,0.01486988847583643,0.0,0.01486988847583643,0.0,0.01486988847583643,0.0
Schulze,0.0,0.0,-0.01486988847583643,0.0,-0.01486988847583643,0.0,-0.01486988847583643
IRV,0.01486988847583643,0.01486988847583643,0.0,0.01486988847583643,0.0,0.01486988847583643,0.0
