,Borda,plurality,gt,minimax,gtd,Schulze,IRV
Borda,0.0,-0.01856763925729443,0.03978779840848806,-0.01856763925729443,-0.01856763925729443,-0.01856763925729443,0.03978779840848806
plurality,0.01856763925729443,0.0,-0.01856763925729443,0.0,0.0,0.0,-0.01856763925729443
gt,-0.03978779840848806,0.01856763925729443,0.0,0.01856763925729443,0.01856763925729443,0.01856763925729443,0.0
minimax,0.01856763925729443,0.0,-0.01856763925729443,0.0,0.0,0.0,-0.01856763925729443
gtd,0.01856763925729443,0.0,-0.01856763925729443,0.0,0.0,0.0,-0.01856763925729443
Schulze,0.01856763925729443,0.0,-0.01856763925729443,0.0,0.0,0.0,-0.01856763925729443
IRV,-0.03978779840848806,0.01856763925729443,0.0,0.01856763925729443,0.01856763925729443,0.01856763925729443,0.0
