,Borda,plurality,gt,minimax,gtd,Schulze,IRV
Borda,0.0,0.032448377581120944,0.0,0.0,-0.02359882005899705,0.0,0.0
plurality,-0.032448377581120944,0.0,-0.032448377581120944,-0.032448377581120944,0.032448377581120944,-0.032448377581120944,-0.032448377581120944
gt,0.0,0.032448377581120944,0.0,0.0,-0.02359882005899705,0.0,0.0
minimax,0.0,0.032448377581120944,0.0,0.0,-0.02359882005899705,0.0,0.0
gtd,0.02359882005899705,-0.032448377581120944,0.02359882005899705,0.02359882005899705,0.0,0.02359882005899705,0.02359882005899705
Schulze,0.0,0.032448377581120944,0.0,0.0,-0.02359882005899705,0.0,0.0
IRV,0.0,0.032448377581120944,0.0,0.0,-0.02359882005899705,0.0,0.0
