,Borda,plurality,gt,minimax,gtd,Schulze,IRV
Borda,0.0,0.027649769585253458,0.0,0.0,-0.009216589861751152,0.0,0.027649769585253458
plurality,-0.027649769585253458,0.0,-0.027649769585253458,-0.027649769585253458,0.009216589861751152,-0.027649769585253458,0.0
gt,0.0,0.027649769585253458,0.0,0.0,-0.009216589861751152,0.0,0.027649769585253458
minimax,0.0,0.027649769585253458,0.0,0.0,-0.009216589861751152,0.0,0.027649769585253458
gtd,0.009216589861751152,-0.009216589861751152,0.009216589861751152,0.009216589861751152,0.0,0.009216589861751152,-0.009216589861751152
Schulze,0.0,0.027649769585253458,0.0,0.0,-0.009216589861751152,0.0,0.027649769585253458
IRV,-0.027649769585253458,0.0,-0.027649769585253458,-0.027649769585253458,0.009216589861751152,-0.027649769585253458,0.0
