,Borda,plurality,gt,minimax,gtd,Schulze,IRV
Borda,0.0,0.04363636363636364,0.0,0.0,-0.014545454545454545,0.0,0.04363636363636364
plurality,-0.04363636363636364,0.0,-0.04363636363636364,-0.04363636363636364,0.03272727272727273,-0.04363636363636364,0.0
gt,0.0,0.04363636363636364,0.0,0.0,-0.014545454545454545,0.0,0.04363636363636364
minimax,0.0,0.04363636363636364,0.0,0.0,-0.014545454545454545,0.0,0.04363636363636364
gtd,0.014545454545454545,-0.03272727272727273,0.014545454545454545,0.014545454545454545,0.0,0.014545454545454545,-0.03272727272727273
Schulze,0.0,0.04363636363636364,0.0,0.0,-0.014545454545454545,0.0,0.04363636363636364
IRV,-0.04363636363636364,0.0,-0.04363636363636364,-0.04363636363636364,0.03272727272727273,-0.04363636363636364,0.0
