,Borda,plurality,gt,minimax,gtd,Schulze,IRV
Borda,0.0,0.01483679525222552,0.0,0.0,0.0,0.0,0.0
plurality,-0.01483679525222552,0.0,-0.002967359050445104,-0.01483679525222552,-0.01483679525222552,-0.01483679525222552,-0.01483679525222552
gt,0.0,0.002967359050445104,0.0,0.0,0.0,0.0,0.0
minimax,0.0,0.01483679525222552,0.0,0.0,0.0,0.0,0.0
gtd,0.0,0.01483679525222552,0.0,0.0,0.0,0.0,0.0
Schulze,0.0,0.01483679525222552,0.0,0.0,0.0,0.0,0.0
IRV,0.0,0.01483679525222552,0.0,0.0,0.0,0.0,0.0
