,Borda,plurality,gt,minimax,gtd,Schulze,IRV
Borda,0.0,-0.008403361344537815,-0.008403361344537815,0.0,-0.008403361344537815,0.0,0.047619047619047616
plurality,0.008403361344537815,0.0,0.0,0.008403361344537815,0.0,0.008403361344537815,-0.0196078431372549
gt,0.008403361344537815,0.0,0.0,0.008403361344537815,0.0,0.008403361344537815,-0.0196078431372549
minimax,0.0,-0.008403361344537815,-0.008403361344537815,0.0,-0.008403361344537815,0.0,0.047619047619047616
gtd,0.008403361344537815,0.0,0.0,0.008403361344537815,0.0,0.008403361344537815,-0.0196078431372549
Schulze,0.0,-0.008403361344537815,-0.008403361344537815,0.0,-0.008403361344537815,0.0,0.047619047619047616
IRV,-0.047619047619047616,0.0196078431372549,0.0196078431372549,-0.047619047619047616,0.0196078431372549,-0.047619047619047616,0.0
