,Borda,plurality,gt,minimax,gtd,Schulze,IRV
Borda,0.0,0.0,-0.010845986984815618,-0.010845986984815618,-0.010845986984815618,-0.010845986984815618,-0.010845986984815618
plurality,0.0,0.0,-0.010845986984815618,-0.010845986984815618,-0.010845986984815618,-0.010845986984815618,-0.010845986984815618
gt,0.010845986984815618,0.010845986984815618,0.0,0.0,0.0,0.0,0.0
minimax,0.010845986984815618,0.010845986984815618,0.0,0.0,0.0,0.0,0.0
gtd,0.010845986984815618,0.010845986984815618,0.0,0.0,0.0,0.0,0.0
Schulze,0.010845986984815618,0.010845986984815618,0.0,0.0,0.0,0.0,0.0
IRV,0.010845986984815618,0.010845986984815618,0.0,0.0,0.0,0.0,0.0
