,Borda,plurality,gt,minimax,gtd,Schulze,IRV
Borda,0.0,-0.014245014245014245,-0.014245014245014245,0.0,-0.014245014245014245,0.0,0.06552706552706553
plurality,0.014245014245014245,0.0,0.0,0.014245014245014245,0.0,0.014245014245014245,-0.019943019943019943
gt,0.014245014245014245,0.0,0.0,0.014245014245014245,0.0,0.014245014245014245,-0.019943019943019943
minimax,0.0,-0.014245014245014245,-0.014245014245014245,0.0,-0.014245014245014245,0.0,0.06552706552706553
gtd,0.014245014245014245,0.0,0.0,0.014245014245014245,0.0,0.014245014245014245,-0.019943019943019943
Schulze,0.0,-0.014245014245014245,-0.014245014245014245,0.0,-0.014245014245014245,0.0,0.06552706552706553
IRV,-0.06552706552706553,0.019943019943019943,0.019943019943019943,-0.06552706552706553,0.019943019943019943,-0.06552706552706553,0.0
