,Borda,plurality,gt,minimax,gtd,Schulze,IRV
Borda,0.0,0.0,-0.02577319587628866,-0.02577319587628866,-0.02577319587628866,-0.02577319587628866,0.0
plurality,0.0,0.0,-0.02577319587628866,-0.02577319587628866,-0.02577319587628866,-0.02577319587628866,0.0
gt,0.02577319587628866,0.02577319587628866,0.0,0.0,0.0,0.0,0.02577319587628866
minimax,0.02577319587628866,0.02577319587628866,0.0,0.0,0.0,0.0,0.02577319587628866
gtd,0.02577319587628866,0.02577319587628866,0.0,0.0,0.0,0.0,0.02577319587628866
Schulze,0.02577319587628866,0.02577319587628866,0.0,0.0,0.0,0.0,0.02577319587628866
IRV,0.0,0.0,-0.02577319587628866,-0.02577319587628866,-0.02577319587628866,-0.02577319587628866,0.0
