,Borda,plurality,gt,minimax,gtd,Schulze,IRV
Borda,0.0,-0.00782472613458529,0.03286384976525822,0.0,-0.00782472613458529,0.0,0.03286384976525822
plurality,0.00782472613458529,0.0,-0.00782472613458529,0.00782472613458529,0.0,0.00782472613458529,-0.00782472613458529
gt,-0.03286384976525822,0.00782472613458529,0.0,-0.03286384976525822,0.00782472613458529,-0.03286384976525822,0.0
minimax,0.0,-0.00782472613458529,0.03286384976525822,0.0,-0.00782472613458529,0.0,0.03286384976525822
gtd,0.00782472613458529,0.0,-0.00782472613458529,0.00782472613458529,0.0,0.00782472613458529,-0.00782472613458529
Schulze,0.0,-0.00782472613458529,0.03286384976525822,0.0,-0.00782472613458529,0.0,0.03286384976525822
IRV,-0.03286384976525822,0.00782472613458529,0.0,-0.03286384976525822,0.00782472613458529,-0.03286384976525822,0.0
