,Borda,plurality,gt,minimax,gtd,Schulze,IRV
Borda,0.0,0.05102040816326531,-0.01020408163265306,0.0,-0.01020408163265306,0.0,0.0
plurality,-0.05102040816326531,0.0,0.01020408163265306,-0.05102040816326531,0.01020408163265306,-0.05102040816326531,-0.05102040816326531
gt,0.01020408163265306,-0.01020408163265306,0.0,0.01020408163265306,0.0,0.01020408163265306,0.01020408163265306
minimax,0.0,0.05102040816326531,-0.01020408163265306,0.0,-0.01020408163265306,0.0,0.0
gtd,0.01020408163265306,-0.01020408163265306,0.0,0.01020408163265306,0.0,0.01020408163265306,0.01020408163265306
Schulze,0.0,0.05102040816326531,-0.01020408163265306,0.0,-0.01020408163265306,0.0,0.0
IRV,0.0,0.05102040816326531,-0.01020408163265306,0.0,-0.01020408163265306,0.0,0.0
