,Borda,plurality,gt,minimax,gtd,Schulze,IRV
Borda,0.0,0.0,-0.027906976744186046,-0.027906976744186046,-0.027906976744186046,-0.027906976744186046,0.0
plurality,0.0,0.0,-0.027906976744186046,-0.027906976744186046,-0.027906976744186046,-0.027906976744186046,0.0
gt,0.027906976744186046,0.027906976744186046,0.0,0.0,0.0,0.0,0.027906976744186046
minimax,0.027906976744186046,0.027906976744186046,0.0,0.0,0.0,0.0,0.027906976744186046
gtd,0.027906976744186046,0.027906976744186046,0.0,0.0,0.0,0.0,0.027906976744186046
Schulze,0.027906976744186046,0.027906976744186046,0.0,0.0,0.0,0.0,0.027906976744186046
IRV,0.0,0.0,-0.027906976744186046,-0.027906976744186046,-0.027906976744186046,-0.027906976744186046,0.0
