,Borda,plurality,gt,minimax,gtd,Schulze,IRV
Borda,0.0,0.07555555555555556,0.0,0.0,0.0,0.0,0.0
plurality,-0.07555555555555556,0.0,-0.06222222222222222,-0.07555555555555556,-0.06222222222222222,-0.07555555555555556,-0.07555555555555556
gt,0.0,0.06222222222222222,0.0,0.0,0.0,0.0,0.0
minimax,0.0,0.07555555555555556,0.0,0.0,0.0,0.0,0.0
gtd,0.0,0.06222222222222222,0.0,0.0,0.0,0.0,0.0
Schulze,0.0,0.07555555555555556,0.0,0.0,0.0,0.0,0.0
IRV,0.0,0.07555555555555556,0.0,0.0,0.0,0.0,0.0
