,Borda,plurality,gt,minimax,gtd,Schulze,IRV
Borda,0.0,0.0,0.0,0.0,0.0,0.0,-0.015590200445434299
plurality,0.0,0.0,0.0,0.0,0.0,0.0,-0.015590200445434299
gt,0.0,0.0,0.0,0.0,0.0,0.0,-0.015590200445434299
minimax,0.0,0.0,0.0,0.0,0.0,0.0,-0.015590200445434299
gtd,0.0,0.0,0.0,0.0,0.0,0.0,-0.015590200445434299
Schulze,0.0,0.0,0.0,0.0,0.0,0.0,-0.015590200445434299
IRV,0.015590200445434299,0.015590200445434299,0.015590200445434299,0.015590200445434299,0.015590200445434299,0.015590200445434299,0.0
