,Borda,plurality,gt,minimax,gtd,Schulze,IRV
Borda,0.0,0.0,0.044481054365733116,0.0,-0.0016474464579901153,0.0,0.0
plurality,0.0,0.0,0.044481054365733116,0.0,-0.0016474464579901153,0.0,0.0
gt,-0.044481054365733116,-0.044481054365733116,0.0,-0.044481054365733116,0.014827018121911038,-0.044481054365733116,-0.044481054365733116
minimax,0.0,0.0,0.044481054365733116,0.0,-0.0016474464579901153,0.0,0.0
gtd,0.0016474464579901153,0.0016474464579901153,-0.014827018121911038,0.0016474464579901153,0.0,0.0016474464579901153,0.0016474464579901153
Schulze,0.0,0.0,0.044481054365733116,0.0,-0.0016474464579901153,0.0,0.0
IRV,0.0,0.0,0.044481054365733116,0.0,-0.0016474464579901153,0.0,0.0
