,Borda,plurality,gt,minimax,gtd,Schulze,IRV
Borda,0.0,0.0,-0.009163802978235968,0.0,-0.009163802978235968,0.0,-0.009163802978235968
plurality,0.0,0.0,-0.009163802978235968,0.0,-0.009163802978235968,0.0,-0.009163802978235968
gt,0.009163802978235968,0.009163802978235968,0.0,0.009163802978235968,0.0,0.009163802978235968,0.0
minimax,0.0,0.0,-0.009163802978235968,0.0,-0.009163802978235968,0.0,-0.009163802978235968
gtd,0.009163802978235968,0.009163802978235968,0.0,0.009163802978235968,0.0,0.009163802978235968,0.0
Schulze,0.0,0.0,-0.009163802978235968,0.0,-0.009163802978235968,0.0,-0.009163802978235968
IRV,0.009163802978235968,0.009163802978235968,0.0,0.009163802978235968,0.0,0.009163802978235968,0.0
