,Borda,plurality,gt,minimax,gtd,Schulze,IRV
Borda,0.0,-0.02564102564102564,0.0,0.0,-0.02564102564102564,0.0,0.03133903133903134
plurality,0.02564102564102564,0.0,0.02564102564102564,0.02564102564102564,0.0,0.02564102564102564,-0.03133903133903134
gt,0.0,-0.02564102564102564,0.0,0.0,-0.02564102564102564,0.0,0.03133903133903134
minimax,0.0,-0.02564102564102564,0.0,0.0,-0.02564102564102564,0.0,0.03133903133903134
gtd,0.02564102564102564,0.0,0.02564102564102564,0.02564102564102564,0.0,0.02564102564102564,-0.03133903133903134
Schulze,0.0,-0.02564102564102564,0.0,0.0,-0.02564102564102564,0.0,0.03133903133903134
IRV,-0.03133903133903134,0.03133903133903134,-0.03133903133903134,-0.03133903133903134,0.03133903133903134,-0.03133903133903134,0.0
