,Borda,plurality,gt,minimax,gtd,Schulze,IRV
Borda,0.0,-0.009596928982725527,-0.009596928982725527,0.0,-0.009596928982725527,0.0,0.028790786948176585
plurality,0.009596928982725527,0.0,0.0,0.009596928982725527,0.0,0.009596928982725527,-0.013435700575815739
gt,0.009596928982725527,0.0,0.0,0.009596928982725527,0.0,0.009596928982725527,-0.013435700575815739
minimax,0.0,-0.009596928982725527,-0.009596928982725527,0.0,-0.009596928982725527,0.0,0.028790786948176585
gtd,0.009596928982725527,0.0,0.0,0.009596928982725527,0.0,0.009596928982725527,-0.013435700575815739
Schulze,0.0,-0.009596928982725527,-0.009596928982725527,0.0,-0.009596928982725527,0.0,0.028790786948176585
IRV,-0.028790786948176585,0.013435700575815739,0.013435700575815739,-0.028790786948176585,0.013435700575815739,-0.028790786948176585,0.0
