,Borda,plurality,gt,minimax,gtd,Schulze,IRV
Borda,0.0,0.037037037037037035,-0.002178649237472767,0.0,-0.002178649237472767,0.0,0.037037037037037035
plurality,-0.037037037037037035,0.0,0.02832244008714597,-0.037037037037037035,0.02832244008714597,-0.037037037037037035,0.0
gt,0.002178649237472767,-0.02832244008714597,0.0,0.002178649237472767,0.0,0.002178649237472767,-0.02832244008714597
minimax,0.0,0.037037037037037035,-0.002178649237472767,0.0,-0.002178649237472767,0.0,0.037037037037037035
gtd,0.002178649237472767,-0.02832244008714597,0.0,0.002178649237472767,0.0,0.002178649237472767,-0.02832244008714597
Schulze,0.0,0.037037037037037035,-0.002178649237472767,0.0,-0.002178649237472767,0.0,0.037037037037037035
IRV,-0.037037037037037035,0.0,0.02832244008714597,-0.037037037037037035,0.02832244008714597,-0.037037037037037035,0.0
