,Borda,plurality,gt,minimax,gtd,Schulze,IRV
Borda,0.0,0.0,0.0,0.0,0.0,0.0,-0.005076142131979695
plurality,0.0,0.0,0.0,0.0,0.0,0.0,-0.005076142131979695
gt,0.0,0.0,0.0,0.0,0.0,0.0,-0.005076142131979695
minimax,0.0,0.0,0.0,0.0,0.0,0.0,-0.005076142131979695
gtd,0.0,0.0,0.0,0.0,0.0,0.0,-0.005076142131979695
Schulze,0.0,0.0,0.0,0.0,0.0,0.0,-0.005076142131979695
IRV,0.005076142131979695,0.005076142131979695,0.005076142131979695,0.005076142131979695,0.005076142131979695,0.005076142131979695,0.0
