,Borda,plurality,gt,minimax,gtd,Schulze,IRV
Borda,0.0,-0.02528735632183908,-0.02528735632183908,-0.02528735632183908,-0.02528735632183908,-0.02528735632183908,0.03908045977011494
plurality,0.02528735632183908,0.0,0.0,0.0,0.0,0.0,-0.011494252873563218
gt,0.02528735632183908,0.0,0.0,0.0,0.0,0.0,-0.011494252873563218
minimax,0.02528735632183908,0.0,0.0,0.0,0.0,0.0,-0.011494252873563218
gtd,0.02528735632183908,0.0,0.0,0.0,0.0,0.0,-0.011494252873563218
Schulze,0.02528735632183908,0.0,0.0,0.0,0.0,0.0,-0.011494252873563218
IRV,-0.03908045977011494,0.011494252873563218,0.011494252873563218,0.011494252873563218,0.011494252873563218,0.011494252873563218,0.0
