,Borda,plurality,gt,minimax,gtd,Schulze,IRV
Borda,0.0,0.03987730061349693,0.0,0.0,0.0,0.0,0.0
plurality,-0.03987730061349693,0.0,-0.003067484662576687,-0.03987730061349693,-0.03987730061349693,-0.03987730061349693,-0.03987730061349693
gt,0.0,0.003067484662576687,0.0,0.0,0.0,0.0,0.0
minimax,0.0,0.03987730061349693,0.0,0.0,0.0,0.0,0.0
gtd,0.0,0.03987730061349693,0.0,0.0,0.0,0.0,0.0
Schulze,0.0,0.03987730061349693,0.0,0.0,0.0,0.0,0.0
IRV,0.0,0.03987730061349693,0.0,0.0,0.0,0.0,0.0
