,Borda,plurality,gt,minimax,gtd,Schulze,IRV
Borda,0.0,0.06607929515418502,-0.030837004405286344,0.0,-0.030837004405286344,0.0,0.0
plurality,-0.06607929515418502,0.0,0.039647577092511016,-0.06607929515418502,0.039647577092511016,-0.06607929515418502,-0.06607929515418502
gt,0.030837004405286344,-0.039647577092511016,0.0,0.030837004405286344,0.0,0.030837004405286344,0.030837004405286344
minimax,0.0,0.06607929515418502,-0.030837004405286344,0.0,-0.030837004405286344,0.0,0.0
gtd,0.030837004405286344,-0.039647577092511016,0.0,0.030837004405286344,0.0,0.030837004405286344,0.030837004405286344
Schulze,0.0,0.06607929515418502,-0.030837004405286344,0.0,-0.030837004405286344,0.0,0.0
IRV,0.0,0.06607929515418502,-0.030837004405286344,0.0,-0.030837004405286344,0.0,0.0
