,Borda,plurality,gt,minimax,gtd,Schulze,IRV
Borda,0.0,0.0,-0.01675977653631285,-0.01675977653631285,-0.01675977653631285,-0.01675977653631285,0.0
plurality,0.0,0.0,-0.01675977653631285,-0.01675977653631285,-0.01675977653631285,-0.01675977653631285,0.0
gt,0.01675977653631285,0.01675977653631285,0.0,0.0,0.0,0.0,0.01675977653631285
minimax,0.01675977653631285,0.01675977653631285,0.0,0.0,0.0,0.0,0.01675977653631285
gtd,0.01675977653631285,0.01675977653631285,0.0,0.0,0.0,0.0,0.01675977653631285
Schulze,0.01675977653631285,0.01675977653631285,0.0,0.0,0.0,0.0,0.01675977653631285
IRV,0.0,0.0,-0.01675977653631285,-0.01675977653631285,-0.01675977653631285,-0.01675977653631285,0.0
