,Borda,plurality,gt,minimax,gtd,Schulze,IRV
Borda,0.0,0.023809523809523808,-0.005952380952380952,-0.005952380952380952,-0.005952380952380952,-0.005952380952380952,0.0
plurality,-0.023809523809523808,0.0,0.005952380952380952,0.005952380952380952,0.005952380952380952,0.005952380952380952,-0.023809523809523808
gt,0.005952380952380952,-0.005952380952380952,0.0,0.0,0.0,0.0,0.005952380952380952
minimax,0.005952380952380952,-0.005952380952380952,0.0,0.0,0.0,0.0,0.005952380952380952
gtd,0.005952380952380952,-0.005952380952380952,0.0,0.0,0.0,0.0,0.005952380952380952
Schulze,0.005952380952380952,-0.005952380952380952,0.0,0.0,0.0,0.0,0.005952380952380952
IRV,0.0,0.023809523809523808,-0.005952380952380952,-0.005952380952380952,-0.005952380952380952,-0.005952380952380952,0.0
