,Borda,plurality,gt,minimax,gtd,Schulze,IRV
Borda,0.0,0.13471502590673576,0.0,0.0,0.0,0.0,0.0
plurality,-0.13471502590673576,0.0,-0.06217616580310881,-0.13471502590673576,-0.13471502590673576,-0.13471502590673576,-0.13471502590673576
gt,0.0,0.06217616580310881,0.0,0.0,0.0,0.0,0.0
minimax,0.0,0.13471502590673576,0.0,0.0,0.0,0.0,0.0
gtd,0.0,0.13471502590673576,0.0,0.0,0.0,0.0,0.0
Schulze,0.0,0.13471502590673576,0.0,0.0,0.0,0.0,0.0
IRV,0.0,0.13471502590673576,0.0,0.0,0.0,0.0,0.0
