,Borda,plurality,gt,minimax,gtd,Schulze,IRV
Borda,0.0,0.0,-0.007389162561576354,0.0,-0.007389162561576354,0.0,-0.007389162561576354
plurality,0.0,0.0,-0.007389162561576354,0.0,-0.007389162561576354,0.0,-0.007389162561576354
gt,0.007389162561576354,0.007389162561576354,0.0,0.007389162561576354,0.0,0.007389162561576354,0.0
minimax,0.0,0.0,-0.007389162561576354,0.0,-0.007389162561576354,0.0,-0.007389162561576354
gtd,0.007389162561576354,0.007389162561576354,0.0,0.007389162561576354,0.0,0.007389162561576354,0.0
Schulze,0.0,0.0,-0.007389162561576354,0.0,-0.007389162561576354,0.0,-0.007389162561576354
IRV,0.007389162561576354,0.007389162561576354,0.0,0.007389162561576354,0.0,0.007389162561576354,0.0
