,Borda,plurality,gt,minimax,gtd,Schulze,IRV
Borda,0.0,-0.013513513513513514,-0.013513513513513514,-0.013513513513513514,-0.013513513513513514,-0.013513513513513514,0.04954954954954955
plurality,0.013513513513513514,0.0,0.0,0.0,0.0,0.0,-0.013513513513513514
gt,0.013513513513513514,0.0,0.0,0.0,0.0,0.0,-0.013513513513513514
minimax,0.013513513513513514,0.0,0.0,0.0,0.0,0.0,-0.013513513513513514
gtd,0.013513513513513514,0.0,0.0,0.0,0.0,0.0,-0.013513513513513514
Schulze,0.013513513513513514,0.0,0.0,0.0,0.0,0.0,-0.013513513513513514
IRV,-0.04954954954954955,0.013513513513513514,0.013513513513513514,0.013513513513513514,0.013513513513513514,0.013513513513513514,0.0
