,Borda,plurality,gt,minimax,gtd,Schulze,IRV
Borda,0.0,0.04496124031007752,-0.0015503875968992248,0.0,-0.0015503875968992248,0.0,0.0
plurality,-0.04496124031007752,0.0,0.017054263565891473,-0.04496124031007752,0.017054263565891473,-0.04496124031007752,-0.04496124031007752
gt,0.0015503875968992248,-0.017054263565891473,0.0,0.0015503875968992248,0.0,0.0015503875968992248,0.0015503875968992248
minimax,0.0,0.04496124031007752,-0.0015503875968992248,0.0,-0.0015503875968992248,0.0,0.0
gtd,0.0015503875968992248,-0.017054263565891473,0.0,0.0015503875968992248,0.0,0.0015503875968992248,0.0015503875968992248
Schulze,0.0,0.04496124031007752,-0.0015503875968992248,0.0,-0.0015503875968992248,0.0,0.0
IRV,0.0,0.04496124031007752,-0.0015503875968992248,0.0,-0.0015503875968992248,0.0,0.0
