,Borda,plurality,gt,minimax,gtd,Schulze,IRV
Borda,0.0,0.0,0.06382978723404255,0.0,-0.01182033096926714,0.0,-0.01182033096926714
plurality,0.0,0.0,0.06382978723404255,0.0,-0.01182033096926714,0.0,-0.01182033096926714
gt,-0.06382978723404255,-0.06382978723404255,0.0,-0.06382978723404255,0.04018912529550828,-0.06382978723404255,0.04018912529550828
minimax,0.0,0.0,0.06382978723404255,0.0,-0.01182033096926714,0.0,-0.01182033096926714
gtd,0.01182033096926714,0.01182033096926714,-0.04018912529550828,0.01182033096926714,0.0,0.01182033096926714,0.0
Schulze,0.0,0.0,0.06382978723404255,0.0,-0.01182033096926714,0.0,-0.01182033096926714
IRV,0.01182033096926714,0.01182033096926714,-0.04018912529550828,0.01182033096926714,0.0,0.01182033096926714,0.0
