,Borda,plurality,gt,minimax,gtd,Schulze,IRV
Borda,0.0,0.0,0.0,-0.006006006006006006,-0.006006006006006006,-0.006006006006006006,-0.006006006006006006
plurality,0.0,0.0,0.0,-0.006006006006006006,-0.006006006006006006,-0.006006006006006006,-0.006006006006006006
gt,0.0,0.0,0.0,-0.006006006006006006,-0.006006006006006006,-0.006006006006006006,-0.006006006006006006
minimax,0.006006006006006006,0.006006006006006006,0.006006006006006006,0.0,0.0,0.0,0.0
gtd,0.006006006006006006,0.006006006006006006,0.006006006006006006,0.0,0.0,0.0,0.0
Schulze,0.006006006006006006,0.006006006006006006,0.006006006006006006,0.0,0.0,0.0,0.0
IRV,0.006006006006006006,0.006006006006006006,0.006006006006006006,0.0,0.0,0.0,0.0
