,Borda,plurality,gt,minimax,gtd,Schulze,IRV
Borda,0.0,0.051630434782608696,0.0,0.0,0.0,0.0,0.0
plurality,-0.051630434782608696,0.0,-0.029891304347826088,-0.029891304347826088,-0.029891304347826088,-0.029891304347826088,-0.051630434782608696
gt,0.0,0.029891304347826088,0.0,0.0,0.0,0.0,0.0
minimax,0.0,0.029891304347826088,0.0,0.0,0.0,0.0,0.0
gtd,0.0,0.029891304347826088,0.0,0.0,0.0,0.0,0.0
Schulze,0.0,0.029891304347826088,0.0,0.0,0.0,0.0,0.0
IRV,0.0,0.051630434782608696,0.0,0.0,0.0,0.0,0.0
