,Borda,plurality,gt,minimax,gtd,Schulze,IRV
Borda,0.0,0.020242914979757085,-0.008097165991902834,0.0,-0.008097165991902834,0.0,0.0
plurality,-0.020242914979757085,0.0,0.016194331983805668,-0.020242914979757085,0.016194331983805668,-0.020242914979757085,-0.020242914979757085
gt,0.008097165991902834,-0.016194331983805668,0.0,0.008097165991902834,0.0,0.008097165991902834,0.008097165991902834
minimax,0.0,0.020242914979757085,-0.008097165991902834,0.0,-0.008097165991902834,0.0,0.0
gtd,0.008097165991902834,-0.016194331983805668,0.0,0.008097165991902834,0.0,0.008097165991902834,0.008097165991902834
Schulze,0.0,0.020242914979757085,-0.008097165991902834,0.0,-0.008097165991902834,0.0,0.0
IRV,0.0,0.020242914979757085,-0.008097165991902834,0.0,-0.008097165991902834,0.0,0.0
