,Borda,plurality,gt,minimax,gtd,Schulze,IRV
Borda,0.0,0.0,0.05913978494623656,-0.03225806451612903,-0.03225806451612903,-0.03225806451612903,0.0
plurality,0.0,0.0,0.05913978494623656,-0.03225806451612903,-0.03225806451612903,-0.03225806451612903,0.0
gt,-0.05913978494623656,-0.05913978494623656,0.0,0.005376344086021506,0.005376344086021506,0.005376344086021506,-0.05913978494623656
minimax,0.03225806451612903,0.03225806451612903,-0.005376344086021506,0.0,0.0,0.0,0.03225806451612903
gtd,0.03225806451612903,0.03225806451612903,-0.005376344086021506,0.0,0.0,0.0,0.03225806451612903
Schulze,0.03225806451612903,0.03225806451612903,-0.005376344086021506,0.0,0.0,0.0,0.03225806451612903
IRV,0.0,0.0,0.05913978494623656,-0.03225806451612903,-0.03225806451612903,-0.03225806451612903,0.0
