,Borda,plurality,gt,minimax,gtd,Schulze,IRV
Borda,0.0,-0.016091954022988506,-0.016091954022988506,0.0,-0.016091954022988506,0.0,0.03908045977011494
plurality,0.016091954022988506,0.0,0.0,0.016091954022988506,0.0,0.016091954022988506,-0.034482758620689655
gt,0.016091954022988506,0.0,0.0,0.016091954022988506,0.0,0.016091954022988506,-0.034482758620689655
minimax,0.0,-0.016091954022988506,-0.016091954022988506,0.0,-0.016091954022988506,0.0,0.03908045977011494
gtd,0.016091954022988506,0.0,0.0,0.016091954022988506,0.0,0.016091954022988506,-0.034482758620689655
Schulze,0.0,-0.016091954022988506,-0.016091954022988506,0.0,-0.016091954022988506,0.0,0.03908045977011494
IRV,-0.03908045977011494,0.034482758620689655,0.034482758620689655,-0.03908045977011494,0.034482758620689655,-0.03908045977011494,0.0
