,Borda,plurality,gt,minimax,gtd,Schulze,IRV
Borda,0.0,0.046153846153846156,-0.015384615384615385,-0.015384615384615385,-0.015384615384615385,-0.015384615384615385,0.046153846153846156
plurality,-0.046153846153846156,0.0,0.002197802197802198,0.002197802197802198,0.002197802197802198,0.002197802197802198,0.0
gt,0.015384615384615385,-0.002197802197802198,0.0,0.0,0.0,0.0,-0.002197802197802198
minimax,0.015384615384615385,-0.002197802197802198,0.0,0.0,0.0,0.0,-0.002197802197802198
gtd,0.015384615384615385,-0.002197802197802198,0.0,0.0,0.0,0.0,-0.002197802197802198
Schulze,0.015384615384615385,-0.002197802197802198,0.0,0.0,0.0,0.0,-0.002197802197802198
IRV,-0.046153846153846156,0.0,0.002197802197802198,0.002197802197802198,0.002197802197802198,0.002197802197802198,0.0
