,Borda,plurality,gt,minimax,gtd,Schulze,IRV
Borda,0.0,-0.008333333333333333,0.0,0.0,-0.008333333333333333,0.0,0.025
plurality,0.008333333333333333,0.0,0.008333333333333333,0.008333333333333333,0.0,0.008333333333333333,-0.010416666666666666
gt,0.0,-0.008333333333333333,0.0,0.0,-0.008333333333333333,0.0,0.025
minimax,0.0,-0.008333333333333333,0.0,0.0,-0.008333333333333333,0.0,0.025
gtd,0.008333333333333333,0.0,0.008333333333333333,0.008333333333333333,0.0,0.008333333333333333,-0.010416666666666666
Schulze,0.0,-0.008333333333333333,0.0,0.0,-0.008333333333333333,0.0,0.025
IRV,-0.025,0.010416666666666666,-0.025,-0.025,0.010416666666666666,-0.025,0.0
