,Borda,plurality,gt,minimax,gtd,Schulze,IRV
Borda,0.0,-0.013986013986013986,-0.013986013986013986,0.0,-0.013986013986013986,0.0,-0.013986013986013986
plurality,0.013986013986013986,0.0,0.0,0.013986013986013986,0.0,0.013986013986013986,0.0
gt,0.013986013986013986,0.0,0.0,0.013986013986013986,0.0,0.013986013986013986,0.0
minimax,0.0,-0.013986013986013986,-0.013986013986013986,0.0,-0.013986013986013986,0.0,-0.013986013986013986
gtd,0.013986013986013986,0.0,0.0,0.013986013986013986,0.0,0.013986013986013986,0.0
Schulze,0.0,-0.013986013986013986,-0.013986013986013986,0.0,-0.013986013986013986,0.0,-0.013986013986013986
IRV,0.013986013986013986,0.0,0.0,0.013986013986013986,0.0,0.013986013986013986,0.0
