,Borda,plurality,gt,minimax,gtd,Schulze,IRV
Borda,0.0,-0.014925373134328358,0.02771855010660981,0.0,-0.014925373134328358,0.0,-0.014925373134328358
plurality,0.014925373134328358,0.0,-0.023454157782515993,0.014925373134328358,0.0,0.014925373134328358,0.0
gt,-0.02771855010660981,0.023454157782515993,0.0,-0.02771855010660981,0.023454157782515993,-0.02771855010660981,0.023454157782515993
minimax,0.0,-0.014925373134328358,0.02771855010660981,0.0,-0.014925373134328358,0.0,-0.014925373134328358
gtd,0.014925373134328358,0.0,-0.023454157782515993,0.014925373134328358,0.0,0.014925373134328358,0.0
Schulze,0.0,-0.014925373134328358,0.02771855010660981,0.0,-0.014925373134328358,0.0,-0.014925373134328358
IRV,0.014925373134328358,0.0,-0.023454157782515993,0.014925373134328358,0.0,0.014925373134328358,0.0
