,Borda,plurality,gt,minimax,gtd,Schulze,IRV
Borda,0.0,0.04296296296296296,-0.007407407407407408,-0.007407407407407408,-0.007407407407407408,-0.007407407407407408,0.0
plurality,-0.04296296296296296,0.0,0.007407407407407408,0.007407407407407408,0.007407407407407408,0.007407407407407408,-0.04296296296296296
gt,0.007407407407407408,-0.007407407407407408,0.0,0.0,0.0,0.0,0.007407407407407408
minimax,0.007407407407407408,-0.007407407407407408,0.0,0.0,0.0,0.0,0.007407407407407408
gtd,0.007407407407407408,-0.007407407407407408,0.0,0.0,0.0,0.0,0.007407407407407408
Schulze,0.007407407407407408,-0.007407407407407408,0.0,0.0,0.0,0.0,0.007407407407407408
IRV,0.0,0.04296296296296296,-0.007407407407407408,-0.007407407407407408,-0.007407407407407408,-0.007407407407407408,0.0
