,Borda,plurality,gt,minimax,gtd,Schulze,IRV
Borda,0.0,-0.01593625498007968,0.0,-0.01593625498007968,-0.01593625498007968,-0.01593625498007968,0.05179282868525897
plurality,0.01593625498007968,0.0,0.01593625498007968,0.0,0.0,0.0,-0.00796812749003984
gt,0.0,-0.01593625498007968,0.0,-0.01593625498007968,-0.01593625498007968,-0.01593625498007968,0.05179282868525897
minimax,0.01593625498007968,0.0,0.01593625498007968,0.0,0.0,0.0,-0.00796812749003984
gtd,0.01593625498007968,0.0,0.01593625498007968,0.0,0.0,0.0,-0.00796812749003984
Schulze,0.01593625498007968,0.0,0.01593625498007968,0.0,0.0,0.0,-0.00796812749003984
IRV,-0.05179282868525897,0.00796812749003984,-0.05179282868525897,0.00796812749003984,0.00796812749003984,0.00796812749003984,0.0
