,Borda,plurality,gt,minimax,gtd,Schulze,IRV
Borda,0.0,0.011583011583011582,-0.005791505791505791,-0.005791505791505791,-0.005791505791505791,-0.005791505791505791,0.0
plurality,-0.011583011583011582,0.0,0.003861003861003861,0.003861003861003861,0.003861003861003861,0.003861003861003861,-0.011583011583011582
gt,0.005791505791505791,-0.003861003861003861,0.0,0.0,0.0,0.0,0.005791505791505791
minimax,0.005791505791505791,-0.003861003861003861,0.0,0.0,0.0,0.0,0.005791505791505791
gtd,0.005791505791505791,-0.003861003861003861,0.0,0.0,0.0,0.0,0.005791505791505791
Schulze,0.005791505791505791,-0.003861003861003861,0.0,0.0,0.0,0.0,0.005791505791505791
IRV,0.0,0.011583011583011582,-0.005791505791505791,-0.005791505791505791,-0.005791505791505791,-0.005791505791505791,0.0
