,Borda,plurality,gt,minimax,gtd,Schulze,IRV
Borda,0.0,0.0,-0.01278772378516624,0.0,-0.01278772378516624,0.0,0.0
plurality,0.0,0.0,-0.01278772378516624,0.0,-0.01278772378516624,0.0,0.0
gt,0.01278772378516624,0.01278772378516624,0.0,0.01278772378516624,0.0,0.01278772378516624,0.01278772378516624
minimax,0.0,0.0,-0.01278772378516624,0.0,-0.01278772378516624,0.0,0.0
gtd,0.01278772378516624,0.01278772378516624,0.0,0.01278772378516624,0.0,0.01278772378516624,0.01278772378516624
Schulze,0.0,0.0,-0.01278772378516624,0.0,-0.01278772378516624,0.0,0.0
IRV,0.0,0.0,-0.01278772378516624,0.0,-0.01278772378516624,0.0,0.0
