,Borda,plurality,gt,minimax,gtd,Schulze,IRV
Borda,0.0,-0.007874015748031496,-0.007874015748031496,-0.007874015748031496,-0.007874015748031496,-0.007874015748031496,0.06299212598425197
plurality,0.007874015748031496,0.0,0.0,0.0,0.0,0.0,-0.003937007874015748
gt,0.007874015748031496,0.0,0.0,0.0,0.0,0.0,-0.003937007874015748
minimax,0.007874015748031496,0.0,0.0,0.0,0.0,0.0,-0.003937007874015748
gtd,0.007874015748031496,0.0,0.0,0.0,0.0,0.0,-0.003937007874015748
Schulze,0.007874015748031496,0.0,0.0,0.0,0.0,0.0,-0.003937007874015748
IRV,-0.06299212598425197,0.003937007874015748,0.003937007874015748,0.003937007874015748,0.003937007874015748,0.003937007874015748,0.0
