,Borda,plurality,gt,minimax,gtd,Schulze,IRV
Borda,0.0,0.03691550451189499,-0.004101722723543888,0.0,-0.004101722723543888,0.0,0.03691550451189499
plurality,-0.03691550451189499,0.0,0.033634126333059886,-0.03691550451189499,0.033634126333059886,-0.03691550451189499,0.0
gt,0.004101722723543888,-0.033634126333059886,0.0,0.004101722723543888,0.0,0.004101722723543888,-0.033634126333059886
minimax,0.0,0.03691550451189499,-0.004101722723543888,0.0,-0.004101722723543888,0.0,0.03691550451189499
gtd,0.004101722723543888,-0.033634126333059886,0.0,0.004101722723543888,0.0,0.004101722723543888,-0.033634126333059886
Schulze,0.0,0.03691550451189499,-0.004101722723543888,0.0,-0.004101722723543888,0.0,0.03691550451189499
IRV,-0.03691550451189499,0.0,0.033634126333059886,-0.03691550451189499,0.033634126333059886,-0.03691550451189499,0.0
