,Borda,plurality,gt,minimax,gtd,Schulze,IRV
Borda,0.0,-0.0202808112324493,-0.0202808112324493,-0.0202808112324493,-0.0202808112324493,-0.0202808112324493,0.029641185647425898
plurality,0.0202808112324493,0.0,0.0,0.0,0.0,0.0,-0.014040561622464899
gt,0.0202808112324493,0.0,0.0,0.0,0.0,0.0,-0.014040561622464899
minimax,0.0202808112324493,0.0,0.0,0.0,0.0,0.0,-0.014040561622464899
gtd,0.0202808112324493,0.0,0.0,0.0,0.0,0.0,-0.014040561622464899
Schulze,0.0202808112324493,0.0,0.0,0.0,0.0,0.0,-0.014040561622464899
IRV,-0.029641185647425898,0.014040561622464899,0.014040561622464899,0.014040561622464899,0.014040561622464899,0.014040561622464899,0.0
