,Borda,plurality,gt,minimax,gtd,Schulze,IRV
Borda,0.0,0.0,0.0,0.0,-0.0030959752321981426,0.0,-0.0030959752321981426
plurality,0.0,0.0,0.0,0.0,-0.0030959752321981426,0.0,-0.0030959752321981426
gt,0.0,0.0,0.0,0.0,-0.0030959752321981426,0.0,-0.0030959752321981426
minimax,0.0,0.0,0.0,0.0,-0.0030959752321981426,0.0,-0.0030959752321981426
gtd,0.0030959752321981426,0.0030959752321981426,0.0030959752321981426,0.0030959752321981426,0.0,0.0030959752321981426,0.0
Schulze,0.0,0.0,0.0,0.0,-0.0030959752321981426,0.0,-0.0030959752321981426
IRV,0.0030959752321981426,0.0030959752321981426,0.0030959752321981426,0.0030959752321981426,0.0,0.0030959752321981426,0.0
