,Borda,plurality,gt,minimax,gtd,Schulze,IRV
Borda,0.0,0.03185595567867036,-0.0110803324099723,-0.0110803324099723,-0.0110803324099723,-0.0110803324099723,0.03185595567867036
plurality,-0.03185595567867036,0.0,0.004155124653739612,0.004155124653739612,0.004155124653739612,0.004155124653739612,0.0
gt,0.0110803324099723,-0.004155124653739612,0.0,0.0,0.0,0.0,-0.004155124653739612
minimax,0.0110803324099723,-0.004155124653739612,0.0,0.0,0.0,0.0,-0.004155124653739612
gtd,0.0110803324099723,-0.004155124653739612,0.0,0.0,0.0,0.0,-0.004155124653739612
Schulze,0.0110803324099723,-0.004155124653739612,0.0,0.0,0.0,0.0,-0.004155124653739612
IRV,-0.03185595567867036,0.0,0.004155124653739612,0.004155124653739612,0.004155124653739612,0.004155124653739612,0.0
