,Borda,plurality,gt,minimax,gtd,Schulze,IRV
Borda,0.0,-0.00949367088607595,-0.00949367088607595,0.0,-0.00949367088607595,0.0,0.022151898734177215
plurality,0.00949367088607595,0.0,0.0,0.00949367088607595,0.0,0.00949367088607595,-0.015822784810126583
gt,0.00949367088607595,0.0,0.0,0.00949367088607595,0.0,0.00949367088607595,-0.015822784810126583
minimax,0.0,-0.00949367088607595,-0.00949367088607595,0.0,-0.00949367088607595,0.0,0.022151898734177215
gtd,0.00949367088607595,0.0,0.0,0.00949367088607595,0.0,0.00949367088607595,-0.015822784810126583
Schulze,0.0,-0.00949367088607595,-0.00949367088607595,0.0,-0.00949367088607595,0.0,0.022151898734177215
IRV,-0.022151898734177215,0.015822784810126583,0.015822784810126583,-0.022151898734177215,0.015822784810126583,-0.022151898734177215,0.0
