,Borda,plurality,gt,minimax,gtd,Schulze,IRV
Borda,0.0,0.046511627906976744,0.0,0.0,0.0,0.0,0.0
plurality,-0.046511627906976744,0.0,-0.023255813953488372,-0.046511627906976744,-0.023255813953488372,-0.046511627906976744,-0.046511627906976744
gt,0.0,0.023255813953488372,0.0,0.0,0.0,0.0,0.0
minimax,0.0,0.046511627906976744,0.0,0.0,0.0,0.0,0.0
gtd,0.0,0.023255813953488372,0.0,0.0,0.0,0.0,0.0
Schulze,0.0,0.046511627906976744,0.0,0.0,0.0,0.0,0.0
IRV,0.0,0.046511627906976744,0.0,0.0,0.0,0.0,0.0
