,Borda,plurality,gt,minimax,gtd,Schulze,IRV
Borda,0.0,-0.019830028328611898,-0.019830028328611898,0.0,-0.019830028328611898,0.0,0.04815864022662889
plurality,0.019830028328611898,0.0,0.0,0.019830028328611898,0.0,0.019830028328611898,-0.031161473087818695
gt,0.019830028328611898,0.0,0.0,0.019830028328611898,0.0,0.019830028328611898,-0.031161473087818695
minimax,0.0,-0.019830028328611898,-0.019830028328611898,0.0,-0.019830028328611898,0.0,0.04815864022662889
gtd,0.019830028328611898,0.0,0.0,0.019830028328611898,0.0,0.019830028328611898,-0.031161473087818695
Schulze,0.0,-0.019830028328611898,-0.019830028328611898,0.0,-0.019830028328611898,0.0,0.04815864022662889
IRV,-0.04815864022662889,0.031161473087818695,0.031161473087818695,-0.04815864022662889,0.031161473087818695,-0.04815864022662889,0.0
