,Borda,plurality,gt,minimax,gtd,Schulze,IRV
Borda,0.0,-0.002053388090349076,0.0,0.0,-0.002053388090349076,0.0,0.06365503080082136
plurality,0.002053388090349076,0.0,0.002053388090349076,0.002053388090349076,0.0,0.002053388090349076,-0.03490759753593429
gt,0.0,-0.002053388090349076,0.0,0.0,-0.002053388090349076,0.0,0.06365503080082136
minimax,0.0,-0.002053388090349076,0.0,0.0,-0.002053388090349076,0.0,0.06365503080082136
gtd,0.002053388090349076,0.0,0.002053388090349076,0.002053388090349076,0.0,0.002053388090349076,-0.03490759753593429
Schulze,0.0,-0.002053388090349076,0.0,0.0,-0.002053388090349076,0.0,0.06365503080082136
IRV,-0.06365503080082136,0.03490759753593429,-0.06365503080082136,-0.06365503080082136,0.03490759753593429,-0.06365503080082136,0.0
