,Borda,plurality,gt,minimax,gtd,Schulze,IRV
Borda,0.0,-0.01098901098901099,-0.01098901098901099,0.0,-0.01098901098901099,0.0,0.019230769230769232
plurality,0.01098901098901099,0.0,0.0,0.01098901098901099,0.0,0.01098901098901099,-0.013736263736263736
gt,0.01098901098901099,0.0,0.0,0.01098901098901099,0.0,0.01098901098901099,-0.013736263736263736
minimax,0.0,-0.01098901098901099,-0.01098901098901099,0.0,-0.01098901098901099,0.0,0.019230769230769232
gtd,0.01098901098901099,0.0,0.0,0.01098901098901099,0.0,0.01098901098901099,-0.013736263736263736
Schulze,0.0,-0.01098901098901099,-0.01098901098901099,0.0,-0.01098901098901099,0.0,0.019230769230769232
IRV,-0.019230769230769232,0.013736263736263736,0.013736263736263736,-0.019230769230769232,0.013736263736263736,-0.019230769230769232,0.0
