,Borda,plurality,gt,minimax,gtd,Schulze,IRV
Borda,0.0,0.0,-0.00648508430609598,0.0,0.0,0.0,-0.00648508430609598
plurality,0.0,0.0,-0.00648508430609598,0.0,0.0,0.0,-0.00648508430609598
gt,0.00648508430609598,0.00648508430609598,0.0,0.00648508430609598,0.00648508430609598,0.00648508430609598,0.0
minimax,0.0,0.0,-0.00648508430609598,0.0,0.0,0.0,-0.00648508430609598
gtd,0.0,0.0,-0.00648508430609598,0.0,0.0,0.0,-0.00648508430609598
Schulze,0.0,0.0,-0.00648508430609598,0.0,0.0,0.0,-0.00648508430609598
IRV,0.00648508430609598,0.00648508430609598,0.0,0.00648508430609598,0.00648508430609598,0.00648508430609598,0.0
