,Borda,plurality,gt,minimax,gtd,Schulze,IRV
Borda,0.0,-0.007832898172323759,0.0,0.0,0.0,0.0,0.033942558746736295
plurality,0.007832898172323759,0.0,0.007832898172323759,0.007832898172323759,0.007832898172323759,0.007832898172323759,-0.04960835509138381
gt,0.0,-0.007832898172323759,0.0,0.0,0.0,0.0,0.033942558746736295
minimax,0.0,-0.007832898172323759,0.0,0.0,0.0,0.0,0.033942558746736295
gtd,0.0,-0.007832898172323759,0.0,0.0,0.0,0.0,0.033942558746736295
Schulze,0.0,-0.007832898172323759,0.0,0.0,0.0,0.0,0.033942558746736295
IRV,-0.033942558746736295,0.04960835509138381,-0.033942558746736295,-0.033942558746736295,-0.033942558746736295,-0.033942558746736295,0.0
