,Borda,plurality,gt,minimax,gtd,Schulze,IRV
Borda,0.0,-0.013533834586466165,-0.013533834586466165,-0.013533834586466165,-0.013533834586466165,-0.013533834586466165,0.07969924812030076
plurality,0.013533834586466165,0.0,0.0,0.0,0.0,0.0,-0.0015037593984962407
gt,0.013533834586466165,0.0,0.0,0.0,0.0,0.0,-0.0015037593984962407
minimax,0.013533834586466165,0.0,0.0,0.0,0.0,0.0,-0.0015037593984962407
gtd,0.013533834586466165,0.0,0.0,0.0,0.0,0.0,-0.0015037593984962407
Schulze,0.013533834586466165,0.0,0.0,0.0,0.0,0.0,-0.0015037593984962407
IRV,-0.07969924812030076,0.0015037593984962407,0.0015037593984962407,0.0015037593984962407,0.0015037593984962407,0.0015037593984962407,0.0
