,Borda,plurality,gt,minimax,gtd,Schulze,IRV
Borda,0.0,-0.0012484394506866417,-0.0012484394506866417,0.0,0.0,0.0,-0.0012484394506866417
plurality,0.0012484394506866417,0.0,0.0,0.0012484394506866417,0.0012484394506866417,0.0012484394506866417,0.0
gt,0.0012484394506866417,0.0,0.0,0.0012484394506866417,0.0012484394506866417,0.0012484394506866417,0.0
minimax,0.0,-0.0012484394506866417,-0.0012484394506866417,0.0,0.0,0.0,-0.0012484394506866417
gtd,0.0,-0.0012484394506866417,-0.0012484394506866417,0.0,0.0,0.0,-0.0012484394506866417
Schulze,0.0,-0.0012484394506866417,-0.0012484394506866417,0.0,0.0,0.0,-0.0012484394506866417
IRV,0.0012484394506866417,0.0,0.0,0.0012484394506866417,0.0012484394506866417,0.0012484394506866417,0.0
