,Borda,plurality,gt,minimax,gtd,Schulze,IRV
Borda,0.0,0.0,-0.019138755980861243,-0.019138755980861243,-0.019138755980861243,-0.019138755980861243,-0.019138755980861243
plurality,0.0,0.0,-0.019138755980861243,-0.019138755980861243,-0.019138755980861243,-0.019138755980861243,-0.019138755980861243
gt,0.019138755980861243,0.019138755980861243,0.0,0.0,0.0,0.0,0.0
minimax,0.019138755980861243,0.019138755980861243,0.0,0.0,0.0,0.0,0.0
gtd,0.019138755980861243,0.019138755980861243,0.0,0.0,0.0,0.0,0.0
Schulze,0.019138755980861243,0.019138755980861243,0.0,0.0,0.0,0.0,0.0
IRV,0.019138755980861243,0.019138755980861243,0.0,0.0,0.0,0.0,0.0
