,Borda,plurality,gt,minimax,gtd,Schulze,IRV
Borda,0.0,-0.0141287284144427,-0.0141287284144427,0.0,-0.0141287284144427,0.0,0.03924646781789639
plurality,0.0141287284144427,0.0,0.0,0.0141287284144427,0.0,0.0141287284144427,-0.02040816326530612
gt,0.0141287284144427,0.0,0.0,0.0141287284144427,0.0,0.0141287284144427,-0.02040816326530612
minimax,0.0,-0.0141287284144427,-0.0141287284144427,0.0,-0.0141287284144427,0.0,0.03924646781789639
gtd,0.0141287284144427,0.0,0.0,0.0141287284144427,0.0,0.0141287284144427,-0.02040816326530612
Schulze,0.0,-0.0141287284144427,-0.0141287284144427,0.0,-0.0141287284144427,0.0,0.03924646781789639
IRV,-0.03924646781789639,0.02040816326530612,0.02040816326530612,-0.03924646781789639,0.02040816326530612,-0.03924646781789639,0.0
