,Borda,plurality,gt,minimax,gtd,Schulze,IRV
Borda,0.0,0.07533234859675036,-0.013293943870014771,-0.013293943870014771,-0.013293943870014771,-0.013293943870014771,0.0
plurality,-0.07533234859675036,0.0,0.0014771048744460858,0.0014771048744460858,0.0014771048744460858,0.0014771048744460858,-0.07533234859675036
gt,0.013293943870014771,-0.0014771048744460858,0.0,0.0,0.0,0.0,0.013293943870014771
minimax,0.013293943870014771,-0.0014771048744460858,0.0,0.0,0.0,0.0,0.013293943870014771
gtd,0.013293943870014771,-0.0014771048744460858,0.0,0.0,0.0,0.0,0.013293943870014771
Schulze,0.013293943870014771,-0.0014771048744460858,0.0,0.0,0.0,0.0,0.013293943870014771
IRV,0.0,0.07533234859675036,-0.013293943870014771,-0.013293943870014771,-0.013293943870014771,-0.013293943870014771,0.0
