,Borda,plurality,gt,minimax,gtd,Schulze,IRV
Borda,0.0,-0.014492753623188406,-0.014492753623188406,-0.014492753623188406,-0.014492753623188406,-0.014492753623188406,0.08902691511387163
plurality,0.014492753623188406,0.0,0.0,0.0,0.0,0.0,-0.002070393374741201
gt,0.014492753623188406,0.0,0.0,0.0,0.0,0.0,-0.002070393374741201
minimax,0.014492753623188406,0.0,0.0,0.0,0.0,0.0,-0.002070393374741201
gtd,0.014492753623188406,0.0,0.0,0.0,0.0,0.0,-0.002070393374741201
Schulze,0.014492753623188406,0.0,0.0,0.0,0.0,0.0,-0.002070393374741201
IRV,-0.08902691511387163,0.002070393374741201,0.002070393374741201,0.002070393374741201,0.002070393374741201,0.002070393374741201,0.0
