,Borda,plurality,gt,minimax,gtd,Schulze,IRV
Borda,0.0,0.03558967201674808,-0.016050244242847175,0.0,-0.016050244242847175,0.0,0.0
plurality,-0.03558967201674808,0.0,0.024424284717376135,-0.03558967201674808,0.024424284717376135,-0.03558967201674808,-0.03558967201674808
gt,0.016050244242847175,-0.024424284717376135,0.0,0.016050244242847175,0.0,0.016050244242847175,0.016050244242847175
minimax,0.0,0.03558967201674808,-0.016050244242847175,0.0,-0.016050244242847175,0.0,0.0
gtd,0.016050244242847175,-0.024424284717376135,0.0,0.016050244242847175,0.0,0.016050244242847175,0.016050244242847175
Schulze,0.0,0.03558967201674808,-0.016050244242847175,0.0,-0.016050244242847175,0.0,0.0
IRV,0.0,0.03558967201674808,-0.016050244242847175,0.0,-0.016050244242847175,0.0,0.0
