,Borda,plurality,gt,minimax,gtd,Schulze,IRV
Borda,0.0,-0.005076142131979695,-0.005076142131979695,0.0,-0.005076142131979695,0.0,0.03680203045685279
plurality,0.005076142131979695,0.0,0.0,0.005076142131979695,0.0,0.005076142131979695,-0.030456852791878174
gt,0.005076142131979695,0.0,0.0,0.005076142131979695,0.0,0.005076142131979695,-0.030456852791878174
minimax,0.0,-0.005076142131979695,-0.005076142131979695,0.0,-0.005076142131979695,0.0,0.03680203045685279
gtd,0.005076142131979695,0.0,0.0,0.005076142131979695,0.0,0.005076142131979695,-0.030456852791878174
Schulze,0.0,-0.005076142131979695,-0.005076142131979695,0.0,-0.005076142131979695,0.0,0.03680203045685279
IRV,-0.03680203045685279,0.030456852791878174,0.030456852791878174,-0.03680203045685279,0.030456852791878174,-0.03680203045685279,0.0
