,Borda,plurality,gt,minimax,gtd,Schulze,IRV
Borda,0.0,-0.022587268993839837,-0.022587268993839837,-0.022587268993839837,-0.022587268993839837,-0.022587268993839837,0.07597535934291581
plurality,0.022587268993839837,0.0,0.0,0.0,0.0,0.0,-0.018480492813141684
gt,0.022587268993839837,0.0,0.0,0.0,0.0,0.0,-0.018480492813141684
minimax,0.022587268993839837,0.0,0.0,0.0,0.0,0.0,-0.018480492813141684
gtd,0.022587268993839837,0.0,0.0,0.0,0.0,0.0,-0.018480492813141684
Schulze,0.022587268993839837,0.0,0.0,0.0,0.0,0.0,-0.018480492813141684
IRV,-0.07597535934291581,0.018480492813141684,0.018480492813141684,0.018480492813141684,0.018480492813141684,0.018480492813141684,0.0
