,Borda,plurality,gt,minimax,gtd,Schulze,IRV
Borda,0.0,0.049924357034795766,-0.0045385779122541605,0.0,-0.0045385779122541605,0.0,0.049924357034795766
plurality,-0.049924357034795766,0.0,0.0226928895612708,-0.049924357034795766,0.0226928895612708,-0.049924357034795766,0.0
gt,0.0045385779122541605,-0.0226928895612708,0.0,0.0045385779122541605,0.0,0.0045385779122541605,-0.0226928895612708
minimax,0.0,0.049924357034795766,-0.0045385779122541605,0.0,-0.0045385779122541605,0.0,0.049924357034795766
gtd,0.0045385779122541605,-0.0226928895612708,0.0,0.0045385779122541605,0.0,0.0045385779122541605,-0.0226928895612708
Schulze,0.0,0.049924357034795766,-0.0045385779122541605,0.0,-0.0045385779122541605,0.0,0.049924357034795766
IRV,-0.049924357034795766,0.0,0.0226928895612708,-0.049924357034795766,0.0226928895612708,-0.049924357034795766,0.0
