,Borda,plurality,gt,minimax,gtd,Schulze,IRV
Borda,0.0,0.0,-0.010126582278481013,-0.010126582278481013,-0.010126582278481013,-0.010126582278481013,-0.010126582278481013
plurality,0.0,0.0,-0.010126582278481013,-0.010126582278481013,-0.010126582278481013,-0.010126582278481013,-0.010126582278481013
gt,0.010126582278481013,0.010126582278481013,0.0,0.0,0.0,0.0,0.0
minimax,0.010126582278481013,0.010126582278481013,0.0,0.0,0.0,0.0,0.0
gtd,0.010126582278481013,0.010126582278481013,0.0,0.0,0.0,0.0,0.0
Schulze,0.010126582278481013,0.010126582278481013,0.0,0.0,0.0,0.0,0.0
IRV,0.010126582278481013,0.010126582278481013,0.0,0.0,0.0,0.0,0.0
