,Borda,plurality,gt,minimax,gtd,Schulze,IRV
Borda,0.0,0.0,-0.011891891891891892,-0.011891891891891892,-0.011891891891891892,-0.011891891891891892,0.0
plurality,0.0,0.0,-0.011891891891891892,-0.011891891891891892,-0.011891891891891892,-0.011891891891891892,0.0
gt,0.011891891891891892,0.011891891891891892,0.0,0.0,0.0,0.0,0.011891891891891892
minimax,0.011891891891891892,0.011891891891891892,0.0,0.0,0.0,0.0,0.011891891891891892
gtd,0.011891891891891892,0.011891891891891892,0.0,0.0,0.0,0.0,0.011891891891891892
Schulze,0.011891891891891892,0.011891891891891892,0.0,0.0,0.0,0.0,0.011891891891891892
IRV,0.0,0.0,-0.011891891891891892,-0.011891891891891892,-0.011891891891891892,-0.011891891891891892,0.0
