,Borda,plurality,gt,minimax,gtd,Schulze,IRV
Borda,0.0,0.0,-0.006185567010309278,0.0,0.0,0.0,-0.006185567010309278
plurality,0.0,0.0,-0.006185567010309278,0.0,0.0,0.0,-0.006185567010309278
gt,0.006185567010309278,0.006185567010309278,0.0,0.006185567010309278,0.006185567010309278,0.006185567010309278,0.0
minimax,0.0,0.0,-0.006185567010309278,0.0,0.0,0.0,-0.006185567010309278
gtd,0.0,0.0,-0.006185567010309278,0.0,0.0,0.0,-0.006185567010309278
Schulze,0.0,0.0,-0.006185567010309278,0.0,0.0,0.0,-0.006185567010309278
IRV,0.006185567010309278,0.006185567010309278,0.0,0.006185567010309278,0.006185567010309278,0.006185567010309278,0.0
