,Borda,plurality,gt,minimax,gtd,Schulze,IRV
Borda,0.0,0.04843304843304843,-0.022792022792022793,-0.022792022792022793,-0.022792022792022793,-0.022792022792022793,0.04843304843304843
plurality,-0.04843304843304843,0.0,0.011396011396011397,0.011396011396011397,0.011396011396011397,0.011396011396011397,0.0
gt,0.022792022792022793,-0.011396011396011397,0.0,0.0,0.0,0.0,-0.011396011396011397
minimax,0.022792022792022793,-0.011396011396011397,0.0,0.0,0.0,0.0,-0.011396011396011397
gtd,0.022792022792022793,-0.011396011396011397,0.0,0.0,0.0,0.0,-0.011396011396011397
Schulze,0.022792022792022793,-0.011396011396011397,0.0,0.0,0.0,0.0,-0.011396011396011397
IRV,-0.04843304843304843,0.0,0.011396011396011397,0.011396011396011397,0.011396011396011397,0.011396011396011397,0.0
