,Borda,plurality,gt,minimax,gtd,Schulze,IRV
Borda,0.0,-0.002544529262086514,-0.002544529262086514,0.0,0.0,0.0,-0.002544529262086514
plurality,0.002544529262086514,0.0,0.0,0.002544529262086514,0.002544529262086514,0.002544529262086514,0.0
gt,0.002544529262086514,0.0,0.0,0.002544529262086514,0.002544529262086514,0.002544529262086514,0.0
minimax,0.0,-0.002544529262086514,-0.002544529262086514,0.0,0.0,0.0,-0.002544529262086514
gtd,0.0,-0.002544529262086514,-0.002544529262086514,0.0,0.0,0.0,-0.002544529262086514
Schulze,0.0,-0.002544529262086514,-0.002544529262086514,0.0,0.0,0.0,-0.002544529262086514
IRV,0.002544529262086514,0.0,0.0,0.002544529262086514,0.002544529262086514,0.002544529262086514,0.0
