,Borda,plurality,gt,minimax,gtd,Schulze,IRV
Borda,0.0,-0.015184381778741865,-0.015184381778741865,-0.015184381778741865,-0.015184381778741865,-0.015184381778741865,-0.015184381778741865
plurality,0.015184381778741865,0.0,0.0,0.0,0.0,0.0,0.0
gt,0.015184381778741865,0.0,0.0,0.0,0.0,0.0,0.0
minimax,0.015184381778741865,0.0,0.0,0.0,0.0,0.0,0.0
gtd,0.015184381778741865,0.0,0.0,0.0,0.0,0.0,0.0
Schulze,0.015184381778741865,0.0,0.0,0.0,0.0,0.0,0.0
IRV,0.015184381778741865,0.0,0.0,0.0,0.0,0.0,0.0
