,Borda,plurality,gt,minimax,gtd,Schulze,IRV
Borda,0.0,0.0,0.0,0.0,0.0,0.0,0.06796116504854369
plurality,0.0,0.0,0.0,0.0,0.0,0.0,-0.02912621359223301
gt,0.0,0.0,0.0,0.0,0.0,0.0,0.06796116504854369
minimax,0.0,0.0,0.0,0.0,0.0,0.0,0.06796116504854369
gtd,0.0,0.0,0.0,0.0,0.0,0.0,0.06796116504854369
Schulze,0.0,0.0,0.0,0.0,0.0,0.0,0.06796116504854369
IRV,-0.06796116504854369,0.02912621359223301,-0.06796116504854369,-0.06796116504854369,-0.06796116504854369,-0.06796116504854369,0.0
