,Borda,plurality,gt,minimax,gtd,Schulze,IRV
Borda,0.0,0.0397196261682243,0.0,0.0,0.0,0.0,0.0397196261682243
plurality,-0.0397196261682243,0.0,0.030373831775700934,-0.0397196261682243,-0.0397196261682243,-0.0397196261682243,0.0
gt,0.0,-0.030373831775700934,0.0,0.0,0.0,0.0,-0.030373831775700934
minimax,0.0,0.0397196261682243,0.0,0.0,0.0,0.0,0.0397196261682243
gtd,0.0,0.0397196261682243,0.0,0.0,0.0,0.0,0.0397196261682243
Schulze,0.0,0.0397196261682243,0.0,0.0,0.0,0.0,0.0397196261682243
IRV,-0.0397196261682243,0.0,0.030373831775700934,-0.0397196261682243,-0.0397196261682243,-0.0397196261682243,0.0
