,Borda,plurality,gt,minimax,gtd,Schulze,IRV
Borda,0.0,0.03076923076923077,0.0,0.0,0.0,0.0,0.0
plurality,-0.03076923076923077,0.0,-0.03076923076923077,-0.015384615384615385,-0.015384615384615385,-0.015384615384615385,-0.015384615384615385
gt,0.0,0.03076923076923077,0.0,0.0,0.0,0.0,0.0
minimax,0.0,0.015384615384615385,0.0,0.0,0.0,0.0,0.0
gtd,0.0,0.015384615384615385,0.0,0.0,0.0,0.0,0.0
Schulze,0.0,0.015384615384615385,0.0,0.0,0.0,0.0,0.0
IRV,0.0,0.015384615384615385,0.0,0.0,0.0,0.0,0.0
