,Borda,plurality,gt,minimax,gtd,Schulze,IRV
Borda,0.0,0.05521472392638037,-0.022494887525562373,-0.022494887525562373,-0.022494887525562373,-0.022494887525562373,0.05521472392638037
plurality,-0.05521472392638037,0.0,0.006134969325153374,0.006134969325153374,0.006134969325153374,0.006134969325153374,0.0
gt,0.022494887525562373,-0.006134969325153374,0.0,0.0,0.0,0.0,-0.006134969325153374
minimax,0.022494887525562373,-0.006134969325153374,0.0,0.0,0.0,0.0,-0.006134969325153374
gtd,0.022494887525562373,-0.006134969325153374,0.0,0.0,0.0,0.0,-0.006134969325153374
Schulze,0.022494887525562373,-0.006134969325153374,0.0,0.0,0.0,0.0,-0.006134969325153374
IRV,-0.05521472392638037,0.0,0.006134969325153374,0.006134969325153374,0.006134969325153374,0.006134969325153374,0.0
