,Borda,plurality,gt,minimax,gtd,Schulze,IRV
Borda,0.0,-0.01327433628318584,0.0,0.0,-0.01327433628318584,0.0,-0.01327433628318584
plurality,0.01327433628318584,0.0,0.01327433628318584,0.01327433628318584,0.0,0.01327433628318584,0.0
gt,0.0,-0.01327433628318584,0.0,0.0,-0.01327433628318584,0.0,-0.01327433628318584
minimax,0.0,-0.01327433628318584,0.0,0.0,-0.01327433628318584,0.0,-0.01327433628318584
gtd,0.01327433628318584,0.0,0.01327433628318584,0.01327433628318584,0.0,0.01327433628318584,0.0
Schulze,0.0,-0.01327433628318584,0.0,0.0,-0.01327433628318584,0.0,-0.01327433628318584
IRV,0.01327433628318584,0.0,0.01327433628318584,0.01327433628318584,0.0,0.01327433628318584,0.0
