,Borda,plurality,gt,minimax,gtd,Schulze,IRV
Borda,0.0,0.008086253369272238,0.008086253369272238,0.0,-0.0019252984212552945,0.0,0.0
plurality,-0.008086253369272238,0.0,0.0,-0.008086253369272238,0.0050057758952637655,-0.008086253369272238,-0.008086253369272238
gt,-0.008086253369272238,0.0,0.0,-0.008086253369272238,0.0050057758952637655,-0.008086253369272238,-0.008086253369272238
minimax,0.0,0.008086253369272238,0.008086253369272238,0.0,-0.0019252984212552945,0.0,0.0
gtd,0.0019252984212552945,-0.0050057758952637655,-0.0050057758952637655,0.0019252984212552945,0.0,0.0019252984212552945,0.0019252984212552945
Schulze,0.0,0.008086253369272238,0.008086253369272238,0.0,-0.0019252984212552945,0.0,0.0
IRV,0.0,0.008086253369272238,0.008086253369272238,0.0,-0.0019252984212552945,0.0,0.0
