,Borda,plurality,gt,minimax,gtd,Schulze,IRV
Borda,0.0,0.06935123042505593,-0.015659955257270694,-0.015659955257270694,-0.015659955257270694,-0.015659955257270694,0.0
plurality,-0.06935123042505593,0.0,0.006711409395973154,0.006711409395973154,0.006711409395973154,0.006711409395973154,-0.06935123042505593
gt,0.015659955257270694,-0.006711409395973154,0.0,0.0,0.0,0.0,0.015659955257270694
minimax,0.015659955257270694,-0.006711409395973154,0.0,0.0,0.0,0.0,0.015659955257270694
gtd,0.015659955257270694,-0.006711409395973154,0.0,0.0,0.0,0.0,0.015659955257270694
Schulze,0.015659955257270694,-0.006711409395973154,0.0,0.0,0.0,0.0,0.015659955257270694
IRV,0.0,0.06935123042505593,-0.015659955257270694,-0.015659955257270694,-0.015659955257270694,-0.015659955257270694,0.0
