,Borda,plurality,gt,minimax,gtd,Schulze,IRV
Borda,0.0,-0.004219409282700422,-0.004219409282700422,0.0,-0.004219409282700422,0.0,0.05485232067510549
plurality,0.004219409282700422,0.0,0.0,0.004219409282700422,0.0,0.004219409282700422,-0.006329113924050633
gt,0.004219409282700422,0.0,0.0,0.004219409282700422,0.0,0.004219409282700422,-0.006329113924050633
minimax,0.0,-0.004219409282700422,-0.004219409282700422,0.0,-0.004219409282700422,0.0,0.05485232067510549
gtd,0.004219409282700422,0.0,0.0,0.004219409282700422,0.0,0.004219409282700422,-0.006329113924050633
Schulze,0.0,-0.004219409282700422,-0.004219409282700422,0.0,-0.004219409282700422,0.0,0.05485232067510549
IRV,-0.05485232067510549,0.006329113924050633,0.006329113924050633,-0.05485232067510549,0.006329113924050633,-0.05485232067510549,0.0
