,Borda,plurality,gt,minimax,gtd,Schulze,IRV
Borda,0.0,0.0,0.05069124423963134,-0.01566820276497696,-0.01566820276497696,-0.01566820276497696,0.0
plurality,0.0,0.0,0.05069124423963134,-0.01566820276497696,-0.01566820276497696,-0.01566820276497696,0.0
gt,-0.05069124423963134,-0.05069124423963134,0.0,0.010138248847926268,0.010138248847926268,0.010138248847926268,-0.05069124423963134
minimax,0.01566820276497696,0.01566820276497696,-0.010138248847926268,0.0,0.0,0.0,0.01566820276497696
gtd,0.01566820276497696,0.01566820276497696,-0.010138248847926268,0.0,0.0,0.0,0.01566820276497696
Schulze,0.01566820276497696,0.01566820276497696,-0.010138248847926268,0.0,0.0,0.0,0.01566820276497696
IRV,0.0,0.0,0.05069124423963134,-0.01566820276497696,-0.01566820276497696,-0.01566820276497696,0.0
