,Borda,plurality,gt,minimax,gtd,Schulze,IRV
Borda,0.0,0.0,-0.0017211703958691911,0.0,-0.0017211703958691911,0.0,0.0
plurality,0.0,0.0,-0.0017211703958691911,0.0,-0.0017211703958691911,0.0,0.0
gt,0.0017211703958691911,0.0017211703958691911,0.0,0.0017211703958691911,0.0,0.0017211703958691911,0.0017211703958691911
minimax,0.0,0.0,-0.0017211703958691911,0.0,-0.0017211703958691911,0.0,0.0
gtd,0.0017211703958691911,0.0017211703958691911,0.0,0.0017211703958691911,0.0,0.0017211703958691911,0.0017211703958691911
Schulze,0.0,0.0,-0.0017211703958691911,0.0,-0.0017211703958691911,0.0,0.0
IRV,0.0,0.0,-0.0017211703958691911,0.0,-0.0017211703958691911,0.0,0.0
