,Borda,plurality,gt,minimax,gtd,Schulze,IRV
Borda,0.0,-0.0053475935828877,-0.0053475935828877,0.0,-0.0053475935828877,0.0,-0.0053475935828877
plurality,0.0053475935828877,0.0,0.0,0.0053475935828877,0.0,0.0053475935828877,0.0
gt,0.0053475935828877,0.0,0.0,0.0053475935828877,0.0,0.0053475935828877,0.0
minimax,0.0,-0.0053475935828877,-0.0053475935828877,0.0,-0.0053475935828877,0.0,-0.0053475935828877
gtd,0.0053475935828877,0.0,0.0,0.0053475935828877,0.0,0.0053475935828877,0.0
Schulze,0.0,-0.0053475935828877,-0.0053475935828877,0.0,-0.0053475935828877,0.0,-0.0053475935828877
IRV,0.0053475935828877,0.0,0.0,0.0053475935828877,0.0,0.0053475935828877,0.0
