,Borda,plurality,gt,minimax,gtd,Schulze,IRV
Borda,0.0,0.023965141612200435,-0.002178649237472767,-0.002178649237472767,-0.002178649237472767,-0.002178649237472767,0.0
plurality,-0.023965141612200435,0.0,0.002178649237472767,0.002178649237472767,0.002178649237472767,0.002178649237472767,-0.023965141612200435
gt,0.002178649237472767,-0.002178649237472767,0.0,0.0,0.0,0.0,0.002178649237472767
minimax,0.002178649237472767,-0.002178649237472767,0.0,0.0,0.0,0.0,0.002178649237472767
gtd,0.002178649237472767,-0.002178649237472767,0.0,0.0,0.0,0.0,0.002178649237472767
Schulze,0.002178649237472767,-0.002178649237472767,0.0,0.0,0.0,0.0,0.002178649237472767
IRV,0.0,0.023965141612200435,-0.002178649237472767,-0.002178649237472767,-0.002178649237472767,-0.002178649237472767,0.0
