,Borda,plurality,gt,minimax,gtd,Schulze,IRV
Borda,0.0,-0.010067114093959731,-0.010067114093959731,-0.010067114093959731,-0.010067114093959731,-0.010067114093959731,0.016778523489932886
plurality,0.010067114093959731,0.0,0.0,0.0,0.0,0.0,-0.006711409395973154
gt,0.010067114093959731,0.0,0.0,0.0,0.0,0.0,-0.006711409395973154
minimax,0.010067114093959731,0.0,0.0,0.0,0.0,0.0,-0.006711409395973154
gtd,0.010067114093959731,0.0,0.0,0.0,0.0,0.0,-0.006711409395973154
Schulze,0.010067114093959731,0.0,0.0,0.0,0.0,0.0,-0.006711409395973154
IRV,-0.016778523489932886,0.006711409395973154,0.006711409395973154,0.006711409395973154,0.006711409395973154,0.006711409395973154,0.0
