,Borda,plurality,gt,minimax,gtd,Schulze,IRV
Borda,0.0,0.056439942112879886,0.0,0.0,0.0,0.0,0.0
plurality,-0.056439942112879886,0.0,-0.020260492040520984,-0.056439942112879886,-0.056439942112879886,-0.056439942112879886,-0.056439942112879886
gt,0.0,0.020260492040520984,0.0,0.0,0.0,0.0,0.0
minimax,0.0,0.056439942112879886,0.0,0.0,0.0,0.0,0.0
gtd,0.0,0.056439942112879886,0.0,0.0,0.0,0.0,0.0
Schulze,0.0,0.056439942112879886,0.0,0.0,0.0,0.0,0.0
IRV,0.0,0.056439942112879886,0.0,0.0,0.0,0.0,0.0
