,Borda,plurality,gt,minimax,gtd,Schulze,IRV
Borda,0.0,0.0,-0.002564102564102564,-0.002564102564102564,-0.002564102564102564,-0.002564102564102564,0.0
plurality,0.0,0.0,-0.002564102564102564,-0.002564102564102564,-0.002564102564102564,-0.002564102564102564,0.0
gt,0.002564102564102564,0.002564102564102564,0.0,0.0,0.0,0.0,0.002564102564102564
minimax,0.002564102564102564,0.002564102564102564,0.0,0.0,0.0,0.0,0.002564102564102564
gtd,0.002564102564102564,0.002564102564102564,0.0,0.0,0.0,0.0,0.002564102564102564
Schulze,0.002564102564102564,0.002564102564102564,0.0,0.0,0.0,0.0,0.002564102564102564
IRV,0.0,0.0,-0.002564102564102564,-0.002564102564102564,-0.002564102564102564,-0.002564102564102564,0.0
