,Borda,plurality,gt,minimax,gtd,Schulze,IRV
Borda,0.0,0.0,-0.0328515111695138,-0.0328515111695138,-0.0328515111695138,-0.0328515111695138,-0.0328515111695138
plurality,0.0,0.0,-0.0328515111695138,-0.0328515111695138,-0.0328515111695138,-0.0328515111695138,-0.0328515111695138
gt,0.0328515111695138,0.0328515111695138,0.0,0.0,0.0,0.0,0.0
minimax,0.0328515111695138,0.0328515111695138,0.0,0.0,0.0,0.0,0.0
gtd,0.0328515111695138,0.0328515111695138,0.0,0.0,0.0,0.0,0.0
Schulze,0.0328515111695138,0.0328515111695138,0.0,0.0,0.0,0.0,0.0
IRV,0.0328515111695138,0.0328515111695138,0.0,0.0,0.0,0.0,0.0
