,Borda,plurality,gt,minimax,gtd,Schulze,IRV
Borda,0.0,0.03599374021909233,0.0,0.0,-0.001564945226917058,0.0,0.03599374021909233
plurality,-0.03599374021909233,0.0,-0.03599374021909233,-0.03599374021909233,0.0297339593114241,-0.03599374021909233,0.0
gt,0.0,0.03599374021909233,0.0,0.0,-0.001564945226917058,0.0,0.03599374021909233
minimax,0.0,0.03599374021909233,0.0,0.0,-0.001564945226917058,0.0,0.03599374021909233
gtd,0.001564945226917058,-0.0297339593114241,0.001564945226917058,0.001564945226917058,0.0,0.001564945226917058,-0.0297339593114241
Schulze,0.0,0.03599374021909233,0.0,0.0,-0.001564945226917058,0.0,0.03599374021909233
IRV,-0.03599374021909233,0.0,-0.03599374021909233,-0.03599374021909233,0.0297339593114241,-0.03599374021909233,0.0
