,Borda,plurality,gt,minimax,gtd,Schulze,IRV
Borda,0.0,0.0,-0.009523809523809525,-0.009523809523809525,-0.009523809523809525,-0.009523809523809525,-0.009523809523809525
plurality,0.0,0.0,-0.009523809523809525,-0.009523809523809525,-0.009523809523809525,-0.009523809523809525,-0.009523809523809525
gt,0.009523809523809525,0.009523809523809525,0.0,0.0,0.0,0.0,0.0
minimax,0.009523809523809525,0.009523809523809525,0.0,0.0,0.0,0.0,0.0
gtd,0.009523809523809525,0.009523809523809525,0.0,0.0,0.0,0.0,0.0
Schulze,0.009523809523809525,0.009523809523809525,0.0,0.0,0.0,0.0,0.0
IRV,0.009523809523809525,0.009523809523809525,0.0,0.0,0.0,0.0,0.0
