,Borda,plurality,gt,minimax,gtd,Schulze,IRV
Borda,0.0,0.0,-0.01026694045174538,0.0,-0.01026694045174538,0.0,-0.01026694045174538
plurality,0.0,0.0,-0.01026694045174538,0.0,-0.01026694045174538,0.0,-0.01026694045174538
gt,0.01026694045174538,0.01026694045174538,0.0,0.01026694045174538,0.0,0.01026694045174538,0.0
minimax,0.0,0.0,-0.01026694045174538,0.0,-0.01026694045174538,0.0,-0.01026694045174538
gtd,0.01026694045174538,0.01026694045174538,0.0,0.01026694045174538,0.0,0.01026694045174538,0.0
Schulze,0.0,0.0,-0.01026694045174538,0.0,-0.01026694045174538,0.0,-0.01026694045174538
IRV,0.01026694045174538,0.01026694045174538,0.0,0.01026694045174538,0.0,0.01026694045174538,0.0
