,Borda,plurality,gt,minimax,gtd,Schulze,IRV
Borda,0.0,0.02927927927927928,-0.018018018018018018,-0.018018018018018018,-0.018018018018018018,-0.018018018018018018,0.0
plurality,-0.02927927927927928,0.0,0.009009009009009009,0.009009009009009009,0.009009009009009009,0.009009009009009009,-0.02927927927927928
gt,0.018018018018018018,-0.009009009009009009,0.0,0.0,0.0,0.0,0.018018018018018018
minimax,0.018018018018018018,-0.009009009009009009,0.0,0.0,0.0,0.0,0.018018018018018018
gtd,0.018018018018018018,-0.009009009009009009,0.0,0.0,0.0,0.0,0.018018018018018018
Schulze,0.018018018018018018,-0.009009009009009009,0.0,0.0,0.0,0.0,0.018018018018018018
IRV,0.0,0.02927927927927928,-0.018018018018018018,-0.018018018018018018,-0.018018018018018018,-0.018018018018018018,0.0
