,Borda,plurality,gt,minimax,gtd,Schulze,IRV
Borda,0.0,0.07954545454545454,0.0,0.0,0.0,0.0,0.0
plurality,-0.07954545454545454,0.0,0.045454545454545456,-0.07954545454545454,-0.07954545454545454,-0.07954545454545454,-0.07954545454545454
gt,0.0,-0.045454545454545456,0.0,0.0,0.0,0.0,0.0
minimax,0.0,0.07954545454545454,0.0,0.0,0.0,0.0,0.0
gtd,0.0,0.07954545454545454,0.0,0.0,0.0,0.0,0.0
Schulze,0.0,0.07954545454545454,0.0,0.0,0.0,0.0,0.0
IRV,0.0,0.07954545454545454,0.0,0.0,0.0,0.0,0.0
