,Borda,plurality,gt,minimax,gtd,Schulze,IRV
Borda,0.0,0.05660377358490566,-0.006792452830188679,0.0,-0.006792452830188679,0.0,0.05660377358490566
plurality,-0.05660377358490566,0.0,0.009811320754716982,-0.05660377358490566,0.009811320754716982,-0.05660377358490566,0.0
gt,0.006792452830188679,-0.009811320754716982,0.0,0.006792452830188679,0.0,0.006792452830188679,-0.009811320754716982
minimax,0.0,0.05660377358490566,-0.006792452830188679,0.0,-0.006792452830188679,0.0,0.05660377358490566
gtd,0.006792452830188679,-0.009811320754716982,0.0,0.006792452830188679,0.0,0.006792452830188679,-0.009811320754716982
Schulze,0.0,0.05660377358490566,-0.006792452830188679,0.0,-0.006792452830188679,0.0,0.05660377358490566
IRV,-0.05660377358490566,0.0,0.009811320754716982,-0.05660377358490566,0.009811320754716982,-0.05660377358490566,0.0
