,Borda,plurality,gt,minimax,gtd,Schulze,IRV
Borda,0.0,-0.003215434083601286,0.0,0.0,-0.003215434083601286,0.0,-0.003215434083601286
plurality,0.003215434083601286,0.0,0.003215434083601286,0.003215434083601286,0.0,0.003215434083601286,0.0
gt,0.0,-0.003215434083601286,0.0,0.0,-0.003215434083601286,0.0,-0.003215434083601286
minimax,0.0,-0.003215434083601286,0.0,0.0,-0.003215434083601286,0.0,-0.003215434083601286
gtd,0.003215434083601286,0.0,0.003215434083601286,0.003215434083601286,0.0,0.003215434083601286,0.0
Schulze,0.0,-0.003215434083601286,0.0,0.0,-0.003215434083601286,0.0,-0.003215434083601286
IRV,0.003215434083601286,0.0,0.003215434083601286,0.003215434083601286,0.0,0.003215434083601286,0.0
