,Borda,plurality,gt,minimax,gtd,Schulze,IRV
Borda,0.0,-0.02617801047120419,0.0,0.0,-0.02617801047120419,0.0,-0.02617801047120419
plurality,0.02617801047120419,0.0,0.02617801047120419,0.02617801047120419,0.0,0.02617801047120419,0.0
gt,0.0,-0.02617801047120419,0.0,0.0,-0.02617801047120419,0.0,-0.02617801047120419
minimax,0.0,-0.02617801047120419,0.0,0.0,-0.02617801047120419,0.0,-0.02617801047120419
gtd,0.02617801047120419,0.0,0.02617801047120419,0.02617801047120419,0.0,0.02617801047120419,0.0
Schulze,0.0,-0.02617801047120419,0.0,0.0,-0.02617801047120419,0.0,-0.02617801047120419
IRV,0.02617801047120419,0.0,0.02617801047120419,0.02617801047120419,0.0,0.02617801047120419,0.0
