,Borda,plurality,gt,minimax,gtd,Schulze,IRV
Borda,0.0,0.0,0.0,0.0,0.0,0.0,0.033707865168539325
plurality,0.0,0.0,0.0,0.0,0.0,0.0,-0.06179775280898876
gt,0.0,0.0,0.0,0.0,0.0,0.0,0.033707865168539325
minimax,0.0,0.0,0.0,0.0,0.0,0.0,0.033707865168539325
gtd,0.0,0.0,0.0,0.0,0.0,0.0,0.033707865168539325
Schulze,0.0,0.0,0.0,0.0,0.0,0.0,0.033707865168539325
IRV,-0.033707865168539325,0.06179775280898876,-0.033707865168539325,-0.033707865168539325,-0.033707865168539325,-0.033707865168539325,0.0
