,Borda,plurality,gt,minimax,gtd,Schulze,IRV
Borda,0.0,0.06415094339622641,0.0,0.0,0.0,0.0,0.0
plurality,-0.06415094339622641,0.0,-0.03018867924528302,-0.03018867924528302,-0.03018867924528302,-0.03018867924528302,-0.06415094339622641
gt,0.0,0.03018867924528302,0.0,0.0,0.0,0.0,0.0
minimax,0.0,0.03018867924528302,0.0,0.0,0.0,0.0,0.0
gtd,0.0,0.03018867924528302,0.0,0.0,0.0,0.0,0.0
Schulze,0.0,0.03018867924528302,0.0,0.0,0.0,0.0,0.0
IRV,0.0,0.06415094339622641,0.0,0.0,0.0,0.0,0.0
