,Borda,plurality,gt,minimax,gtd,Schulze,IRV
Borda,0.0,-0.0196078431372549,0.0,0.0,-0.0196078431372549,0.0,0.04201680672268908
plurality,0.0196078431372549,0.0,0.0196078431372549,0.0196078431372549,0.0,0.0196078431372549,-0.025210084033613446
gt,0.0,-0.0196078431372549,0.0,0.0,-0.0196078431372549,0.0,0.04201680672268908
minimax,0.0,-0.0196078431372549,0.0,0.0,-0.0196078431372549,0.0,0.04201680672268908
gtd,0.0196078431372549,0.0,0.0196078431372549,0.0196078431372549,0.0,0.0196078431372549,-0.025210084033613446
Schulze,0.0,-0.0196078431372549,0.0,0.0,-0.0196078431372549,0.0,0.04201680672268908
IRV,-0.04201680672268908,0.025210084033613446,-0.04201680672268908,-0.04201680672268908,0.025210084033613446,-0.04201680672268908,0.0
