,Borda,plurality,gt,minimax,gtd,Schulze,IRV
Borda,0.0,0.02286902286902287,-0.006237006237006237,-0.006237006237006237,-0.006237006237006237,-0.006237006237006237,0.0
plurality,-0.02286902286902287,0.0,0.006237006237006237,0.006237006237006237,0.006237006237006237,0.006237006237006237,-0.02286902286902287
gt,0.006237006237006237,-0.006237006237006237,0.0,0.0,0.0,0.0,0.006237006237006237
minimax,0.006237006237006237,-0.006237006237006237,0.0,0.0,0.0,0.0,0.006237006237006237
gtd,0.006237006237006237,-0.006237006237006237,0.0,0.0,0.0,0.0,0.006237006237006237
Schulze,0.006237006237006237,-0.006237006237006237,0.0,0.0,0.0,0.0,0.006237006237006237
IRV,0.0,0.02286902286902287,-0.006237006237006237,-0.006237006237006237,-0.006237006237006237,-0.006237006237006237,0.0
