,Borda,plurality,gt,minimax,gtd,Schulze,IRV
Borda,0.0,0.0398936170212766,0.0,0.0,-0.007978723404255319,0.0,0.0398936170212766
plurality,-0.0398936170212766,0.0,-0.0398936170212766,-0.0398936170212766,0.031914893617021274,-0.0398936170212766,0.0
gt,0.0,0.0398936170212766,0.0,0.0,-0.007978723404255319,0.0,0.0398936170212766
minimax,0.0,0.0398936170212766,0.0,0.0,-0.007978723404255319,0.0,0.0398936170212766
gtd,0.007978723404255319,-0.031914893617021274,0.007978723404255319,0.007978723404255319,0.0,0.007978723404255319,-0.031914893617021274
Schulze,0.0,0.0398936170212766,0.0,0.0,-0.007978723404255319,0.0,0.0398936170212766
IRV,-0.0398936170212766,0.0,-0.0398936170212766,-0.0398936170212766,0.031914893617021274,-0.0398936170212766,0.0
