,Borda,plurality,gt,minimax,gtd,Schulze,IRV
Borda,0.0,0.0,0.0,0.0,-0.0012547051442910915,0.0,-0.0012547051442910915
plurality,0.0,0.0,0.0,0.0,-0.0012547051442910915,0.0,-0.0012547051442910915
gt,0.0,0.0,0.0,0.0,-0.0012547051442910915,0.0,-0.0012547051442910915
minimax,0.0,0.0,0.0,0.0,-0.0012547051442910915,0.0,-0.0012547051442910915
gtd,0.0012547051442910915,0.0012547051442910915,0.0012547051442910915,0.0012547051442910915,0.0,0.0012547051442910915,0.0
Schulze,0.0,0.0,0.0,0.0,-0.0012547051442910915,0.0,-0.0012547051442910915
IRV,0.0012547051442910915,0.0012547051442910915,0.0012547051442910915,0.0012547051442910915,0.0,0.0012547051442910915,0.0
