,Borda,plurality,gt,minimax,gtd,Schulze,IRV
Borda,0.0,0.10920770877944326,0.0,0.0,0.0,0.0,0.0
plurality,-0.10920770877944326,0.0,-0.10920770877944326,-0.10920770877944326,-0.10278372591006424,-0.10920770877944326,-0.10920770877944326
gt,0.0,0.10920770877944326,0.0,0.0,0.0,0.0,0.0
minimax,0.0,0.10920770877944326,0.0,0.0,0.0,0.0,0.0
gtd,0.0,0.10278372591006424,0.0,0.0,0.0,0.0,0.0
Schulze,0.0,0.10920770877944326,0.0,0.0,0.0,0.0,0.0
IRV,0.0,0.10920770877944326,0.0,0.0,0.0,0.0,0.0
