,Borda,plurality,gt,minimax,gtd,Schulze,IRV
Borda,0.0,0.0,-0.01293103448275862,0.0,-0.01293103448275862,0.0,0.0
plurality,0.0,0.0,-0.01293103448275862,0.0,-0.01293103448275862,0.0,0.0
gt,0.01293103448275862,0.01293103448275862,0.0,0.01293103448275862,0.0,0.01293103448275862,0.01293103448275862
minimax,0.0,0.0,-0.01293103448275862,0.0,-0.01293103448275862,0.0,0.0
gtd,0.01293103448275862,0.01293103448275862,0.0,0.01293103448275862,0.0,0.01293103448275862,0.01293103448275862
Schulze,0.0,0.0,-0.01293103448275862,0.0,-0.01293103448275862,0.0,0.0
IRV,0.0,0.0,-0.01293103448275862,0.0,-0.01293103448275862,0.0,0.0
