,Borda,plurality,gt,minimax,gtd,Schulze,IRV
Borda,0.0,-0.0016611295681063123,-0.0016611295681063123,0.0,-0.0016611295681063123,0.0,-0.0016611295681063123
plurality,0.0016611295681063123,0.0,0.0,0.0016611295681063123,0.0,0.0016611295681063123,0.0
gt,0.0016611295681063123,0.0,0.0,0.0016611295681063123,0.0,0.0016611295681063123,0.0
minimax,0.0,-0.0016611295681063123,-0.0016611295681063123,0.0,-0.0016611295681063123,0.0,-0.0016611295681063123
gtd,0.0016611295681063123,0.0,0.0,0.0016611295681063123,0.0,0.0016611295681063123,0.0
Schulze,0.0,-0.0016611295681063123,-0.0016611295681063123,0.0,-0.0016611295681063123,0.0,-0.0016611295681063123
IRV,0.0016611295681063123,0.0,0.0,0.0016611295681063123,0.0,0.0016611295681063123,0.0
