,Borda,plurality,gt,minimax,gtd,Schulze,IRV
Borda,0.0,0.02912621359223301,-0.0048543689320388345,-0.0048543689320388345,-0.0048543689320388345,-0.0048543689320388345,-0.0048543689320388345
plurality,-0.02912621359223301,0.0,0.0,0.0,0.0,0.0,0.0
gt,0.0048543689320388345,0.0,0.0,0.0,0.0,0.0,0.0
minimax,0.0048543689320388345,0.0,0.0,0.0,0.0,0.0,0.0
gtd,0.0048543689320388345,0.0,0.0,0.0,0.0,0.0,0.0
Schulze,0.0048543689320388345,0.0,0.0,0.0,0.0,0.0,0.0
IRV,0.0048543689320388345,0.0,0.0,0.0,0.0,0.0,0.0
