,Borda,plurality,gt,minimax,gtd,Schulze,IRV
Borda,0.0,0.04455445544554455,0.0,0.0,0.0,0.0,0.04455445544554455
plurality,-0.04455445544554455,0.0,0.024752475247524754,-0.04455445544554455,-0.04455445544554455,-0.04455445544554455,0.0
gt,0.0,-0.024752475247524754,0.0,0.0,0.0,0.0,-0.024752475247524754
minimax,0.0,0.04455445544554455,0.0,0.0,0.0,0.0,0.04455445544554455
gtd,0.0,0.04455445544554455,0.0,0.0,0.0,0.0,0.04455445544554455
Schulze,0.0,0.04455445544554455,0.0,0.0,0.0,0.0,0.04455445544554455
IRV,-0.04455445544554455,0.0,0.024752475247524754,-0.04455445544554455,-0.04455445544554455,-0.04455445544554455,0.0
