,Borda,plurality,gt,minimax,gtd,Schulze,IRV
Borda,0.0,0.0654627539503386,0.0,0.0,-0.006772009029345372,0.0,0.0654627539503386
plurality,-0.0654627539503386,0.0,-0.0654627539503386,-0.0654627539503386,0.01580135440180587,-0.0654627539503386,0.0
gt,0.0,0.0654627539503386,0.0,0.0,-0.006772009029345372,0.0,0.0654627539503386
minimax,0.0,0.0654627539503386,0.0,0.0,-0.006772009029345372,0.0,0.0654627539503386
gtd,0.006772009029345372,-0.01580135440180587,0.006772009029345372,0.006772009029345372,0.0,0.006772009029345372,-0.01580135440180587
Schulze,0.0,0.0654627539503386,0.0,0.0,-0.006772009029345372,0.0,0.0654627539503386
IRV,-0.0654627539503386,0.0,-0.0654627539503386,-0.0654627539503386,0.01580135440180587,-0.0654627539503386,0.0
