,Borda,plurality,gt,minimax,gtd,Schulze,IRV
Borda,0.0,0.047619047619047616,-0.007518796992481203,-0.007518796992481203,-0.007518796992481203,-0.007518796992481203,0.0
plurality,-0.047619047619047616,0.0,0.007518796992481203,0.007518796992481203,0.007518796992481203,0.007518796992481203,-0.047619047619047616
gt,0.007518796992481203,-0.007518796992481203,0.0,0.0,0.0,0.0,0.007518796992481203
minimax,0.007518796992481203,-0.007518796992481203,0.0,0.0,0.0,0.0,0.007518796992481203
gtd,0.007518796992481203,-0.007518796992481203,0.0,0.0,0.0,0.0,0.007518796992481203
Schulze,0.007518796992481203,-0.007518796992481203,0.0,0.0,0.0,0.0,0.007518796992481203
IRV,0.0,0.047619047619047616,-0.007518796992481203,-0.007518796992481203,-0.007518796992481203,-0.007518796992481203,0.0
