,Borda,plurality,gt,minimax,gtd,Schulze,IRV
Borda,0.0,0.0,0.02717391304347826,0.0,0.0,0.0,-0.010869565217391304
plurality,0.0,0.0,0.02717391304347826,0.0,0.0,0.0,-0.010869565217391304
gt,-0.02717391304347826,-0.02717391304347826,0.0,-0.02717391304347826,-0.02717391304347826,-0.02717391304347826,0.03804347826086957
minimax,0.0,0.0,0.02717391304347826,0.0,0.0,0.0,-0.010869565217391304
gtd,0.0,0.0,0.02717391304347826,0.0,0.0,0.0,-0.010869565217391304
Schulze,0.0,0.0,0.02717391304347826,0.0,0.0,0.0,-0.010869565217391304
IRV,0.010869565217391304,0.010869565217391304,-0.03804347826086957,0.010869565217391304,0.010869565217391304,0.010869565217391304,0.0
