,Borda,plurality,gt,minimax,gtd,Schulze,IRV
Borda,0.0,-0.0045045045045045045,-0.0045045045045045045,0.0,-0.0045045045045045045,0.0,0.05855855855855856
plurality,0.0045045045045045045,0.0,0.0,0.0045045045045045045,0.0,0.0045045045045045045,-0.0045045045045045045
gt,0.0045045045045045045,0.0,0.0,0.0045045045045045045,0.0,0.0045045045045045045,-0.0045045045045045045
minimax,0.0,-0.0045045045045045045,-0.0045045045045045045,0.0,-0.0045045045045045045,0.0,0.05855855855855856
gtd,0.0045045045045045045,0.0,0.0,0.0045045045045045045,0.0,0.0045045045045045045,-0.0045045045045045045
Schulze,0.0,-0.0045045045045045045,-0.0045045045045045045,0.0,-0.0045045045045045045,0.0,0.05855855855855856
IRV,-0.05855855855855856,0.0045045045045045045,0.0045045045045045045,-0.05855855855855856,0.0045045045045045045,-0.05855855855855856,0.0
