,Borda,plurality,gt,minimax,gtd,Schulze,IRV
Borda,0.0,0.032590051457975985,-0.005145797598627788,0.0,-0.005145797598627788,0.0,0.032590051457975985
plurality,-0.032590051457975985,0.0,0.032590051457975985,-0.032590051457975985,0.032590051457975985,-0.032590051457975985,0.0
gt,0.005145797598627788,-0.032590051457975985,0.0,0.005145797598627788,0.0,0.005145797598627788,-0.032590051457975985
minimax,0.0,0.032590051457975985,-0.005145797598627788,0.0,-0.005145797598627788,0.0,0.032590051457975985
gtd,0.005145797598627788,-0.032590051457975985,0.0,0.005145797598627788,0.0,0.005145797598627788,-0.032590051457975985
Schulze,0.0,0.032590051457975985,-0.005145797598627788,0.0,-0.005145797598627788,0.0,0.032590051457975985
IRV,-0.032590051457975985,0.0,0.032590051457975985,-0.032590051457975985,0.032590051457975985,-0.032590051457975985,0.0
