,Borda,plurality,gt,minimax,gtd,Schulze,IRV
Borda,0.0,-0.0045045045045045045,-0.0045045045045045045,0.0,0.0,0.0,0.04504504504504504
plurality,0.0045045045045045045,0.0,0.0,0.0045045045045045045,0.0045045045045045045,0.0045045045045045045,-0.05855855855855856
gt,0.0045045045045045045,0.0,0.0,0.0045045045045045045,0.0045045045045045045,0.0045045045045045045,-0.05855855855855856
minimax,0.0,-0.0045045045045045045,-0.0045045045045045045,0.0,0.0,0.0,0.04504504504504504
gtd,0.0,-0.0045045045045045045,-0.0045045045045045045,0.0,0.0,0.0,0.04504504504504504
Schulze,0.0,-0.0045045045045045045,-0.0045045045045045045,0.0,0.0,0.0,0.04504504504504504
IRV,-0.04504504504504504,0.05855855855855856,0.05855855855855856,-0.04504504504504504,-0.04504504504504504,-0.04504504504504504,0.0
