,Borda,plurality,gt,minimax,gtd,Schulze,IRV
Borda,0.0,0.021164021164021163,-0.010582010582010581,0.0,-0.010582010582010581,0.0,0.021164021164021163
plurality,-0.021164021164021163,0.0,0.01763668430335097,-0.021164021164021163,0.01763668430335097,-0.021164021164021163,0.0
gt,0.010582010582010581,-0.01763668430335097,0.0,0.010582010582010581,0.0,0.010582010582010581,-0.01763668430335097
minimax,0.0,0.021164021164021163,-0.010582010582010581,0.0,-0.010582010582010581,0.0,0.021164021164021163
gtd,0.010582010582010581,-0.01763668430335097,0.0,0.010582010582010581,0.0,0.010582010582010581,-0.01763668430335097
Schulze,0.0,0.021164021164021163,-0.010582010582010581,0.0,-0.010582010582010581,0.0,0.021164021164021163
IRV,-0.021164021164021163,0.0,0.01763668430335097,-0.021164021164021163,0.01763668430335097,-0.021164021164021163,0.0
