,Borda,plurality,gt,minimax,gtd,Schulze,IRV
Borda,0.0,0.05511811023622047,-0.0026246719160104987,0.0,-0.0026246719160104987,0.0,0.0
plurality,-0.05511811023622047,0.0,0.023622047244094488,-0.05511811023622047,0.023622047244094488,-0.05511811023622047,-0.05511811023622047
gt,0.0026246719160104987,-0.023622047244094488,0.0,0.0026246719160104987,0.0,0.0026246719160104987,0.0026246719160104987
minimax,0.0,0.05511811023622047,-0.0026246719160104987,0.0,-0.0026246719160104987,0.0,0.0
gtd,0.0026246719160104987,-0.023622047244094488,0.0,0.0026246719160104987,0.0,0.0026246719160104987,0.0026246719160104987
Schulze,0.0,0.05511811023622047,-0.0026246719160104987,0.0,-0.0026246719160104987,0.0,0.0
IRV,0.0,0.05511811023622047,-0.0026246719160104987,0.0,-0.0026246719160104987,0.0,0.0
