,Borda,plurality,gt,minimax,gtd,Schulze,IRV
Borda,0.0,0.054901960784313725,0.0,0.0,0.0,0.0,0.054901960784313725
plurality,-0.054901960784313725,0.0,0.03137254901960784,-0.054901960784313725,-0.054901960784313725,-0.054901960784313725,0.0
gt,0.0,-0.03137254901960784,0.0,0.0,0.0,0.0,-0.03137254901960784
minimax,0.0,0.054901960784313725,0.0,0.0,0.0,0.0,0.054901960784313725
gtd,0.0,0.054901960784313725,0.0,0.0,0.0,0.0,0.054901960784313725
Schulze,0.0,0.054901960784313725,0.0,0.0,0.0,0.0,0.054901960784313725
IRV,-0.054901960784313725,0.0,0.03137254901960784,-0.054901960784313725,-0.054901960784313725,-0.054901960784313725,0.0
