,Borda,plurality,gt,minimax,gtd,Schulze,IRV
Borda,0.0,-0.02512562814070352,0.04522613065326633,-0.02512562814070352,-0.02512562814070352,-0.02512562814070352,-0.02512562814070352
plurality,0.02512562814070352,0.0,-0.01507537688442211,0.0,0.0,0.0,0.0
gt,-0.04522613065326633,0.01507537688442211,0.0,0.01507537688442211,0.01507537688442211,0.01507537688442211,0.01507537688442211
minimax,0.02512562814070352,0.0,-0.01507537688442211,0.0,0.0,0.0,0.0
gtd,0.02512562814070352,0.0,-0.01507537688442211,0.0,0.0,0.0,0.0
Schulze,0.02512562814070352,0.0,-0.01507537688442211,0.0,0.0,0.0,0.0
IRV,0.02512562814070352,0.0,-0.01507537688442211,0.0,0.0,0.0,0.0
