,Borda,plurality,gt,minimax,gtd,Schulze,IRV
Borda,0.0,0.044444444444444446,-0.013888888888888888,0.0,-0.013888888888888888,0.0,0.044444444444444446
plurality,-0.044444444444444446,0.0,0.03611111111111111,-0.044444444444444446,0.03611111111111111,-0.044444444444444446,0.0
gt,0.013888888888888888,-0.03611111111111111,0.0,0.013888888888888888,0.0,0.013888888888888888,-0.03611111111111111
minimax,0.0,0.044444444444444446,-0.013888888888888888,0.0,-0.013888888888888888,0.0,0.044444444444444446
gtd,0.013888888888888888,-0.03611111111111111,0.0,0.013888888888888888,0.0,0.013888888888888888,-0.03611111111111111
Schulze,0.0,0.044444444444444446,-0.013888888888888888,0.0,-0.013888888888888888,0.0,0.044444444444444446
IRV,-0.044444444444444446,0.0,0.03611111111111111,-0.044444444444444446,0.03611111111111111,-0.044444444444444446,0.0
