,Borda,plurality,gt,minimax,gtd,Schulze,IRV
Borda,0.0,0.16071428571428573,0.0,0.0,0.0,0.0,0.0
plurality,-0.16071428571428573,0.0,-0.07857142857142857,-0.07857142857142857,-0.16071428571428573,-0.07857142857142857,-0.07857142857142857
gt,0.0,0.07857142857142857,0.0,0.0,0.0,0.0,0.0
minimax,0.0,0.07857142857142857,0.0,0.0,0.0,0.0,0.0
gtd,0.0,0.16071428571428573,0.0,0.0,0.0,0.0,0.0
Schulze,0.0,0.07857142857142857,0.0,0.0,0.0,0.0,0.0
IRV,0.0,0.07857142857142857,0.0,0.0,0.0,0.0,0.0
