,Borda,plurality,gt,minimax,gtd,Schulze,IRV
Borda,0.0,0.0,-0.00663716814159292,-0.00663716814159292,-0.00663716814159292,-0.00663716814159292,-0.00663716814159292
plurality,0.0,0.0,-0.00663716814159292,-0.00663716814159292,-0.00663716814159292,-0.00663716814159292,-0.00663716814159292
gt,0.00663716814159292,0.00663716814159292,0.0,0.0,0.0,0.0,0.0
minimax,0.00663716814159292,0.00663716814159292,0.0,0.0,0.0,0.0,0.0
gtd,0.00663716814159292,0.00663716814159292,0.0,0.0,0.0,0.0,0.0
Schulze,0.00663716814159292,0.00663716814159292,0.0,0.0,0.0,0.0,0.0
IRV,0.00663716814159292,0.00663716814159292,0.0,0.0,0.0,0.0,0.0
