,Borda,plurality,gt,minimax,gtd,Schulze,IRV
Borda,0.0,-0.02729528535980149,0.0,-0.02729528535980149,-0.02729528535980149,-0.02729528535980149,0.07196029776674938
plurality,0.02729528535980149,0.0,0.02729528535980149,0.0,0.0,0.0,-0.0024813895781637717
gt,0.0,-0.02729528535980149,0.0,-0.02729528535980149,-0.02729528535980149,-0.02729528535980149,0.07196029776674938
minimax,0.02729528535980149,0.0,0.02729528535980149,0.0,0.0,0.0,-0.0024813895781637717
gtd,0.02729528535980149,0.0,0.02729528535980149,0.0,0.0,0.0,-0.0024813895781637717
Schulze,0.02729528535980149,0.0,0.02729528535980149,0.0,0.0,0.0,-0.0024813895781637717
IRV,-0.07196029776674938,0.0024813895781637717,-0.07196029776674938,0.0024813895781637717,0.0024813895781637717,0.0024813895781637717,0.0
