,Borda,plurality,gt,minimax,gtd,Schulze,IRV
Borda,0.0,-0.02072538860103627,0.03626943005181347,-0.02072538860103627,-0.02072538860103627,-0.02072538860103627,0.03626943005181347
plurality,0.02072538860103627,0.0,-0.010362694300518135,0.0,0.0,0.0,-0.010362694300518135
gt,-0.03626943005181347,0.010362694300518135,0.0,0.010362694300518135,0.010362694300518135,0.010362694300518135,0.0
minimax,0.02072538860103627,0.0,-0.010362694300518135,0.0,0.0,0.0,-0.010362694300518135
gtd,0.02072538860103627,0.0,-0.010362694300518135,0.0,0.0,0.0,-0.010362694300518135
Schulze,0.02072538860103627,0.0,-0.010362694300518135,0.0,0.0,0.0,-0.010362694300518135
IRV,-0.03626943005181347,0.010362694300518135,0.0,0.010362694300518135,0.010362694300518135,0.010362694300518135,0.0
