,Borda,plurality,gt,minimax,gtd,Schulze,IRV
Borda,0.0,-0.008264462809917356,0.0,0.0,-0.008264462809917356,0.0,0.01928374655647383
plurality,0.008264462809917356,0.0,0.008264462809917356,0.008264462809917356,0.0,0.008264462809917356,-0.01928374655647383
gt,0.0,-0.008264462809917356,0.0,0.0,-0.008264462809917356,0.0,0.01928374655647383
minimax,0.0,-0.008264462809917356,0.0,0.0,-0.008264462809917356,0.0,0.01928374655647383
gtd,0.008264462809917356,0.0,0.008264462809917356,0.008264462809917356,0.0,0.008264462809917356,-0.01928374655647383
Schulze,0.0,-0.008264462809917356,0.0,0.0,-0.008264462809917356,0.0,0.01928374655647383
IRV,-0.01928374655647383,0.01928374655647383,-0.01928374655647383,-0.01928374655647383,0.01928374655647383,-0.01928374655647383,0.0
