,Borda,plurality,gt,minimax,gtd,Schulze,IRV
Borda,0.0,-0.011876484560570071,-0.011876484560570071,-0.011876484560570071,-0.011876484560570071,-0.011876484560570071,0.035629453681710214
plurality,0.011876484560570071,0.0,0.0,0.0,0.0,0.0,-0.0023752969121140144
gt,0.011876484560570071,0.0,0.0,0.0,0.0,0.0,-0.0023752969121140144
minimax,0.011876484560570071,0.0,0.0,0.0,0.0,0.0,-0.0023752969121140144
gtd,0.011876484560570071,0.0,0.0,0.0,0.0,0.0,-0.0023752969121140144
Schulze,0.011876484560570071,0.0,0.0,0.0,0.0,0.0,-0.0023752969121140144
IRV,-0.035629453681710214,0.0023752969121140144,0.0023752969121140144,0.0023752969121140144,0.0023752969121140144,0.0023752969121140144,0.0
