,Borda,plurality,gt,minimax,gtd,Schulze,IRV
Borda,0.0,0.0,0.005025125628140704,0.0,-0.002512562814070352,0.0,0.0
plurality,0.0,0.0,0.005025125628140704,0.0,-0.002512562814070352,0.0,0.0
gt,-0.005025125628140704,-0.005025125628140704,0.0,-0.005025125628140704,0.002512562814070352,-0.005025125628140704,-0.005025125628140704
minimax,0.0,0.0,0.005025125628140704,0.0,-0.002512562814070352,0.0,0.0
gtd,0.002512562814070352,0.002512562814070352,-0.002512562814070352,0.002512562814070352,0.0,0.002512562814070352,0.002512562814070352
Schulze,0.0,0.0,0.005025125628140704,0.0,-0.002512562814070352,0.0,0.0
IRV,0.0,0.0,0.005025125628140704,0.0,-0.002512562814070352,0.0,0.0
