,Borda,plurality,gt,minimax,gtd,Schulze,IRV
Borda,0.0,0.14788732394366197,0.0,0.0,0.0,0.0,0.0
plurality,-0.14788732394366197,0.0,-0.13380281690140844,-0.13380281690140844,-0.13380281690140844,-0.13380281690140844,-0.13380281690140844
gt,0.0,0.13380281690140844,0.0,0.0,0.0,0.0,0.0
minimax,0.0,0.13380281690140844,0.0,0.0,0.0,0.0,0.0
gtd,0.0,0.13380281690140844,0.0,0.0,0.0,0.0,0.0
Schulze,0.0,0.13380281690140844,0.0,0.0,0.0,0.0,0.0
IRV,0.0,0.13380281690140844,0.0,0.0,0.0,0.0,0.0
