,Borda,plurality,gt,minimax,gtd,Schulze,IRV
Borda,0.0,0.038461538461538464,0.0,0.0,-0.01098901098901099,0.0,0.0
plurality,-0.038461538461538464,0.0,-0.038461538461538464,-0.038461538461538464,0.027472527472527472,-0.038461538461538464,-0.038461538461538464
gt,0.0,0.038461538461538464,0.0,0.0,-0.01098901098901099,0.0,0.0
minimax,0.0,0.038461538461538464,0.0,0.0,-0.01098901098901099,0.0,0.0
gtd,0.01098901098901099,-0.027472527472527472,0.01098901098901099,0.01098901098901099,0.0,0.01098901098901099,0.01098901098901099
Schulze,0.0,0.038461538461538464,0.0,0.0,-0.01098901098901099,0.0,0.0
IRV,0.0,0.038461538461538464,0.0,0.0,-0.01098901098901099,0.0,0.0
