,Borda,plurality,gt,minimax,gtd,Schulze,IRV
Borda,0.0,-0.02349869451697128,0.0,-0.02349869451697128,-0.02349869451697128,-0.02349869451697128,-0.02349869451697128
plurality,0.02349869451697128,0.0,0.02349869451697128,0.0,0.0,0.0,0.0
gt,0.0,-0.02349869451697128,0.0,-0.02349869451697128,-0.02349869451697128,-0.02349869451697128,-0.02349869451697128
minimax,0.02349869451697128,0.0,0.02349869451697128,0.0,0.0,0.0,0.0
gtd,0.02349869451697128,0.0,0.02349869451697128,0.0,0.0,0.0,0.0
Schulze,0.02349869451697128,0.0,0.02349869451697128,0.0,0.0,0.0,0.0
IRV,0.02349869451697128,0.0,0.02349869451697128,0.0,0.0,0.0,0.0
