,Borda,plurality,gt,minimax,gtd,Schulze,IRV
Borda,0.0,-0.006423982869379015,0.0,0.0,0.0,0.0,0.019271948608137045
plurality,0.006423982869379015,0.0,0.006423982869379015,0.006423982869379015,0.006423982869379015,0.006423982869379015,-0.023554603854389723
gt,0.0,-0.006423982869379015,0.0,0.0,0.0,0.0,0.019271948608137045
minimax,0.0,-0.006423982869379015,0.0,0.0,0.0,0.0,0.019271948608137045
gtd,0.0,-0.006423982869379015,0.0,0.0,0.0,0.0,0.019271948608137045
Schulze,0.0,-0.006423982869379015,0.0,0.0,0.0,0.0,0.019271948608137045
IRV,-0.019271948608137045,0.023554603854389723,-0.019271948608137045,-0.019271948608137045,-0.019271948608137045,-0.019271948608137045,0.0
