,Borda,plurality,gt,minimax,gtd,Schulze,IRV
Borda,0.0,0.0,-0.014354066985645933,0.0,0.0,0.0,-0.014354066985645933
plurality,0.0,0.0,-0.014354066985645933,0.0,0.0,0.0,-0.014354066985645933
gt,0.014354066985645933,0.014354066985645933,0.0,0.014354066985645933,0.014354066985645933,0.014354066985645933,0.0
minimax,0.0,0.0,-0.014354066985645933,0.0,0.0,0.0,-0.014354066985645933
gtd,0.0,0.0,-0.014354066985645933,0.0,0.0,0.0,-0.014354066985645933
Schulze,0.0,0.0,-0.014354066985645933,0.0,0.0,0.0,-0.014354066985645933
IRV,0.014354066985645933,0.014354066985645933,0.0,0.014354066985645933,0.014354066985645933,0.014354066985645933,0.0
