,Borda,plurality,gt,minimax,gtd,Schulze,IRV
Borda,0.0,0.1320754716981132,0.0,0.0,0.0,0.0,0.0
plurality,-0.1320754716981132,0.0,-0.1320754716981132,-0.12452830188679245,-0.12452830188679245,-0.12452830188679245,-0.1320754716981132
gt,0.0,0.1320754716981132,0.0,0.0,0.0,0.0,0.0
minimax,0.0,0.12452830188679245,0.0,0.0,0.0,0.0,0.0
gtd,0.0,0.12452830188679245,0.0,0.0,0.0,0.0,0.0
Schulze,0.0,0.12452830188679245,0.0,0.0,0.0,0.0,0.0
IRV,0.0,0.1320754716981132,0.0,0.0,0.0,0.0,0.0
