,Borda,plurality,gt,minimax,gtd,Schulze,IRV
Borda,0.0,-0.008761904761904762,0.01638095238095238,0.0,-0.008761904761904762,0.0,0.01638095238095238
plurality,0.008761904761904762,0.0,-0.008761904761904762,0.008761904761904762,0.0,0.008761904761904762,-0.008761904761904762
gt,-0.01638095238095238,0.008761904761904762,0.0,-0.01638095238095238,0.008761904761904762,-0.01638095238095238,0.0
minimax,0.0,-0.008761904761904762,0.01638095238095238,0.0,-0.008761904761904762,0.0,0.01638095238095238
gtd,0.008761904761904762,0.0,-0.008761904761904762,0.008761904761904762,0.0,0.008761904761904762,-0.008761904761904762
Schulze,0.0,-0.008761904761904762,0.01638095238095238,0.0,-0.008761904761904762,0.0,0.01638095238095238
IRV,-0.01638095238095238,0.008761904761904762,0.0,-0.01638095238095238,0.008761904761904762,-0.01638095238095238,0.0
