,Borda,plurality,gt,minimax,gtd,Schulze,IRV
Borda,0.0,-0.01240694789081886,-0.01240694789081886,0.0,0.0,0.0,0.04714640198511166
plurality,0.01240694789081886,0.0,0.0,0.01240694789081886,0.01240694789081886,0.01240694789081886,-0.04714640198511166
gt,0.01240694789081886,0.0,0.0,0.01240694789081886,0.01240694789081886,0.01240694789081886,-0.04714640198511166
minimax,0.0,-0.01240694789081886,-0.01240694789081886,0.0,0.0,0.0,0.04714640198511166
gtd,0.0,-0.01240694789081886,-0.01240694789081886,0.0,0.0,0.0,0.04714640198511166
Schulze,0.0,-0.01240694789081886,-0.01240694789081886,0.0,0.0,0.0,0.04714640198511166
IRV,-0.04714640198511166,0.04714640198511166,0.04714640198511166,-0.04714640198511166,-0.04714640198511166,-0.04714640198511166,0.0
