,Borda,plurality,gt,minimax,gtd,Schulze,IRV
Borda,0.0,-0.022113022113022112,-0.022113022113022112,-0.022113022113022112,-0.022113022113022112,-0.022113022113022112,0.12039312039312039
plurality,0.022113022113022112,0.0,0.0,0.0,0.0,0.0,-0.0171990171990172
gt,0.022113022113022112,0.0,0.0,0.0,0.0,0.0,-0.0171990171990172
minimax,0.022113022113022112,0.0,0.0,0.0,0.0,0.0,-0.0171990171990172
gtd,0.022113022113022112,0.0,0.0,0.0,0.0,0.0,-0.0171990171990172
Schulze,0.022113022113022112,0.0,0.0,0.0,0.0,0.0,-0.0171990171990172
IRV,-0.12039312039312039,0.0171990171990172,0.0171990171990172,0.0171990171990172,0.0171990171990172,0.0171990171990172,0.0
