,Borda,plurality,gt,minimax,gtd,Schulze,IRV
Borda,0.0,-0.012539184952978056,-0.012539184952978056,0.0,-0.012539184952978056,0.0,0.034482758620689655
plurality,0.012539184952978056,0.0,0.0,0.012539184952978056,0.0,0.012539184952978056,-0.02821316614420063
gt,0.012539184952978056,0.0,0.0,0.012539184952978056,0.0,0.012539184952978056,-0.02821316614420063
minimax,0.0,-0.012539184952978056,-0.012539184952978056,0.0,-0.012539184952978056,0.0,0.034482758620689655
gtd,0.012539184952978056,0.0,0.0,0.012539184952978056,0.0,0.012539184952978056,-0.02821316614420063
Schulze,0.0,-0.012539184952978056,-0.012539184952978056,0.0,-0.012539184952978056,0.0,0.034482758620689655
IRV,-0.034482758620689655,0.02821316614420063,0.02821316614420063,-0.034482758620689655,0.02821316614420063,-0.034482758620689655,0.0
