,Borda,plurality,gt,minimax,gtd,Schulze,IRV
Borda,0.0,-0.001310615989515072,0.0327653997378768,0.0,-0.001310615989515072,0.0,0.0327653997378768
plurality,0.001310615989515072,0.0,-0.001310615989515072,0.001310615989515072,0.0,0.001310615989515072,-0.001310615989515072
gt,-0.0327653997378768,0.001310615989515072,0.0,-0.0327653997378768,0.001310615989515072,-0.0327653997378768,0.0
minimax,0.0,-0.001310615989515072,0.0327653997378768,0.0,-0.001310615989515072,0.0,0.0327653997378768
gtd,0.001310615989515072,0.0,-0.001310615989515072,0.001310615989515072,0.0,0.001310615989515072,-0.001310615989515072
Schulze,0.0,-0.001310615989515072,0.0327653997378768,0.0,-0.001310615989515072,0.0,0.0327653997378768
IRV,-0.0327653997378768,0.001310615989515072,0.0,-0.0327653997378768,0.001310615989515072,-0.0327653997378768,0.0
