,Borda,plurality,gt,minimax,gtd,Schulze,IRV
Borda,0.0,0.11977715877437325,0.0,0.0,0.0,0.0,0.0
plurality,-0.11977715877437325,0.0,-0.04456824512534819,-0.11977715877437325,-0.11977715877437325,-0.11977715877437325,-0.11977715877437325
gt,0.0,0.04456824512534819,0.0,0.0,0.0,0.0,0.0
minimax,0.0,0.11977715877437325,0.0,0.0,0.0,0.0,0.0
gtd,0.0,0.11977715877437325,0.0,0.0,0.0,0.0,0.0
Schulze,0.0,0.11977715877437325,0.0,0.0,0.0,0.0,0.0
IRV,0.0,0.11977715877437325,0.0,0.0,0.0,0.0,0.0
