,Borda,plurality,gt,minimax,gtd,Schulze,IRV
Borda,0.0,0.0,-0.015531660692951015,0.0,0.0,0.0,-0.015531660692951015
plurality,0.0,0.0,-0.015531660692951015,0.0,0.0,0.0,-0.015531660692951015
gt,0.015531660692951015,0.015531660692951015,0.0,0.015531660692951015,0.015531660692951015,0.015531660692951015,0.0
minimax,0.0,0.0,-0.015531660692951015,0.0,0.0,0.0,-0.015531660692951015
gtd,0.0,0.0,-0.015531660692951015,0.0,0.0,0.0,-0.015531660692951015
Schulze,0.0,0.0,-0.015531660692951015,0.0,0.0,0.0,-0.015531660692951015
IRV,0.015531660692951015,0.015531660692951015,0.0,0.015531660692951015,0.015531660692951015,0.015531660692951015,0.0
