,Borda,plurality,gt,minimax,gtd,Schulze,IRV
Borda,0.0,-0.002421307506053269,-0.002421307506053269,0.0,-0.002421307506053269,0.0,0.021791767554479417
plurality,0.002421307506053269,0.0,0.0,0.002421307506053269,0.0,0.002421307506053269,-0.007263922518159807
gt,0.002421307506053269,0.0,0.0,0.002421307506053269,0.0,0.002421307506053269,-0.007263922518159807
minimax,0.0,-0.002421307506053269,-0.002421307506053269,0.0,-0.002421307506053269,0.0,0.021791767554479417
gtd,0.002421307506053269,0.0,0.0,0.002421307506053269,0.0,0.002421307506053269,-0.007263922518159807
Schulze,0.0,-0.002421307506053269,-0.002421307506053269,0.0,-0.002421307506053269,0.0,0.021791767554479417
IRV,-0.021791767554479417,0.007263922518159807,0.007263922518159807,-0.021791767554479417,0.007263922518159807,-0.021791767554479417,0.0
