,Borda,plurality,gt,minimax,gtd,Schulze,IRV
Borda,0.0,0.05070993914807302,-0.010141987829614604,0.0,-0.010141987829614604,0.0,0.05070993914807302
plurality,-0.05070993914807302,0.0,0.018255578093306288,-0.05070993914807302,0.018255578093306288,-0.05070993914807302,0.0
gt,0.010141987829614604,-0.018255578093306288,0.0,0.010141987829614604,0.0,0.010141987829614604,-0.018255578093306288
minimax,0.0,0.05070993914807302,-0.010141987829614604,0.0,-0.010141987829614604,0.0,0.05070993914807302
gtd,0.010141987829614604,-0.018255578093306288,0.0,0.010141987829614604,0.0,0.010141987829614604,-0.018255578093306288
Schulze,0.0,0.05070993914807302,-0.010141987829614604,0.0,-0.010141987829614604,0.0,0.05070993914807302
IRV,-0.05070993914807302,0.0,0.018255578093306288,-0.05070993914807302,0.018255578093306288,-0.05070993914807302,0.0
