,Borda,plurality,gt,minimax,gtd,Schulze,IRV
Borda,0.0,0.0,0.014285714285714285,0.0,0.0,0.0,-0.009523809523809525
plurality,0.0,0.0,0.014285714285714285,0.0,0.0,0.0,-0.009523809523809525
gt,-0.014285714285714285,-0.014285714285714285,0.0,-0.014285714285714285,-0.014285714285714285,-0.014285714285714285,0.01904761904761905
minimax,0.0,0.0,0.014285714285714285,0.0,0.0,0.0,-0.009523809523809525
gtd,0.0,0.0,0.014285714285714285,0.0,0.0,0.0,-0.009523809523809525
Schulze,0.0,0.0,0.014285714285714285,0.0,0.0,0.0,-0.009523809523809525
IRV,0.009523809523809525,0.009523809523809525,-0.01904761904761905,0.009523809523809525,0.009523809523809525,0.009523809523809525,0.0
