,Borda,plurality,gt,minimax,gtd,Schulze,IRV
Borda,0.0,0.032497678737233054,0.0,0.0,0.0,0.0,0.0
plurality,-0.032497678737233054,0.0,0.033426183844011144,-0.032497678737233054,-0.032497678737233054,-0.032497678737233054,-0.032497678737233054
gt,0.0,-0.033426183844011144,0.0,0.0,0.0,0.0,0.0
minimax,0.0,0.032497678737233054,0.0,0.0,0.0,0.0,0.0
gtd,0.0,0.032497678737233054,0.0,0.0,0.0,0.0,0.0
Schulze,0.0,0.032497678737233054,0.0,0.0,0.0,0.0,0.0
IRV,0.0,0.032497678737233054,0.0,0.0,0.0,0.0,0.0
