,Borda,plurality,gt,minimax,gtd,Schulze,IRV
Borda,0.0,0.0,0.030177759404712692,0.0,-0.005374121537825548,0.0,-0.005374121537825548
plurality,0.0,0.0,0.030177759404712692,0.0,-0.005374121537825548,0.0,-0.005374121537825548
gt,-0.030177759404712692,-0.030177759404712692,0.0,-0.030177759404712692,0.014468788755684168,-0.030177759404712692,0.014468788755684168
minimax,0.0,0.0,0.030177759404712692,0.0,-0.005374121537825548,0.0,-0.005374121537825548
gtd,0.005374121537825548,0.005374121537825548,-0.014468788755684168,0.005374121537825548,0.0,0.005374121537825548,0.0
Schulze,0.0,0.0,0.030177759404712692,0.0,-0.005374121537825548,0.0,-0.005374121537825548
IRV,0.005374121537825548,0.005374121537825548,-0.014468788755684168,0.005374121537825548,0.0,0.005374121537825548,0.0
