,Borda,plurality,gt,minimax,gtd,Schulze,IRV
Borda,0.0,0.03722084367245657,0.03722084367245657,0.0,0.0,0.0,0.03722084367245657
plurality,-0.03722084367245657,0.0,0.0,-0.03722084367245657,-0.03722084367245657,-0.03722084367245657,0.0
gt,-0.03722084367245657,0.0,0.0,-0.03722084367245657,-0.03722084367245657,-0.03722084367245657,0.0
minimax,0.0,0.03722084367245657,0.03722084367245657,0.0,0.0,0.0,0.03722084367245657
gtd,0.0,0.03722084367245657,0.03722084367245657,0.0,0.0,0.0,0.03722084367245657
Schulze,0.0,0.03722084367245657,0.03722084367245657,0.0,0.0,0.0,0.03722084367245657
IRV,-0.03722084367245657,0.0,0.0,-0.03722084367245657,-0.03722084367245657,-0.03722084367245657,0.0
