,Borda,plurality,gt,minimax,gtd,Schulze,IRV
Borda,0.0,0.0,-0.0010834236186348862,0.0,0.0,0.0,-0.0010834236186348862
plurality,0.0,0.0,-0.0010834236186348862,0.0,0.0,0.0,-0.0010834236186348862
gt,0.0010834236186348862,0.0010834236186348862,0.0,0.0010834236186348862,0.0010834236186348862,0.0010834236186348862,0.0
minimax,0.0,0.0,-0.0010834236186348862,0.0,0.0,0.0,-0.0010834236186348862
gtd,0.0,0.0,-0.0010834236186348862,0.0,0.0,0.0,-0.0010834236186348862
Schulze,0.0,0.0,-0.0010834236186348862,0.0,0.0,0.0,-0.0010834236186348862
IRV,0.0010834236186348862,0.0010834236186348862,0.0,0.0010834236186348862,0.0010834236186348862,0.0010834236186348862,0.0
