,Borda,plurality,gt,minimax,gtd,Schulze,IRV
Borda,0.0,-0.010893246187363835,0.0,-0.010893246187363835,-0.010893246187363835,-0.010893246187363835,0.037037037037037035
plurality,0.010893246187363835,0.0,0.010893246187363835,0.0,0.0,0.0,-0.006535947712418301
gt,0.0,-0.010893246187363835,0.0,-0.010893246187363835,-0.010893246187363835,-0.010893246187363835,0.037037037037037035
minimax,0.010893246187363835,0.0,0.010893246187363835,0.0,0.0,0.0,-0.006535947712418301
gtd,0.010893246187363835,0.0,0.010893246187363835,0.0,0.0,0.0,-0.006535947712418301
Schulze,0.010893246187363835,0.0,0.010893246187363835,0.0,0.0,0.0,-0.006535947712418301
IRV,-0.037037037037037035,0.006535947712418301,-0.037037037037037035,0.006535947712418301,0.006535947712418301,0.006535947712418301,0.0
