,Borda,plurality,gt,minimax,gtd,Schulze,IRV
Borda,0.0,-0.03678929765886288,0.0,0.0033444816053511705,0.0033444816053511705,0.0033444816053511705,0.0033444816053511705
plurality,0.03678929765886288,0.0,0.03678929765886288,-0.013377926421404682,-0.013377926421404682,-0.013377926421404682,-0.013377926421404682
gt,0.0,-0.03678929765886288,0.0,0.0033444816053511705,0.0033444816053511705,0.0033444816053511705,0.0033444816053511705
minimax,-0.0033444816053511705,0.013377926421404682,-0.0033444816053511705,0.0,0.0,0.0,0.0
gtd,-0.0033444816053511705,0.013377926421404682,-0.0033444816053511705,0.0,0.0,0.0,0.0
Schulze,-0.0033444816053511705,0.013377926421404682,-0.0033444816053511705,0.0,0.0,0.0,0.0
IRV,-0.0033444816053511705,0.013377926421404682,-0.0033444816053511705,0.0,0.0,0.0,0.0
