,Borda,plurality,gt,minimax,gtd,Schulze,IRV
Borda,0.0,-0.024793388429752067,0.0,0.0,-0.024793388429752067,0.0,0.046831955922865015
plurality,0.024793388429752067,0.0,0.024793388429752067,0.024793388429752067,0.0,0.024793388429752067,-0.04132231404958678
gt,0.0,-0.024793388429752067,0.0,0.0,-0.024793388429752067,0.0,0.046831955922865015
minimax,0.0,-0.024793388429752067,0.0,0.0,-0.024793388429752067,0.0,0.046831955922865015
gtd,0.024793388429752067,0.0,0.024793388429752067,0.024793388429752067,0.0,0.024793388429752067,-0.04132231404958678
Schulze,0.0,-0.024793388429752067,0.0,0.0,-0.024793388429752067,0.0,0.046831955922865015
IRV,-0.046831955922865015,0.04132231404958678,-0.046831955922865015,-0.046831955922865015,0.04132231404958678,-0.046831955922865015,0.0
