,Borda,plurality,gt,minimax,gtd,Schulze,IRV
Borda,0.0,-0.031413612565445025,0.05235602094240838,-0.031413612565445025,-0.031413612565445025,-0.031413612565445025,0.05235602094240838
plurality,0.031413612565445025,0.0,-0.010471204188481676,0.0,0.0,0.0,-0.010471204188481676
gt,-0.05235602094240838,0.010471204188481676,0.0,0.010471204188481676,0.010471204188481676,0.010471204188481676,0.0
minimax,0.031413612565445025,0.0,-0.010471204188481676,0.0,0.0,0.0,-0.010471204188481676
gtd,0.031413612565445025,0.0,-0.010471204188481676,0.0,0.0,0.0,-0.010471204188481676
Schulze,0.031413612565445025,0.0,-0.010471204188481676,0.0,0.0,0.0,-0.010471204188481676
IRV,-0.05235602094240838,0.010471204188481676,0.0,0.010471204188481676,0.010471204188481676,0.010471204188481676,0.0
