,Borda,plurality,gt,minimax,gtd,Schulze,IRV
Borda,0.0,-0.01565217391304348,0.0,-0.01565217391304348,-0.01565217391304348,-0.01565217391304348,-0.01565217391304348
plurality,0.01565217391304348,0.0,0.01565217391304348,0.0,0.0,0.0,0.0
gt,0.0,-0.01565217391304348,0.0,-0.01565217391304348,-0.01565217391304348,-0.01565217391304348,-0.01565217391304348
minimax,0.01565217391304348,0.0,0.01565217391304348,0.0,0.0,0.0,0.0
gtd,0.01565217391304348,0.0,0.01565217391304348,0.0,0.0,0.0,0.0
Schulze,0.01565217391304348,0.0,0.01565217391304348,0.0,0.0,0.0,0.0
IRV,0.01565217391304348,0.0,0.01565217391304348,0.0,0.0,0.0,0.0
