,Borda,plurality,gt,minimax,gtd,Schulze,IRV
Borda,0.0,0.0,0.010752688172043012,0.010752688172043012,0.010752688172043012,0.010752688172043012,-0.0967741935483871
plurality,0.0,0.0,0.010752688172043012,0.010752688172043012,0.010752688172043012,0.010752688172043012,-0.0967741935483871
gt,-0.010752688172043012,-0.010752688172043012,0.0,0.0,0.0,0.0,0.016129032258064516
minimax,-0.010752688172043012,-0.010752688172043012,0.0,0.0,0.0,0.0,0.016129032258064516
gtd,-0.010752688172043012,-0.010752688172043012,0.0,0.0,0.0,0.0,0.016129032258064516
Schulze,-0.010752688172043012,-0.010752688172043012,0.0,0.0,0.0,0.0,0.016129032258064516
IRV,0.0967741935483871,0.0967741935483871,-0.016129032258064516,-0.016129032258064516,-0.016129032258064516,-0.016129032258064516,0.0
