,Borda,plurality,gt,minimax,gtd,Schulze,IRV
Borda,0.0,-0.02021772939346812,-0.02021772939346812,-0.02021772939346812,-0.02021772939346812,-0.02021772939346812,0.02021772939346812
plurality,0.02021772939346812,0.0,0.0,0.0,0.0,0.0,-0.013996889580093312
gt,0.02021772939346812,0.0,0.0,0.0,0.0,0.0,-0.013996889580093312
minimax,0.02021772939346812,0.0,0.0,0.0,0.0,0.0,-0.013996889580093312
gtd,0.02021772939346812,0.0,0.0,0.0,0.0,0.0,-0.013996889580093312
Schulze,0.02021772939346812,0.0,0.0,0.0,0.0,0.0,-0.013996889580093312
IRV,-0.02021772939346812,0.013996889580093312,0.013996889580093312,0.013996889580093312,0.013996889580093312,0.013996889580093312,0.0
