,Borda,plurality,gt,minimax,gtd,Schulze,IRV
Borda,0.0,0.0,0.014539579967689823,0.014539579967689823,0.0,0.014539579967689823,-0.017770597738287562
plurality,0.0,0.0,0.014539579967689823,0.014539579967689823,0.0,0.014539579967689823,-0.017770597738287562
gt,-0.014539579967689823,-0.014539579967689823,0.0,0.0,-0.014539579967689823,0.0,0.050080775444264945
minimax,-0.014539579967689823,-0.014539579967689823,0.0,0.0,-0.014539579967689823,0.0,0.050080775444264945
gtd,0.0,0.0,0.014539579967689823,0.014539579967689823,0.0,0.014539579967689823,-0.017770597738287562
Schulze,-0.014539579967689823,-0.014539579967689823,0.0,0.0,-0.014539579967689823,0.0,0.050080775444264945
IRV,0.017770597738287562,0.017770597738287562,-0.050080775444264945,-0.050080775444264945,0.017770597738287562,-0.050080775444264945,0.0
