,Borda,plurality,gt,minimax,gtd,Schulze,IRV
Borda,0.0,0.0,0.015527950310559006,-0.012422360248447204,-0.012422360248447204,-0.012422360248447204,0.0
plurality,0.0,0.0,0.015527950310559006,-0.012422360248447204,-0.012422360248447204,-0.012422360248447204,0.0
gt,-0.015527950310559006,-0.015527950310559006,0.0,0.003105590062111801,0.003105590062111801,0.003105590062111801,-0.015527950310559006
minimax,0.012422360248447204,0.012422360248447204,-0.003105590062111801,0.0,0.0,0.0,0.012422360248447204
gtd,0.012422360248447204,0.012422360248447204,-0.003105590062111801,0.0,0.0,0.0,0.012422360248447204
Schulze,0.012422360248447204,0.012422360248447204,-0.003105590062111801,0.0,0.0,0.0,0.012422360248447204
IRV,0.0,0.0,0.015527950310559006,-0.012422360248447204,-0.012422360248447204,-0.012422360248447204,0.0
