,Borda,plurality,gt,minimax,gtd,Schulze,IRV
Borda,0.0,0.14146341463414633,0.0,0.0,0.0,0.0,0.0
plurality,-0.14146341463414633,0.0,-0.13658536585365855,-0.13658536585365855,-0.14146341463414633,-0.13658536585365855,-0.13658536585365855
gt,0.0,0.13658536585365855,0.0,0.0,0.0,0.0,0.0
minimax,0.0,0.13658536585365855,0.0,0.0,0.0,0.0,0.0
gtd,0.0,0.14146341463414633,0.0,0.0,0.0,0.0,0.0
Schulze,0.0,0.13658536585365855,0.0,0.0,0.0,0.0,0.0
IRV,0.0,0.13658536585365855,0.0,0.0,0.0,0.0,0.0
