,Borda,plurality,gt,minimax,gtd,Schulze,IRV
Borda,0.0,0.0,0.0,0.008695652173913044,0.0,0.008695652173913044,-0.013043478260869565
plurality,0.0,0.0,0.0,0.008695652173913044,0.0,0.008695652173913044,-0.013043478260869565
gt,0.0,0.0,0.0,0.008695652173913044,0.0,0.008695652173913044,-0.013043478260869565
minimax,-0.008695652173913044,-0.008695652173913044,-0.008695652173913044,0.0,-0.008695652173913044,0.0,0.013043478260869565
gtd,0.0,0.0,0.0,0.008695652173913044,0.0,0.008695652173913044,-0.013043478260869565
Schulze,-0.008695652173913044,-0.008695652173913044,-0.008695652173913044,0.0,-0.008695652173913044,0.0,0.013043478260869565
IRV,0.013043478260869565,0.013043478260869565,0.013043478260869565,-0.013043478260869565,0.013043478260869565,-0.013043478260869565,0.0
