,Borda,plurality,gt,minimax,gtd,Schulze,IRV
Borda,0.0,-0.010810810810810811,0.0,0.0,0.0,0.0,0.016216216216216217
plurality,0.010810810810810811,0.0,0.010810810810810811,0.010810810810810811,0.010810810810810811,0.010810810810810811,-0.06486486486486487
gt,0.0,-0.010810810810810811,0.0,0.0,0.0,0.0,0.016216216216216217
minimax,0.0,-0.010810810810810811,0.0,0.0,0.0,0.0,0.016216216216216217
gtd,0.0,-0.010810810810810811,0.0,0.0,0.0,0.0,0.016216216216216217
Schulze,0.0,-0.010810810810810811,0.0,0.0,0.0,0.0,0.016216216216216217
IRV,-0.016216216216216217,0.06486486486486487,-0.016216216216216217,-0.016216216216216217,-0.016216216216216217,-0.016216216216216217,0.0
