,Borda,plurality,gt,minimax,gtd,Schulze,IRV
Borda,0.0,-0.005376344086021506,0.0,0.0,-0.005376344086021506,0.0,0.010752688172043012
plurality,0.005376344086021506,0.0,0.005376344086021506,0.005376344086021506,0.0,0.005376344086021506,-0.010752688172043012
gt,0.0,-0.005376344086021506,0.0,0.0,-0.005376344086021506,0.0,0.010752688172043012
minimax,0.0,-0.005376344086021506,0.0,0.0,-0.005376344086021506,0.0,0.010752688172043012
gtd,0.005376344086021506,0.0,0.005376344086021506,0.005376344086021506,0.0,0.005376344086021506,-0.010752688172043012
Schulze,0.0,-0.005376344086021506,0.0,0.0,-0.005376344086021506,0.0,0.010752688172043012
IRV,-0.010752688172043012,0.010752688172043012,-0.010752688172043012,-0.010752688172043012,0.010752688172043012,-0.010752688172043012,0.0
