,Borda,plurality,gt,minimax,gtd,Schulze,IRV
Borda,0.0,0.08928571428571429,0.0,0.0,0.0,0.0,0.0
plurality,-0.08928571428571429,0.0,-0.060714285714285714,-0.060714285714285714,-0.08928571428571429,-0.060714285714285714,-0.060714285714285714
gt,0.0,0.060714285714285714,0.0,0.0,0.0,0.0,0.0
minimax,0.0,0.060714285714285714,0.0,0.0,0.0,0.0,0.0
gtd,0.0,0.08928571428571429,0.0,0.0,0.0,0.0,0.0
Schulze,0.0,0.060714285714285714,0.0,0.0,0.0,0.0,0.0
IRV,0.0,0.060714285714285714,0.0,0.0,0.0,0.0,0.0
