,Borda,plurality,gt,minimax,gtd,Schulze,IRV
Borda,0.0,0.039735099337748346,-0.006622516556291391,-0.006622516556291391,-0.006622516556291391,-0.006622516556291391,0.039735099337748346
plurality,-0.039735099337748346,0.0,0.006622516556291391,0.006622516556291391,0.006622516556291391,0.006622516556291391,0.0
gt,0.006622516556291391,-0.006622516556291391,0.0,0.0,0.0,0.0,-0.006622516556291391
minimax,0.006622516556291391,-0.006622516556291391,0.0,0.0,0.0,0.0,-0.006622516556291391
gtd,0.006622516556291391,-0.006622516556291391,0.0,0.0,0.0,0.0,-0.006622516556291391
Schulze,0.006622516556291391,-0.006622516556291391,0.0,0.0,0.0,0.0,-0.006622516556291391
IRV,-0.039735099337748346,0.0,0.006622516556291391,0.006622516556291391,0.006622516556291391,0.006622516556291391,0.0
