,Borda,plurality,gt,minimax,gtd,Schulze,IRV
Borda,0.0,0.01876675603217158,-0.002680965147453083,0.0,-0.002680965147453083,0.0,0.01876675603217158
plurality,-0.01876675603217158,0.0,0.002680965147453083,-0.01876675603217158,0.002680965147453083,-0.01876675603217158,0.0
gt,0.002680965147453083,-0.002680965147453083,0.0,0.002680965147453083,0.0,0.002680965147453083,-0.002680965147453083
minimax,0.0,0.01876675603217158,-0.002680965147453083,0.0,-0.002680965147453083,0.0,0.01876675603217158
gtd,0.002680965147453083,-0.002680965147453083,0.0,0.002680965147453083,0.0,0.002680965147453083,-0.002680965147453083
Schulze,0.0,0.01876675603217158,-0.002680965147453083,0.0,-0.002680965147453083,0.0,0.01876675603217158
IRV,-0.01876675603217158,0.0,0.002680965147453083,-0.01876675603217158,0.002680965147453083,-0.01876675603217158,0.0
