,Borda,plurality,gt,minimax,gtd,Schulze,IRV
Borda,0.0,0.034482758620689655,-0.007957559681697613,-0.007957559681697613,-0.007957559681697613,-0.007957559681697613,0.0
plurality,-0.034482758620689655,0.0,0.002652519893899204,0.002652519893899204,0.002652519893899204,0.002652519893899204,-0.034482758620689655
gt,0.007957559681697613,-0.002652519893899204,0.0,0.0,0.0,0.0,0.007957559681697613
minimax,0.007957559681697613,-0.002652519893899204,0.0,0.0,0.0,0.0,0.007957559681697613
gtd,0.007957559681697613,-0.002652519893899204,0.0,0.0,0.0,0.0,0.007957559681697613
Schulze,0.007957559681697613,-0.002652519893899204,0.0,0.0,0.0,0.0,0.007957559681697613
IRV,0.0,0.034482758620689655,-0.007957559681697613,-0.007957559681697613,-0.007957559681697613,-0.007957559681697613,0.0
