,Borda,plurality,gt,minimax,gtd,Schulze,IRV
Borda,0.0,0.10144927536231885,0.0,0.0,0.0,0.0,0.0
plurality,-0.10144927536231885,0.0,-0.10144927536231885,-0.10144927536231885,-0.10144927536231885,-0.10144927536231885,-0.050724637681159424
gt,0.0,0.10144927536231885,0.0,0.0,0.0,0.0,0.0
minimax,0.0,0.10144927536231885,0.0,0.0,0.0,0.0,0.0
gtd,0.0,0.10144927536231885,0.0,0.0,0.0,0.0,0.0
Schulze,0.0,0.10144927536231885,0.0,0.0,0.0,0.0,0.0
IRV,0.0,0.050724637681159424,0.0,0.0,0.0,0.0,0.0
