,Borda,plurality,gt,minimax,gtd,Schulze,IRV
Borda,0.0,-0.032148900169204735,-0.032148900169204735,-0.032148900169204735,0.015228426395939087,-0.032148900169204735,0.015228426395939087
plurality,0.032148900169204735,0.0,0.0,0.0,-0.001692047377326565,0.0,-0.001692047377326565
gt,0.032148900169204735,0.0,0.0,0.0,-0.001692047377326565,0.0,-0.001692047377326565
minimax,0.032148900169204735,0.0,0.0,0.0,-0.001692047377326565,0.0,-0.001692047377326565
gtd,-0.015228426395939087,0.001692047377326565,0.001692047377326565,0.001692047377326565,0.0,0.001692047377326565,0.0
Schulze,0.032148900169204735,0.0,0.0,0.0,-0.001692047377326565,0.0,-0.001692047377326565
IRV,-0.015228426395939087,0.001692047377326565,0.001692047377326565,0.001692047377326565,0.0,0.001692047377326565,0.0
