,Borda,plurality,gt,minimax,gtd,Schulze,IRV
Borda,0.0,0.09894736842105263,-0.002105263157894737,0.0,-0.002105263157894737,0.0,0.0
plurality,-0.09894736842105263,0.0,0.010526315789473684,-0.09894736842105263,0.010526315789473684,-0.09894736842105263,-0.09894736842105263
gt,0.002105263157894737,-0.010526315789473684,0.0,0.002105263157894737,0.0,0.002105263157894737,0.002105263157894737
minimax,0.0,0.09894736842105263,-0.002105263157894737,0.0,-0.002105263157894737,0.0,0.0
gtd,0.002105263157894737,-0.010526315789473684,0.0,0.002105263157894737,0.0,0.002105263157894737,0.002105263157894737
Schulze,0.0,0.09894736842105263,-0.002105263157894737,0.0,-0.002105263157894737,0.0,0.0
IRV,0.0,0.09894736842105263,-0.002105263157894737,0.0,-0.002105263157894737,0.0,0.0
