,Borda,plurality,gt,minimax,gtd,Schulze,IRV
Borda,0.0,0.0,0.0,0.030470914127423823,0.030470914127423823,0.030470914127423823,-0.036011080332409975
plurality,0.0,0.0,0.0,0.030470914127423823,0.030470914127423823,0.030470914127423823,-0.036011080332409975
gt,0.0,0.0,0.0,0.030470914127423823,0.030470914127423823,0.030470914127423823,-0.036011080332409975
minimax,-0.030470914127423823,-0.030470914127423823,-0.030470914127423823,0.0,0.0,0.0,0.036011080332409975
gtd,-0.030470914127423823,-0.030470914127423823,-0.030470914127423823,0.0,0.0,0.0,0.036011080332409975
Schulze,-0.030470914127423823,-0.030470914127423823,-0.030470914127423823,0.0,0.0,0.0,0.036011080332409975
IRV,0.036011080332409975,0.036011080332409975,0.036011080332409975,-0.036011080332409975,-0.036011080332409975,-0.036011080332409975,0.0
