,Borda,plurality,gt,minimax,gtd,Schulze,IRV
Borda,0.0,-0.022113022113022112,0.0,0.0171990171990172,0.0171990171990172,0.0171990171990172,-0.022113022113022112
plurality,0.022113022113022112,0.0,0.022113022113022112,-0.0171990171990172,-0.0171990171990172,-0.0171990171990172,0.0
gt,0.0,-0.022113022113022112,0.0,0.0171990171990172,0.0171990171990172,0.0171990171990172,-0.022113022113022112
minimax,-0.0171990171990172,0.0171990171990172,-0.0171990171990172,0.0,0.0,0.0,0.0171990171990172
gtd,-0.0171990171990172,0.0171990171990172,-0.0171990171990172,0.0,0.0,0.0,0.0171990171990172
Schulze,-0.0171990171990172,0.0171990171990172,-0.0171990171990172,0.0,0.0,0.0,0.0171990171990172
IRV,0.022113022113022112,0.0,0.022113022113022112,-0.0171990171990172,-0.0171990171990172,-0.0171990171990172,0.0
