,Borda,plurality,gt,minimax,gtd,Schulze,IRV
Borda,0.0,-0.040160642570281124,0.008032128514056224,0.008032128514056224,0.008032128514056224,0.008032128514056224,-0.040160642570281124
plurality,0.040160642570281124,0.0,-0.028112449799196786,-0.028112449799196786,-0.028112449799196786,-0.028112449799196786,0.0
gt,-0.008032128514056224,0.028112449799196786,0.0,0.0,0.0,0.0,0.028112449799196786
minimax,-0.008032128514056224,0.028112449799196786,0.0,0.0,0.0,0.0,0.028112449799196786
gtd,-0.008032128514056224,0.028112449799196786,0.0,0.0,0.0,0.0,0.028112449799196786
Schulze,-0.008032128514056224,0.028112449799196786,0.0,0.0,0.0,0.0,0.028112449799196786
IRV,0.040160642570281124,0.0,-0.028112449799196786,-0.028112449799196786,-0.028112449799196786,-0.028112449799196786,0.0
