,Borda,plurality,gt,minimax,gtd,Schulze,IRV
Borda,0.0,0.0,-0.007898894154818325,0.0,-0.007898894154818325,0.0,0.0
plurality,0.0,0.0,-0.007898894154818325,0.0,-0.007898894154818325,0.0,0.0
gt,0.007898894154818325,0.007898894154818325,0.0,0.007898894154818325,0.0,0.007898894154818325,0.007898894154818325
minimax,0.0,0.0,-0.007898894154818325,0.0,-0.007898894154818325,0.0,0.0
gtd,0.007898894154818325,0.007898894154818325,0.0,0.007898894154818325,0.0,0.007898894154818325,0.007898894154818325
Schulze,0.0,0.0,-0.007898894154818325,0.0,-0.007898894154818325,0.0,0.0
IRV,0.0,0.0,-0.007898894154818325,0.0,-0.007898894154818325,0.0,0.0
