,Borda,plurality,gt,minimax,gtd,Schulze,IRV
Borda,0.0,-0.015228426395939087,0.1218274111675127,0.0,-0.015228426395939087,0.0,-0.015228426395939087
plurality,0.015228426395939087,0.0,-0.015228426395939087,0.015228426395939087,0.0,0.015228426395939087,0.0
gt,-0.1218274111675127,0.015228426395939087,0.0,-0.1218274111675127,0.015228426395939087,-0.1218274111675127,0.015228426395939087
minimax,0.0,-0.015228426395939087,0.1218274111675127,0.0,-0.015228426395939087,0.0,-0.015228426395939087
gtd,0.015228426395939087,0.0,-0.015228426395939087,0.015228426395939087,0.0,0.015228426395939087,0.0
Schulze,0.0,-0.015228426395939087,0.1218274111675127,0.0,-0.015228426395939087,0.0,-0.015228426395939087
IRV,0.015228426395939087,0.0,-0.015228426395939087,0.015228426395939087,0.0,0.015228426395939087,0.0
