,Borda,plurality,gt,minimax,gtd,Schulze,IRV
Borda,0.0,-0.020100502512562814,0.0,0.0,-0.020100502512562814,0.0,0.08040201005025126
plurality,0.020100502512562814,0.0,0.020100502512562814,0.020100502512562814,0.0,0.020100502512562814,-0.020100502512562814
gt,0.0,-0.020100502512562814,0.0,0.0,-0.020100502512562814,0.0,0.08040201005025126
minimax,0.0,-0.020100502512562814,0.0,0.0,-0.020100502512562814,0.0,0.08040201005025126
gtd,0.020100502512562814,0.0,0.020100502512562814,0.020100502512562814,0.0,0.020100502512562814,-0.020100502512562814
Schulze,0.0,-0.020100502512562814,0.0,0.0,-0.020100502512562814,0.0,0.08040201005025126
IRV,-0.08040201005025126,0.020100502512562814,-0.08040201005025126,-0.08040201005025126,0.020100502512562814,-0.08040201005025126,0.0
