,Borda,plurality,gt,minimax,gtd,Schulze,IRV
Borda,0.0,-0.034482758620689655,0.027914614121510674,-0.034482758620689655,0.027914614121510674,-0.034482758620689655,0.027914614121510674
plurality,0.034482758620689655,0.0,-0.021346469622331693,0.0,-0.021346469622331693,0.0,-0.021346469622331693
gt,-0.027914614121510674,0.021346469622331693,0.0,0.021346469622331693,0.0,0.021346469622331693,0.0
minimax,0.034482758620689655,0.0,-0.021346469622331693,0.0,-0.021346469622331693,0.0,-0.021346469622331693
gtd,-0.027914614121510674,0.021346469622331693,0.0,0.021346469622331693,0.0,0.021346469622331693,0.0
Schulze,0.034482758620689655,0.0,-0.021346469622331693,0.0,-0.021346469622331693,0.0,-0.021346469622331693
IRV,-0.027914614121510674,0.021346469622331693,0.0,0.021346469622331693,0.0,0.021346469622331693,0.0
