,Borda,plurality,gt,minimax,gtd,Schulze,IRV
Borda,0.0,-0.0038022813688212928,-0.0038022813688212928,0.0,0.0,0.0,0.019011406844106463
plurality,0.0038022813688212928,0.0,0.0,0.0038022813688212928,0.0038022813688212928,0.0038022813688212928,-0.07224334600760456
gt,0.0038022813688212928,0.0,0.0,0.0038022813688212928,0.0038022813688212928,0.0038022813688212928,-0.07224334600760456
minimax,0.0,-0.0038022813688212928,-0.0038022813688212928,0.0,0.0,0.0,0.019011406844106463
gtd,0.0,-0.0038022813688212928,-0.0038022813688212928,0.0,0.0,0.0,0.019011406844106463
Schulze,0.0,-0.0038022813688212928,-0.0038022813688212928,0.0,0.0,0.0,0.019011406844106463
IRV,-0.019011406844106463,0.07224334600760456,0.07224334600760456,-0.019011406844106463,-0.019011406844106463,-0.019011406844106463,0.0
