,Borda,plurality,gt,minimax,gtd,Schulze,IRV
Borda,0.0,0.027181688125894134,0.0,-0.030042918454935622,0.027181688125894134,-0.030042918454935622,0.027181688125894134
plurality,-0.027181688125894134,0.0,-0.027181688125894134,0.010014306151645207,0.0,0.010014306151645207,0.0
gt,0.0,0.027181688125894134,0.0,-0.030042918454935622,0.027181688125894134,-0.030042918454935622,0.027181688125894134
minimax,0.030042918454935622,-0.010014306151645207,0.030042918454935622,0.0,-0.010014306151645207,0.0,-0.010014306151645207
gtd,-0.027181688125894134,0.0,-0.027181688125894134,0.010014306151645207,0.0,0.010014306151645207,0.0
Schulze,0.030042918454935622,-0.010014306151645207,0.030042918454935622,0.0,-0.010014306151645207,0.0,-0.010014306151645207
IRV,-0.027181688125894134,0.0,-0.027181688125894134,0.010014306151645207,0.0,0.010014306151645207,0.0
