,Borda,plurality,gt,minimax,gtd,Schulze,IRV
Borda,0.0,-0.05963302752293578,0.08256880733944955,-0.05963302752293578,-0.05963302752293578,-0.05963302752293578,0.08256880733944955
plurality,0.05963302752293578,0.0,-0.03669724770642202,0.0,0.0,0.0,-0.03669724770642202
gt,-0.08256880733944955,0.03669724770642202,0.0,0.03669724770642202,0.03669724770642202,0.03669724770642202,0.0
minimax,0.05963302752293578,0.0,-0.03669724770642202,0.0,0.0,0.0,-0.03669724770642202
gtd,0.05963302752293578,0.0,-0.03669724770642202,0.0,0.0,0.0,-0.03669724770642202
Schulze,0.05963302752293578,0.0,-0.03669724770642202,0.0,0.0,0.0,-0.03669724770642202
IRV,-0.08256880733944955,0.03669724770642202,0.0,0.03669724770642202,0.03669724770642202,0.03669724770642202,0.0
