,Borda,plurality,gt,minimax,gtd,Schulze,IRV
Borda,0.0,0.0,0.049019607843137254,0.0,-0.014705882352941176,0.0,-0.014705882352941176
plurality,0.0,0.0,0.049019607843137254,0.0,-0.014705882352941176,0.0,-0.014705882352941176
gt,-0.049019607843137254,-0.049019607843137254,0.0,-0.049019607843137254,0.014705882352941176,-0.049019607843137254,0.014705882352941176
minimax,0.0,0.0,0.049019607843137254,0.0,-0.014705882352941176,0.0,-0.014705882352941176
gtd,0.014705882352941176,0.014705882352941176,-0.014705882352941176,0.014705882352941176,0.0,0.014705882352941176,0.0
Schulze,0.0,0.0,0.049019607843137254,0.0,-0.014705882352941176,0.0,-0.014705882352941176
IRV,0.014705882352941176,0.014705882352941176,-0.014705882352941176,0.014705882352941176,0.0,0.014705882352941176,0.0
