,Borda,plurality,gt,minimax,gtd,Schulze,IRV
Borda,0.0,-0.040214477211796246,-0.040214477211796246,-0.040214477211796246,-0.040214477211796246,-0.040214477211796246,0.07238605898123325
plurality,0.040214477211796246,0.0,0.0,0.0,0.0,0.0,-0.03485254691689008
gt,0.040214477211796246,0.0,0.0,0.0,0.0,0.0,-0.03485254691689008
minimax,0.040214477211796246,0.0,0.0,0.0,0.0,0.0,-0.03485254691689008
gtd,0.040214477211796246,0.0,0.0,0.0,0.0,0.0,-0.03485254691689008
Schulze,0.040214477211796246,0.0,0.0,0.0,0.0,0.0,-0.03485254691689008
IRV,-0.07238605898123325,0.03485254691689008,0.03485254691689008,0.03485254691689008,0.03485254691689008,0.03485254691689008,0.0
