,Borda,plurality,gt,minimax,gtd,Schulze,IRV
Borda,0.0,0.020872865275142316,-0.009487666034155597,0.0,-0.009487666034155597,0.0,0.0
plurality,-0.020872865275142316,0.0,0.013282732447817837,-0.020872865275142316,0.013282732447817837,-0.020872865275142316,-0.020872865275142316
gt,0.009487666034155597,-0.013282732447817837,0.0,0.009487666034155597,0.0,0.009487666034155597,0.009487666034155597
minimax,0.0,0.020872865275142316,-0.009487666034155597,0.0,-0.009487666034155597,0.0,0.0
gtd,0.009487666034155597,-0.013282732447817837,0.0,0.009487666034155597,0.0,0.009487666034155597,0.009487666034155597
Schulze,0.0,0.020872865275142316,-0.009487666034155597,0.0,-0.009487666034155597,0.0,0.0
IRV,0.0,0.020872865275142316,-0.009487666034155597,0.0,-0.009487666034155597,0.0,0.0
