,Borda,plurality,gt,minimax,gtd,Schulze,IRV
Borda,0.0,0.06267029972752043,0.06267029972752043,0.0,-0.013623978201634877,0.0,0.0
plurality,-0.06267029972752043,0.0,0.0,-0.06267029972752043,0.04632152588555858,-0.06267029972752043,-0.06267029972752043
gt,-0.06267029972752043,0.0,0.0,-0.06267029972752043,0.04632152588555858,-0.06267029972752043,-0.06267029972752043
minimax,0.0,0.06267029972752043,0.06267029972752043,0.0,-0.013623978201634877,0.0,0.0
gtd,0.013623978201634877,-0.04632152588555858,-0.04632152588555858,0.013623978201634877,0.0,0.013623978201634877,0.013623978201634877
Schulze,0.0,0.06267029972752043,0.06267029972752043,0.0,-0.013623978201634877,0.0,0.0
IRV,0.0,0.06267029972752043,0.06267029972752043,0.0,-0.013623978201634877,0.0,0.0
