,Borda,plurality,gt,minimax,gtd,Schulze,IRV
Borda,0.0,0.011406844106463879,-0.011406844106463879,0.0,0.0,0.0,0.0
plurality,-0.011406844106463879,0.0,0.03929024081115336,-0.011406844106463879,-0.011406844106463879,-0.011406844106463879,-0.011406844106463879
gt,0.011406844106463879,-0.03929024081115336,0.0,0.011406844106463879,0.011406844106463879,0.011406844106463879,0.011406844106463879
minimax,0.0,0.011406844106463879,-0.011406844106463879,0.0,0.0,0.0,0.0
gtd,0.0,0.011406844106463879,-0.011406844106463879,0.0,0.0,0.0,0.0
Schulze,0.0,0.011406844106463879,-0.011406844106463879,0.0,0.0,0.0,0.0
IRV,0.0,0.011406844106463879,-0.011406844106463879,0.0,0.0,0.0,0.0
