,Borda,plurality,gt,minimax,gtd,Schulze,IRV
Borda,0.0,0.0,0.09129511677282377,0.0,-0.010615711252653927,0.0,-0.010615711252653927
plurality,0.0,0.0,0.09129511677282377,0.0,-0.010615711252653927,0.0,-0.010615711252653927
gt,-0.09129511677282377,-0.09129511677282377,0.0,-0.09129511677282377,0.03184713375796178,-0.09129511677282377,0.03184713375796178
minimax,0.0,0.0,0.09129511677282377,0.0,-0.010615711252653927,0.0,-0.010615711252653927
gtd,0.010615711252653927,0.010615711252653927,-0.03184713375796178,0.010615711252653927,0.0,0.010615711252653927,0.0
Schulze,0.0,0.0,0.09129511677282377,0.0,-0.010615711252653927,0.0,-0.010615711252653927
IRV,0.010615711252653927,0.010615711252653927,-0.03184713375796178,0.010615711252653927,0.0,0.010615711252653927,0.0
