,Borda,plurality,gt,minimax,gtd,Schulze,IRV
Borda,0.0,0.03914590747330961,-0.0035587188612099642,0.0,-0.0035587188612099642,0.0,0.0
plurality,-0.03914590747330961,0.0,0.03914590747330961,-0.03914590747330961,0.03914590747330961,-0.03914590747330961,-0.03914590747330961
gt,0.0035587188612099642,-0.03914590747330961,0.0,0.0035587188612099642,0.0,0.0035587188612099642,0.0035587188612099642
minimax,0.0,0.03914590747330961,-0.0035587188612099642,0.0,-0.0035587188612099642,0.0,0.0
gtd,0.0035587188612099642,-0.03914590747330961,0.0,0.0035587188612099642,0.0,0.0035587188612099642,0.0035587188612099642
Schulze,0.0,0.03914590747330961,-0.0035587188612099642,0.0,-0.0035587188612099642,0.0,0.0
IRV,0.0,0.03914590747330961,-0.0035587188612099642,0.0,-0.0035587188612099642,0.0,0.0
