,Borda,plurality,gt,minimax,gtd,Schulze,IRV
Borda,0.0,0.06111111111111111,0.0,0.0,-0.027777777777777776,0.0,0.06111111111111111
plurality,-0.06111111111111111,0.0,-0.06111111111111111,-0.06111111111111111,0.027777777777777776,-0.06111111111111111,0.0
gt,0.0,0.06111111111111111,0.0,0.0,-0.027777777777777776,0.0,0.06111111111111111
minimax,0.0,0.06111111111111111,0.0,0.0,-0.027777777777777776,0.0,0.06111111111111111
gtd,0.027777777777777776,-0.027777777777777776,0.027777777777777776,0.027777777777777776,0.0,0.027777777777777776,-0.027777777777777776
Schulze,0.0,0.06111111111111111,0.0,0.0,-0.027777777777777776,0.0,0.06111111111111111
IRV,-0.06111111111111111,0.0,-0.06111111111111111,-0.06111111111111111,0.027777777777777776,-0.06111111111111111,0.0
