,Borda,plurality,gt,minimax,gtd,Schulze,IRV
Borda,0.0,0.015317286652078774,-0.006564551422319475,0.0,0.0,0.0,0.015317286652078774
plurality,-0.015317286652078774,0.0,0.028446389496717725,-0.015317286652078774,-0.015317286652078774,-0.015317286652078774,0.0
gt,0.006564551422319475,-0.028446389496717725,0.0,0.006564551422319475,0.006564551422319475,0.006564551422319475,-0.028446389496717725
minimax,0.0,0.015317286652078774,-0.006564551422319475,0.0,0.0,0.0,0.015317286652078774
gtd,0.0,0.015317286652078774,-0.006564551422319475,0.0,0.0,0.0,0.015317286652078774
Schulze,0.0,0.015317286652078774,-0.006564551422319475,0.0,0.0,0.0,0.015317286652078774
IRV,-0.015317286652078774,0.0,0.028446389496717725,-0.015317286652078774,-0.015317286652078774,-0.015317286652078774,0.0
