,Borda,plurality,gt,minimax,gtd,Schulze,IRV
Borda,0.0,-0.0410958904109589,0.0,-0.0410958904109589,-0.0410958904109589,-0.0410958904109589,0.0593607305936073
plurality,0.0410958904109589,0.0,0.0410958904109589,0.0,0.0,0.0,-0.0167427701674277
gt,0.0,-0.0410958904109589,0.0,-0.0410958904109589,-0.0410958904109589,-0.0410958904109589,0.0593607305936073
minimax,0.0410958904109589,0.0,0.0410958904109589,0.0,0.0,0.0,-0.0167427701674277
gtd,0.0410958904109589,0.0,0.0410958904109589,0.0,0.0,0.0,-0.0167427701674277
Schulze,0.0410958904109589,0.0,0.0410958904109589,0.0,0.0,0.0,-0.0167427701674277
IRV,-0.0593607305936073,0.0167427701674277,-0.0593607305936073,0.0167427701674277,0.0167427701674277,0.0167427701674277,0.0
