,Borda,plurality,gt,minimax,gtd,Schulze,IRV
Borda,0.0,-0.03017241379310345,0.01293103448275862,-0.03017241379310345,0.01293103448275862,-0.03017241379310345,0.01293103448275862
plurality,0.03017241379310345,0.0,-0.01293103448275862,0.0,-0.01293103448275862,0.0,-0.01293103448275862
gt,-0.01293103448275862,0.01293103448275862,0.0,0.01293103448275862,0.0,0.01293103448275862,0.0
minimax,0.03017241379310345,0.0,-0.01293103448275862,0.0,-0.01293103448275862,0.0,-0.01293103448275862
gtd,-0.01293103448275862,0.01293103448275862,0.0,0.01293103448275862,0.0,0.01293103448275862,0.0
Schulze,0.03017241379310345,0.0,-0.01293103448275862,0.0,-0.01293103448275862,0.0,-0.01293103448275862
IRV,-0.01293103448275862,0.01293103448275862,0.0,0.01293103448275862,0.0,0.01293103448275862,0.0
