,Borda,plurality,gt,minimax,gtd,Schulze,IRV
Borda,0.0,-0.059907834101382486,0.055299539170506916,-0.059907834101382486,-0.059907834101382486,-0.059907834101382486,-0.059907834101382486
plurality,0.059907834101382486,0.0,0.0,0.0,0.0,0.0,0.0
gt,-0.055299539170506916,0.0,0.0,0.0,0.0,0.0,0.0
minimax,0.059907834101382486,0.0,0.0,0.0,0.0,0.0,0.0
gtd,0.059907834101382486,0.0,0.0,0.0,0.0,0.0,0.0
Schulze,0.059907834101382486,0.0,0.0,0.0,0.0,0.0,0.0
IRV,0.059907834101382486,0.0,0.0,0.0,0.0,0.0,0.0
