,Borda,plurality,gt,minimax,gtd,Schulze,IRV
Borda,0.0,0.07592190889370933,0.0,-0.028199566160520606,-0.028199566160520606,-0.028199566160520606,0.0
plurality,-0.07592190889370933,0.0,-0.07592190889370933,0.010845986984815618,0.010845986984815618,0.010845986984815618,-0.07592190889370933
gt,0.0,0.07592190889370933,0.0,-0.028199566160520606,-0.028199566160520606,-0.028199566160520606,0.0
minimax,0.028199566160520606,-0.010845986984815618,0.028199566160520606,0.0,0.0,0.0,0.028199566160520606
gtd,0.028199566160520606,-0.010845986984815618,0.028199566160520606,0.0,0.0,0.0,0.028199566160520606
Schulze,0.028199566160520606,-0.010845986984815618,0.028199566160520606,0.0,0.0,0.0,0.028199566160520606
IRV,0.0,0.07592190889370933,0.0,-0.028199566160520606,-0.028199566160520606,-0.028199566160520606,0.0
