,Borda,plurality,gt,minimax,gtd,Schulze,IRV
Borda,0.0,0.09348441926345609,-0.0028328611898017,0.0,-0.0028328611898017,0.0,-0.0028328611898017
plurality,-0.09348441926345609,0.0,0.031161473087818695,-0.09348441926345609,0.031161473087818695,-0.09348441926345609,0.031161473087818695
gt,0.0028328611898017,-0.031161473087818695,0.0,0.0028328611898017,0.0,0.0028328611898017,0.0
minimax,0.0,0.09348441926345609,-0.0028328611898017,0.0,-0.0028328611898017,0.0,-0.0028328611898017
gtd,0.0028328611898017,-0.031161473087818695,0.0,0.0028328611898017,0.0,0.0028328611898017,0.0
Schulze,0.0,0.09348441926345609,-0.0028328611898017,0.0,-0.0028328611898017,0.0,-0.0028328611898017
IRV,0.0028328611898017,-0.031161473087818695,0.0,0.0028328611898017,0.0,0.0028328611898017,0.0
