,Borda,plurality,gt,minimax,gtd,Schulze,IRV
Borda,0.0,0.03783783783783784,-0.005405405405405406,0.0,-0.005405405405405406,0.0,0.0
plurality,-0.03783783783783784,0.0,0.02702702702702703,-0.03783783783783784,0.02702702702702703,-0.03783783783783784,-0.03783783783783784
gt,0.005405405405405406,-0.02702702702702703,0.0,0.005405405405405406,0.0,0.005405405405405406,0.005405405405405406
minimax,0.0,0.03783783783783784,-0.005405405405405406,0.0,-0.005405405405405406,0.0,0.0
gtd,0.005405405405405406,-0.02702702702702703,0.0,0.005405405405405406,0.0,0.005405405405405406,0.005405405405405406
Schulze,0.0,0.03783783783783784,-0.005405405405405406,0.0,-0.005405405405405406,0.0,0.0
IRV,0.0,0.03783783783783784,-0.005405405405405406,0.0,-0.005405405405405406,0.0,0.0
