,Borda,plurality,gt,minimax,gtd,Schulze,IRV
Borda,0.0,-0.003134796238244514,0.0,0.0,-0.003134796238244514,0.0,-0.003134796238244514
plurality,0.003134796238244514,0.0,0.003134796238244514,0.003134796238244514,0.0,0.003134796238244514,0.0
gt,0.0,-0.003134796238244514,0.0,0.0,-0.003134796238244514,0.0,-0.003134796238244514
minimax,0.0,-0.003134796238244514,0.0,0.0,-0.003134796238244514,0.0,-0.003134796238244514
gtd,0.003134796238244514,0.0,0.003134796238244514,0.003134796238244514,0.0,0.003134796238244514,0.0
Schulze,0.0,-0.003134796238244514,0.0,0.0,-0.003134796238244514,0.0,-0.003134796238244514
IRV,0.003134796238244514,0.0,0.003134796238244514,0.003134796238244514,0.0,0.003134796238244514,0.0
