,Borda,plurality,gt,minimax,gtd,Schulze,IRV
Borda,0.0,-0.016483516483516484,-0.016483516483516484,-0.016483516483516484,-0.016483516483516484,-0.016483516483516484,-0.016483516483516484
plurality,0.016483516483516484,0.0,0.0,0.0,0.0,0.0,0.0
gt,0.016483516483516484,0.0,0.0,0.0,0.0,0.0,0.0
minimax,0.016483516483516484,0.0,0.0,0.0,0.0,0.0,0.0
gtd,0.016483516483516484,0.0,0.0,0.0,0.0,0.0,0.0
Schulze,0.016483516483516484,0.0,0.0,0.0,0.0,0.0,0.0
IRV,0.016483516483516484,0.0,0.0,0.0,0.0,0.0,0.0
