,Borda,plurality,gt,minimax,gtd,Schulze,IRV
Borda,0.0,-0.03414634146341464,0.0,-0.03414634146341464,0.014634146341463415,-0.03414634146341464,-0.03414634146341464
plurality,0.03414634146341464,0.0,0.03414634146341464,0.0,-0.00975609756097561,0.0,0.0
gt,0.0,-0.03414634146341464,0.0,-0.03414634146341464,0.014634146341463415,-0.03414634146341464,-0.03414634146341464
minimax,0.03414634146341464,0.0,0.03414634146341464,0.0,-0.00975609756097561,0.0,0.0
gtd,-0.014634146341463415,0.00975609756097561,-0.014634146341463415,0.00975609756097561,0.0,0.00975609756097561,0.00975609756097561
Schulze,0.03414634146341464,0.0,0.03414634146341464,0.0,-0.00975609756097561,0.0,0.0
IRV,0.03414634146341464,0.0,0.03414634146341464,0.0,-0.00975609756097561,0.0,0.0
