,Borda,plurality,gt,minimax,gtd,Schulze,IRV
Borda,0.0,-0.0012239902080783353,-0.0012239902080783353,0.0,-0.0012239902080783353,0.0,-0.0012239902080783353
plurality,0.0012239902080783353,0.0,0.0,0.0012239902080783353,0.0,0.0012239902080783353,0.0
gt,0.0012239902080783353,0.0,0.0,0.0012239902080783353,0.0,0.0012239902080783353,0.0
minimax,0.0,-0.0012239902080783353,-0.0012239902080783353,0.0,-0.0012239902080783353,0.0,-0.0012239902080783353
gtd,0.0012239902080783353,0.0,0.0,0.0012239902080783353,0.0,0.0012239902080783353,0.0
Schulze,0.0,-0.0012239902080783353,-0.0012239902080783353,0.0,-0.0012239902080783353,0.0,-0.0012239902080783353
IRV,0.0012239902080783353,0.0,0.0,0.0012239902080783353,0.0,0.0012239902080783353,0.0
