,Borda,plurality,gt,minimax,gtd,Schulze,IRV
Borda,0.0,0.09663865546218488,-0.03361344537815126,-0.03361344537815126,-0.03361344537815126,-0.03361344537815126,0.06722689075630252
plurality,-0.09663865546218488,0.0,-0.08823529411764706,-0.08823529411764706,-0.08823529411764706,-0.08823529411764706,-0.046218487394957986
gt,0.03361344537815126,0.08823529411764706,0.0,0.0,0.0,0.0,0.0
minimax,0.03361344537815126,0.08823529411764706,0.0,0.0,0.0,0.0,0.0
gtd,0.03361344537815126,0.08823529411764706,0.0,0.0,0.0,0.0,0.0
Schulze,0.03361344537815126,0.08823529411764706,0.0,0.0,0.0,0.0,0.0
IRV,-0.06722689075630252,0.046218487394957986,0.0,0.0,0.0,0.0,0.0
