,Borda,plurality,gt,minimax,gtd,Schulze,IRV
Borda,0.0,0.0378619153674833,-0.011135857461024499,-0.011135857461024499,-0.011135857461024499,-0.011135857461024499,0.0
plurality,-0.0378619153674833,0.0,0.0022271714922048997,0.0022271714922048997,0.0022271714922048997,0.0022271714922048997,-0.0378619153674833
gt,0.011135857461024499,-0.0022271714922048997,0.0,0.0,0.0,0.0,0.011135857461024499
minimax,0.011135857461024499,-0.0022271714922048997,0.0,0.0,0.0,0.0,0.011135857461024499
gtd,0.011135857461024499,-0.0022271714922048997,0.0,0.0,0.0,0.0,0.011135857461024499
Schulze,0.011135857461024499,-0.0022271714922048997,0.0,0.0,0.0,0.0,0.011135857461024499
IRV,0.0,0.0378619153674833,-0.011135857461024499,-0.011135857461024499,-0.011135857461024499,-0.011135857461024499,0.0
