,Borda,plurality,gt,minimax,gtd,Schulze,IRV
Borda,0.0,-0.007042253521126761,-0.007042253521126761,0.0,-0.007042253521126761,0.0,0.06690140845070422
plurality,0.007042253521126761,0.0,0.0,0.007042253521126761,0.0,0.007042253521126761,-0.02464788732394366
gt,0.007042253521126761,0.0,0.0,0.007042253521126761,0.0,0.007042253521126761,-0.02464788732394366
minimax,0.0,-0.007042253521126761,-0.007042253521126761,0.0,-0.007042253521126761,0.0,0.06690140845070422
gtd,0.007042253521126761,0.0,0.0,0.007042253521126761,0.0,0.007042253521126761,-0.02464788732394366
Schulze,0.0,-0.007042253521126761,-0.007042253521126761,0.0,-0.007042253521126761,0.0,0.06690140845070422
IRV,-0.06690140845070422,0.02464788732394366,0.02464788732394366,-0.06690140845070422,0.02464788732394366,-0.06690140845070422,0.0
