,Borda,plurality,gt,minimax,gtd,Schulze,IRV
Borda,0.0,0.022026431718061675,0.022026431718061675,-0.04405286343612335,0.022026431718061675,-0.04405286343612335,0.022026431718061675
plurality,-0.022026431718061675,0.0,0.0,0.013215859030837005,0.0,0.013215859030837005,0.0
gt,-0.022026431718061675,0.0,0.0,0.013215859030837005,0.0,0.013215859030837005,0.0
minimax,0.04405286343612335,-0.013215859030837005,-0.013215859030837005,0.0,-0.013215859030837005,0.0,-0.013215859030837005
gtd,-0.022026431718061675,0.0,0.0,0.013215859030837005,0.0,0.013215859030837005,0.0
Schulze,0.04405286343612335,-0.013215859030837005,-0.013215859030837005,0.0,-0.013215859030837005,0.0,-0.013215859030837005
IRV,-0.022026431718061675,0.0,0.0,0.013215859030837005,0.0,0.013215859030837005,0.0
