,Borda,plurality,gt,minimax,gtd,Schulze,IRV
Borda,0.0,0.13004484304932734,0.0,0.0,0.0,0.0,0.0
plurality,-0.13004484304932734,0.0,-0.08071748878923767,-0.08071748878923767,-0.08071748878923767,-0.08071748878923767,-0.08071748878923767
gt,0.0,0.08071748878923767,0.0,0.0,0.0,0.0,0.0
minimax,0.0,0.08071748878923767,0.0,0.0,0.0,0.0,0.0
gtd,0.0,0.08071748878923767,0.0,0.0,0.0,0.0,0.0
Schulze,0.0,0.08071748878923767,0.0,0.0,0.0,0.0,0.0
IRV,0.0,0.08071748878923767,0.0,0.0,0.0,0.0,0.0
