,Borda,plurality,gt,minimax,gtd,Schulze,IRV
Borda,0.0,0.024574669187145556,-0.03213610586011342,-0.03213610586011342,0.024574669187145556,-0.03213610586011342,0.0
plurality,-0.024574669187145556,0.0,0.020793950850661626,0.020793950850661626,0.0,0.020793950850661626,-0.024574669187145556
gt,0.03213610586011342,-0.020793950850661626,0.0,0.0,-0.020793950850661626,0.0,0.03213610586011342
minimax,0.03213610586011342,-0.020793950850661626,0.0,0.0,-0.020793950850661626,0.0,0.03213610586011342
gtd,-0.024574669187145556,0.0,0.020793950850661626,0.020793950850661626,0.0,0.020793950850661626,-0.024574669187145556
Schulze,0.03213610586011342,-0.020793950850661626,0.0,0.0,-0.020793950850661626,0.0,0.03213610586011342
IRV,0.0,0.024574669187145556,-0.03213610586011342,-0.03213610586011342,0.024574669187145556,-0.03213610586011342,0.0
