,Borda,plurality,gt,minimax,gtd,Schulze,IRV
Borda,0.0,0.0,-0.0021551724137931034,0.0,0.0,0.0,-0.0021551724137931034
plurality,0.0,0.0,-0.0021551724137931034,0.0,0.0,0.0,-0.0021551724137931034
gt,0.0021551724137931034,0.0021551724137931034,0.0,0.0021551724137931034,0.0021551724137931034,0.0021551724137931034,0.0
minimax,0.0,0.0,-0.0021551724137931034,0.0,0.0,0.0,-0.0021551724137931034
gtd,0.0,0.0,-0.0021551724137931034,0.0,0.0,0.0,-0.0021551724137931034
Schulze,0.0,0.0,-0.0021551724137931034,0.0,0.0,0.0,-0.0021551724137931034
IRV,0.0021551724137931034,0.0021551724137931034,0.0,0.0021551724137931034,0.0021551724137931034,0.0021551724137931034,0.0
