,Borda,plurality,gt,minimax,gtd,Schulze,IRV
Borda,0.0,-0.03888888888888889,0.07222222222222222,-0.03888888888888889,-0.03888888888888889,-0.03888888888888889,0.07222222222222222
plurality,0.03888888888888889,0.0,-0.011111111111111112,0.0,0.0,0.0,-0.011111111111111112
gt,-0.07222222222222222,0.011111111111111112,0.0,0.011111111111111112,0.011111111111111112,0.011111111111111112,0.0
minimax,0.03888888888888889,0.0,-0.011111111111111112,0.0,0.0,0.0,-0.011111111111111112
gtd,0.03888888888888889,0.0,-0.011111111111111112,0.0,0.0,0.0,-0.011111111111111112
Schulze,0.03888888888888889,0.0,-0.011111111111111112,0.0,0.0,0.0,-0.011111111111111112
IRV,-0.07222222222222222,0.011111111111111112,0.0,0.011111111111111112,0.011111111111111112,0.011111111111111112,0.0
