,Borda,plurality,gt,minimax,gtd,Schulze,IRV
Borda,0.0,-0.019693654266958426,0.002188183807439825,0.002188183807439825,0.002188183807439825,0.002188183807439825,0.002188183807439825
plurality,0.019693654266958426,0.0,-0.006564551422319475,-0.006564551422319475,-0.006564551422319475,-0.006564551422319475,-0.006564551422319475
gt,-0.002188183807439825,0.006564551422319475,0.0,0.0,0.0,0.0,0.0
minimax,-0.002188183807439825,0.006564551422319475,0.0,0.0,0.0,0.0,0.0
gtd,-0.002188183807439825,0.006564551422319475,0.0,0.0,0.0,0.0,0.0
Schulze,-0.002188183807439825,0.006564551422319475,0.0,0.0,0.0,0.0,0.0
IRV,-0.002188183807439825,0.006564551422319475,0.0,0.0,0.0,0.0,0.0
