,Borda,plurality,gt,minimax,gtd,Schulze,IRV
Borda,0.0,-0.015873015873015872,0.005291005291005291,0.005291005291005291,0.005291005291005291,0.005291005291005291,0.005291005291005291
plurality,0.015873015873015872,0.0,-0.005291005291005291,-0.005291005291005291,-0.005291005291005291,-0.005291005291005291,-0.005291005291005291
gt,-0.005291005291005291,0.005291005291005291,0.0,0.0,0.0,0.0,0.0
minimax,-0.005291005291005291,0.005291005291005291,0.0,0.0,0.0,0.0,0.0
gtd,-0.005291005291005291,0.005291005291005291,0.0,0.0,0.0,0.0,0.0
Schulze,-0.005291005291005291,0.005291005291005291,0.0,0.0,0.0,0.0,0.0
IRV,-0.005291005291005291,0.005291005291005291,0.0,0.0,0.0,0.0,0.0
