,Borda,plurality,gt,minimax,gtd,Schulze,IRV
Borda,0.0,0.013612565445026177,-0.005235602094240838,-0.005235602094240838,-0.005235602094240838,-0.005235602094240838,0.0
plurality,-0.013612565445026177,0.0,0.0031413612565445027,0.0031413612565445027,0.0031413612565445027,0.0031413612565445027,-0.013612565445026177
gt,0.005235602094240838,-0.0031413612565445027,0.0,0.0,0.0,0.0,0.005235602094240838
minimax,0.005235602094240838,-0.0031413612565445027,0.0,0.0,0.0,0.0,0.005235602094240838
gtd,0.005235602094240838,-0.0031413612565445027,0.0,0.0,0.0,0.0,0.005235602094240838
Schulze,0.005235602094240838,-0.0031413612565445027,0.0,0.0,0.0,0.0,0.005235602094240838
IRV,0.0,0.013612565445026177,-0.005235602094240838,-0.005235602094240838,-0.005235602094240838,-0.005235602094240838,0.0
