,Borda,plurality,gt,minimax,gtd,Schulze,IRV
Borda,0.0,0.015337423312883436,0.0,0.0,0.0,0.0,0.0
plurality,-0.015337423312883436,0.0,-0.06441717791411043,-0.06441717791411043,-0.06441717791411043,-0.06441717791411043,-0.06441717791411043
gt,0.0,0.06441717791411043,0.0,0.0,0.0,0.0,0.0
minimax,0.0,0.06441717791411043,0.0,0.0,0.0,0.0,0.0
gtd,0.0,0.06441717791411043,0.0,0.0,0.0,0.0,0.0
Schulze,0.0,0.06441717791411043,0.0,0.0,0.0,0.0,0.0
IRV,0.0,0.06441717791411043,0.0,0.0,0.0,0.0,0.0
