,Borda,plurality,gt,minimax,gtd,Schulze,IRV
Borda,0.0,-0.027472527472527472,0.038461538461538464,-0.027472527472527472,-0.027472527472527472,-0.027472527472527472,0.038461538461538464
plurality,0.027472527472527472,0.0,-0.016483516483516484,0.0,0.0,0.0,-0.016483516483516484
gt,-0.038461538461538464,0.016483516483516484,0.0,0.016483516483516484,0.016483516483516484,0.016483516483516484,0.0
minimax,0.027472527472527472,0.0,-0.016483516483516484,0.0,0.0,0.0,-0.016483516483516484
gtd,0.027472527472527472,0.0,-0.016483516483516484,0.0,0.0,0.0,-0.016483516483516484
Schulze,0.027472527472527472,0.0,-0.016483516483516484,0.0,0.0,0.0,-0.016483516483516484
IRV,-0.038461538461538464,0.016483516483516484,0.0,0.016483516483516484,0.016483516483516484,0.016483516483516484,0.0
