,Borda,plurality,gt,minimax,gtd,Schulze,IRV
Borda,0.0,0.023715415019762844,0.0,-0.019762845849802372,-0.019762845849802372,-0.019762845849802372,0.023715415019762844
plurality,-0.023715415019762844,0.0,-0.023715415019762844,0.003952569169960474,0.003952569169960474,0.003952569169960474,0.0
gt,0.0,0.023715415019762844,0.0,-0.019762845849802372,-0.019762845849802372,-0.019762845849802372,0.023715415019762844
minimax,0.019762845849802372,-0.003952569169960474,0.019762845849802372,0.0,0.0,0.0,-0.003952569169960474
gtd,0.019762845849802372,-0.003952569169960474,0.019762845849802372,0.0,0.0,0.0,-0.003952569169960474
Schulze,0.019762845849802372,-0.003952569169960474,0.019762845849802372,0.0,0.0,0.0,-0.003952569169960474
IRV,-0.023715415019762844,0.0,-0.023715415019762844,0.003952569169960474,0.003952569169960474,0.003952569169960474,0.0
