,Borda,plurality,gt,minimax,gtd,Schulze,IRV
Borda,0.0,0.022727272727272728,0.022727272727272728,-0.045454545454545456,0.022727272727272728,-0.045454545454545456,0.022727272727272728
plurality,-0.022727272727272728,0.0,0.0,0.01818181818181818,0.0,0.01818181818181818,0.0
gt,-0.022727272727272728,0.0,0.0,0.01818181818181818,0.0,0.01818181818181818,0.0
minimax,0.045454545454545456,-0.01818181818181818,-0.01818181818181818,0.0,-0.01818181818181818,0.0,-0.01818181818181818
gtd,-0.022727272727272728,0.0,0.0,0.01818181818181818,0.0,0.01818181818181818,0.0
Schulze,0.045454545454545456,-0.01818181818181818,-0.01818181818181818,0.0,-0.01818181818181818,0.0,-0.01818181818181818
IRV,-0.022727272727272728,0.0,0.0,0.01818181818181818,0.0,0.01818181818181818,0.0
