,Borda,plurality,gt,minimax,gtd,Schulze,IRV
Borda,0.0,0.04611650485436893,-0.0024271844660194173,0.0,-0.0024271844660194173,0.0,0.0
plurality,-0.04611650485436893,0.0,0.019417475728155338,-0.04611650485436893,0.019417475728155338,-0.04611650485436893,-0.04611650485436893
gt,0.0024271844660194173,-0.019417475728155338,0.0,0.0024271844660194173,0.0,0.0024271844660194173,0.0024271844660194173
minimax,0.0,0.04611650485436893,-0.0024271844660194173,0.0,-0.0024271844660194173,0.0,0.0
gtd,0.0024271844660194173,-0.019417475728155338,0.0,0.0024271844660194173,0.0,0.0024271844660194173,0.0024271844660194173
Schulze,0.0,0.04611650485436893,-0.0024271844660194173,0.0,-0.0024271844660194173,0.0,0.0
IRV,0.0,0.04611650485436893,-0.0024271844660194173,0.0,-0.0024271844660194173,0.0,0.0
