,Borda,plurality,gt,minimax,gtd,Schulze,IRV
Borda,0.0,-0.04538341158059468,0.0,0.001564945226917058,0.001564945226917058,0.001564945226917058,0.001564945226917058
plurality,0.04538341158059468,0.0,0.04538341158059468,-0.04538341158059468,-0.04538341158059468,-0.04538341158059468,-0.04538341158059468
gt,0.0,-0.04538341158059468,0.0,0.001564945226917058,0.001564945226917058,0.001564945226917058,0.001564945226917058
minimax,-0.001564945226917058,0.04538341158059468,-0.001564945226917058,0.0,0.0,0.0,0.0
gtd,-0.001564945226917058,0.04538341158059468,-0.001564945226917058,0.0,0.0,0.0,0.0
Schulze,-0.001564945226917058,0.04538341158059468,-0.001564945226917058,0.0,0.0,0.0,0.0
IRV,-0.001564945226917058,0.04538341158059468,-0.001564945226917058,0.0,0.0,0.0,0.0
