,Borda,plurality,gt,minimax,gtd,Schulze,IRV
Borda,0.0,-0.023474178403755867,-0.023474178403755867,0.0,0.0,0.0,0.04225352112676056
plurality,0.023474178403755867,0.0,0.0,0.023474178403755867,0.023474178403755867,0.023474178403755867,-0.046948356807511735
gt,0.023474178403755867,0.0,0.0,0.023474178403755867,0.023474178403755867,0.023474178403755867,-0.046948356807511735
minimax,0.0,-0.023474178403755867,-0.023474178403755867,0.0,0.0,0.0,0.04225352112676056
gtd,0.0,-0.023474178403755867,-0.023474178403755867,0.0,0.0,0.0,0.04225352112676056
Schulze,0.0,-0.023474178403755867,-0.023474178403755867,0.0,0.0,0.0,0.04225352112676056
IRV,-0.04225352112676056,0.046948356807511735,0.046948356807511735,-0.04225352112676056,-0.04225352112676056,-0.04225352112676056,0.0
