,Borda,plurality,gt,minimax,gtd,Schulze,IRV
Borda,0.0,0.04504504504504504,0.0,0.0,0.0,0.0,0.0
plurality,-0.04504504504504504,0.0,0.021021021021021023,-0.04504504504504504,-0.04504504504504504,-0.04504504504504504,-0.04504504504504504
gt,0.0,-0.021021021021021023,0.0,0.0,0.0,0.0,0.0
minimax,0.0,0.04504504504504504,0.0,0.0,0.0,0.0,0.0
gtd,0.0,0.04504504504504504,0.0,0.0,0.0,0.0,0.0
Schulze,0.0,0.04504504504504504,0.0,0.0,0.0,0.0,0.0
IRV,0.0,0.04504504504504504,0.0,0.0,0.0,0.0,0.0
