,Borda,plurality,gt,minimax,gtd,Schulze,IRV
Borda,0.0,-0.0064794816414686825,0.0,0.0,0.0,0.0,0.01511879049676026
plurality,0.0064794816414686825,0.0,0.0064794816414686825,0.0064794816414686825,0.0064794816414686825,0.0064794816414686825,-0.04535637149028078
gt,0.0,-0.0064794816414686825,0.0,0.0,0.0,0.0,0.01511879049676026
minimax,0.0,-0.0064794816414686825,0.0,0.0,0.0,0.0,0.01511879049676026
gtd,0.0,-0.0064794816414686825,0.0,0.0,0.0,0.0,0.01511879049676026
Schulze,0.0,-0.0064794816414686825,0.0,0.0,0.0,0.0,0.01511879049676026
IRV,-0.01511879049676026,0.04535637149028078,-0.01511879049676026,-0.01511879049676026,-0.01511879049676026,-0.01511879049676026,0.0
