,Borda,plurality,gt,minimax,gtd,Schulze,IRV
Borda,0.0,-0.03225806451612903,-0.03225806451612903,-0.03225806451612903,-0.03225806451612903,-0.03225806451612903,0.04608294930875576
plurality,0.03225806451612903,0.0,0.0,0.0,0.0,0.0,-0.027649769585253458
gt,0.03225806451612903,0.0,0.0,0.0,0.0,0.0,-0.027649769585253458
minimax,0.03225806451612903,0.0,0.0,0.0,0.0,0.0,-0.027649769585253458
gtd,0.03225806451612903,0.0,0.0,0.0,0.0,0.0,-0.027649769585253458
Schulze,0.03225806451612903,0.0,0.0,0.0,0.0,0.0,-0.027649769585253458
IRV,-0.04608294930875576,0.027649769585253458,0.027649769585253458,0.027649769585253458,0.027649769585253458,0.027649769585253458,0.0
