,Borda,plurality,gt,minimax,gtd,Schulze,IRV
Borda,0.0,0.04888888888888889,0.04888888888888889,-0.08,0.04888888888888889,-0.08,0.04888888888888889
plurality,-0.04888888888888889,0.0,0.0,0.022222222222222223,0.0,0.022222222222222223,0.0
gt,-0.04888888888888889,0.0,0.0,0.022222222222222223,0.0,0.022222222222222223,0.0
minimax,0.08,-0.022222222222222223,-0.022222222222222223,0.0,-0.022222222222222223,0.0,-0.022222222222222223
gtd,-0.04888888888888889,0.0,0.0,0.022222222222222223,0.0,0.022222222222222223,0.0
Schulze,0.08,-0.022222222222222223,-0.022222222222222223,0.0,-0.022222222222222223,0.0,-0.022222222222222223
IRV,-0.04888888888888889,0.0,0.0,0.022222222222222223,0.0,0.022222222222222223,0.0
