,Borda,plurality,gt,minimax,gtd,Schulze,IRV
Borda,0.0,0.0,-0.011190233977619531,-0.011190233977619531,-0.011190233977619531,-0.011190233977619531,0.0
plurality,0.0,0.0,-0.011190233977619531,-0.011190233977619531,-0.011190233977619531,-0.011190233977619531,0.0
gt,0.011190233977619531,0.011190233977619531,0.0,0.0,0.0,0.0,0.011190233977619531
minimax,0.011190233977619531,0.011190233977619531,0.0,0.0,0.0,0.0,0.011190233977619531
gtd,0.011190233977619531,0.011190233977619531,0.0,0.0,0.0,0.0,0.011190233977619531
Schulze,0.011190233977619531,0.011190233977619531,0.0,0.0,0.0,0.0,0.011190233977619531
IRV,0.0,0.0,-0.011190233977619531,-0.011190233977619531,-0.011190233977619531,-0.011190233977619531,0.0
