,Borda,plurality,gt,minimax,gtd,Schulze,IRV
Borda,0.0,0.011396011396011397,0.011396011396011397,-0.05982905982905983,-0.05982905982905983,-0.05982905982905983,-0.05982905982905983
plurality,-0.011396011396011397,0.0,0.0,0.0,0.0,0.0,0.0
gt,-0.011396011396011397,0.0,0.0,0.0,0.0,0.0,0.0
minimax,0.05982905982905983,0.0,0.0,0.0,0.0,0.0,0.0
gtd,0.05982905982905983,0.0,0.0,0.0,0.0,0.0,0.0
Schulze,0.05982905982905983,0.0,0.0,0.0,0.0,0.0,0.0
IRV,0.05982905982905983,0.0,0.0,0.0,0.0,0.0,0.0
