,Borda,plurality,gt,minimax,gtd,Schulze,IRV
Borda,0.0,0.06720977596741344,0.038696537678207736,0.0,-0.010183299389002037,0.0,0.06720977596741344
plurality,-0.06720977596741344,0.0,-0.07128309572301425,-0.06720977596741344,0.04276985743380855,-0.06720977596741344,0.0
gt,-0.038696537678207736,0.07128309572301425,0.0,-0.038696537678207736,0.018329938900203666,-0.038696537678207736,0.07128309572301425
minimax,0.0,0.06720977596741344,0.038696537678207736,0.0,-0.010183299389002037,0.0,0.06720977596741344
gtd,0.010183299389002037,-0.04276985743380855,-0.018329938900203666,0.010183299389002037,0.0,0.010183299389002037,-0.04276985743380855
Schulze,0.0,0.06720977596741344,0.038696537678207736,0.0,-0.010183299389002037,0.0,0.06720977596741344
IRV,-0.06720977596741344,0.0,-0.07128309572301425,-0.06720977596741344,0.04276985743380855,-0.06720977596741344,0.0
