,Borda,plurality,gt,minimax,gtd,Schulze,IRV
Borda,0.0,-0.024943310657596373,-0.024943310657596373,-0.024943310657596373,-0.024943310657596373,-0.024943310657596373,0.047619047619047616
plurality,0.024943310657596373,0.0,0.0,0.0,0.0,0.0,-0.02040816326530612
gt,0.024943310657596373,0.0,0.0,0.0,0.0,0.0,-0.02040816326530612
minimax,0.024943310657596373,0.0,0.0,0.0,0.0,0.0,-0.02040816326530612
gtd,0.024943310657596373,0.0,0.0,0.0,0.0,0.0,-0.02040816326530612
Schulze,0.024943310657596373,0.0,0.0,0.0,0.0,0.0,-0.02040816326530612
IRV,-0.047619047619047616,0.02040816326530612,0.02040816326530612,0.02040816326530612,0.02040816326530612,0.02040816326530612,0.0
