,Borda,plurality,gt,minimax,gtd,Schulze,IRV
Borda,0.0,-0.034324942791762014,0.043478260869565216,-0.034324942791762014,-0.034324942791762014,-0.034324942791762014,0.043478260869565216
plurality,0.034324942791762014,0.0,-0.002288329519450801,0.0,0.0,0.0,-0.002288329519450801
gt,-0.043478260869565216,0.002288329519450801,0.0,0.002288329519450801,0.002288329519450801,0.002288329519450801,0.0
minimax,0.034324942791762014,0.0,-0.002288329519450801,0.0,0.0,0.0,-0.002288329519450801
gtd,0.034324942791762014,0.0,-0.002288329519450801,0.0,0.0,0.0,-0.002288329519450801
Schulze,0.034324942791762014,0.0,-0.002288329519450801,0.0,0.0,0.0,-0.002288329519450801
IRV,-0.043478260869565216,0.002288329519450801,0.0,0.002288329519450801,0.002288329519450801,0.002288329519450801,0.0
