,Borda,plurality,gt,minimax,gtd,Schulze,IRV
Borda,0.0,0.03902439024390244,0.0,0.0,0.0,0.0,0.0
plurality,-0.03902439024390244,0.0,-0.014634146341463415,-0.03902439024390244,-0.03902439024390244,-0.03902439024390244,-0.03902439024390244
gt,0.0,0.014634146341463415,0.0,0.0,0.0,0.0,0.0
minimax,0.0,0.03902439024390244,0.0,0.0,0.0,0.0,0.0
gtd,0.0,0.03902439024390244,0.0,0.0,0.0,0.0,0.0
Schulze,0.0,0.03902439024390244,0.0,0.0,0.0,0.0,0.0
IRV,0.0,0.03902439024390244,0.0,0.0,0.0,0.0,0.0
