,Borda,plurality,gt,minimax,gtd,Schulze,IRV
Borda,0.0,0.04607046070460705,-0.02981029810298103,-0.02981029810298103,-0.02981029810298103,-0.02981029810298103,0.0
plurality,-0.04607046070460705,0.0,0.024390243902439025,0.024390243902439025,0.024390243902439025,0.024390243902439025,-0.04607046070460705
gt,0.02981029810298103,-0.024390243902439025,0.0,0.0,0.0,0.0,0.02981029810298103
minimax,0.02981029810298103,-0.024390243902439025,0.0,0.0,0.0,0.0,0.02981029810298103
gtd,0.02981029810298103,-0.024390243902439025,0.0,0.0,0.0,0.0,0.02981029810298103
Schulze,0.02981029810298103,-0.024390243902439025,0.0,0.0,0.0,0.0,0.02981029810298103
IRV,0.0,0.04607046070460705,-0.02981029810298103,-0.02981029810298103,-0.02981029810298103,-0.02981029810298103,0.0
