,Borda,plurality,gt,minimax,gtd,Schulze,IRV
Borda,0.0,-0.02702702702702703,-0.02702702702702703,-0.02702702702702703,-0.02702702702702703,-0.02702702702702703,-0.02702702702702703
plurality,0.02702702702702703,0.0,0.0,0.0,0.0,0.0,0.0
gt,0.02702702702702703,0.0,0.0,0.0,0.0,0.0,0.0
minimax,0.02702702702702703,0.0,0.0,0.0,0.0,0.0,0.0
gtd,0.02702702702702703,0.0,0.0,0.0,0.0,0.0,0.0
Schulze,0.02702702702702703,0.0,0.0,0.0,0.0,0.0,0.0
IRV,0.02702702702702703,0.0,0.0,0.0,0.0,0.0,0.0
