,Borda,plurality,gt,minimax,gtd,Schulze,IRV
Borda,0.0,-0.03934871099050204,-0.03934871099050204,0.014925373134328358,0.014925373134328358,0.014925373134328358,0.014925373134328358
plurality,0.03934871099050204,0.0,0.0,-0.0203527815468114,-0.0203527815468114,-0.0203527815468114,-0.0203527815468114
gt,0.03934871099050204,0.0,0.0,-0.0203527815468114,-0.0203527815468114,-0.0203527815468114,-0.0203527815468114
minimax,-0.014925373134328358,0.0203527815468114,0.0203527815468114,0.0,0.0,0.0,0.0
gtd,-0.014925373134328358,0.0203527815468114,0.0203527815468114,0.0,0.0,0.0,0.0
Schulze,-0.014925373134328358,0.0203527815468114,0.0203527815468114,0.0,0.0,0.0,0.0
IRV,-0.014925373134328358,0.0203527815468114,0.0203527815468114,0.0,0.0,0.0,0.0
