,Borda,plurality,gt,minimax,gtd,Schulze,IRV
Borda,0.0,0.11065573770491803,0.0,0.0,0.0,0.0,0.0
plurality,-0.11065573770491803,0.0,-0.11065573770491803,-0.18032786885245902,-0.18032786885245902,-0.18032786885245902,-0.11065573770491803
gt,0.0,0.11065573770491803,0.0,0.0,0.0,0.0,0.0
minimax,0.0,0.18032786885245902,0.0,0.0,0.0,0.0,0.0
gtd,0.0,0.18032786885245902,0.0,0.0,0.0,0.0,0.0
Schulze,0.0,0.18032786885245902,0.0,0.0,0.0,0.0,0.0
IRV,0.0,0.11065573770491803,0.0,0.0,0.0,0.0,0.0
