,Borda,plurality,gt,minimax,gtd,Schulze,IRV
Borda,0.0,0.0,0.0,0.0,0.0,0.0,-0.013282732447817837
plurality,0.0,0.0,0.0,0.0,0.0,0.0,-0.013282732447817837
gt,0.0,0.0,0.0,0.0,0.0,0.0,-0.013282732447817837
minimax,0.0,0.0,0.0,0.0,0.0,0.0,-0.013282732447817837
gtd,0.0,0.0,0.0,0.0,0.0,0.0,-0.013282732447817837
Schulze,0.0,0.0,0.0,0.0,0.0,0.0,-0.013282732447817837
IRV,0.013282732447817837,0.013282732447817837,0.013282732447817837,0.013282732447817837,0.013282732447817837,0.013282732447817837,0.0
