,Borda,plurality,gt,minimax,gtd,Schulze,IRV
Borda,0.0,0.04326923076923077,-0.014423076923076924,-0.014423076923076924,-0.014423076923076924,-0.014423076923076924,0.0
plurality,-0.04326923076923077,0.0,0.009615384615384616,0.009615384615384616,0.009615384615384616,0.009615384615384616,-0.04326923076923077
gt,0.014423076923076924,-0.009615384615384616,0.0,0.0,0.0,0.0,0.014423076923076924
minimax,0.014423076923076924,-0.009615384615384616,0.0,0.0,0.0,0.0,0.014423076923076924
gtd,0.014423076923076924,-0.009615384615384616,0.0,0.0,0.0,0.0,0.014423076923076924
Schulze,0.014423076923076924,-0.009615384615384616,0.0,0.0,0.0,0.0,0.014423076923076924
IRV,0.0,0.04326923076923077,-0.014423076923076924,-0.014423076923076924,-0.014423076923076924,-0.014423076923076924,0.0
