,Borda,plurality,gt,minimax,gtd,Schulze,IRV
Borda,0.0,0.018867924528301886,0.018867924528301886,0.0,-0.011320754716981131,0.0,0.0
plurality,-0.018867924528301886,0.0,0.0,-0.018867924528301886,0.018867924528301886,-0.018867924528301886,-0.018867924528301886
gt,-0.018867924528301886,0.0,0.0,-0.018867924528301886,0.018867924528301886,-0.018867924528301886,-0.018867924528301886
minimax,0.0,0.018867924528301886,0.018867924528301886,0.0,-0.011320754716981131,0.0,0.0
gtd,0.011320754716981131,-0.018867924528301886,-0.018867924528301886,0.011320754716981131,0.0,0.011320754716981131,0.011320754716981131
Schulze,0.0,0.018867924528301886,0.018867924528301886,0.0,-0.011320754716981131,0.0,0.0
IRV,0.0,0.018867924528301886,0.018867924528301886,0.0,-0.011320754716981131,0.0,0.0
