,Borda,plurality,gt,minimax,gtd,Schulze,IRV
Borda,0.0,0.17793594306049823,0.0,0.0,0.0,0.0,0.0
plurality,-0.17793594306049823,0.0,-0.12099644128113879,-0.17793594306049823,-0.17793594306049823,-0.17793594306049823,-0.12099644128113879
gt,0.0,0.12099644128113879,0.0,0.0,0.0,0.0,0.0
minimax,0.0,0.17793594306049823,0.0,0.0,0.0,0.0,0.0
gtd,0.0,0.17793594306049823,0.0,0.0,0.0,0.0,0.0
Schulze,0.0,0.17793594306049823,0.0,0.0,0.0,0.0,0.0
IRV,0.0,0.12099644128113879,0.0,0.0,0.0,0.0,0.0
