,Borda,plurality,gt,minimax,gtd,Schulze,IRV
Borda,0.0,-0.005128205128205128,-0.005128205128205128,0.0,0.0,0.0,0.035897435897435895
plurality,0.005128205128205128,0.0,0.0,0.005128205128205128,0.005128205128205128,0.005128205128205128,-0.046153846153846156
gt,0.005128205128205128,0.0,0.0,0.005128205128205128,0.005128205128205128,0.005128205128205128,-0.046153846153846156
minimax,0.0,-0.005128205128205128,-0.005128205128205128,0.0,0.0,0.0,0.035897435897435895
gtd,0.0,-0.005128205128205128,-0.005128205128205128,0.0,0.0,0.0,0.035897435897435895
Schulze,0.0,-0.005128205128205128,-0.005128205128205128,0.0,0.0,0.0,0.035897435897435895
IRV,-0.035897435897435895,0.046153846153846156,0.046153846153846156,-0.035897435897435895,-0.035897435897435895,-0.035897435897435895,0.0
