,Borda,plurality,gt,minimax,gtd,Schulze,IRV
Borda,0.0,-0.038461538461538464,0.0,-0.038461538461538464,-0.038461538461538464,-0.038461538461538464,0.06593406593406594
plurality,0.038461538461538464,0.0,0.038461538461538464,0.0,0.0,0.0,-0.01098901098901099
gt,0.0,-0.038461538461538464,0.0,-0.038461538461538464,-0.038461538461538464,-0.038461538461538464,0.06593406593406594
minimax,0.038461538461538464,0.0,0.038461538461538464,0.0,0.0,0.0,-0.01098901098901099
gtd,0.038461538461538464,0.0,0.038461538461538464,0.0,0.0,0.0,-0.01098901098901099
Schulze,0.038461538461538464,0.0,0.038461538461538464,0.0,0.0,0.0,-0.01098901098901099
IRV,-0.06593406593406594,0.01098901098901099,-0.06593406593406594,0.01098901098901099,0.01098901098901099,0.01098901098901099,0.0
