,Borda,plurality,gt,minimax,gtd,Schulze,IRV
Borda,0.0,-0.017456359102244388,0.0,-0.017456359102244388,-0.017456359102244388,-0.017456359102244388,0.022443890274314215
plurality,0.017456359102244388,0.0,0.017456359102244388,0.0,0.0,0.0,-0.007481296758104738
gt,0.0,-0.017456359102244388,0.0,-0.017456359102244388,-0.017456359102244388,-0.017456359102244388,0.022443890274314215
minimax,0.017456359102244388,0.0,0.017456359102244388,0.0,0.0,0.0,-0.007481296758104738
gtd,0.017456359102244388,0.0,0.017456359102244388,0.0,0.0,0.0,-0.007481296758104738
Schulze,0.017456359102244388,0.0,0.017456359102244388,0.0,0.0,0.0,-0.007481296758104738
IRV,-0.022443890274314215,0.007481296758104738,-0.022443890274314215,0.007481296758104738,0.007481296758104738,0.007481296758104738,0.0
