,Borda,plurality,gt,minimax,gtd,Schulze,IRV
Borda,0.0,-0.01856763925729443,-0.01856763925729443,0.0,-0.01856763925729443,0.0,-0.01856763925729443
plurality,0.01856763925729443,0.0,0.0,0.01856763925729443,0.0,0.01856763925729443,0.0
gt,0.01856763925729443,0.0,0.0,0.01856763925729443,0.0,0.01856763925729443,0.0
minimax,0.0,-0.01856763925729443,-0.01856763925729443,0.0,-0.01856763925729443,0.0,-0.01856763925729443
gtd,0.01856763925729443,0.0,0.0,0.01856763925729443,0.0,0.01856763925729443,0.0
Schulze,0.0,-0.01856763925729443,-0.01856763925729443,0.0,-0.01856763925729443,0.0,-0.01856763925729443
IRV,0.01856763925729443,0.0,0.0,0.01856763925729443,0.0,0.01856763925729443,0.0
