,Borda,plurality,gt,minimax,gtd,Schulze,IRV
Borda,0.0,-0.024930747922437674,-0.024930747922437674,-0.024930747922437674,0.024930747922437674,-0.024930747922437674,-0.024930747922437674
plurality,0.024930747922437674,0.0,0.0,0.0,-0.008310249307479225,0.0,0.0
gt,0.024930747922437674,0.0,0.0,0.0,-0.008310249307479225,0.0,0.0
minimax,0.024930747922437674,0.0,0.0,0.0,-0.008310249307479225,0.0,0.0
gtd,-0.024930747922437674,0.008310249307479225,0.008310249307479225,0.008310249307479225,0.0,0.008310249307479225,0.008310249307479225
Schulze,0.024930747922437674,0.0,0.0,0.0,-0.008310249307479225,0.0,0.0
IRV,0.024930747922437674,0.0,0.0,0.0,-0.008310249307479225,0.0,0.0
