,Borda,plurality,gt,minimax,gtd,Schulze,IRV
Borda,0.0,0.06940874035989718,-0.002570694087403599,-0.002570694087403599,-0.002570694087403599,-0.002570694087403599,0.0
plurality,-0.06940874035989718,0.0,0.002570694087403599,0.002570694087403599,0.002570694087403599,0.002570694087403599,-0.06940874035989718
gt,0.002570694087403599,-0.002570694087403599,0.0,0.0,0.0,0.0,0.002570694087403599
minimax,0.002570694087403599,-0.002570694087403599,0.0,0.0,0.0,0.0,0.002570694087403599
gtd,0.002570694087403599,-0.002570694087403599,0.0,0.0,0.0,0.0,0.002570694087403599
Schulze,0.002570694087403599,-0.002570694087403599,0.0,0.0,0.0,0.0,0.002570694087403599
IRV,0.0,0.06940874035989718,-0.002570694087403599,-0.002570694087403599,-0.002570694087403599,-0.002570694087403599,0.0
