,Borda,plurality,gt,minimax,gtd,Schulze,IRV
Borda,0.0,0.008310249307479225,-0.002770083102493075,0.0,-0.002770083102493075,0.0,0.008310249307479225
plurality,-0.008310249307479225,0.0,0.002770083102493075,-0.008310249307479225,0.002770083102493075,-0.008310249307479225,0.0
gt,0.002770083102493075,-0.002770083102493075,0.0,0.002770083102493075,0.0,0.002770083102493075,-0.002770083102493075
minimax,0.0,0.008310249307479225,-0.002770083102493075,0.0,-0.002770083102493075,0.0,0.008310249307479225
gtd,0.002770083102493075,-0.002770083102493075,0.0,0.002770083102493075,0.0,0.002770083102493075,-0.002770083102493075
Schulze,0.0,0.008310249307479225,-0.002770083102493075,0.0,-0.002770083102493075,0.0,0.008310249307479225
IRV,-0.008310249307479225,0.0,0.002770083102493075,-0.008310249307479225,0.002770083102493075,-0.008310249307479225,0.0
