,Borda,plurality,gt,minimax,gtd,Schulze,IRV
Borda,0.0,0.01644736842105263,-0.013157894736842105,0.0,0.0,0.0,0.0
plurality,-0.01644736842105263,0.0,0.023026315789473683,-0.01644736842105263,-0.01644736842105263,-0.01644736842105263,-0.01644736842105263
gt,0.013157894736842105,-0.023026315789473683,0.0,0.013157894736842105,0.013157894736842105,0.013157894736842105,0.013157894736842105
minimax,0.0,0.01644736842105263,-0.013157894736842105,0.0,0.0,0.0,0.0
gtd,0.0,0.01644736842105263,-0.013157894736842105,0.0,0.0,0.0,0.0
Schulze,0.0,0.01644736842105263,-0.013157894736842105,0.0,0.0,0.0,0.0
IRV,0.0,0.01644736842105263,-0.013157894736842105,0.0,0.0,0.0,0.0
