,Borda,plurality,gt,minimax,gtd,Schulze,IRV
Borda,0.0,-0.00975609756097561,-0.00975609756097561,-0.00975609756097561,-0.00975609756097561,-0.00975609756097561,0.08780487804878048
plurality,0.00975609756097561,0.0,0.0,0.0,0.0,0.0,0.0
gt,0.00975609756097561,0.0,0.0,0.0,0.0,0.0,0.0
minimax,0.00975609756097561,0.0,0.0,0.0,0.0,0.0,0.0
gtd,0.00975609756097561,0.0,0.0,0.0,0.0,0.0,0.0
Schulze,0.00975609756097561,0.0,0.0,0.0,0.0,0.0,0.0
IRV,-0.08780487804878048,0.0,0.0,0.0,0.0,0.0,0.0
