,Borda,plurality,gt,minimax,gtd,Schulze,IRV
Borda,0.0,0.053231939163498096,-0.06463878326996197,-0.06463878326996197,0.053231939163498096,-0.06463878326996197,0.053231939163498096
plurality,-0.053231939163498096,0.0,0.019011406844106463,0.019011406844106463,0.0,0.019011406844106463,0.0
gt,0.06463878326996197,-0.019011406844106463,0.0,0.0,-0.019011406844106463,0.0,-0.019011406844106463
minimax,0.06463878326996197,-0.019011406844106463,0.0,0.0,-0.019011406844106463,0.0,-0.019011406844106463
gtd,-0.053231939163498096,0.0,0.019011406844106463,0.019011406844106463,0.0,0.019011406844106463,0.0
Schulze,0.06463878326996197,-0.019011406844106463,0.0,0.0,-0.019011406844106463,0.0,-0.019011406844106463
IRV,-0.053231939163498096,0.0,0.019011406844106463,0.019011406844106463,0.0,0.019011406844106463,0.0
