,Borda,plurality,gt,minimax,gtd,Schulze,IRV
Borda,0.0,-0.010309278350515464,-0.010309278350515464,0.0,0.0,0.0,-0.010309278350515464
plurality,0.010309278350515464,0.0,0.0,0.010309278350515464,0.010309278350515464,0.010309278350515464,0.0
gt,0.010309278350515464,0.0,0.0,0.010309278350515464,0.010309278350515464,0.010309278350515464,0.0
minimax,0.0,-0.010309278350515464,-0.010309278350515464,0.0,0.0,0.0,-0.010309278350515464
gtd,0.0,-0.010309278350515464,-0.010309278350515464,0.0,0.0,0.0,-0.010309278350515464
Schulze,0.0,-0.010309278350515464,-0.010309278350515464,0.0,0.0,0.0,-0.010309278350515464
IRV,0.010309278350515464,0.0,0.0,0.010309278350515464,0.010309278350515464,0.010309278350515464,0.0
