,Borda,plurality,gt,minimax,gtd,Schulze,IRV
Borda,0.0,0.0,0.03561643835616438,0.0,-0.0027397260273972603,0.0,0.0
plurality,0.0,0.0,0.03561643835616438,0.0,-0.0027397260273972603,0.0,0.0
gt,-0.03561643835616438,-0.03561643835616438,0.0,-0.03561643835616438,0.00821917808219178,-0.03561643835616438,-0.03561643835616438
minimax,0.0,0.0,0.03561643835616438,0.0,-0.0027397260273972603,0.0,0.0
gtd,0.0027397260273972603,0.0027397260273972603,-0.00821917808219178,0.0027397260273972603,0.0,0.0027397260273972603,0.0027397260273972603
Schulze,0.0,0.0,0.03561643835616438,0.0,-0.0027397260273972603,0.0,0.0
IRV,0.0,0.0,0.03561643835616438,0.0,-0.0027397260273972603,0.0,0.0
