,Borda,plurality,gt,minimax,gtd,Schulze,IRV
Borda,0.0,0.0364963503649635,0.0364963503649635,-0.046228710462287104,0.0364963503649635,-0.046228710462287104,0.0
plurality,-0.0364963503649635,0.0,0.0,0.0072992700729927005,0.0,0.0072992700729927005,-0.0364963503649635
gt,-0.0364963503649635,0.0,0.0,0.0072992700729927005,0.0,0.0072992700729927005,-0.0364963503649635
minimax,0.046228710462287104,-0.0072992700729927005,-0.0072992700729927005,0.0,-0.0072992700729927005,0.0,0.046228710462287104
gtd,-0.0364963503649635,0.0,0.0,0.0072992700729927005,0.0,0.0072992700729927005,-0.0364963503649635
Schulze,0.046228710462287104,-0.0072992700729927005,-0.0072992700729927005,0.0,-0.0072992700729927005,0.0,0.046228710462287104
IRV,0.0,0.0364963503649635,0.0364963503649635,-0.046228710462287104,0.0364963503649635,-0.046228710462287104,0.0
