,Borda,plurality,gt,minimax,gtd,Schulze,IRV
Borda,0.0,-0.05938242280285035,0.08788598574821853,-0.05938242280285035,-0.05938242280285035,-0.05938242280285035,0.08788598574821853
plurality,0.05938242280285035,0.0,-0.007125890736342043,0.0,0.0,0.0,-0.007125890736342043
gt,-0.08788598574821853,0.007125890736342043,0.0,0.007125890736342043,0.007125890736342043,0.007125890736342043,0.0
minimax,0.05938242280285035,0.0,-0.007125890736342043,0.0,0.0,0.0,-0.007125890736342043
gtd,0.05938242280285035,0.0,-0.007125890736342043,0.0,0.0,0.0,-0.007125890736342043
Schulze,0.05938242280285035,0.0,-0.007125890736342043,0.0,0.0,0.0,-0.007125890736342043
IRV,-0.08788598574821853,0.007125890736342043,0.0,0.007125890736342043,0.007125890736342043,0.007125890736342043,0.0
