,Borda,plurality,gt,minimax,gtd,Schulze,IRV
Borda,0.0,0.014354066985645933,0.0,0.0,0.0,0.0,0.0
plurality,-0.014354066985645933,0.0,-0.06698564593301436,-0.06698564593301436,-0.06698564593301436,-0.06698564593301436,-0.06698564593301436
gt,0.0,0.06698564593301436,0.0,0.0,0.0,0.0,0.0
minimax,0.0,0.06698564593301436,0.0,0.0,0.0,0.0,0.0
gtd,0.0,0.06698564593301436,0.0,0.0,0.0,0.0,0.0
Schulze,0.0,0.06698564593301436,0.0,0.0,0.0,0.0,0.0
IRV,0.0,0.06698564593301436,0.0,0.0,0.0,0.0,0.0
