,Borda,plurality,gt,minimax,gtd,Schulze,IRV
Borda,0.0,-0.008103727714748784,0.0,0.0,0.0,0.0,-0.008103727714748784
plurality,0.008103727714748784,0.0,0.008103727714748784,0.008103727714748784,0.008103727714748784,0.008103727714748784,0.0
gt,0.0,-0.008103727714748784,0.0,0.0,0.0,0.0,-0.008103727714748784
minimax,0.0,-0.008103727714748784,0.0,0.0,0.0,0.0,-0.008103727714748784
gtd,0.0,-0.008103727714748784,0.0,0.0,0.0,0.0,-0.008103727714748784
Schulze,0.0,-0.008103727714748784,0.0,0.0,0.0,0.0,-0.008103727714748784
IRV,0.008103727714748784,0.0,0.008103727714748784,0.008103727714748784,0.008103727714748784,0.008103727714748784,0.0
