,Borda,plurality,gt,minimax,gtd,Schulze,IRV
Borda,0.0,-0.002770083102493075,-0.002770083102493075,0.0,-0.002770083102493075,0.0,0.07479224376731301
plurality,0.002770083102493075,0.0,-0.04155124653739612,0.002770083102493075,-0.04155124653739612,0.002770083102493075,-0.002770083102493075
gt,0.002770083102493075,0.04155124653739612,0.0,0.002770083102493075,0.0,0.002770083102493075,-0.002770083102493075
minimax,0.0,-0.002770083102493075,-0.002770083102493075,0.0,-0.002770083102493075,0.0,0.07479224376731301
gtd,0.002770083102493075,0.04155124653739612,0.0,0.002770083102493075,0.0,0.002770083102493075,-0.002770083102493075
Schulze,0.0,-0.002770083102493075,-0.002770083102493075,0.0,-0.002770083102493075,0.0,0.07479224376731301
IRV,-0.07479224376731301,0.002770083102493075,0.002770083102493075,-0.07479224376731301,0.002770083102493075,-0.07479224376731301,0.0
