,Borda,plurality,gt,minimax,gtd,Schulze,IRV
Borda,0.0,-0.007194244604316547,0.06954436450839328,0.0,-0.007194244604316547,0.0,0.06954436450839328
plurality,0.007194244604316547,0.0,-0.011990407673860911,0.007194244604316547,0.0,0.007194244604316547,-0.011990407673860911
gt,-0.06954436450839328,0.011990407673860911,0.0,-0.06954436450839328,0.011990407673860911,-0.06954436450839328,0.0
minimax,0.0,-0.007194244604316547,0.06954436450839328,0.0,-0.007194244604316547,0.0,0.06954436450839328
gtd,0.007194244604316547,0.0,-0.011990407673860911,0.007194244604316547,0.0,0.007194244604316547,-0.011990407673860911
Schulze,0.0,-0.007194244604316547,0.06954436450839328,0.0,-0.007194244604316547,0.0,0.06954436450839328
IRV,-0.06954436450839328,0.011990407673860911,0.0,-0.06954436450839328,0.011990407673860911,-0.06954436450839328,0.0
