,Borda,plurality,gt,minimax,gtd,Schulze,IRV
Borda,0.0,0.014598540145985401,0.0,0.014598540145985401,0.0,0.014598540145985401,0.0
plurality,-0.014598540145985401,0.0,-0.014598540145985401,0.0,-0.014598540145985401,0.0,-0.014598540145985401
gt,0.0,0.014598540145985401,0.0,0.014598540145985401,0.0,0.014598540145985401,0.0
minimax,-0.014598540145985401,0.0,-0.014598540145985401,0.0,-0.014598540145985401,0.0,-0.014598540145985401
gtd,0.0,0.014598540145985401,0.0,0.014598540145985401,0.0,0.014598540145985401,0.0
Schulze,-0.014598540145985401,0.0,-0.014598540145985401,0.0,-0.014598540145985401,0.0,-0.014598540145985401
IRV,0.0,0.014598540145985401,0.0,0.014598540145985401,0.0,0.014598540145985401,0.0
