,Borda,plurality,gt,minimax,gtd,Schulze,IRV
Borda,0.0,-0.029013539651837523,0.04448742746615087,0.0,-0.029013539651837523,0.0,-0.029013539651837523
plurality,0.029013539651837523,0.0,-0.03288201160541586,0.029013539651837523,0.0,0.029013539651837523,0.0
gt,-0.04448742746615087,0.03288201160541586,0.0,-0.04448742746615087,0.03288201160541586,-0.04448742746615087,0.03288201160541586
minimax,0.0,-0.029013539651837523,0.04448742746615087,0.0,-0.029013539651837523,0.0,-0.029013539651837523
gtd,0.029013539651837523,0.0,-0.03288201160541586,0.029013539651837523,0.0,0.029013539651837523,0.0
Schulze,0.0,-0.029013539651837523,0.04448742746615087,0.0,-0.029013539651837523,0.0,-0.029013539651837523
IRV,0.029013539651837523,0.0,-0.03288201160541586,0.029013539651837523,0.0,0.029013539651837523,0.0
