,Borda,plurality,gt,minimax,gtd,Schulze,IRV
Borda,0.0,0.04595879556259905,-0.014263074484944533,0.0,-0.014263074484944533,0.0,0.0
plurality,-0.04595879556259905,0.0,0.03328050713153724,-0.04595879556259905,0.03328050713153724,-0.04595879556259905,-0.04595879556259905
gt,0.014263074484944533,-0.03328050713153724,0.0,0.014263074484944533,0.0,0.014263074484944533,0.014263074484944533
minimax,0.0,0.04595879556259905,-0.014263074484944533,0.0,-0.014263074484944533,0.0,0.0
gtd,0.014263074484944533,-0.03328050713153724,0.0,0.014263074484944533,0.0,0.014263074484944533,0.014263074484944533
Schulze,0.0,0.04595879556259905,-0.014263074484944533,0.0,-0.014263074484944533,0.0,0.0
IRV,0.0,0.04595879556259905,-0.014263074484944533,0.0,-0.014263074484944533,0.0,0.0
