,Borda,plurality,gt,minimax,gtd,Schulze,IRV
Borda,0.0,-0.0023752969121140144,0.0,0.0,0.0,0.0,0.0166270783847981
plurality,0.0023752969121140144,0.0,0.0023752969121140144,0.0023752969121140144,0.0023752969121140144,0.0023752969121140144,-0.026128266033254157
gt,0.0,-0.0023752969121140144,0.0,0.0,0.0,0.0,0.0166270783847981
minimax,0.0,-0.0023752969121140144,0.0,0.0,0.0,0.0,0.0166270783847981
gtd,0.0,-0.0023752969121140144,0.0,0.0,0.0,0.0,0.0166270783847981
Schulze,0.0,-0.0023752969121140144,0.0,0.0,0.0,0.0,0.0166270783847981
IRV,-0.0166270783847981,0.026128266033254157,-0.0166270783847981,-0.0166270783847981,-0.0166270783847981,-0.0166270783847981,0.0
