,Borda,plurality,gt,minimax,gtd,Schulze,IRV
Borda,0.0,0.09662921348314607,-0.0022471910112359553,0.0,-0.0022471910112359553,0.0,0.0
plurality,-0.09662921348314607,0.0,0.011235955056179775,-0.09662921348314607,0.011235955056179775,-0.09662921348314607,-0.09662921348314607
gt,0.0022471910112359553,-0.011235955056179775,0.0,0.0022471910112359553,0.0,0.0022471910112359553,0.0022471910112359553
minimax,0.0,0.09662921348314607,-0.0022471910112359553,0.0,-0.0022471910112359553,0.0,0.0
gtd,0.0022471910112359553,-0.011235955056179775,0.0,0.0022471910112359553,0.0,0.0022471910112359553,0.0022471910112359553
Schulze,0.0,0.09662921348314607,-0.0022471910112359553,0.0,-0.0022471910112359553,0.0,0.0
IRV,0.0,0.09662921348314607,-0.0022471910112359553,0.0,-0.0022471910112359553,0.0,0.0
