,Borda,plurality,gt,minimax,gtd,Schulze,IRV
Borda,0.0,0.025210084033613446,0.0,0.0,0.0,0.0,0.0
plurality,-0.025210084033613446,0.0,0.037815126050420166,-0.025210084033613446,-0.025210084033613446,-0.025210084033613446,-0.025210084033613446
gt,0.0,-0.037815126050420166,0.0,0.0,0.0,0.0,0.0
minimax,0.0,0.025210084033613446,0.0,0.0,0.0,0.0,0.0
gtd,0.0,0.025210084033613446,0.0,0.0,0.0,0.0,0.0
Schulze,0.0,0.025210084033613446,0.0,0.0,0.0,0.0,0.0
IRV,0.0,0.025210084033613446,0.0,0.0,0.0,0.0,0.0
