,Borda,plurality,gt,minimax,gtd,Schulze,IRV
Borda,0.0,0.11652173913043479,-0.02608695652173913,-0.02608695652173913,-0.02608695652173913,-0.02608695652173913,0.05391304347826087
plurality,-0.11652173913043479,0.0,-0.07130434782608695,-0.07130434782608695,-0.07130434782608695,-0.07130434782608695,-0.0017391304347826088
gt,0.02608695652173913,0.07130434782608695,0.0,0.0,0.0,0.0,-0.0017391304347826088
minimax,0.02608695652173913,0.07130434782608695,0.0,0.0,0.0,0.0,-0.0017391304347826088
gtd,0.02608695652173913,0.07130434782608695,0.0,0.0,0.0,0.0,-0.0017391304347826088
Schulze,0.02608695652173913,0.07130434782608695,0.0,0.0,0.0,0.0,-0.0017391304347826088
IRV,-0.05391304347826087,0.0017391304347826088,0.0017391304347826088,0.0017391304347826088,0.0017391304347826088,0.0017391304347826088,0.0
