,Borda,plurality,gt,minimax,gtd,Schulze,IRV
Borda,0.0,0.12318840579710146,0.0,0.0,0.0,0.0,0.0
plurality,-0.12318840579710146,0.0,-0.09420289855072464,-0.09420289855072464,-0.12318840579710146,-0.09420289855072464,-0.12318840579710146
gt,0.0,0.09420289855072464,0.0,0.0,0.0,0.0,0.0
minimax,0.0,0.09420289855072464,0.0,0.0,0.0,0.0,0.0
gtd,0.0,0.12318840579710146,0.0,0.0,0.0,0.0,0.0
Schulze,0.0,0.09420289855072464,0.0,0.0,0.0,0.0,0.0
IRV,0.0,0.12318840579710146,0.0,0.0,0.0,0.0,0.0
