,Borda,plurality,gt,minimax,gtd,Schulze,IRV
Borda,0.0,0.03723404255319149,0.0,0.0,0.0,0.0,0.03723404255319149
plurality,-0.03723404255319149,0.0,0.031914893617021274,-0.03723404255319149,-0.03723404255319149,-0.03723404255319149,0.0
gt,0.0,-0.031914893617021274,0.0,0.0,0.0,0.0,-0.031914893617021274
minimax,0.0,0.03723404255319149,0.0,0.0,0.0,0.0,0.03723404255319149
gtd,0.0,0.03723404255319149,0.0,0.0,0.0,0.0,0.03723404255319149
Schulze,0.0,0.03723404255319149,0.0,0.0,0.0,0.0,0.03723404255319149
IRV,-0.03723404255319149,0.0,0.031914893617021274,-0.03723404255319149,-0.03723404255319149,-0.03723404255319149,0.0
