,Borda,plurality,gt,minimax,gtd,Schulze,IRV
Borda,0.0,-0.015306122448979591,0.025510204081632654,-0.015306122448979591,-0.015306122448979591,-0.015306122448979591,-0.015306122448979591
plurality,0.015306122448979591,0.0,-0.01020408163265306,0.0,0.0,0.0,0.0
gt,-0.025510204081632654,0.01020408163265306,0.0,0.01020408163265306,0.01020408163265306,0.01020408163265306,0.01020408163265306
minimax,0.015306122448979591,0.0,-0.01020408163265306,0.0,0.0,0.0,0.0
gtd,0.015306122448979591,0.0,-0.01020408163265306,0.0,0.0,0.0,0.0
Schulze,0.015306122448979591,0.0,-0.01020408163265306,0.0,0.0,0.0,0.0
IRV,0.015306122448979591,0.0,-0.01020408163265306,0.0,0.0,0.0,0.0
