,Borda,plurality,gt,minimax,gtd,Schulze,IRV
Borda,0.0,-0.013054830287206266,0.0,0.0,0.0,0.0,0.013054830287206266
plurality,0.013054830287206266,0.0,0.013054830287206266,0.013054830287206266,0.013054830287206266,0.013054830287206266,-0.0391644908616188
gt,0.0,-0.013054830287206266,0.0,0.0,0.0,0.0,0.013054830287206266
minimax,0.0,-0.013054830287206266,0.0,0.0,0.0,0.0,0.013054830287206266
gtd,0.0,-0.013054830287206266,0.0,0.0,0.0,0.0,0.013054830287206266
Schulze,0.0,-0.013054830287206266,0.0,0.0,0.0,0.0,0.013054830287206266
IRV,-0.013054830287206266,0.0391644908616188,-0.013054830287206266,-0.013054830287206266,-0.013054830287206266,-0.013054830287206266,0.0
