,Borda,plurality,gt,minimax,gtd,Schulze,IRV
Borda,0.0,0.1963470319634703,0.0,0.0,0.0,0.0,0.0
plurality,-0.1963470319634703,0.0,-0.0867579908675799,-0.1963470319634703,-0.1963470319634703,-0.1963470319634703,-0.1963470319634703
gt,0.0,0.0867579908675799,0.0,0.0,0.0,0.0,0.0
minimax,0.0,0.1963470319634703,0.0,0.0,0.0,0.0,0.0
gtd,0.0,0.1963470319634703,0.0,0.0,0.0,0.0,0.0
Schulze,0.0,0.1963470319634703,0.0,0.0,0.0,0.0,0.0
IRV,0.0,0.1963470319634703,0.0,0.0,0.0,0.0,0.0
