,Borda,plurality,gt,minimax,gtd,Schulze,IRV
Borda,0.0,0.04945054945054945,-0.027472527472527472,-0.027472527472527472,-0.027472527472527472,-0.027472527472527472,0.04945054945054945
plurality,-0.04945054945054945,0.0,0.016483516483516484,0.016483516483516484,0.016483516483516484,0.016483516483516484,0.0
gt,0.027472527472527472,-0.016483516483516484,0.0,0.0,0.0,0.0,-0.016483516483516484
minimax,0.027472527472527472,-0.016483516483516484,0.0,0.0,0.0,0.0,-0.016483516483516484
gtd,0.027472527472527472,-0.016483516483516484,0.0,0.0,0.0,0.0,-0.016483516483516484
Schulze,0.027472527472527472,-0.016483516483516484,0.0,0.0,0.0,0.0,-0.016483516483516484
IRV,-0.04945054945054945,0.0,0.016483516483516484,0.016483516483516484,0.016483516483516484,0.016483516483516484,0.0
