,Borda,plurality,gt,minimax,gtd,Schulze,IRV
Borda,0.0,-0.0049382716049382715,0.0,0.0,0.0,0.0,0.03209876543209877
plurality,0.0049382716049382715,0.0,0.0049382716049382715,0.0049382716049382715,0.0049382716049382715,0.0049382716049382715,-0.05432098765432099
gt,0.0,-0.0049382716049382715,0.0,0.0,0.0,0.0,0.03209876543209877
minimax,0.0,-0.0049382716049382715,0.0,0.0,0.0,0.0,0.03209876543209877
gtd,0.0,-0.0049382716049382715,0.0,0.0,0.0,0.0,0.03209876543209877
Schulze,0.0,-0.0049382716049382715,0.0,0.0,0.0,0.0,0.03209876543209877
IRV,-0.03209876543209877,0.05432098765432099,-0.03209876543209877,-0.03209876543209877,-0.03209876543209877,-0.03209876543209877,0.0
