,Borda,plurality,gt,minimax,gtd,Schulze,IRV
Borda,0.0,0.21671826625386997,0.0,0.0,0.0,0.0,0.0
plurality,-0.21671826625386997,0.0,-0.17337461300309598,-0.17337461300309598,-0.21671826625386997,-0.17337461300309598,-0.21671826625386997
gt,0.0,0.17337461300309598,0.0,0.0,0.0,0.0,0.0
minimax,0.0,0.17337461300309598,0.0,0.0,0.0,0.0,0.0
gtd,0.0,0.21671826625386997,0.0,0.0,0.0,0.0,0.0
Schulze,0.0,0.17337461300309598,0.0,0.0,0.0,0.0,0.0
IRV,0.0,0.21671826625386997,0.0,0.0,0.0,0.0,0.0
