,Borda,plurality,gt,minimax,gtd,Schulze,IRV
Borda,0.0,0.04869762174405436,0.0,0.0,-0.0056625141562853904,0.0,0.0
plurality,-0.04869762174405436,0.0,-0.04869762174405436,-0.04869762174405436,0.0464326160815402,-0.04869762174405436,-0.04869762174405436
gt,0.0,0.04869762174405436,0.0,0.0,-0.0056625141562853904,0.0,0.0
minimax,0.0,0.04869762174405436,0.0,0.0,-0.0056625141562853904,0.0,0.0
gtd,0.0056625141562853904,-0.0464326160815402,0.0056625141562853904,0.0056625141562853904,0.0,0.0056625141562853904,0.0056625141562853904
Schulze,0.0,0.04869762174405436,0.0,0.0,-0.0056625141562853904,0.0,0.0
IRV,0.0,0.04869762174405436,0.0,0.0,-0.0056625141562853904,0.0,0.0
