,Borda,plurality,gt,minimax,gtd,Schulze,IRV
Borda,0.0,0.0,0.0,0.0,0.0,0.0,-0.03412073490813648
plurality,0.0,0.0,0.0,0.0,0.0,0.0,-0.03412073490813648
gt,0.0,0.0,0.0,0.0,0.0,0.0,-0.03412073490813648
minimax,0.0,0.0,0.0,0.0,0.0,0.0,-0.03412073490813648
gtd,0.0,0.0,0.0,0.0,0.0,0.0,-0.03412073490813648
Schulze,0.0,0.0,0.0,0.0,0.0,0.0,-0.03412073490813648
IRV,0.03412073490813648,0.03412073490813648,0.03412073490813648,0.03412073490813648,0.03412073490813648,0.03412073490813648,0.0
