,Borda,plurality,gt,minimax,gtd,Schulze,IRV
Borda,0.0,0.037037037037037035,0.0,0.0,-0.02832244008714597,0.0,0.037037037037037035
plurality,-0.037037037037037035,0.0,-0.037037037037037035,-0.037037037037037035,0.032679738562091505,-0.037037037037037035,0.0
gt,0.0,0.037037037037037035,0.0,0.0,-0.02832244008714597,0.0,0.037037037037037035
minimax,0.0,0.037037037037037035,0.0,0.0,-0.02832244008714597,0.0,0.037037037037037035
gtd,0.02832244008714597,-0.032679738562091505,0.02832244008714597,0.02832244008714597,0.0,0.02832244008714597,-0.032679738562091505
Schulze,0.0,0.037037037037037035,0.0,0.0,-0.02832244008714597,0.0,0.037037037037037035
IRV,-0.037037037037037035,0.0,-0.037037037037037035,-0.037037037037037035,0.032679738562091505,-0.037037037037037035,0.0
