,Borda,plurality,gt,minimax,gtd,Schulze,IRV
Borda,0.0,0.03523035230352303,-0.008130081300813009,0.0,-0.008130081300813009,0.0,0.03523035230352303
plurality,-0.03523035230352303,0.0,0.013550135501355014,-0.03523035230352303,0.013550135501355014,-0.03523035230352303,0.0
gt,0.008130081300813009,-0.013550135501355014,0.0,0.008130081300813009,0.0,0.008130081300813009,-0.013550135501355014
minimax,0.0,0.03523035230352303,-0.008130081300813009,0.0,-0.008130081300813009,0.0,0.03523035230352303
gtd,0.008130081300813009,-0.013550135501355014,0.0,0.008130081300813009,0.0,0.008130081300813009,-0.013550135501355014
Schulze,0.0,0.03523035230352303,-0.008130081300813009,0.0,-0.008130081300813009,0.0,0.03523035230352303
IRV,-0.03523035230352303,0.0,0.013550135501355014,-0.03523035230352303,0.013550135501355014,-0.03523035230352303,0.0
