,Borda,plurality,gt,minimax,gtd,Schulze,IRV
Borda,0.0,0.0,0.0,0.0,-0.011135857461024499,0.0,0.0
plurality,0.0,0.0,0.0,0.0,-0.011135857461024499,0.0,0.0
gt,0.0,0.0,0.0,0.0,-0.011135857461024499,0.0,0.0
minimax,0.0,0.0,0.0,0.0,-0.011135857461024499,0.0,0.0
gtd,0.011135857461024499,0.011135857461024499,0.011135857461024499,0.011135857461024499,0.0,0.011135857461024499,0.011135857461024499
Schulze,0.0,0.0,0.0,0.0,-0.011135857461024499,0.0,0.0
IRV,0.0,0.0,0.0,0.0,-0.011135857461024499,0.0,0.0
