,Borda,plurality,gt,minimax,gtd,Schulze,IRV
Borda,0.0,-0.016317016317016316,0.0,0.0,0.0,0.0,-0.016317016317016316
plurality,0.016317016317016316,0.0,0.016317016317016316,0.016317016317016316,0.016317016317016316,0.016317016317016316,0.0
gt,0.0,-0.016317016317016316,0.0,0.0,0.0,0.0,-0.016317016317016316
minimax,0.0,-0.016317016317016316,0.0,0.0,0.0,0.0,-0.016317016317016316
gtd,0.0,-0.016317016317016316,0.0,0.0,0.0,0.0,-0.016317016317016316
Schulze,0.0,-0.016317016317016316,0.0,0.0,0.0,0.0,-0.016317016317016316
IRV,0.016317016317016316,0.0,0.016317016317016316,0.016317016317016316,0.016317016317016316,0.016317016317016316,0.0
