,Borda,plurality,gt,minimax,gtd,Schulze,IRV
Borda,0.0,0.0,0.0,0.0,0.0,0.0,0.0943952802359882
plurality,0.0,0.0,0.0,0.0,0.0,0.0,-0.017699115044247787
gt,0.0,0.0,0.0,0.0,0.0,0.0,-0.017699115044247787
minimax,0.0,0.0,0.0,0.0,0.0,0.0,0.0943952802359882
gtd,0.0,0.0,0.0,0.0,0.0,0.0,0.0943952802359882
Schulze,0.0,0.0,0.0,0.0,0.0,0.0,0.0943952802359882
IRV,-0.0943952802359882,0.017699115044247787,0.017699115044247787,-0.0943952802359882,-0.0943952802359882,-0.0943952802359882,0.0
