,Borda,plurality,gt,minimax,gtd,Schulze,IRV
Borda,0.0,0.06046511627906977,0.0,0.0,0.0,0.0,0.0
plurality,-0.06046511627906977,0.0,-0.04186046511627907,-0.04186046511627907,-0.04186046511627907,-0.04186046511627907,-0.04186046511627907
gt,0.0,0.04186046511627907,0.0,0.0,0.0,0.0,0.0
minimax,0.0,0.04186046511627907,0.0,0.0,0.0,0.0,0.0
gtd,0.0,0.04186046511627907,0.0,0.0,0.0,0.0,0.0
Schulze,0.0,0.04186046511627907,0.0,0.0,0.0,0.0,0.0
IRV,0.0,0.04186046511627907,0.0,0.0,0.0,0.0,0.0
