,Borda,plurality,gt,minimax,gtd,Schulze,IRV
Borda,0.0,0.002386634844868735,0.002386634844868735,0.002386634844868735,0.002386634844868735,0.002386634844868735,0.002386634844868735
plurality,-0.002386634844868735,0.0,0.0,0.0,0.0,0.0,0.0
gt,-0.002386634844868735,0.0,0.0,0.0,0.0,0.0,0.0
minimax,-0.002386634844868735,0.0,0.0,0.0,0.0,0.0,0.0
gtd,-0.002386634844868735,0.0,0.0,0.0,0.0,0.0,0.0
Schulze,-0.002386634844868735,0.0,0.0,0.0,0.0,0.0,0.0
IRV,-0.002386634844868735,0.0,0.0,0.0,0.0,0.0,0.0
