,Borda,plurality,gt,minimax,gtd,Schulze,IRV
Borda,0.0,0.06060606060606061,-0.003787878787878788,0.0,-0.003787878787878788,0.0,0.0
plurality,-0.06060606060606061,0.0,0.007575757575757576,-0.06060606060606061,0.007575757575757576,-0.06060606060606061,-0.06060606060606061
gt,0.003787878787878788,-0.007575757575757576,0.0,0.003787878787878788,0.0,0.003787878787878788,0.003787878787878788
minimax,0.0,0.06060606060606061,-0.003787878787878788,0.0,-0.003787878787878788,0.0,0.0
gtd,0.003787878787878788,-0.007575757575757576,0.0,0.003787878787878788,0.0,0.003787878787878788,0.003787878787878788
Schulze,0.0,0.06060606060606061,-0.003787878787878788,0.0,-0.003787878787878788,0.0,0.0
IRV,0.0,0.06060606060606061,-0.003787878787878788,0.0,-0.003787878787878788,0.0,0.0
