,Borda,plurality,gt,minimax,gtd,Schulze,IRV
Borda,0.0,0.22327044025157233,0.0,0.0,0.0,0.0,0.0
plurality,-0.22327044025157233,0.0,-0.22327044025157233,-0.20440251572327045,-0.22327044025157233,-0.20440251572327045,-0.22327044025157233
gt,0.0,0.22327044025157233,0.0,0.0,0.0,0.0,0.0
minimax,0.0,0.20440251572327045,0.0,0.0,0.0,0.0,0.0
gtd,0.0,0.22327044025157233,0.0,0.0,0.0,0.0,0.0
Schulze,0.0,0.20440251572327045,0.0,0.0,0.0,0.0,0.0
IRV,0.0,0.22327044025157233,0.0,0.0,0.0,0.0,0.0
