,Borda,plurality,gt,minimax,gtd,Schulze,IRV
Borda,0.0,0.050724637681159424,-0.028985507246376812,-0.028985507246376812,-0.028985507246376812,-0.028985507246376812,0.0
plurality,-0.050724637681159424,0.0,0.007246376811594203,0.007246376811594203,0.007246376811594203,0.007246376811594203,-0.050724637681159424
gt,0.028985507246376812,-0.007246376811594203,0.0,0.0,0.0,0.0,0.028985507246376812
minimax,0.028985507246376812,-0.007246376811594203,0.0,0.0,0.0,0.0,0.028985507246376812
gtd,0.028985507246376812,-0.007246376811594203,0.0,0.0,0.0,0.0,0.028985507246376812
Schulze,0.028985507246376812,-0.007246376811594203,0.0,0.0,0.0,0.0,0.028985507246376812
IRV,0.0,0.050724637681159424,-0.028985507246376812,-0.028985507246376812,-0.028985507246376812,-0.028985507246376812,0.0
