,Borda,plurality,gt,minimax,gtd,Schulze,IRV
Borda,0.0,0.0,0.0,0.0,0.0,0.0,-0.014134275618374558
plurality,0.0,0.0,0.0,0.0,0.0,0.0,-0.014134275618374558
gt,0.0,0.0,0.0,0.0,0.0,0.0,-0.014134275618374558
minimax,0.0,0.0,0.0,0.0,0.0,0.0,-0.014134275618374558
gtd,0.0,0.0,0.0,0.0,0.0,0.0,-0.014134275618374558
Schulze,0.0,0.0,0.0,0.0,0.0,0.0,-0.014134275618374558
IRV,0.014134275618374558,0.014134275618374558,0.014134275618374558,0.014134275618374558,0.014134275618374558,0.014134275618374558,0.0
