,Borda,plurality,gt,minimax,gtd,Schulze,IRV
Borda,0.0,-0.0019646365422396855,-0.0019646365422396855,-0.0019646365422396855,-0.0019646365422396855,-0.0019646365422396855,0.0137524557956778
plurality,0.0019646365422396855,0.0,0.0,0.0,0.0,0.0,-0.0019646365422396855
gt,0.0019646365422396855,0.0,0.0,0.0,0.0,0.0,-0.0019646365422396855
minimax,0.0019646365422396855,0.0,0.0,0.0,0.0,0.0,-0.0019646365422396855
gtd,0.0019646365422396855,0.0,0.0,0.0,0.0,0.0,-0.0019646365422396855
Schulze,0.0019646365422396855,0.0,0.0,0.0,0.0,0.0,-0.0019646365422396855
IRV,-0.0137524557956778,0.0019646365422396855,0.0019646365422396855,0.0019646365422396855,0.0019646365422396855,0.0019646365422396855,0.0
