,Borda,plurality,gt,minimax,gtd,Schulze,IRV
Borda,0.0,0.03286384976525822,0.0,0.0,0.0,0.0,0.0
plurality,-0.03286384976525822,0.0,0.018779342723004695,-0.03286384976525822,-0.03286384976525822,-0.03286384976525822,-0.03286384976525822
gt,0.0,-0.018779342723004695,0.0,0.0,0.0,0.0,0.0
minimax,0.0,0.03286384976525822,0.0,0.0,0.0,0.0,0.0
gtd,0.0,0.03286384976525822,0.0,0.0,0.0,0.0,0.0
Schulze,0.0,0.03286384976525822,0.0,0.0,0.0,0.0,0.0
IRV,0.0,0.03286384976525822,0.0,0.0,0.0,0.0,0.0
