,Borda,plurality,gt,minimax,gtd,Schulze,IRV
Borda,0.0,0.026252983293556086,-0.016706443914081145,0.0,-0.016706443914081145,0.0,0.026252983293556086
plurality,-0.026252983293556086,0.0,0.016706443914081145,-0.026252983293556086,0.016706443914081145,-0.026252983293556086,0.0
gt,0.016706443914081145,-0.016706443914081145,0.0,0.016706443914081145,0.0,0.016706443914081145,-0.016706443914081145
minimax,0.0,0.026252983293556086,-0.016706443914081145,0.0,-0.016706443914081145,0.0,0.026252983293556086
gtd,0.016706443914081145,-0.016706443914081145,0.0,0.016706443914081145,0.0,0.016706443914081145,-0.016706443914081145
Schulze,0.0,0.026252983293556086,-0.016706443914081145,0.0,-0.016706443914081145,0.0,0.026252983293556086
IRV,-0.026252983293556086,0.0,0.016706443914081145,-0.026252983293556086,0.016706443914081145,-0.026252983293556086,0.0
