,Borda,plurality,gt,minimax,gtd,Schulze,IRV
Borda,0.0,-0.02528735632183908,0.05747126436781609,0.0,-0.02528735632183908,0.0,-0.02528735632183908
plurality,0.02528735632183908,0.0,-0.034482758620689655,0.02528735632183908,0.0,0.02528735632183908,0.0
gt,-0.05747126436781609,0.034482758620689655,0.0,-0.05747126436781609,0.034482758620689655,-0.05747126436781609,0.034482758620689655
minimax,0.0,-0.02528735632183908,0.05747126436781609,0.0,-0.02528735632183908,0.0,-0.02528735632183908
gtd,0.02528735632183908,0.0,-0.034482758620689655,0.02528735632183908,0.0,0.02528735632183908,0.0
Schulze,0.0,-0.02528735632183908,0.05747126436781609,0.0,-0.02528735632183908,0.0,-0.02528735632183908
IRV,0.02528735632183908,0.0,-0.034482758620689655,0.02528735632183908,0.0,0.02528735632183908,0.0
