,Borda,plurality,gt,minimax,gtd,Schulze,IRV
Borda,0.0,-0.00980392156862745,0.0,0.0,-0.00980392156862745,0.0,0.058823529411764705
plurality,0.00980392156862745,0.0,0.00980392156862745,0.00980392156862745,0.0,0.00980392156862745,-0.03431372549019608
gt,0.0,-0.00980392156862745,0.0,0.0,-0.00980392156862745,0.0,0.058823529411764705
minimax,0.0,-0.00980392156862745,0.0,0.0,-0.00980392156862745,0.0,0.058823529411764705
gtd,0.00980392156862745,0.0,0.00980392156862745,0.00980392156862745,0.0,0.00980392156862745,-0.03431372549019608
Schulze,0.0,-0.00980392156862745,0.0,0.0,-0.00980392156862745,0.0,0.058823529411764705
IRV,-0.058823529411764705,0.03431372549019608,-0.058823529411764705,-0.058823529411764705,0.03431372549019608,-0.058823529411764705,0.0
