,Borda,plurality,gt,minimax,gtd,Schulze,IRV
Borda,0.0,0.2684729064039409,-0.0024630541871921183,0.0,-0.0024630541871921183,0.0,-0.0024630541871921183
plurality,-0.2684729064039409,0.0,-0.23891625615763548,-0.2684729064039409,-0.23891625615763548,-0.2684729064039409,-0.23891625615763548
gt,0.0024630541871921183,0.23891625615763548,0.0,0.0024630541871921183,0.0,0.0024630541871921183,0.0
minimax,0.0,0.2684729064039409,-0.0024630541871921183,0.0,-0.0024630541871921183,0.0,-0.0024630541871921183
gtd,0.0024630541871921183,0.23891625615763548,0.0,0.0024630541871921183,0.0,0.0024630541871921183,0.0
Schulze,0.0,0.2684729064039409,-0.0024630541871921183,0.0,-0.0024630541871921183,0.0,-0.0024630541871921183
IRV,0.0024630541871921183,0.23891625615763548,0.0,0.0024630541871921183,0.0,0.0024630541871921183,0.0
