,Borda,plurality,gt,minimax,gtd,Schulze,IRV
Borda,0.0,0.05511811023622047,-0.023622047244094488,0.0,0.0,0.0,0.0
plurality,-0.05511811023622047,0.0,0.07611548556430446,-0.05511811023622047,-0.05511811023622047,-0.05511811023622047,-0.05511811023622047
gt,0.023622047244094488,-0.07611548556430446,0.0,0.023622047244094488,0.023622047244094488,0.023622047244094488,0.023622047244094488
minimax,0.0,0.05511811023622047,-0.023622047244094488,0.0,0.0,0.0,0.0
gtd,0.0,0.05511811023622047,-0.023622047244094488,0.0,0.0,0.0,0.0
Schulze,0.0,0.05511811023622047,-0.023622047244094488,0.0,0.0,0.0,0.0
IRV,0.0,0.05511811023622047,-0.023622047244094488,0.0,0.0,0.0,0.0
