,Borda,plurality,gt,minimax,gtd,Schulze,IRV
Borda,0.0,-0.04065040650406504,-0.04065040650406504,-0.04065040650406504,0.028455284552845527,-0.04065040650406504,0.028455284552845527
plurality,0.04065040650406504,0.0,0.0,0.0,-0.0040650406504065045,0.0,-0.0040650406504065045
gt,0.04065040650406504,0.0,0.0,0.0,-0.0040650406504065045,0.0,-0.0040650406504065045
minimax,0.04065040650406504,0.0,0.0,0.0,-0.0040650406504065045,0.0,-0.0040650406504065045
gtd,-0.028455284552845527,0.0040650406504065045,0.0040650406504065045,0.0040650406504065045,0.0,0.0040650406504065045,0.0
Schulze,0.04065040650406504,0.0,0.0,0.0,-0.0040650406504065045,0.0,-0.0040650406504065045
IRV,-0.028455284552845527,0.0040650406504065045,0.0040650406504065045,0.0040650406504065045,0.0,0.0040650406504065045,0.0
