,Borda,plurality,gt,minimax,gtd,Schulze,IRV
Borda,0.0,-0.021487603305785124,-0.021487603305785124,0.0,-0.021487603305785124,0.0,0.09090909090909091
plurality,0.021487603305785124,0.0,0.0,0.021487603305785124,0.0,0.021487603305785124,-0.024793388429752067
gt,0.021487603305785124,0.0,0.0,0.021487603305785124,0.0,0.021487603305785124,-0.024793388429752067
minimax,0.0,-0.021487603305785124,-0.021487603305785124,0.0,-0.021487603305785124,0.0,0.09090909090909091
gtd,0.021487603305785124,0.0,0.0,0.021487603305785124,0.0,0.021487603305785124,-0.024793388429752067
Schulze,0.0,-0.021487603305785124,-0.021487603305785124,0.0,-0.021487603305785124,0.0,0.09090909090909091
IRV,-0.09090909090909091,0.024793388429752067,0.024793388429752067,-0.09090909090909091,0.024793388429752067,-0.09090909090909091,0.0
