,Borda,plurality,gt,minimax,gtd,Schulze,IRV
Borda,0.0,-0.017391304347826087,-0.017391304347826087,0.0,-0.017391304347826087,0.0,-0.017391304347826087
plurality,0.017391304347826087,0.0,0.0,0.017391304347826087,0.0,0.017391304347826087,0.0
gt,0.017391304347826087,0.0,0.0,0.017391304347826087,0.0,0.017391304347826087,0.0
minimax,0.0,-0.017391304347826087,-0.017391304347826087,0.0,-0.017391304347826087,0.0,-0.017391304347826087
gtd,0.017391304347826087,0.0,0.0,0.017391304347826087,0.0,0.017391304347826087,0.0
Schulze,0.0,-0.017391304347826087,-0.017391304347826087,0.0,-0.017391304347826087,0.0,-0.017391304347826087
IRV,0.017391304347826087,0.0,0.0,0.017391304347826087,0.0,0.017391304347826087,0.0
