,Borda,plurality,gt,minimax,gtd,Schulze,IRV
Borda,0.0,-0.030303030303030304,0.01928374655647383,-0.030303030303030304,0.01928374655647383,-0.030303030303030304,-0.030303030303030304
plurality,0.030303030303030304,0.0,-0.0027548209366391185,0.0,-0.0027548209366391185,0.0,0.0
gt,-0.01928374655647383,0.0027548209366391185,0.0,0.0027548209366391185,0.0,0.0027548209366391185,0.0027548209366391185
minimax,0.030303030303030304,0.0,-0.0027548209366391185,0.0,-0.0027548209366391185,0.0,0.0
gtd,-0.01928374655647383,0.0027548209366391185,0.0,0.0027548209366391185,0.0,0.0027548209366391185,0.0027548209366391185
Schulze,0.030303030303030304,0.0,-0.0027548209366391185,0.0,-0.0027548209366391185,0.0,0.0
IRV,0.030303030303030304,0.0,-0.0027548209366391185,0.0,-0.0027548209366391185,0.0,0.0
