,Borda,plurality,gt,minimax,gtd,Schulze,IRV
Borda,0.0,0.1256544502617801,0.0,0.0,0.0,0.0,0.0
plurality,-0.1256544502617801,0.0,-0.11518324607329843,-0.11518324607329843,-0.1256544502617801,-0.11518324607329843,-0.1256544502617801
gt,0.0,0.11518324607329843,0.0,0.0,0.0,0.0,0.0
minimax,0.0,0.11518324607329843,0.0,0.0,0.0,0.0,0.0
gtd,0.0,0.1256544502617801,0.0,0.0,0.0,0.0,0.0
Schulze,0.0,0.11518324607329843,0.0,0.0,0.0,0.0,0.0
IRV,0.0,0.1256544502617801,0.0,0.0,0.0,0.0,0.0
