,Borda,plurality,gt,minimax,gtd,Schulze,IRV
Borda,0.0,0.020316027088036117,0.0,0.0,-0.006772009029345372,0.0,0.020316027088036117
plurality,-0.020316027088036117,0.0,-0.020316027088036117,-0.020316027088036117,0.020316027088036117,-0.020316027088036117,0.0
gt,0.0,0.020316027088036117,0.0,0.0,-0.006772009029345372,0.0,0.020316027088036117
minimax,0.0,0.020316027088036117,0.0,0.0,-0.006772009029345372,0.0,0.020316027088036117
gtd,0.006772009029345372,-0.020316027088036117,0.006772009029345372,0.006772009029345372,0.0,0.006772009029345372,-0.020316027088036117
Schulze,0.0,0.020316027088036117,0.0,0.0,-0.006772009029345372,0.0,0.020316027088036117
IRV,-0.020316027088036117,0.0,-0.020316027088036117,-0.020316027088036117,0.020316027088036117,-0.020316027088036117,0.0
