,Borda,plurality,gt,minimax,gtd,Schulze,IRV
Borda,0.0,0.07650273224043716,0.0,0.0,0.0,0.0,0.0
plurality,-0.07650273224043716,0.0,-0.03278688524590164,-0.03278688524590164,-0.07650273224043716,-0.03278688524590164,-0.03278688524590164
gt,0.0,0.03278688524590164,0.0,0.0,0.0,0.0,0.0
minimax,0.0,0.03278688524590164,0.0,0.0,0.0,0.0,0.0
gtd,0.0,0.07650273224043716,0.0,0.0,0.0,0.0,0.0
Schulze,0.0,0.03278688524590164,0.0,0.0,0.0,0.0,0.0
IRV,0.0,0.03278688524590164,0.0,0.0,0.0,0.0,0.0
