,Borda,plurality,gt,minimax,gtd,Schulze,IRV
Borda,0.0,0.015625,-0.026041666666666668,-0.026041666666666668,-0.026041666666666668,-0.026041666666666668,0.0
plurality,-0.015625,0.0,0.0,0.0,0.0,0.0,-0.015625
gt,0.026041666666666668,0.0,0.0,0.0,0.0,0.0,0.026041666666666668
minimax,0.026041666666666668,0.0,0.0,0.0,0.0,0.0,0.026041666666666668
gtd,0.026041666666666668,0.0,0.0,0.0,0.0,0.0,0.026041666666666668
Schulze,0.026041666666666668,0.0,0.0,0.0,0.0,0.0,0.026041666666666668
IRV,0.0,0.015625,-0.026041666666666668,-0.026041666666666668,-0.026041666666666668,-0.026041666666666668,0.0
