,Borda,plurality,gt,minimax,gtd,Schulze,IRV
Borda,0.0,-0.009478672985781991,0.0,0.0,-0.009478672985781991,0.0,0.014218009478672985
plurality,0.009478672985781991,0.0,0.009478672985781991,0.009478672985781991,0.0,0.009478672985781991,-0.014218009478672985
gt,0.0,-0.009478672985781991,0.0,0.0,-0.009478672985781991,0.0,0.014218009478672985
minimax,0.0,-0.009478672985781991,0.0,0.0,-0.009478672985781991,0.0,0.014218009478672985
gtd,0.009478672985781991,0.0,0.009478672985781991,0.009478672985781991,0.0,0.009478672985781991,-0.014218009478672985
Schulze,0.0,-0.009478672985781991,0.0,0.0,-0.009478672985781991,0.0,0.014218009478672985
IRV,-0.014218009478672985,0.014218009478672985,-0.014218009478672985,-0.014218009478672985,0.014218009478672985,-0.014218009478672985,0.0
