,Borda,plurality,gt,minimax,gtd,Schulze,IRV
Borda,0.0,0.012853470437017995,0.0,0.012853470437017995,0.012853470437017995,0.012853470437017995,0.0
plurality,-0.012853470437017995,0.0,-0.012853470437017995,0.0,0.0,0.0,-0.012853470437017995
gt,0.0,0.012853470437017995,0.0,0.012853470437017995,0.012853470437017995,0.012853470437017995,0.0
minimax,-0.012853470437017995,0.0,-0.012853470437017995,0.0,0.0,0.0,-0.012853470437017995
gtd,-0.012853470437017995,0.0,-0.012853470437017995,0.0,0.0,0.0,-0.012853470437017995
Schulze,-0.012853470437017995,0.0,-0.012853470437017995,0.0,0.0,0.0,-0.012853470437017995
IRV,0.0,0.012853470437017995,0.0,0.012853470437017995,0.012853470437017995,0.012853470437017995,0.0
