,Borda,plurality,gt,minimax,gtd,Schulze,IRV
Borda,0.0,-0.01675977653631285,-0.01675977653631285,-0.01675977653631285,-0.01675977653631285,-0.01675977653631285,0.055865921787709494
plurality,0.01675977653631285,0.0,0.0,0.0,0.0,0.0,-0.00558659217877095
gt,0.01675977653631285,0.0,0.0,0.0,0.0,0.0,-0.00558659217877095
minimax,0.01675977653631285,0.0,0.0,0.0,0.0,0.0,-0.00558659217877095
gtd,0.01675977653631285,0.0,0.0,0.0,0.0,0.0,-0.00558659217877095
Schulze,0.01675977653631285,0.0,0.0,0.0,0.0,0.0,-0.00558659217877095
IRV,-0.055865921787709494,0.00558659217877095,0.00558659217877095,0.00558659217877095,0.00558659217877095,0.00558659217877095,0.0
