,Borda,plurality,gt,minimax,gtd,Schulze,IRV
Borda,0.0,-0.020157756354075372,0.0026292725679228747,0.0026292725679228747,0.0026292725679228747,0.0026292725679228747,-0.020157756354075372
plurality,0.020157756354075372,0.0,-0.006134969325153374,-0.006134969325153374,-0.006134969325153374,-0.006134969325153374,0.0
gt,-0.0026292725679228747,0.006134969325153374,0.0,0.0,0.0,0.0,0.006134969325153374
minimax,-0.0026292725679228747,0.006134969325153374,0.0,0.0,0.0,0.0,0.006134969325153374
gtd,-0.0026292725679228747,0.006134969325153374,0.0,0.0,0.0,0.0,0.006134969325153374
Schulze,-0.0026292725679228747,0.006134969325153374,0.0,0.0,0.0,0.0,0.006134969325153374
IRV,0.020157756354075372,0.0,-0.006134969325153374,-0.006134969325153374,-0.006134969325153374,-0.006134969325153374,0.0
