,Borda,plurality,gt,minimax,gtd,Schulze,IRV
Borda,0.0,0.055876685934489405,-0.02119460500963391,-0.02119460500963391,-0.02119460500963391,-0.02119460500963391,0.0
plurality,-0.055876685934489405,0.0,0.02119460500963391,0.02119460500963391,0.02119460500963391,0.02119460500963391,-0.055876685934489405
gt,0.02119460500963391,-0.02119460500963391,0.0,0.0,0.0,0.0,0.02119460500963391
minimax,0.02119460500963391,-0.02119460500963391,0.0,0.0,0.0,0.0,0.02119460500963391
gtd,0.02119460500963391,-0.02119460500963391,0.0,0.0,0.0,0.0,0.02119460500963391
Schulze,0.02119460500963391,-0.02119460500963391,0.0,0.0,0.0,0.0,0.02119460500963391
IRV,0.0,0.055876685934489405,-0.02119460500963391,-0.02119460500963391,-0.02119460500963391,-0.02119460500963391,0.0
