,Borda,plurality,gt,minimax,gtd,Schulze,IRV
Borda,0.0,-0.06857142857142857,0.045714285714285714,-0.06857142857142857,-0.06857142857142857,-0.06857142857142857,-0.06857142857142857
plurality,0.06857142857142857,0.0,0.0,0.0,0.0,0.0,0.0
gt,-0.045714285714285714,0.0,0.0,0.0,0.0,0.0,0.0
minimax,0.06857142857142857,0.0,0.0,0.0,0.0,0.0,0.0
gtd,0.06857142857142857,0.0,0.0,0.0,0.0,0.0,0.0
Schulze,0.06857142857142857,0.0,0.0,0.0,0.0,0.0,0.0
IRV,0.06857142857142857,0.0,0.0,0.0,0.0,0.0,0.0
