,Borda,plurality,gt,minimax,gtd,Schulze,IRV
Borda,0.0,0.03044496487119438,0.03044496487119438,0.0,0.0,0.0,0.03044496487119438
plurality,-0.03044496487119438,0.0,0.0,-0.03044496487119438,-0.03044496487119438,-0.03044496487119438,0.0
gt,-0.03044496487119438,0.0,0.0,-0.03044496487119438,-0.03044496487119438,-0.03044496487119438,0.0
minimax,0.0,0.03044496487119438,0.03044496487119438,0.0,0.0,0.0,0.03044496487119438
gtd,0.0,0.03044496487119438,0.03044496487119438,0.0,0.0,0.0,0.03044496487119438
Schulze,0.0,0.03044496487119438,0.03044496487119438,0.0,0.0,0.0,0.03044496487119438
IRV,-0.03044496487119438,0.0,0.0,-0.03044496487119438,-0.03044496487119438,-0.03044496487119438,0.0
