,Borda,plurality,gt,minimax,gtd,Schulze,IRV
Borda,0.0,-0.047619047619047616,-0.047619047619047616,-0.047619047619047616,-0.047619047619047616,-0.047619047619047616,0.06493506493506493
plurality,0.047619047619047616,0.0,0.0,0.0,0.0,0.0,-0.004329004329004329
gt,0.047619047619047616,0.0,0.0,0.0,0.0,0.0,-0.004329004329004329
minimax,0.047619047619047616,0.0,0.0,0.0,0.0,0.0,-0.004329004329004329
gtd,0.047619047619047616,0.0,0.0,0.0,0.0,0.0,-0.004329004329004329
Schulze,0.047619047619047616,0.0,0.0,0.0,0.0,0.0,-0.004329004329004329
IRV,-0.06493506493506493,0.004329004329004329,0.004329004329004329,0.004329004329004329,0.004329004329004329,0.004329004329004329,0.0
