,Borda,plurality,gt,minimax,gtd,Schulze,IRV
Borda,0.0,0.03361344537815126,0.008403361344537815,0.0,0.0,0.0,0.0
plurality,-0.03361344537815126,0.0,0.046218487394957986,-0.03361344537815126,-0.03361344537815126,-0.03361344537815126,-0.03361344537815126
gt,-0.008403361344537815,-0.046218487394957986,0.0,-0.008403361344537815,-0.008403361344537815,-0.008403361344537815,-0.008403361344537815
minimax,0.0,0.03361344537815126,0.008403361344537815,0.0,0.0,0.0,0.0
gtd,0.0,0.03361344537815126,0.008403361344537815,0.0,0.0,0.0,0.0
Schulze,0.0,0.03361344537815126,0.008403361344537815,0.0,0.0,0.0,0.0
IRV,0.0,0.03361344537815126,0.008403361344537815,0.0,0.0,0.0,0.0
