,Borda,plurality,gt,minimax,gtd,Schulze,IRV
Borda,0.0,-0.02512562814070352,0.0,0.0,0.0,0.0,0.04020100502512563
plurality,0.02512562814070352,0.0,0.02512562814070352,0.02512562814070352,0.02512562814070352,0.02512562814070352,-0.05025125628140704
gt,0.0,-0.02512562814070352,0.0,0.0,0.0,0.0,0.04020100502512563
minimax,0.0,-0.02512562814070352,0.0,0.0,0.0,0.0,0.04020100502512563
gtd,0.0,-0.02512562814070352,0.0,0.0,0.0,0.0,0.04020100502512563
Schulze,0.0,-0.02512562814070352,0.0,0.0,0.0,0.0,0.04020100502512563
IRV,-0.04020100502512563,0.05025125628140704,-0.04020100502512563,-0.04020100502512563,-0.04020100502512563,-0.04020100502512563,0.0
