,Borda,plurality,gt,minimax,gtd,Schulze,IRV
Borda,0.0,0.011661807580174927,0.0,0.0,0.0,0.0,0.011661807580174927
plurality,-0.011661807580174927,0.0,-0.011661807580174927,-0.011661807580174927,-0.011661807580174927,-0.011661807580174927,0.0
gt,0.0,0.011661807580174927,0.0,0.0,0.0,0.0,0.011661807580174927
minimax,0.0,0.011661807580174927,0.0,0.0,0.0,0.0,0.011661807580174927
gtd,0.0,0.011661807580174927,0.0,0.0,0.0,0.0,0.011661807580174927
Schulze,0.0,0.011661807580174927,0.0,0.0,0.0,0.0,0.011661807580174927
IRV,-0.011661807580174927,0.0,-0.011661807580174927,-0.011661807580174927,-0.011661807580174927,-0.011661807580174927,0.0
