,Borda,plurality,gt,minimax,gtd,Schulze,IRV
Borda,0.0,-0.014164305949008499,-0.014164305949008499,-0.014164305949008499,-0.014164305949008499,-0.014164305949008499,0.0708215297450425
plurality,0.014164305949008499,0.0,0.0,0.0,0.0,0.0,-0.0028328611898017
gt,0.014164305949008499,0.0,0.0,0.0,0.0,0.0,-0.0028328611898017
minimax,0.014164305949008499,0.0,0.0,0.0,0.0,0.0,-0.0028328611898017
gtd,0.014164305949008499,0.0,0.0,0.0,0.0,0.0,-0.0028328611898017
Schulze,0.014164305949008499,0.0,0.0,0.0,0.0,0.0,-0.0028328611898017
IRV,-0.0708215297450425,0.0028328611898017,0.0028328611898017,0.0028328611898017,0.0028328611898017,0.0028328611898017,0.0
