,Borda,plurality,gt,minimax,gtd,Schulze,IRV
Borda,0.0,-0.04483430799220273,-0.04483430799220273,-0.04483430799220273,-0.04483430799220273,-0.04483430799220273,0.05263157894736842
plurality,0.04483430799220273,0.0,0.0,0.0,0.0,0.0,-0.029239766081871343
gt,0.04483430799220273,0.0,0.0,0.0,0.0,0.0,-0.029239766081871343
minimax,0.04483430799220273,0.0,0.0,0.0,0.0,0.0,-0.029239766081871343
gtd,0.04483430799220273,0.0,0.0,0.0,0.0,0.0,-0.029239766081871343
Schulze,0.04483430799220273,0.0,0.0,0.0,0.0,0.0,-0.029239766081871343
IRV,-0.05263157894736842,0.029239766081871343,0.029239766081871343,0.029239766081871343,0.029239766081871343,0.029239766081871343,0.0
