,Borda,plurality,gt,minimax,gtd,Schulze,IRV
Borda,0.0,0.0,0.0,0.0,0.0,0.0,0.06077348066298342
plurality,0.0,0.0,0.0,0.0,0.0,0.0,-0.016574585635359115
gt,0.0,0.0,0.0,0.0,0.0,0.0,-0.016574585635359115
minimax,0.0,0.0,0.0,0.0,0.0,0.0,0.06077348066298342
gtd,0.0,0.0,0.0,0.0,0.0,0.0,0.06077348066298342
Schulze,0.0,0.0,0.0,0.0,0.0,0.0,0.06077348066298342
IRV,-0.06077348066298342,0.016574585635359115,0.016574585635359115,-0.06077348066298342,-0.06077348066298342,-0.06077348066298342,0.0
