,Borda,plurality,gt,minimax,gtd,Schulze,IRV
Borda,0.0,-0.04310344827586207,0.0,-0.04310344827586207,-0.04310344827586207,-0.04310344827586207,-0.04310344827586207
plurality,0.04310344827586207,0.0,0.04310344827586207,0.0,0.0,0.0,0.0
gt,0.0,-0.04310344827586207,0.0,-0.04310344827586207,-0.04310344827586207,-0.04310344827586207,-0.04310344827586207
minimax,0.04310344827586207,0.0,0.04310344827586207,0.0,0.0,0.0,0.0
gtd,0.04310344827586207,0.0,0.04310344827586207,0.0,0.0,0.0,0.0
Schulze,0.04310344827586207,0.0,0.04310344827586207,0.0,0.0,0.0,0.0
IRV,0.04310344827586207,0.0,0.04310344827586207,0.0,0.0,0.0,0.0
