,Borda,plurality,gt,minimax,gtd,Schulze,IRV
Borda,0.0,-0.01020408163265306,0.015306122448979591,0.0,0.0,0.0,-0.01020408163265306
plurality,0.01020408163265306,0.0,-0.03571428571428571,0.01020408163265306,0.01020408163265306,0.01020408163265306,0.0
gt,-0.015306122448979591,0.03571428571428571,0.0,-0.015306122448979591,-0.015306122448979591,-0.015306122448979591,0.03571428571428571
minimax,0.0,-0.01020408163265306,0.015306122448979591,0.0,0.0,0.0,-0.01020408163265306
gtd,0.0,-0.01020408163265306,0.015306122448979591,0.0,0.0,0.0,-0.01020408163265306
Schulze,0.0,-0.01020408163265306,0.015306122448979591,0.0,0.0,0.0,-0.01020408163265306
IRV,0.01020408163265306,0.0,-0.03571428571428571,0.01020408163265306,0.01020408163265306,0.01020408163265306,0.0
