,Borda,plurality,gt,minimax,gtd,Schulze,IRV
Borda,0.0,0.045714285714285714,-0.011428571428571429,-0.011428571428571429,-0.011428571428571429,-0.011428571428571429,0.045714285714285714
plurality,-0.045714285714285714,0.0,0.011428571428571429,0.011428571428571429,0.011428571428571429,0.011428571428571429,0.0
gt,0.011428571428571429,-0.011428571428571429,0.0,0.0,0.0,0.0,-0.011428571428571429
minimax,0.011428571428571429,-0.011428571428571429,0.0,0.0,0.0,0.0,-0.011428571428571429
gtd,0.011428571428571429,-0.011428571428571429,0.0,0.0,0.0,0.0,-0.011428571428571429
Schulze,0.011428571428571429,-0.011428571428571429,0.0,0.0,0.0,0.0,-0.011428571428571429
IRV,-0.045714285714285714,0.0,0.011428571428571429,0.011428571428571429,0.011428571428571429,0.011428571428571429,0.0
