,Borda,plurality,gt,minimax,gtd,Schulze,IRV
Borda,0.0,0.04744525547445255,-0.0072992700729927005,0.0,-0.0072992700729927005,0.0,0.0
plurality,-0.04744525547445255,0.0,0.0364963503649635,-0.04744525547445255,0.0364963503649635,-0.04744525547445255,-0.04744525547445255
gt,0.0072992700729927005,-0.0364963503649635,0.0,0.0072992700729927005,0.0,0.0072992700729927005,0.0072992700729927005
minimax,0.0,0.04744525547445255,-0.0072992700729927005,0.0,-0.0072992700729927005,0.0,0.0
gtd,0.0072992700729927005,-0.0364963503649635,0.0,0.0072992700729927005,0.0,0.0072992700729927005,0.0072992700729927005
Schulze,0.0,0.04744525547445255,-0.0072992700729927005,0.0,-0.0072992700729927005,0.0,0.0
IRV,0.0,0.04744525547445255,-0.0072992700729927005,0.0,-0.0072992700729927005,0.0,0.0
