,Borda,plurality,gt,minimax,gtd,Schulze,IRV
Borda,0.0,-0.002770083102493075,0.0,0.0,-0.002770083102493075,0.0,0.04155124653739612
plurality,0.002770083102493075,0.0,0.002770083102493075,0.002770083102493075,0.0,0.002770083102493075,-0.013850415512465374
gt,0.0,-0.002770083102493075,0.0,0.0,-0.002770083102493075,0.0,0.04155124653739612
minimax,0.0,-0.002770083102493075,0.0,0.0,-0.002770083102493075,0.0,0.04155124653739612
gtd,0.002770083102493075,0.0,0.002770083102493075,0.002770083102493075,0.0,0.002770083102493075,-0.013850415512465374
Schulze,0.0,-0.002770083102493075,0.0,0.0,-0.002770083102493075,0.0,0.04155124653739612
IRV,-0.04155124653739612,0.013850415512465374,-0.04155124653739612,-0.04155124653739612,0.013850415512465374,-0.04155124653739612,0.0
