,Borda,plurality,gt,minimax,gtd,Schulze,IRV
Borda,0.0,0.0,0.12727272727272726,0.0,-0.00909090909090909,0.0,-0.00909090909090909
plurality,0.0,0.0,0.12727272727272726,0.0,-0.00909090909090909,0.0,-0.00909090909090909
gt,-0.12727272727272726,-0.12727272727272726,0.0,-0.12727272727272726,0.013636363636363636,-0.12727272727272726,0.013636363636363636
minimax,0.0,0.0,0.12727272727272726,0.0,-0.00909090909090909,0.0,-0.00909090909090909
gtd,0.00909090909090909,0.00909090909090909,-0.013636363636363636,0.00909090909090909,0.0,0.00909090909090909,0.0
Schulze,0.0,0.0,0.12727272727272726,0.0,-0.00909090909090909,0.0,-0.00909090909090909
IRV,0.00909090909090909,0.00909090909090909,-0.013636363636363636,0.00909090909090909,0.0,0.00909090909090909,0.0
