,Borda,plurality,gt,minimax,gtd,Schulze,IRV
Borda,0.0,-0.007541478129713424,0.0,0.0,-0.007541478129713424,0.0,-0.007541478129713424
plurality,0.007541478129713424,0.0,0.007541478129713424,0.007541478129713424,0.0,0.007541478129713424,0.0
gt,0.0,-0.007541478129713424,0.0,0.0,-0.007541478129713424,0.0,-0.007541478129713424
minimax,0.0,-0.007541478129713424,0.0,0.0,-0.007541478129713424,0.0,-0.007541478129713424
gtd,0.007541478129713424,0.0,0.007541478129713424,0.007541478129713424,0.0,0.007541478129713424,0.0
Schulze,0.0,-0.007541478129713424,0.0,0.0,-0.007541478129713424,0.0,-0.007541478129713424
IRV,0.007541478129713424,0.0,0.007541478129713424,0.007541478129713424,0.0,0.007541478129713424,0.0
