,Borda,plurality,gt,minimax,gtd,Schulze,IRV
Borda,0.0,0.007751937984496124,0.007751937984496124,0.007751937984496124,0.007751937984496124,0.007751937984496124,0.0
plurality,-0.007751937984496124,0.0,0.0,0.0,0.0,0.0,-0.007751937984496124
gt,-0.007751937984496124,0.0,0.0,0.0,0.0,0.0,-0.007751937984496124
minimax,-0.007751937984496124,0.0,0.0,0.0,0.0,0.0,-0.007751937984496124
gtd,-0.007751937984496124,0.0,0.0,0.0,0.0,0.0,-0.007751937984496124
Schulze,-0.007751937984496124,0.0,0.0,0.0,0.0,0.0,-0.007751937984496124
IRV,0.0,0.007751937984496124,0.007751937984496124,0.007751937984496124,0.007751937984496124,0.007751937984496124,0.0
