,Borda,plurality,gt,minimax,gtd,Schulze,IRV
Borda,0.0,-0.01593625498007968,-0.01593625498007968,0.0,-0.01593625498007968,0.0,0.11553784860557768
plurality,0.01593625498007968,0.0,0.0,0.01593625498007968,0.0,0.01593625498007968,-0.02390438247011952
gt,0.01593625498007968,0.0,0.0,0.01593625498007968,0.0,0.01593625498007968,-0.02390438247011952
minimax,0.0,-0.01593625498007968,-0.01593625498007968,0.0,-0.01593625498007968,0.0,0.11553784860557768
gtd,0.01593625498007968,0.0,0.0,0.01593625498007968,0.0,0.01593625498007968,-0.02390438247011952
Schulze,0.0,-0.01593625498007968,-0.01593625498007968,0.0,-0.01593625498007968,0.0,0.11553784860557768
IRV,-0.11553784860557768,0.02390438247011952,0.02390438247011952,-0.11553784860557768,0.02390438247011952,-0.11553784860557768,0.0
