,Borda,plurality,gt,minimax,gtd,Schulze,IRV
Borda,0.0,-0.041237113402061855,-0.041237113402061855,-0.041237113402061855,0.020618556701030927,-0.041237113402061855,-0.041237113402061855
plurality,0.041237113402061855,0.0,0.0,0.0,-0.013745704467353952,0.0,0.0
gt,0.041237113402061855,0.0,0.0,0.0,-0.013745704467353952,0.0,0.0
minimax,0.041237113402061855,0.0,0.0,0.0,-0.013745704467353952,0.0,0.0
gtd,-0.020618556701030927,0.013745704467353952,0.013745704467353952,0.013745704467353952,0.0,0.013745704467353952,0.013745704467353952
Schulze,0.041237113402061855,0.0,0.0,0.0,-0.013745704467353952,0.0,0.0
IRV,0.041237113402061855,0.0,0.0,0.0,-0.013745704467353952,0.0,0.0
