,Borda,plurality,gt,minimax,gtd,Schulze,IRV
Borda,0.0,-0.04411764705882353,0.04044117647058824,-0.04411764705882353,0.04044117647058824,-0.04411764705882353,0.04044117647058824
plurality,0.04411764705882353,0.0,-0.029411764705882353,0.0,-0.029411764705882353,0.0,-0.029411764705882353
gt,-0.04044117647058824,0.029411764705882353,0.0,0.029411764705882353,0.0,0.029411764705882353,0.0
minimax,0.04411764705882353,0.0,-0.029411764705882353,0.0,-0.029411764705882353,0.0,-0.029411764705882353
gtd,-0.04044117647058824,0.029411764705882353,0.0,0.029411764705882353,0.0,0.029411764705882353,0.0
Schulze,0.04411764705882353,0.0,-0.029411764705882353,0.0,-0.029411764705882353,0.0,-0.029411764705882353
IRV,-0.04044117647058824,0.029411764705882353,0.0,0.029411764705882353,0.0,0.029411764705882353,0.0
