,Borda,plurality,gt,minimax,gtd,Schulze,IRV
Borda,0.0,0.09134615384615384,0.0,0.0,0.0,0.0,0.0
plurality,-0.09134615384615384,0.0,-0.09134615384615384,-0.09134615384615384,-0.09134615384615384,-0.09134615384615384,-0.11538461538461539
gt,0.0,0.09134615384615384,0.0,0.0,0.0,0.0,0.0
minimax,0.0,0.09134615384615384,0.0,0.0,0.0,0.0,0.0
gtd,0.0,0.09134615384615384,0.0,0.0,0.0,0.0,0.0
Schulze,0.0,0.09134615384615384,0.0,0.0,0.0,0.0,0.0
IRV,0.0,0.11538461538461539,0.0,0.0,0.0,0.0,0.0
