,Borda,plurality,gt,minimax,gtd,Schulze,IRV
Borda,0.0,0.003663003663003663,0.0,0.003663003663003663,0.003663003663003663,0.003663003663003663,0.003663003663003663
plurality,-0.003663003663003663,0.0,-0.003663003663003663,0.0,0.0,0.0,0.0
gt,0.0,0.003663003663003663,0.0,0.003663003663003663,0.003663003663003663,0.003663003663003663,0.003663003663003663
minimax,-0.003663003663003663,0.0,-0.003663003663003663,0.0,0.0,0.0,0.0
gtd,-0.003663003663003663,0.0,-0.003663003663003663,0.0,0.0,0.0,0.0
Schulze,-0.003663003663003663,0.0,-0.003663003663003663,0.0,0.0,0.0,0.0
IRV,-0.003663003663003663,0.0,-0.003663003663003663,0.0,0.0,0.0,0.0
