,Borda,plurality,gt,minimax,gtd,Schulze,IRV
Borda,0.0,0.0776255707762557,0.0,0.0,0.0,0.0,0.0
plurality,-0.0776255707762557,0.0,-0.091324200913242,-0.091324200913242,-0.091324200913242,-0.091324200913242,-0.0776255707762557
gt,0.0,0.091324200913242,0.0,0.0,0.0,0.0,0.0
minimax,0.0,0.091324200913242,0.0,0.0,0.0,0.0,0.0
gtd,0.0,0.091324200913242,0.0,0.0,0.0,0.0,0.0
Schulze,0.0,0.091324200913242,0.0,0.0,0.0,0.0,0.0
IRV,0.0,0.0776255707762557,0.0,0.0,0.0,0.0,0.0
