,Borda,plurality,gt,minimax,gtd,Schulze,IRV
Borda,0.0,-0.002652519893899204,-0.002652519893899204,0.0,-0.002652519893899204,0.0,-0.002652519893899204
plurality,0.002652519893899204,0.0,0.0,0.002652519893899204,0.0,0.002652519893899204,0.0
gt,0.002652519893899204,0.0,0.0,0.002652519893899204,0.0,0.002652519893899204,0.0
minimax,0.0,-0.002652519893899204,-0.002652519893899204,0.0,-0.002652519893899204,0.0,-0.002652519893899204
gtd,0.002652519893899204,0.0,0.0,0.002652519893899204,0.0,0.002652519893899204,0.0
Schulze,0.0,-0.002652519893899204,-0.002652519893899204,0.0,-0.002652519893899204,0.0,-0.002652519893899204
IRV,0.002652519893899204,0.0,0.0,0.002652519893899204,0.0,0.002652519893899204,0.0
