,Borda,plurality,gt,minimax,gtd,Schulze,IRV
Borda,0.0,0.0,0.0,0.0,0.0,0.0,0.003875968992248062
plurality,0.0,0.0,0.0,0.0,0.0,0.0,-0.007751937984496124
gt,0.0,0.0,0.0,0.0,0.0,0.0,-0.007751937984496124
minimax,0.0,0.0,0.0,0.0,0.0,0.0,0.003875968992248062
gtd,0.0,0.0,0.0,0.0,0.0,0.0,0.003875968992248062
Schulze,0.0,0.0,0.0,0.0,0.0,0.0,0.003875968992248062
IRV,-0.003875968992248062,0.007751937984496124,0.007751937984496124,-0.003875968992248062,-0.003875968992248062,-0.003875968992248062,0.0
