,Borda,plurality,gt,minimax,gtd,Schulze,IRV
Borda,0.0,0.022598870056497175,-0.011299435028248588,0.0,-0.011299435028248588,0.0,0.022598870056497175
plurality,-0.022598870056497175,0.0,0.022598870056497175,-0.022598870056497175,0.022598870056497175,-0.022598870056497175,0.0
gt,0.011299435028248588,-0.022598870056497175,0.0,0.011299435028248588,0.0,0.011299435028248588,-0.022598870056497175
minimax,0.0,0.022598870056497175,-0.011299435028248588,0.0,-0.011299435028248588,0.0,0.022598870056497175
gtd,0.011299435028248588,-0.022598870056497175,0.0,0.011299435028248588,0.0,0.011299435028248588,-0.022598870056497175
Schulze,0.0,0.022598870056497175,-0.011299435028248588,0.0,-0.011299435028248588,0.0,0.022598870056497175
IRV,-0.022598870056497175,0.0,0.022598870056497175,-0.022598870056497175,0.022598870056497175,-0.022598870056497175,0.0
