,Borda,plurality,gt,minimax,gtd,Schulze,IRV
Borda,0.0,-0.05555555555555555,-0.05555555555555555,-0.05555555555555555,-0.05555555555555555,-0.05555555555555555,-0.05555555555555555
plurality,0.05555555555555555,0.0,0.0,0.0,0.0,0.0,0.0
gt,0.05555555555555555,0.0,0.0,0.0,0.0,0.0,0.0
minimax,0.05555555555555555,0.0,0.0,0.0,0.0,0.0,0.0
gtd,0.05555555555555555,0.0,0.0,0.0,0.0,0.0,0.0
Schulze,0.05555555555555555,0.0,0.0,0.0,0.0,0.0,0.0
IRV,0.05555555555555555,0.0,0.0,0.0,0.0,0.0,0.0
