,Borda,plurality,gt,minimax,gtd,Schulze,IRV
Borda,0.0,-0.007594936708860759,0.05822784810126582,-0.007594936708860759,-0.007594936708860759,-0.007594936708860759,-0.007594936708860759
plurality,0.007594936708860759,0.0,-0.002531645569620253,0.0,0.0,0.0,0.0
gt,-0.05822784810126582,0.002531645569620253,0.0,0.002531645569620253,0.002531645569620253,0.002531645569620253,0.002531645569620253
minimax,0.007594936708860759,0.0,-0.002531645569620253,0.0,0.0,0.0,0.0
gtd,0.007594936708860759,0.0,-0.002531645569620253,0.0,0.0,0.0,0.0
Schulze,0.007594936708860759,0.0,-0.002531645569620253,0.0,0.0,0.0,0.0
IRV,0.007594936708860759,0.0,-0.002531645569620253,0.0,0.0,0.0,0.0
