,Borda,plurality,gt,minimax,gtd,Schulze,IRV
Borda,0.0,0.015209125475285171,0.0,0.0,0.0,0.0,0.0
plurality,-0.015209125475285171,0.0,0.034220532319391636,-0.015209125475285171,-0.015209125475285171,-0.015209125475285171,-0.015209125475285171
gt,0.0,-0.034220532319391636,0.0,0.0,0.0,0.0,0.0
minimax,0.0,0.015209125475285171,0.0,0.0,0.0,0.0,0.0
gtd,0.0,0.015209125475285171,0.0,0.0,0.0,0.0,0.0
Schulze,0.0,0.015209125475285171,0.0,0.0,0.0,0.0,0.0
IRV,0.0,0.015209125475285171,0.0,0.0,0.0,0.0,0.0
