,Borda,plurality,gt,minimax,gtd,Schulze,IRV
Borda,0.0,0.02875399361022364,0.0,0.0,-0.003194888178913738,0.0,0.02875399361022364
plurality,-0.02875399361022364,0.0,-0.02875399361022364,-0.02875399361022364,0.009584664536741214,-0.02875399361022364,0.0
gt,0.0,0.02875399361022364,0.0,0.0,-0.003194888178913738,0.0,0.02875399361022364
minimax,0.0,0.02875399361022364,0.0,0.0,-0.003194888178913738,0.0,0.02875399361022364
gtd,0.003194888178913738,-0.009584664536741214,0.003194888178913738,0.003194888178913738,0.0,0.003194888178913738,-0.009584664536741214
Schulze,0.0,0.02875399361022364,0.0,0.0,-0.003194888178913738,0.0,0.02875399361022364
IRV,-0.02875399361022364,0.0,-0.02875399361022364,-0.02875399361022364,0.009584664536741214,-0.02875399361022364,0.0
