,Borda,plurality,gt,minimax,gtd,Schulze,IRV
Borda,0.0,0.09239130434782608,-0.010869565217391304,0.0,-0.010869565217391304,0.0,0.09239130434782608
plurality,-0.09239130434782608,0.0,0.016304347826086956,-0.09239130434782608,0.016304347826086956,-0.09239130434782608,0.0
gt,0.010869565217391304,-0.016304347826086956,0.0,0.010869565217391304,0.0,0.010869565217391304,-0.016304347826086956
minimax,0.0,0.09239130434782608,-0.010869565217391304,0.0,-0.010869565217391304,0.0,0.09239130434782608
gtd,0.010869565217391304,-0.016304347826086956,0.0,0.010869565217391304,0.0,0.010869565217391304,-0.016304347826086956
Schulze,0.0,0.09239130434782608,-0.010869565217391304,0.0,-0.010869565217391304,0.0,0.09239130434782608
IRV,-0.09239130434782608,0.0,0.016304347826086956,-0.09239130434782608,0.016304347826086956,-0.09239130434782608,0.0
