,Borda,plurality,gt,minimax,gtd,Schulze,IRV
Borda,0.0,0.0136986301369863,-0.0106544901065449,0.0,0.0,0.0,0.0
plurality,-0.0136986301369863,0.0,0.0350076103500761,-0.0136986301369863,-0.0136986301369863,-0.0136986301369863,-0.0136986301369863
gt,0.0106544901065449,-0.0350076103500761,0.0,0.0106544901065449,0.0106544901065449,0.0106544901065449,0.0106544901065449
minimax,0.0,0.0136986301369863,-0.0106544901065449,0.0,0.0,0.0,0.0
gtd,0.0,0.0136986301369863,-0.0106544901065449,0.0,0.0,0.0,0.0
Schulze,0.0,0.0136986301369863,-0.0106544901065449,0.0,0.0,0.0,0.0
IRV,0.0,0.0136986301369863,-0.0106544901065449,0.0,0.0,0.0,0.0
