,Borda,plurality,gt,minimax,gtd,Schulze,IRV
Borda,0.0,-0.03667481662591687,0.022004889975550123,-0.03667481662591687,0.022004889975550123,-0.03667481662591687,0.022004889975550123
plurality,0.03667481662591687,0.0,-0.007334963325183374,0.0,-0.007334963325183374,0.0,-0.007334963325183374
gt,-0.022004889975550123,0.007334963325183374,0.0,0.007334963325183374,0.0,0.007334963325183374,0.0
minimax,0.03667481662591687,0.0,-0.007334963325183374,0.0,-0.007334963325183374,0.0,-0.007334963325183374
gtd,-0.022004889975550123,0.007334963325183374,0.0,0.007334963325183374,0.0,0.007334963325183374,0.0
Schulze,0.03667481662591687,0.0,-0.007334963325183374,0.0,-0.007334963325183374,0.0,-0.007334963325183374
IRV,-0.022004889975550123,0.007334963325183374,0.0,0.007334963325183374,0.0,0.007334963325183374,0.0
