,Borda,plurality,gt,minimax,gtd,Schulze,IRV
Borda,0.0,0.056818181818181816,-0.011363636363636364,-0.011363636363636364,-0.011363636363636364,-0.011363636363636364,-0.011363636363636364
plurality,-0.056818181818181816,0.0,0.0,0.0,0.0,0.0,0.0
gt,0.011363636363636364,0.0,0.0,0.0,0.0,0.0,0.0
minimax,0.011363636363636364,0.0,0.0,0.0,0.0,0.0,0.0
gtd,0.011363636363636364,0.0,0.0,0.0,0.0,0.0,0.0
Schulze,0.011363636363636364,0.0,0.0,0.0,0.0,0.0,0.0
IRV,0.011363636363636364,0.0,0.0,0.0,0.0,0.0,0.0
