,Borda,plurality,gt,minimax,gtd,Schulze,IRV
Borda,0.0,0.0,0.0,-0.042735042735042736,-0.042735042735042736,-0.042735042735042736,0.0
plurality,0.0,0.0,0.0,-0.042735042735042736,-0.042735042735042736,-0.042735042735042736,0.0
gt,0.0,0.0,0.0,-0.042735042735042736,-0.042735042735042736,-0.042735042735042736,0.0
minimax,0.042735042735042736,0.042735042735042736,0.042735042735042736,0.0,0.0,0.0,0.042735042735042736
gtd,0.042735042735042736,0.042735042735042736,0.042735042735042736,0.0,0.0,0.0,0.042735042735042736
Schulze,0.042735042735042736,0.042735042735042736,0.042735042735042736,0.0,0.0,0.0,0.042735042735042736
IRV,0.0,0.0,0.0,-0.042735042735042736,-0.042735042735042736,-0.042735042735042736,0.0
