,Borda,plurality,gt,minimax,gtd,Schulze,IRV
Borda,0.0,-0.0267639902676399,0.07542579075425791,-0.0267639902676399,-0.0267639902676399,-0.0267639902676399,0.07542579075425791
plurality,0.0267639902676399,0.0,-0.012165450121654502,0.0,0.0,0.0,-0.012165450121654502
gt,-0.07542579075425791,0.012165450121654502,0.0,0.012165450121654502,0.012165450121654502,0.012165450121654502,0.0
minimax,0.0267639902676399,0.0,-0.012165450121654502,0.0,0.0,0.0,-0.012165450121654502
gtd,0.0267639902676399,0.0,-0.012165450121654502,0.0,0.0,0.0,-0.012165450121654502
Schulze,0.0267639902676399,0.0,-0.012165450121654502,0.0,0.0,0.0,-0.012165450121654502
IRV,-0.07542579075425791,0.012165450121654502,0.0,0.012165450121654502,0.012165450121654502,0.012165450121654502,0.0
