,Borda,plurality,gt,minimax,gtd,Schulze,IRV
Borda,0.0,-0.039627039627039624,-0.039627039627039624,-0.039627039627039624,0.030303030303030304,-0.039627039627039624,0.030303030303030304
plurality,0.039627039627039624,0.0,0.0,0.0,-0.02097902097902098,0.0,-0.02097902097902098
gt,0.039627039627039624,0.0,0.0,0.0,-0.02097902097902098,0.0,-0.02097902097902098
minimax,0.039627039627039624,0.0,0.0,0.0,-0.02097902097902098,0.0,-0.02097902097902098
gtd,-0.030303030303030304,0.02097902097902098,0.02097902097902098,0.02097902097902098,0.0,0.02097902097902098,0.0
Schulze,0.039627039627039624,0.0,0.0,0.0,-0.02097902097902098,0.0,-0.02097902097902098
IRV,-0.030303030303030304,0.02097902097902098,0.02097902097902098,0.02097902097902098,0.0,0.02097902097902098,0.0
