,Borda,plurality,gt,minimax,gtd,Schulze,IRV
Borda,0.0,0.018404907975460124,0.0,0.0,-0.002044989775051125,0.0,0.0
plurality,-0.018404907975460124,0.0,-0.018404907975460124,-0.018404907975460124,0.014314928425357873,-0.018404907975460124,-0.018404907975460124
gt,0.0,0.018404907975460124,0.0,0.0,-0.002044989775051125,0.0,0.0
minimax,0.0,0.018404907975460124,0.0,0.0,-0.002044989775051125,0.0,0.0
gtd,0.002044989775051125,-0.014314928425357873,0.002044989775051125,0.002044989775051125,0.0,0.002044989775051125,0.002044989775051125
Schulze,0.0,0.018404907975460124,0.0,0.0,-0.002044989775051125,0.0,0.0
IRV,0.0,0.018404907975460124,0.0,0.0,-0.002044989775051125,0.0,0.0
