,Borda,plurality,gt,minimax,gtd,Schulze,IRV
Borda,0.0,0.0737913486005089,-0.03307888040712468,-0.03307888040712468,-0.03307888040712468,-0.03307888040712468,0.0
plurality,-0.0737913486005089,0.0,0.002544529262086514,0.002544529262086514,0.002544529262086514,0.002544529262086514,-0.0737913486005089
gt,0.03307888040712468,-0.002544529262086514,0.0,0.0,0.0,0.0,0.03307888040712468
minimax,0.03307888040712468,-0.002544529262086514,0.0,0.0,0.0,0.0,0.03307888040712468
gtd,0.03307888040712468,-0.002544529262086514,0.0,0.0,0.0,0.0,0.03307888040712468
Schulze,0.03307888040712468,-0.002544529262086514,0.0,0.0,0.0,0.0,0.03307888040712468
IRV,0.0,0.0737913486005089,-0.03307888040712468,-0.03307888040712468,-0.03307888040712468,-0.03307888040712468,0.0
