,Borda,plurality,gt,minimax,gtd,Schulze,IRV
Borda,0.0,0.02535211267605634,0.02535211267605634,0.02535211267605634,0.0,0.02535211267605634,0.02535211267605634
plurality,-0.02535211267605634,0.0,0.0,0.0,-0.02535211267605634,0.0,0.0
gt,-0.02535211267605634,0.0,0.0,0.0,-0.02535211267605634,0.0,0.0
minimax,-0.02535211267605634,0.0,0.0,0.0,-0.02535211267605634,0.0,0.0
gtd,0.0,0.02535211267605634,0.02535211267605634,0.02535211267605634,0.0,0.02535211267605634,0.02535211267605634
Schulze,-0.02535211267605634,0.0,0.0,0.0,-0.02535211267605634,0.0,0.0
IRV,-0.02535211267605634,0.0,0.0,0.0,-0.02535211267605634,0.0,0.0
