,Borda,plurality,gt,minimax,gtd,Schulze,IRV
Borda,0.0,0.052083333333333336,-0.052083333333333336,-0.052083333333333336,-0.052083333333333336,-0.052083333333333336,0.0
plurality,-0.052083333333333336,0.0,0.0,0.0,0.0,0.0,-0.052083333333333336
gt,0.052083333333333336,0.0,0.0,0.0,0.0,0.0,0.052083333333333336
minimax,0.052083333333333336,0.0,0.0,0.0,0.0,0.0,0.052083333333333336
gtd,0.052083333333333336,0.0,0.0,0.0,0.0,0.0,0.052083333333333336
Schulze,0.052083333333333336,0.0,0.0,0.0,0.0,0.0,0.052083333333333336
IRV,0.0,0.052083333333333336,-0.052083333333333336,-0.052083333333333336,-0.052083333333333336,-0.052083333333333336,0.0
