,Borda,plurality,gt,minimax,gtd,Schulze,IRV
Borda,0.0,0.07012987012987013,-0.04415584415584416,-0.04415584415584416,-0.04415584415584416,-0.04415584415584416,0.0
plurality,-0.07012987012987013,0.0,0.012987012987012988,0.012987012987012988,0.012987012987012988,0.012987012987012988,-0.07012987012987013
gt,0.04415584415584416,-0.012987012987012988,0.0,0.0,0.0,0.0,0.04415584415584416
minimax,0.04415584415584416,-0.012987012987012988,0.0,0.0,0.0,0.0,0.04415584415584416
gtd,0.04415584415584416,-0.012987012987012988,0.0,0.0,0.0,0.0,0.04415584415584416
Schulze,0.04415584415584416,-0.012987012987012988,0.0,0.0,0.0,0.0,0.04415584415584416
IRV,0.0,0.07012987012987013,-0.04415584415584416,-0.04415584415584416,-0.04415584415584416,-0.04415584415584416,0.0
