,Borda,plurality,gt,minimax,gtd,Schulze,IRV
Borda,0.0,-0.036414565826330535,0.0,-0.036414565826330535,0.025210084033613446,-0.036414565826330535,-0.036414565826330535
plurality,0.036414565826330535,0.0,0.036414565826330535,0.0,-0.014005602240896359,0.0,0.0
gt,0.0,-0.036414565826330535,0.0,-0.036414565826330535,0.025210084033613446,-0.036414565826330535,-0.036414565826330535
minimax,0.036414565826330535,0.0,0.036414565826330535,0.0,-0.014005602240896359,0.0,0.0
gtd,-0.025210084033613446,0.014005602240896359,-0.025210084033613446,0.014005602240896359,0.0,0.014005602240896359,0.014005602240896359
Schulze,0.036414565826330535,0.0,0.036414565826330535,0.0,-0.014005602240896359,0.0,0.0
IRV,0.036414565826330535,0.0,0.036414565826330535,0.0,-0.014005602240896359,0.0,0.0
