,Borda,plurality,gt,minimax,gtd,Schulze,IRV
Borda,0.0,0.0,0.0,0.0,-0.008032128514056224,0.0,-0.008032128514056224
plurality,0.0,0.0,0.0,0.0,-0.008032128514056224,0.0,-0.008032128514056224
gt,0.0,0.0,0.0,0.0,-0.008032128514056224,0.0,-0.008032128514056224
minimax,0.0,0.0,0.0,0.0,-0.008032128514056224,0.0,-0.008032128514056224
gtd,0.008032128514056224,0.008032128514056224,0.008032128514056224,0.008032128514056224,0.0,0.008032128514056224,0.0
Schulze,0.0,0.0,0.0,0.0,-0.008032128514056224,0.0,-0.008032128514056224
IRV,0.008032128514056224,0.008032128514056224,0.008032128514056224,0.008032128514056224,0.0,0.008032128514056224,0.0
