,Borda,plurality,gt,minimax,gtd,Schulze,IRV
Borda,0.0,0.06382978723404255,0.0,0.0,-0.004909983633387889,0.0,0.0
plurality,-0.06382978723404255,0.0,-0.06382978723404255,-0.06382978723404255,-0.01800327332242226,-0.06382978723404255,-0.06382978723404255
gt,0.0,0.06382978723404255,0.0,0.0,-0.004909983633387889,0.0,0.0
minimax,0.0,0.06382978723404255,0.0,0.0,-0.004909983633387889,0.0,0.0
gtd,0.004909983633387889,0.01800327332242226,0.004909983633387889,0.004909983633387889,0.0,0.004909983633387889,0.004909983633387889
Schulze,0.0,0.06382978723404255,0.0,0.0,-0.004909983633387889,0.0,0.0
IRV,0.0,0.06382978723404255,0.0,0.0,-0.004909983633387889,0.0,0.0
