,Borda,plurality,gt,minimax,gtd,Schulze,IRV
Borda,0.0,0.004098360655737705,0.0,0.0,0.0,0.0,0.004098360655737705
plurality,-0.004098360655737705,0.0,-0.004098360655737705,-0.004098360655737705,-0.004098360655737705,-0.004098360655737705,0.0
gt,0.0,0.004098360655737705,0.0,0.0,0.0,0.0,0.004098360655737705
minimax,0.0,0.004098360655737705,0.0,0.0,0.0,0.0,0.004098360655737705
gtd,0.0,0.004098360655737705,0.0,0.0,0.0,0.0,0.004098360655737705
Schulze,0.0,0.004098360655737705,0.0,0.0,0.0,0.0,0.004098360655737705
IRV,-0.004098360655737705,0.0,-0.004098360655737705,-0.004098360655737705,-0.004098360655737705,-0.004098360655737705,0.0
