,Borda,plurality,gt,minimax,gtd,Schulze,IRV
Borda,0.0,0.0675990675990676,0.0,0.0,-0.02564102564102564,0.0,0.0675990675990676
plurality,-0.0675990675990676,0.0,-0.0675990675990676,-0.0675990675990676,0.04895104895104895,-0.0675990675990676,0.0
gt,0.0,0.0675990675990676,0.0,0.0,-0.02564102564102564,0.0,0.0675990675990676
minimax,0.0,0.0675990675990676,0.0,0.0,-0.02564102564102564,0.0,0.0675990675990676
gtd,0.02564102564102564,-0.04895104895104895,0.02564102564102564,0.02564102564102564,0.0,0.02564102564102564,-0.04895104895104895
Schulze,0.0,0.0675990675990676,0.0,0.0,-0.02564102564102564,0.0,0.0675990675990676
IRV,-0.0675990675990676,0.0,-0.0675990675990676,-0.0675990675990676,0.04895104895104895,-0.0675990675990676,0.0
