,Borda,plurality,gt,minimax,gtd,Schulze,IRV
Borda,0.0,0.1736842105263158,0.0,0.0,0.0,0.0,0.0
plurality,-0.1736842105263158,0.0,-0.18947368421052632,-0.18947368421052632,-0.18947368421052632,-0.18947368421052632,-0.1736842105263158
gt,0.0,0.18947368421052632,0.0,0.0,0.0,0.0,0.0
minimax,0.0,0.18947368421052632,0.0,0.0,0.0,0.0,0.0
gtd,0.0,0.18947368421052632,0.0,0.0,0.0,0.0,0.0
Schulze,0.0,0.18947368421052632,0.0,0.0,0.0,0.0,0.0
IRV,0.0,0.1736842105263158,0.0,0.0,0.0,0.0,0.0
