,Borda,plurality,gt,minimax,gtd,Schulze,IRV
Borda,0.0,-0.015706806282722512,-0.015706806282722512,-0.015706806282722512,-0.015706806282722512,-0.015706806282722512,0.020942408376963352
plurality,0.015706806282722512,0.0,0.0,0.0,0.0,0.0,-0.010471204188481676
gt,0.015706806282722512,0.0,0.0,0.0,0.0,0.0,-0.010471204188481676
minimax,0.015706806282722512,0.0,0.0,0.0,0.0,0.0,-0.010471204188481676
gtd,0.015706806282722512,0.0,0.0,0.0,0.0,0.0,-0.010471204188481676
Schulze,0.015706806282722512,0.0,0.0,0.0,0.0,0.0,-0.010471204188481676
IRV,-0.020942408376963352,0.010471204188481676,0.010471204188481676,0.010471204188481676,0.010471204188481676,0.010471204188481676,0.0
