,Borda,plurality,gt,minimax,gtd,Schulze,IRV
Borda,0.0,0.023178807947019868,0.0,0.0,0.0,0.0,0.023178807947019868
plurality,-0.023178807947019868,0.0,0.009933774834437087,-0.023178807947019868,-0.023178807947019868,-0.023178807947019868,0.0
gt,0.0,-0.009933774834437087,0.0,0.0,0.0,0.0,-0.009933774834437087
minimax,0.0,0.023178807947019868,0.0,0.0,0.0,0.0,0.023178807947019868
gtd,0.0,0.023178807947019868,0.0,0.0,0.0,0.0,0.023178807947019868
Schulze,0.0,0.023178807947019868,0.0,0.0,0.0,0.0,0.023178807947019868
IRV,-0.023178807947019868,0.0,0.009933774834437087,-0.023178807947019868,-0.023178807947019868,-0.023178807947019868,0.0
