,Borda,plurality,gt,minimax,gtd,Schulze,IRV
Borda,0.0,0.07122507122507123,-0.019943019943019943,-0.019943019943019943,-0.019943019943019943,-0.019943019943019943,0.0
plurality,-0.07122507122507123,0.0,0.002849002849002849,0.002849002849002849,0.002849002849002849,0.002849002849002849,-0.07122507122507123
gt,0.019943019943019943,-0.002849002849002849,0.0,0.0,0.0,0.0,0.019943019943019943
minimax,0.019943019943019943,-0.002849002849002849,0.0,0.0,0.0,0.0,0.019943019943019943
gtd,0.019943019943019943,-0.002849002849002849,0.0,0.0,0.0,0.0,0.019943019943019943
Schulze,0.019943019943019943,-0.002849002849002849,0.0,0.0,0.0,0.0,0.019943019943019943
IRV,0.0,0.07122507122507123,-0.019943019943019943,-0.019943019943019943,-0.019943019943019943,-0.019943019943019943,0.0
