,Borda,plurality,gt,minimax,gtd,Schulze,IRV
Borda,0.0,0.040214477211796246,-0.00804289544235925,0.0,-0.00804289544235925,0.0,0.040214477211796246
plurality,-0.040214477211796246,0.0,0.013404825737265416,-0.040214477211796246,0.013404825737265416,-0.040214477211796246,0.0
gt,0.00804289544235925,-0.013404825737265416,0.0,0.00804289544235925,0.0,0.00804289544235925,-0.013404825737265416
minimax,0.0,0.040214477211796246,-0.00804289544235925,0.0,-0.00804289544235925,0.0,0.040214477211796246
gtd,0.00804289544235925,-0.013404825737265416,0.0,0.00804289544235925,0.0,0.00804289544235925,-0.013404825737265416
Schulze,0.0,0.040214477211796246,-0.00804289544235925,0.0,-0.00804289544235925,0.0,0.040214477211796246
IRV,-0.040214477211796246,0.0,0.013404825737265416,-0.040214477211796246,0.013404825737265416,-0.040214477211796246,0.0
