,Borda,plurality,gt,minimax,gtd,Schulze,IRV
Borda,0.0,-0.002785515320334262,-0.002785515320334262,-0.002785515320334262,-0.002785515320334262,-0.002785515320334262,0.036211699164345405
plurality,0.002785515320334262,0.0,0.0,0.0,0.0,0.0,-0.002785515320334262
gt,0.002785515320334262,0.0,0.0,0.0,0.0,0.0,-0.002785515320334262
minimax,0.002785515320334262,0.0,0.0,0.0,0.0,0.0,-0.002785515320334262
gtd,0.002785515320334262,0.0,0.0,0.0,0.0,0.0,-0.002785515320334262
Schulze,0.002785515320334262,0.0,0.0,0.0,0.0,0.0,-0.002785515320334262
IRV,-0.036211699164345405,0.002785515320334262,0.002785515320334262,0.002785515320334262,0.002785515320334262,0.002785515320334262,0.0
