,Borda,plurality,gt,minimax,gtd,Schulze,IRV
Borda,0.0,0.0,0.0,0.0,-0.02185792349726776,0.0,-0.02185792349726776
plurality,0.0,0.0,0.0,0.0,-0.02185792349726776,0.0,-0.02185792349726776
gt,0.0,0.0,0.0,0.0,-0.02185792349726776,0.0,-0.02185792349726776
minimax,0.0,0.0,0.0,0.0,-0.02185792349726776,0.0,-0.02185792349726776
gtd,0.02185792349726776,0.02185792349726776,0.02185792349726776,0.02185792349726776,0.0,0.02185792349726776,0.0
Schulze,0.0,0.0,0.0,0.0,-0.02185792349726776,0.0,-0.02185792349726776
IRV,0.02185792349726776,0.02185792349726776,0.02185792349726776,0.02185792349726776,0.0,0.02185792349726776,0.0
