,Borda,plurality,gt,minimax,gtd,Schulze,IRV
Borda,0.0,0.030211480362537766,-0.006042296072507553,0.0,0.0,0.0,0.0
plurality,-0.030211480362537766,0.0,0.03625377643504532,-0.030211480362537766,-0.030211480362537766,-0.030211480362537766,-0.030211480362537766
gt,0.006042296072507553,-0.03625377643504532,0.0,0.006042296072507553,0.006042296072507553,0.006042296072507553,0.006042296072507553
minimax,0.0,0.030211480362537766,-0.006042296072507553,0.0,0.0,0.0,0.0
gtd,0.0,0.030211480362537766,-0.006042296072507553,0.0,0.0,0.0,0.0
Schulze,0.0,0.030211480362537766,-0.006042296072507553,0.0,0.0,0.0,0.0
IRV,0.0,0.030211480362537766,-0.006042296072507553,0.0,0.0,0.0,0.0
