,Borda,plurality,gt,minimax,gtd,Schulze,IRV
Borda,0.0,-0.003105590062111801,-0.003105590062111801,0.0,-0.003105590062111801,0.0,-0.003105590062111801
plurality,0.003105590062111801,0.0,0.0,0.003105590062111801,0.0,0.003105590062111801,0.0
gt,0.003105590062111801,0.0,0.0,0.003105590062111801,0.0,0.003105590062111801,0.0
minimax,0.0,-0.003105590062111801,-0.003105590062111801,0.0,-0.003105590062111801,0.0,-0.003105590062111801
gtd,0.003105590062111801,0.0,0.0,0.003105590062111801,0.0,0.003105590062111801,0.0
Schulze,0.0,-0.003105590062111801,-0.003105590062111801,0.0,-0.003105590062111801,0.0,-0.003105590062111801
IRV,0.003105590062111801,0.0,0.0,0.003105590062111801,0.0,0.003105590062111801,0.0
