,Borda,plurality,gt,minimax,gtd,Schulze,IRV
Borda,0.0,-0.019178082191780823,0.0,0.0,0.0,0.0,0.030136986301369864
plurality,0.019178082191780823,0.0,0.019178082191780823,0.019178082191780823,0.019178082191780823,0.019178082191780823,-0.057534246575342465
gt,0.0,-0.019178082191780823,0.0,0.0,0.0,0.0,0.030136986301369864
minimax,0.0,-0.019178082191780823,0.0,0.0,0.0,0.0,0.030136986301369864
gtd,0.0,-0.019178082191780823,0.0,0.0,0.0,0.0,0.030136986301369864
Schulze,0.0,-0.019178082191780823,0.0,0.0,0.0,0.0,0.030136986301369864
IRV,-0.030136986301369864,0.057534246575342465,-0.030136986301369864,-0.030136986301369864,-0.030136986301369864,-0.030136986301369864,0.0
