,Borda,plurality,gt,minimax,gtd,Schulze,IRV
Borda,0.0,-0.0651685393258427,0.08764044943820225,-0.0651685393258427,-0.0651685393258427,-0.0651685393258427,-0.0651685393258427
plurality,0.0651685393258427,0.0,-0.006741573033707865,0.0,0.0,0.0,0.0
gt,-0.08764044943820225,0.006741573033707865,0.0,0.006741573033707865,0.006741573033707865,0.006741573033707865,0.006741573033707865
minimax,0.0651685393258427,0.0,-0.006741573033707865,0.0,0.0,0.0,0.0
gtd,0.0651685393258427,0.0,-0.006741573033707865,0.0,0.0,0.0,0.0
Schulze,0.0651685393258427,0.0,-0.006741573033707865,0.0,0.0,0.0,0.0
IRV,0.0651685393258427,0.0,-0.006741573033707865,0.0,0.0,0.0,0.0
