,Borda,plurality,gt,minimax,gtd,Schulze,IRV
Borda,0.0,-0.004098360655737705,0.0,0.0,0.0,0.0,0.012295081967213115
plurality,0.004098360655737705,0.0,0.004098360655737705,0.004098360655737705,0.004098360655737705,0.004098360655737705,-0.020491803278688523
gt,0.0,-0.004098360655737705,0.0,0.0,0.0,0.0,0.012295081967213115
minimax,0.0,-0.004098360655737705,0.0,0.0,0.0,0.0,0.012295081967213115
gtd,0.0,-0.004098360655737705,0.0,0.0,0.0,0.0,0.012295081967213115
Schulze,0.0,-0.004098360655737705,0.0,0.0,0.0,0.0,0.012295081967213115
IRV,-0.012295081967213115,0.020491803278688523,-0.012295081967213115,-0.012295081967213115,-0.012295081967213115,-0.012295081967213115,0.0
