,Borda,plurality,gt,minimax,gtd,Schulze,IRV
Borda,0.0,-0.0045662100456621,0.0593607305936073,0.0,-0.0045662100456621,0.0,0.0593607305936073
plurality,0.0045662100456621,0.0,-0.0273972602739726,0.0045662100456621,0.0,0.0045662100456621,-0.0273972602739726
gt,-0.0593607305936073,0.0273972602739726,0.0,-0.0593607305936073,0.0273972602739726,-0.0593607305936073,0.0
minimax,0.0,-0.0045662100456621,0.0593607305936073,0.0,-0.0045662100456621,0.0,0.0593607305936073
gtd,0.0045662100456621,0.0,-0.0273972602739726,0.0045662100456621,0.0,0.0045662100456621,-0.0273972602739726
Schulze,0.0,-0.0045662100456621,0.0593607305936073,0.0,-0.0045662100456621,0.0,0.0593607305936073
IRV,-0.0593607305936073,0.0273972602739726,0.0,-0.0593607305936073,0.0273972602739726,-0.0593607305936073,0.0
