,Borda,plurality,gt,minimax,gtd,Schulze,IRV
Borda,0.0,0.033766233766233764,-0.0025974025974025974,0.0,-0.0025974025974025974,0.0,0.0
plurality,-0.033766233766233764,0.0,0.012987012987012988,-0.033766233766233764,0.012987012987012988,-0.033766233766233764,-0.033766233766233764
gt,0.0025974025974025974,-0.012987012987012988,0.0,0.0025974025974025974,0.0,0.0025974025974025974,0.0025974025974025974
minimax,0.0,0.033766233766233764,-0.0025974025974025974,0.0,-0.0025974025974025974,0.0,0.0
gtd,0.0025974025974025974,-0.012987012987012988,0.0,0.0025974025974025974,0.0,0.0025974025974025974,0.0025974025974025974
Schulze,0.0,0.033766233766233764,-0.0025974025974025974,0.0,-0.0025974025974025974,0.0,0.0
IRV,0.0,0.033766233766233764,-0.0025974025974025974,0.0,-0.0025974025974025974,0.0,0.0
