,Borda,plurality,gt,minimax,gtd,Schulze,IRV
Borda,0.0,0.08205128205128205,0.0,0.0,0.0,0.0,0.0
plurality,-0.08205128205128205,0.0,-0.09743589743589744,-0.09743589743589744,-0.09743589743589744,-0.09743589743589744,-0.08205128205128205
gt,0.0,0.09743589743589744,0.0,0.0,0.0,0.0,0.0
minimax,0.0,0.09743589743589744,0.0,0.0,0.0,0.0,0.0
gtd,0.0,0.09743589743589744,0.0,0.0,0.0,0.0,0.0
Schulze,0.0,0.09743589743589744,0.0,0.0,0.0,0.0,0.0
IRV,0.0,0.08205128205128205,0.0,0.0,0.0,0.0,0.0
