,Borda,plurality,gt,minimax,gtd,Schulze,IRV
Borda,0.0,-0.07913669064748201,-0.07913669064748201,-0.07913669064748201,0.05515587529976019,-0.07913669064748201,-0.07913669064748201
plurality,0.07913669064748201,0.0,0.0,0.0,-0.016786570743405275,0.0,0.0
gt,0.07913669064748201,0.0,0.0,0.0,-0.016786570743405275,0.0,0.0
minimax,0.07913669064748201,0.0,0.0,0.0,-0.016786570743405275,0.0,0.0
gtd,-0.05515587529976019,0.016786570743405275,0.016786570743405275,0.016786570743405275,0.0,0.016786570743405275,0.016786570743405275
Schulze,0.07913669064748201,0.0,0.0,0.0,-0.016786570743405275,0.0,0.0
IRV,0.07913669064748201,0.0,0.0,0.0,-0.016786570743405275,0.0,0.0
