,Borda,plurality,gt,minimax,gtd,Schulze,IRV
Borda,0.0,0.02981029810298103,-0.008130081300813009,0.0,-0.008130081300813009,0.0,0.0
plurality,-0.02981029810298103,0.0,-0.024390243902439025,-0.02981029810298103,-0.024390243902439025,-0.02981029810298103,-0.02981029810298103
gt,0.008130081300813009,0.024390243902439025,0.0,0.008130081300813009,0.0,0.008130081300813009,0.008130081300813009
minimax,0.0,0.02981029810298103,-0.008130081300813009,0.0,-0.008130081300813009,0.0,0.0
gtd,0.008130081300813009,0.024390243902439025,0.0,0.008130081300813009,0.0,0.008130081300813009,0.008130081300813009
Schulze,0.0,0.02981029810298103,-0.008130081300813009,0.0,-0.008130081300813009,0.0,0.0
IRV,0.0,0.02981029810298103,-0.008130081300813009,0.0,-0.008130081300813009,0.0,0.0
