,Borda,plurality,gt,minimax,gtd,Schulze,IRV
Borda,0.0,-0.009302325581395349,-0.009302325581395349,-0.009302325581395349,-0.009302325581395349,-0.009302325581395349,0.13023255813953488
plurality,0.009302325581395349,0.0,0.0,0.0,0.0,0.0,-0.009302325581395349
gt,0.009302325581395349,0.0,0.0,0.0,0.0,0.0,-0.009302325581395349
minimax,0.009302325581395349,0.0,0.0,0.0,0.0,0.0,-0.009302325581395349
gtd,0.009302325581395349,0.0,0.0,0.0,0.0,0.0,-0.009302325581395349
Schulze,0.009302325581395349,0.0,0.0,0.0,0.0,0.0,-0.009302325581395349
IRV,-0.13023255813953488,0.009302325581395349,0.009302325581395349,0.009302325581395349,0.009302325581395349,0.009302325581395349,0.0
