,Borda,plurality,gt,minimax,gtd,Schulze,IRV
Borda,0.0,0.1889168765743073,-0.037783375314861464,0.0,-0.037783375314861464,0.0,-0.037783375314861464
plurality,-0.1889168765743073,0.0,-0.20906801007556675,-0.1889168765743073,-0.20906801007556675,-0.1889168765743073,-0.20906801007556675
gt,0.037783375314861464,0.20906801007556675,0.0,0.037783375314861464,0.0,0.037783375314861464,0.0
minimax,0.0,0.1889168765743073,-0.037783375314861464,0.0,-0.037783375314861464,0.0,-0.037783375314861464
gtd,0.037783375314861464,0.20906801007556675,0.0,0.037783375314861464,0.0,0.037783375314861464,0.0
Schulze,0.0,0.1889168765743073,-0.037783375314861464,0.0,-0.037783375314861464,0.0,-0.037783375314861464
IRV,0.037783375314861464,0.20906801007556675,0.0,0.037783375314861464,0.0,0.037783375314861464,0.0
