,Borda,plurality,gt,minimax,gtd,Schulze,IRV
Borda,0.0,0.021897810218978103,0.0,0.0,-0.0024330900243309003,0.0,0.021897810218978103
plurality,-0.021897810218978103,0.0,-0.021897810218978103,-0.021897810218978103,0.012165450121654502,-0.021897810218978103,0.0
gt,0.0,0.021897810218978103,0.0,0.0,-0.0024330900243309003,0.0,0.021897810218978103
minimax,0.0,0.021897810218978103,0.0,0.0,-0.0024330900243309003,0.0,0.021897810218978103
gtd,0.0024330900243309003,-0.012165450121654502,0.0024330900243309003,0.0024330900243309003,0.0,0.0024330900243309003,-0.012165450121654502
Schulze,0.0,0.021897810218978103,0.0,0.0,-0.0024330900243309003,0.0,0.021897810218978103
IRV,-0.021897810218978103,0.0,-0.021897810218978103,-0.021897810218978103,0.012165450121654502,-0.021897810218978103,0.0
