,Borda,plurality,gt,minimax,gtd,Schulze,IRV
Borda,0.0,0.056,-0.0026666666666666666,0.0,-0.0026666666666666666,0.0,0.0
plurality,-0.056,0.0,0.018666666666666668,-0.056,0.018666666666666668,-0.056,-0.056
gt,0.0026666666666666666,-0.018666666666666668,0.0,0.0026666666666666666,0.0,0.0026666666666666666,0.0026666666666666666
minimax,0.0,0.056,-0.0026666666666666666,0.0,-0.0026666666666666666,0.0,0.0
gtd,0.0026666666666666666,-0.018666666666666668,0.0,0.0026666666666666666,0.0,0.0026666666666666666,0.0026666666666666666
Schulze,0.0,0.056,-0.0026666666666666666,0.0,-0.0026666666666666666,0.0,0.0
IRV,0.0,0.056,-0.0026666666666666666,0.0,-0.0026666666666666666,0.0,0.0
