,Borda,plurality,gt,minimax,gtd,Schulze,IRV
Borda,0.0,0.14213197969543148,0.0,0.0,0.0,0.0,0.0
plurality,-0.14213197969543148,0.0,-0.14213197969543148,-0.14213197969543148,-0.14213197969543148,-0.14213197969543148,-0.12690355329949238
gt,0.0,0.14213197969543148,0.0,0.0,0.0,0.0,0.0
minimax,0.0,0.14213197969543148,0.0,0.0,0.0,0.0,0.0
gtd,0.0,0.14213197969543148,0.0,0.0,0.0,0.0,0.0
Schulze,0.0,0.14213197969543148,0.0,0.0,0.0,0.0,0.0
IRV,0.0,0.12690355329949238,0.0,0.0,0.0,0.0,0.0
