,Borda,plurality,gt,minimax,gtd,Schulze,IRV
Borda,0.0,0.06349206349206349,0.0,0.0,0.0,0.0,0.0
plurality,-0.06349206349206349,0.0,-0.042328042328042326,-0.042328042328042326,-0.06349206349206349,-0.042328042328042326,-0.042328042328042326
gt,0.0,0.042328042328042326,0.0,0.0,0.0,0.0,0.0
minimax,0.0,0.042328042328042326,0.0,0.0,0.0,0.0,0.0
gtd,0.0,0.06349206349206349,0.0,0.0,0.0,0.0,0.0
Schulze,0.0,0.042328042328042326,0.0,0.0,0.0,0.0,0.0
IRV,0.0,0.042328042328042326,0.0,0.0,0.0,0.0,0.0
