,Borda,plurality,gt,minimax,gtd,Schulze,IRV
Borda,0.0,0.05092592592592592,0.0,0.0,0.0,0.0,0.05092592592592592
plurality,-0.05092592592592592,0.0,0.004629629629629629,-0.05092592592592592,-0.05092592592592592,-0.05092592592592592,0.0
gt,0.0,-0.004629629629629629,0.0,0.0,0.0,0.0,-0.004629629629629629
minimax,0.0,0.05092592592592592,0.0,0.0,0.0,0.0,0.05092592592592592
gtd,0.0,0.05092592592592592,0.0,0.0,0.0,0.0,0.05092592592592592
Schulze,0.0,0.05092592592592592,0.0,0.0,0.0,0.0,0.05092592592592592
IRV,-0.05092592592592592,0.0,0.004629629629629629,-0.05092592592592592,-0.05092592592592592,-0.05092592592592592,0.0
