,Borda,plurality,gt,minimax,gtd,Schulze,IRV
Borda,0.0,0.1005586592178771,0.0,0.0,0.0,0.0,0.1005586592178771
plurality,-0.1005586592178771,0.0,-0.05027932960893855,-0.05027932960893855,-0.05027932960893855,-0.05027932960893855,0.0
gt,0.0,0.05027932960893855,0.0,0.0,0.0,0.0,0.05027932960893855
minimax,0.0,0.05027932960893855,0.0,0.0,0.0,0.0,0.05027932960893855
gtd,0.0,0.05027932960893855,0.0,0.0,0.0,0.0,0.05027932960893855
Schulze,0.0,0.05027932960893855,0.0,0.0,0.0,0.0,0.05027932960893855
IRV,-0.1005586592178771,0.0,-0.05027932960893855,-0.05027932960893855,-0.05027932960893855,-0.05027932960893855,0.0
