,Borda,plurality,gt,minimax,gtd,Schulze,IRV
Borda,0.0,-0.036458333333333336,0.0,0.005208333333333333,0.0,0.005208333333333333,0.005208333333333333
plurality,0.036458333333333336,0.0,0.036458333333333336,-0.041666666666666664,0.036458333333333336,-0.041666666666666664,-0.041666666666666664
gt,0.0,-0.036458333333333336,0.0,0.005208333333333333,0.0,0.005208333333333333,0.005208333333333333
minimax,-0.005208333333333333,0.041666666666666664,-0.005208333333333333,0.0,-0.005208333333333333,0.0,0.0
gtd,0.0,-0.036458333333333336,0.0,0.005208333333333333,0.0,0.005208333333333333,0.005208333333333333
Schulze,-0.005208333333333333,0.041666666666666664,-0.005208333333333333,0.0,-0.005208333333333333,0.0,0.0
IRV,-0.005208333333333333,0.041666666666666664,-0.005208333333333333,0.0,-0.005208333333333333,0.0,0.0
