,Borda,plurality,gt,minimax,gtd,Schulze,IRV
Borda,0.0,0.05410122164048865,0.05410122164048865,-0.015706806282722512,-0.015706806282722512,-0.015706806282722512,0.05410122164048865
plurality,-0.05410122164048865,0.0,0.0,0.0017452006980802793,0.0017452006980802793,0.0017452006980802793,0.0
gt,-0.05410122164048865,0.0,0.0,0.0017452006980802793,0.0017452006980802793,0.0017452006980802793,0.0
minimax,0.015706806282722512,-0.0017452006980802793,-0.0017452006980802793,0.0,0.0,0.0,-0.0017452006980802793
gtd,0.015706806282722512,-0.0017452006980802793,-0.0017452006980802793,0.0,0.0,0.0,-0.0017452006980802793
Schulze,0.015706806282722512,-0.0017452006980802793,-0.0017452006980802793,0.0,0.0,0.0,-0.0017452006980802793
IRV,-0.05410122164048865,0.0,0.0,0.0017452006980802793,0.0017452006980802793,0.0017452006980802793,0.0
