,Borda,plurality,gt,minimax,gtd,Schulze,IRV
Borda,0.0,-0.019064124783362217,-0.019064124783362217,-0.019064124783362217,-0.019064124783362217,-0.019064124783362217,0.025996533795493933
plurality,0.019064124783362217,0.0,0.0,0.0,0.0,0.0,-0.008665511265164644
gt,0.019064124783362217,0.0,0.0,0.0,0.0,0.0,-0.008665511265164644
minimax,0.019064124783362217,0.0,0.0,0.0,0.0,0.0,-0.008665511265164644
gtd,0.019064124783362217,0.0,0.0,0.0,0.0,0.0,-0.008665511265164644
Schulze,0.019064124783362217,0.0,0.0,0.0,0.0,0.0,-0.008665511265164644
IRV,-0.025996533795493933,0.008665511265164644,0.008665511265164644,0.008665511265164644,0.008665511265164644,0.008665511265164644,0.0
