,Borda,plurality,gt,minimax,gtd,Schulze,IRV
Borda,0.0,-0.03626943005181347,0.07772020725388601,-0.03626943005181347,-0.03626943005181347,-0.03626943005181347,-0.03626943005181347
plurality,0.03626943005181347,0.0,-0.0051813471502590676,0.0,0.0,0.0,0.0
gt,-0.07772020725388601,0.0051813471502590676,0.0,0.0051813471502590676,0.0051813471502590676,0.0051813471502590676,0.0051813471502590676
minimax,0.03626943005181347,0.0,-0.0051813471502590676,0.0,0.0,0.0,0.0
gtd,0.03626943005181347,0.0,-0.0051813471502590676,0.0,0.0,0.0,0.0
Schulze,0.03626943005181347,0.0,-0.0051813471502590676,0.0,0.0,0.0,0.0
IRV,0.03626943005181347,0.0,-0.0051813471502590676,0.0,0.0,0.0,0.0
