,Borda,plurality,gt,minimax,gtd,Schulze,IRV
Borda,0.0,-0.07303370786516854,-0.07303370786516854,-0.07303370786516854,0.06179775280898876,-0.07303370786516854,0.06179775280898876
plurality,0.07303370786516854,0.0,0.0,0.0,-0.0056179775280898875,0.0,-0.0056179775280898875
gt,0.07303370786516854,0.0,0.0,0.0,-0.0056179775280898875,0.0,-0.0056179775280898875
minimax,0.07303370786516854,0.0,0.0,0.0,-0.0056179775280898875,0.0,-0.0056179775280898875
gtd,-0.06179775280898876,0.0056179775280898875,0.0056179775280898875,0.0056179775280898875,0.0,0.0056179775280898875,0.0
Schulze,0.07303370786516854,0.0,0.0,0.0,-0.0056179775280898875,0.0,-0.0056179775280898875
IRV,-0.06179775280898876,0.0056179775280898875,0.0056179775280898875,0.0056179775280898875,0.0,0.0056179775280898875,0.0
