,Borda,plurality,gt,minimax,gtd,Schulze,IRV
Borda,0.0,-0.016025641025641024,0.022435897435897436,0.0,-0.016025641025641024,0.0,0.022435897435897436
plurality,0.016025641025641024,0.0,-0.019230769230769232,0.016025641025641024,0.0,0.016025641025641024,-0.019230769230769232
gt,-0.022435897435897436,0.019230769230769232,0.0,-0.022435897435897436,0.019230769230769232,-0.022435897435897436,0.0
minimax,0.0,-0.016025641025641024,0.022435897435897436,0.0,-0.016025641025641024,0.0,0.022435897435897436
gtd,0.016025641025641024,0.0,-0.019230769230769232,0.016025641025641024,0.0,0.016025641025641024,-0.019230769230769232
Schulze,0.0,-0.016025641025641024,0.022435897435897436,0.0,-0.016025641025641024,0.0,0.022435897435897436
IRV,-0.022435897435897436,0.019230769230769232,0.0,-0.022435897435897436,0.019230769230769232,-0.022435897435897436,0.0
