,Borda,plurality,gt,minimax,gtd,Schulze,IRV
Borda,0.0,-0.028720626631853787,0.007832898172323759,0.007832898172323759,0.0,0.007832898172323759,0.007832898172323759
plurality,0.028720626631853787,0.0,-0.028720626631853787,-0.028720626631853787,0.028720626631853787,-0.028720626631853787,-0.028720626631853787
gt,-0.007832898172323759,0.028720626631853787,0.0,0.0,-0.007832898172323759,0.0,0.0
minimax,-0.007832898172323759,0.028720626631853787,0.0,0.0,-0.007832898172323759,0.0,0.0
gtd,0.0,-0.028720626631853787,0.007832898172323759,0.007832898172323759,0.0,0.007832898172323759,0.007832898172323759
Schulze,-0.007832898172323759,0.028720626631853787,0.0,0.0,-0.007832898172323759,0.0,0.0
IRV,-0.007832898172323759,0.028720626631853787,0.0,0.0,-0.007832898172323759,0.0,0.0
