,Borda,plurality,gt,minimax,gtd,Schulze,IRV
Borda,0.0,0.13861386138613863,0.0,0.0,0.0,0.0,0.0
plurality,-0.13861386138613863,0.0,-0.07425742574257425,-0.13861386138613863,-0.07425742574257425,-0.13861386138613863,-0.07425742574257425
gt,0.0,0.07425742574257425,0.0,0.0,0.0,0.0,0.0
minimax,0.0,0.13861386138613863,0.0,0.0,0.0,0.0,0.0
gtd,0.0,0.07425742574257425,0.0,0.0,0.0,0.0,0.0
Schulze,0.0,0.13861386138613863,0.0,0.0,0.0,0.0,0.0
IRV,0.0,0.07425742574257425,0.0,0.0,0.0,0.0,0.0
