,Borda,plurality,gt,minimax,gtd,Schulze,IRV
Borda,0.0,-0.007594936708860759,-0.007594936708860759,0.0,-0.007594936708860759,0.0,0.10379746835443038
plurality,0.007594936708860759,0.0,0.0,0.007594936708860759,0.0,0.007594936708860759,-0.017721518987341773
gt,0.007594936708860759,0.0,0.0,0.007594936708860759,0.0,0.007594936708860759,-0.017721518987341773
minimax,0.0,-0.007594936708860759,-0.007594936708860759,0.0,-0.007594936708860759,0.0,0.10379746835443038
gtd,0.007594936708860759,0.0,0.0,0.007594936708860759,0.0,0.007594936708860759,-0.017721518987341773
Schulze,0.0,-0.007594936708860759,-0.007594936708860759,0.0,-0.007594936708860759,0.0,0.10379746835443038
IRV,-0.10379746835443038,0.017721518987341773,0.017721518987341773,-0.10379746835443038,0.017721518987341773,-0.10379746835443038,0.0
