,Borda,plurality,gt,minimax,gtd,Schulze,IRV
Borda,0.0,-0.005847953216374269,-0.005847953216374269,-0.005847953216374269,-0.005847953216374269,-0.005847953216374269,-0.005847953216374269
plurality,0.005847953216374269,0.0,0.0,0.0,0.0,0.0,0.0
gt,0.005847953216374269,0.0,0.0,0.0,0.0,0.0,0.0
minimax,0.005847953216374269,0.0,0.0,0.0,0.0,0.0,0.0
gtd,0.005847953216374269,0.0,0.0,0.0,0.0,0.0,0.0
Schulze,0.005847953216374269,0.0,0.0,0.0,0.0,0.0,0.0
IRV,0.005847953216374269,0.0,0.0,0.0,0.0,0.0,0.0
