,Borda,plurality,gt,minimax,gtd,Schulze,IRV
Borda,0.0,-0.03977272727272727,0.0,0.03409090909090909,0.0,0.03409090909090909,0.03409090909090909
plurality,0.03977272727272727,0.0,0.03977272727272727,-0.045454545454545456,0.03977272727272727,-0.045454545454545456,-0.045454545454545456
gt,0.0,-0.03977272727272727,0.0,0.03409090909090909,0.0,0.03409090909090909,0.03409090909090909
minimax,-0.03409090909090909,0.045454545454545456,-0.03409090909090909,0.0,-0.03409090909090909,0.0,0.0
gtd,0.0,-0.03977272727272727,0.0,0.03409090909090909,0.0,0.03409090909090909,0.03409090909090909
Schulze,-0.03409090909090909,0.045454545454545456,-0.03409090909090909,0.0,-0.03409090909090909,0.0,0.0
IRV,-0.03409090909090909,0.045454545454545456,-0.03409090909090909,0.0,-0.03409090909090909,0.0,0.0
