,Borda,plurality,gt,minimax,gtd,Schulze,IRV
Borda,0.0,-0.011299435028248588,-0.011299435028248588,-0.011299435028248588,-0.011299435028248588,-0.011299435028248588,0.03954802259887006
plurality,0.011299435028248588,0.0,0.0,0.0,0.0,0.0,-0.011299435028248588
gt,0.011299435028248588,0.0,0.0,0.0,0.0,0.0,-0.011299435028248588
minimax,0.011299435028248588,0.0,0.0,0.0,0.0,0.0,-0.011299435028248588
gtd,0.011299435028248588,0.0,0.0,0.0,0.0,0.0,-0.011299435028248588
Schulze,0.011299435028248588,0.0,0.0,0.0,0.0,0.0,-0.011299435028248588
IRV,-0.03954802259887006,0.011299435028248588,0.011299435028248588,0.011299435028248588,0.011299435028248588,0.011299435028248588,0.0
