,Borda,plurality,gt,minimax,gtd,Schulze,IRV
Borda,0.0,0.08648648648648649,0.0,0.0,-0.010810810810810811,0.0,0.08648648648648649
plurality,-0.08648648648648649,0.0,-0.08648648648648649,-0.08648648648648649,0.043243243243243246,-0.08648648648648649,0.0
gt,0.0,0.08648648648648649,0.0,0.0,-0.010810810810810811,0.0,0.08648648648648649
minimax,0.0,0.08648648648648649,0.0,0.0,-0.010810810810810811,0.0,0.08648648648648649
gtd,0.010810810810810811,-0.043243243243243246,0.010810810810810811,0.010810810810810811,0.0,0.010810810810810811,-0.043243243243243246
Schulze,0.0,0.08648648648648649,0.0,0.0,-0.010810810810810811,0.0,0.08648648648648649
IRV,-0.08648648648648649,0.0,-0.08648648648648649,-0.08648648648648649,0.043243243243243246,-0.08648648648648649,0.0
