,Borda,plurality,gt,minimax,gtd,Schulze,IRV
Borda,0.0,0.035422343324250684,-0.0027247956403269754,0.0,0.0,0.0,0.035422343324250684
plurality,-0.035422343324250684,0.0,0.04087193460490463,-0.035422343324250684,-0.035422343324250684,-0.035422343324250684,0.0
gt,0.0027247956403269754,-0.04087193460490463,0.0,0.0027247956403269754,0.0027247956403269754,0.0027247956403269754,-0.04087193460490463
minimax,0.0,0.035422343324250684,-0.0027247956403269754,0.0,0.0,0.0,0.035422343324250684
gtd,0.0,0.035422343324250684,-0.0027247956403269754,0.0,0.0,0.0,0.035422343324250684
Schulze,0.0,0.035422343324250684,-0.0027247956403269754,0.0,0.0,0.0,0.035422343324250684
IRV,-0.035422343324250684,0.0,0.04087193460490463,-0.035422343324250684,-0.035422343324250684,-0.035422343324250684,0.0
