,Borda,plurality,gt,minimax,gtd,Schulze,IRV
Borda,0.0,0.019230769230769232,-0.0673076923076923,0.019230769230769232,0.019230769230769232,0.019230769230769232,0.019230769230769232
plurality,-0.019230769230769232,0.0,0.02564102564102564,0.0,0.0,0.0,0.0
gt,0.0673076923076923,-0.02564102564102564,0.0,-0.02564102564102564,-0.02564102564102564,-0.02564102564102564,-0.02564102564102564
minimax,-0.019230769230769232,0.0,0.02564102564102564,0.0,0.0,0.0,0.0
gtd,-0.019230769230769232,0.0,0.02564102564102564,0.0,0.0,0.0,0.0
Schulze,-0.019230769230769232,0.0,0.02564102564102564,0.0,0.0,0.0,0.0
IRV,-0.019230769230769232,0.0,0.02564102564102564,0.0,0.0,0.0,0.0
