,Borda,plurality,gt,minimax,gtd,Schulze,IRV
Borda,0.0,-0.004761904761904762,0.0,0.0,-0.004761904761904762,0.0,0.014285714285714285
plurality,0.004761904761904762,0.0,0.004761904761904762,0.004761904761904762,0.0,0.004761904761904762,-0.004761904761904762
gt,0.0,-0.004761904761904762,0.0,0.0,-0.004761904761904762,0.0,0.014285714285714285
minimax,0.0,-0.004761904761904762,0.0,0.0,-0.004761904761904762,0.0,0.014285714285714285
gtd,0.004761904761904762,0.0,0.004761904761904762,0.004761904761904762,0.0,0.004761904761904762,-0.004761904761904762
Schulze,0.0,-0.004761904761904762,0.0,0.0,-0.004761904761904762,0.0,0.014285714285714285
IRV,-0.014285714285714285,0.004761904761904762,-0.014285714285714285,-0.014285714285714285,0.004761904761904762,-0.014285714285714285,0.0
