,Borda,plurality,gt,minimax,gtd,Schulze,IRV
Borda,0.0,0.034782608695652174,0.034782608695652174,-0.013043478260869565,-0.013043478260869565,-0.013043478260869565,0.0
plurality,-0.034782608695652174,0.0,0.0,0.008695652173913044,0.008695652173913044,0.008695652173913044,-0.034782608695652174
gt,-0.034782608695652174,0.0,0.0,0.008695652173913044,0.008695652173913044,0.008695652173913044,-0.034782608695652174
minimax,0.013043478260869565,-0.008695652173913044,-0.008695652173913044,0.0,0.0,0.0,0.013043478260869565
gtd,0.013043478260869565,-0.008695652173913044,-0.008695652173913044,0.0,0.0,0.0,0.013043478260869565
Schulze,0.013043478260869565,-0.008695652173913044,-0.008695652173913044,0.0,0.0,0.0,0.013043478260869565
IRV,0.0,0.034782608695652174,0.034782608695652174,-0.013043478260869565,-0.013043478260869565,-0.013043478260869565,0.0
