,Borda,plurality,gt,minimax,gtd,Schulze,IRV
Borda,0.0,0.03463203463203463,0.0,0.0,0.0,0.0,-0.004329004329004329
plurality,-0.03463203463203463,0.0,-0.03463203463203463,-0.03463203463203463,-0.03463203463203463,-0.03463203463203463,0.06493506493506493
gt,0.0,0.03463203463203463,0.0,0.0,0.0,0.0,-0.004329004329004329
minimax,0.0,0.03463203463203463,0.0,0.0,0.0,0.0,-0.004329004329004329
gtd,0.0,0.03463203463203463,0.0,0.0,0.0,0.0,-0.004329004329004329
Schulze,0.0,0.03463203463203463,0.0,0.0,0.0,0.0,-0.004329004329004329
IRV,0.004329004329004329,-0.06493506493506493,0.004329004329004329,0.004329004329004329,0.004329004329004329,0.004329004329004329,0.0
