,Borda,plurality,gt,minimax,gtd,Schulze,IRV
Borda,0.0,-0.026881720430107527,0.03225806451612903,-0.026881720430107527,-0.026881720430107527,-0.026881720430107527,-0.026881720430107527
plurality,0.026881720430107527,0.0,-0.005376344086021506,0.0,0.0,0.0,0.0
gt,-0.03225806451612903,0.005376344086021506,0.0,0.005376344086021506,0.005376344086021506,0.005376344086021506,0.005376344086021506
minimax,0.026881720430107527,0.0,-0.005376344086021506,0.0,0.0,0.0,0.0
gtd,0.026881720430107527,0.0,-0.005376344086021506,0.0,0.0,0.0,0.0
Schulze,0.026881720430107527,0.0,-0.005376344086021506,0.0,0.0,0.0,0.0
IRV,0.026881720430107527,0.0,-0.005376344086021506,0.0,0.0,0.0,0.0
