,Borda,plurality,gt,minimax,gtd,Schulze,IRV
Borda,0.0,0.04145077720207254,0.04145077720207254,-0.02072538860103627,-0.02072538860103627,-0.02072538860103627,0.0
plurality,-0.04145077720207254,0.0,0.0,0.015544041450777202,0.015544041450777202,0.015544041450777202,-0.04145077720207254
gt,-0.04145077720207254,0.0,0.0,0.015544041450777202,0.015544041450777202,0.015544041450777202,-0.04145077720207254
minimax,0.02072538860103627,-0.015544041450777202,-0.015544041450777202,0.0,0.0,0.0,0.02072538860103627
gtd,0.02072538860103627,-0.015544041450777202,-0.015544041450777202,0.0,0.0,0.0,0.02072538860103627
Schulze,0.02072538860103627,-0.015544041450777202,-0.015544041450777202,0.0,0.0,0.0,0.02072538860103627
IRV,0.0,0.04145077720207254,0.04145077720207254,-0.02072538860103627,-0.02072538860103627,-0.02072538860103627,0.0
