,Borda,plurality,gt,minimax,gtd,Schulze,IRV
Borda,0.0,-0.01507537688442211,0.01507537688442211,-0.01507537688442211,-0.01507537688442211,-0.01507537688442211,0.01507537688442211
plurality,0.01507537688442211,0.0,-0.0016750418760469012,0.0,0.0,0.0,-0.0016750418760469012
gt,-0.01507537688442211,0.0016750418760469012,0.0,0.0016750418760469012,0.0016750418760469012,0.0016750418760469012,0.0
minimax,0.01507537688442211,0.0,-0.0016750418760469012,0.0,0.0,0.0,-0.0016750418760469012
gtd,0.01507537688442211,0.0,-0.0016750418760469012,0.0,0.0,0.0,-0.0016750418760469012
Schulze,0.01507537688442211,0.0,-0.0016750418760469012,0.0,0.0,0.0,-0.0016750418760469012
IRV,-0.01507537688442211,0.0016750418760469012,0.0,0.0016750418760469012,0.0016750418760469012,0.0016750418760469012,0.0
