,Borda,plurality,gt,minimax,gtd,Schulze,IRV
Borda,0.0,0.046875,0.0,0.0,-0.010416666666666666,0.0,0.0
plurality,-0.046875,0.0,-0.046875,-0.046875,0.026041666666666668,-0.046875,-0.046875
gt,0.0,0.046875,0.0,0.0,-0.010416666666666666,0.0,0.0
minimax,0.0,0.046875,0.0,0.0,-0.010416666666666666,0.0,0.0
gtd,0.010416666666666666,-0.026041666666666668,0.010416666666666666,0.010416666666666666,0.0,0.010416666666666666,0.010416666666666666
Schulze,0.0,0.046875,0.0,0.0,-0.010416666666666666,0.0,0.0
IRV,0.0,0.046875,0.0,0.0,-0.010416666666666666,0.0,0.0
