,Borda,plurality,gt,minimax,gtd,Schulze,IRV
Borda,0.0,-0.005681818181818182,0.0,0.003787878787878788,0.0,0.003787878787878788,0.003787878787878788
plurality,0.005681818181818182,0.0,0.005681818181818182,-0.022727272727272728,0.005681818181818182,-0.022727272727272728,-0.022727272727272728
gt,0.0,-0.005681818181818182,0.0,0.003787878787878788,0.0,0.003787878787878788,0.003787878787878788
minimax,-0.003787878787878788,0.022727272727272728,-0.003787878787878788,0.0,-0.003787878787878788,0.0,0.0
gtd,0.0,-0.005681818181818182,0.0,0.003787878787878788,0.0,0.003787878787878788,0.003787878787878788
Schulze,-0.003787878787878788,0.022727272727272728,-0.003787878787878788,0.0,-0.003787878787878788,0.0,0.0
IRV,-0.003787878787878788,0.022727272727272728,-0.003787878787878788,0.0,-0.003787878787878788,0.0,0.0
