,Borda,plurality,gt,minimax,gtd,Schulze,IRV
Borda,0.0,-0.022670025188916875,0.06297229219143577,-0.022670025188916875,-0.022670025188916875,-0.022670025188916875,0.06297229219143577
plurality,0.022670025188916875,0.0,-0.0025188916876574307,0.0,0.0,0.0,-0.0025188916876574307
gt,-0.06297229219143577,0.0025188916876574307,0.0,0.0025188916876574307,0.0025188916876574307,0.0025188916876574307,0.0
minimax,0.022670025188916875,0.0,-0.0025188916876574307,0.0,0.0,0.0,-0.0025188916876574307
gtd,0.022670025188916875,0.0,-0.0025188916876574307,0.0,0.0,0.0,-0.0025188916876574307
Schulze,0.022670025188916875,0.0,-0.0025188916876574307,0.0,0.0,0.0,-0.0025188916876574307
IRV,-0.06297229219143577,0.0025188916876574307,0.0,0.0025188916876574307,0.0025188916876574307,0.0025188916876574307,0.0
