,Borda,plurality,gt,minimax,gtd,Schulze,IRV
Borda,0.0,-0.06442577030812324,-0.06442577030812324,-0.06442577030812324,-0.06442577030812324,-0.06442577030812324,0.07563025210084033
plurality,0.06442577030812324,0.0,0.0,0.0,0.0,0.0,-0.008403361344537815
gt,0.06442577030812324,0.0,0.0,0.0,0.0,0.0,-0.008403361344537815
minimax,0.06442577030812324,0.0,0.0,0.0,0.0,0.0,-0.008403361344537815
gtd,0.06442577030812324,0.0,0.0,0.0,0.0,0.0,-0.008403361344537815
Schulze,0.06442577030812324,0.0,0.0,0.0,0.0,0.0,-0.008403361344537815
IRV,-0.07563025210084033,0.008403361344537815,0.008403361344537815,0.008403361344537815,0.008403361344537815,0.008403361344537815,0.0
