,Borda,plurality,gt,minimax,gtd,Schulze,IRV
Borda,0.0,0.05235602094240838,0.0,-0.041884816753926704,-0.041884816753926704,-0.041884816753926704,0.0
plurality,-0.05235602094240838,0.0,-0.05235602094240838,0.03664921465968586,0.03664921465968586,0.03664921465968586,-0.05235602094240838
gt,0.0,0.05235602094240838,0.0,-0.041884816753926704,-0.041884816753926704,-0.041884816753926704,0.0
minimax,0.041884816753926704,-0.03664921465968586,0.041884816753926704,0.0,0.0,0.0,0.041884816753926704
gtd,0.041884816753926704,-0.03664921465968586,0.041884816753926704,0.0,0.0,0.0,0.041884816753926704
Schulze,0.041884816753926704,-0.03664921465968586,0.041884816753926704,0.0,0.0,0.0,0.041884816753926704
IRV,0.0,0.05235602094240838,0.0,-0.041884816753926704,-0.041884816753926704,-0.041884816753926704,0.0
