,Borda,plurality,gt,minimax,gtd,Schulze,IRV
Borda,0.0,-0.024657534246575342,-0.024657534246575342,-0.024657534246575342,-0.024657534246575342,-0.024657534246575342,0.06301369863013699
plurality,0.024657534246575342,0.0,0.0,0.0,0.0,0.0,-0.019178082191780823
gt,0.024657534246575342,0.0,0.0,0.0,0.0,0.0,-0.019178082191780823
minimax,0.024657534246575342,0.0,0.0,0.0,0.0,0.0,-0.019178082191780823
gtd,0.024657534246575342,0.0,0.0,0.0,0.0,0.0,-0.019178082191780823
Schulze,0.024657534246575342,0.0,0.0,0.0,0.0,0.0,-0.019178082191780823
IRV,-0.06301369863013699,0.019178082191780823,0.019178082191780823,0.019178082191780823,0.019178082191780823,0.019178082191780823,0.0
