,Borda,plurality,gt,minimax,gtd,Schulze,IRV
Borda,0.0,0.04055944055944056,-0.006993006993006993,0.0,-0.006993006993006993,0.0,0.04055944055944056
plurality,-0.04055944055944056,0.0,0.026573426573426574,-0.04055944055944056,0.026573426573426574,-0.04055944055944056,0.0
gt,0.006993006993006993,-0.026573426573426574,0.0,0.006993006993006993,0.0,0.006993006993006993,-0.026573426573426574
minimax,0.0,0.04055944055944056,-0.006993006993006993,0.0,-0.006993006993006993,0.0,0.04055944055944056
gtd,0.006993006993006993,-0.026573426573426574,0.0,0.006993006993006993,0.0,0.006993006993006993,-0.026573426573426574
Schulze,0.0,0.04055944055944056,-0.006993006993006993,0.0,-0.006993006993006993,0.0,0.04055944055944056
IRV,-0.04055944055944056,0.0,0.026573426573426574,-0.04055944055944056,0.026573426573426574,-0.04055944055944056,0.0
