,Borda,plurality,gt,minimax,gtd,Schulze,IRV
Borda,0.0,0.008547008547008548,0.0,0.008547008547008548,0.0,0.008547008547008548,0.0
plurality,-0.008547008547008548,0.0,-0.008547008547008548,0.0,-0.008547008547008548,0.0,-0.008547008547008548
gt,0.0,0.008547008547008548,0.0,0.008547008547008548,0.0,0.008547008547008548,0.0
minimax,-0.008547008547008548,0.0,-0.008547008547008548,0.0,-0.008547008547008548,0.0,-0.008547008547008548
gtd,0.0,0.008547008547008548,0.0,0.008547008547008548,0.0,0.008547008547008548,0.0
Schulze,-0.008547008547008548,0.0,-0.008547008547008548,0.0,-0.008547008547008548,0.0,-0.008547008547008548
IRV,0.0,0.008547008547008548,0.0,0.008547008547008548,0.0,0.008547008547008548,0.0
