,Borda,plurality,gt,minimax,gtd,Schulze,IRV
Borda,0.0,-0.04152249134948097,0.0,-0.04152249134948097,-0.04152249134948097,-0.04152249134948097,-0.04152249134948097
plurality,0.04152249134948097,0.0,0.04152249134948097,0.0,0.0,0.0,0.0
gt,0.0,-0.04152249134948097,0.0,-0.04152249134948097,-0.04152249134948097,-0.04152249134948097,-0.04152249134948097
minimax,0.04152249134948097,0.0,0.04152249134948097,0.0,0.0,0.0,0.0
gtd,0.04152249134948097,0.0,0.04152249134948097,0.0,0.0,0.0,0.0
Schulze,0.04152249134948097,0.0,0.04152249134948097,0.0,0.0,0.0,0.0
IRV,0.04152249134948097,0.0,0.04152249134948097,0.0,0.0,0.0,0.0
