,Borda,plurality,gt,minimax,gtd,Schulze,IRV
Borda,0.0,0.0855614973262032,-0.026737967914438502,-0.026737967914438502,-0.026737967914438502,-0.026737967914438502,0.0
plurality,-0.0855614973262032,0.0,0.0106951871657754,0.0106951871657754,0.0106951871657754,0.0106951871657754,-0.0855614973262032
gt,0.026737967914438502,-0.0106951871657754,0.0,0.0,0.0,0.0,0.026737967914438502
minimax,0.026737967914438502,-0.0106951871657754,0.0,0.0,0.0,0.0,0.026737967914438502
gtd,0.026737967914438502,-0.0106951871657754,0.0,0.0,0.0,0.0,0.026737967914438502
Schulze,0.026737967914438502,-0.0106951871657754,0.0,0.0,0.0,0.0,0.026737967914438502
IRV,0.0,0.0855614973262032,-0.026737967914438502,-0.026737967914438502,-0.026737967914438502,-0.026737967914438502,0.0
