,Borda,plurality,gt,minimax,gtd,Schulze,IRV
Borda,0.0,-0.043478260869565216,0.0,-0.043478260869565216,0.017013232514177693,-0.043478260869565216,0.017013232514177693
plurality,0.043478260869565216,0.0,0.043478260869565216,0.0,-0.00945179584120983,0.0,-0.00945179584120983
gt,0.0,-0.043478260869565216,0.0,-0.043478260869565216,0.017013232514177693,-0.043478260869565216,0.017013232514177693
minimax,0.043478260869565216,0.0,0.043478260869565216,0.0,-0.00945179584120983,0.0,-0.00945179584120983
gtd,-0.017013232514177693,0.00945179584120983,-0.017013232514177693,0.00945179584120983,0.0,0.00945179584120983,0.0
Schulze,0.043478260869565216,0.0,0.043478260869565216,0.0,-0.00945179584120983,0.0,-0.00945179584120983
IRV,-0.017013232514177693,0.00945179584120983,-0.017013232514177693,0.00945179584120983,0.0,0.00945179584120983,0.0
