,Borda,plurality,gt,minimax,gtd,Schulze,IRV
Borda,0.0,0.22826086956521738,0.0,0.0,0.0,0.0,0.0
plurality,-0.22826086956521738,0.0,-0.20652173913043478,-0.22826086956521738,-0.22826086956521738,-0.22826086956521738,-0.22826086956521738
gt,0.0,0.20652173913043478,0.0,0.0,0.0,0.0,0.0
minimax,0.0,0.22826086956521738,0.0,0.0,0.0,0.0,0.0
gtd,0.0,0.22826086956521738,0.0,0.0,0.0,0.0,0.0
Schulze,0.0,0.22826086956521738,0.0,0.0,0.0,0.0,0.0
IRV,0.0,0.22826086956521738,0.0,0.0,0.0,0.0,0.0
