,Borda,plurality,gt,minimax,gtd,Schulze,IRV
Borda,0.0,0.01092896174863388,0.0,0.0,0.0,0.0,0.03278688524590164
plurality,-0.01092896174863388,0.0,-0.01092896174863388,-0.01092896174863388,-0.01092896174863388,-0.01092896174863388,-0.03278688524590164
gt,0.0,0.01092896174863388,0.0,0.0,0.0,0.0,0.03278688524590164
minimax,0.0,0.01092896174863388,0.0,0.0,0.0,0.0,0.03278688524590164
gtd,0.0,0.01092896174863388,0.0,0.0,0.0,0.0,0.03278688524590164
Schulze,0.0,0.01092896174863388,0.0,0.0,0.0,0.0,0.03278688524590164
IRV,-0.03278688524590164,0.03278688524590164,-0.03278688524590164,-0.03278688524590164,-0.03278688524590164,-0.03278688524590164,0.0
