,Borda,plurality,gt,minimax,gtd,Schulze,IRV
Borda,0.0,-0.011185682326621925,0.0,0.0,0.0,0.0,0.03355704697986577
plurality,0.011185682326621925,0.0,0.011185682326621925,0.011185682326621925,0.011185682326621925,0.011185682326621925,-0.05592841163310962
gt,0.0,-0.011185682326621925,0.0,0.0,0.0,0.0,0.03355704697986577
minimax,0.0,-0.011185682326621925,0.0,0.0,0.0,0.0,0.03355704697986577
gtd,0.0,-0.011185682326621925,0.0,0.0,0.0,0.0,0.03355704697986577
Schulze,0.0,-0.011185682326621925,0.0,0.0,0.0,0.0,0.03355704697986577
IRV,-0.03355704697986577,0.05592841163310962,-0.03355704697986577,-0.03355704697986577,-0.03355704697986577,-0.03355704697986577,0.0
