,Borda,plurality,gt,minimax,gtd,Schulze,IRV
Borda,0.0,0.02681992337164751,0.0,-0.02681992337164751,0.02681992337164751,-0.02681992337164751,0.02681992337164751
plurality,-0.02681992337164751,0.0,-0.02681992337164751,0.007662835249042145,0.0,0.007662835249042145,0.0
gt,0.0,0.02681992337164751,0.0,-0.02681992337164751,0.02681992337164751,-0.02681992337164751,0.02681992337164751
minimax,0.02681992337164751,-0.007662835249042145,0.02681992337164751,0.0,-0.007662835249042145,0.0,-0.007662835249042145
gtd,-0.02681992337164751,0.0,-0.02681992337164751,0.007662835249042145,0.0,0.007662835249042145,0.0
Schulze,0.02681992337164751,-0.007662835249042145,0.02681992337164751,0.0,-0.007662835249042145,0.0,-0.007662835249042145
IRV,-0.02681992337164751,0.0,-0.02681992337164751,0.007662835249042145,0.0,0.007662835249042145,0.0
