,Borda,plurality,gt,minimax,gtd,Schulze,IRV
Borda,0.0,0.013123359580052493,0.0,0.0,0.0,0.0,0.0
plurality,-0.013123359580052493,0.0,-0.013123359580052493,-0.013123359580052493,-0.013123359580052493,-0.013123359580052493,-0.013123359580052493
gt,0.0,0.013123359580052493,0.0,0.0,0.0,0.0,0.0
minimax,0.0,0.013123359580052493,0.0,0.0,0.0,0.0,0.0
gtd,0.0,0.013123359580052493,0.0,0.0,0.0,0.0,0.0
Schulze,0.0,0.013123359580052493,0.0,0.0,0.0,0.0,0.0
IRV,0.0,0.013123359580052493,0.0,0.0,0.0,0.0,0.0
