,Borda,plurality,gt,minimax,gtd,Schulze,IRV
Borda,0.0,-0.03117505995203837,0.0,0.0,0.0,0.0,-0.03117505995203837
plurality,0.03117505995203837,0.0,0.03117505995203837,0.03117505995203837,0.03117505995203837,0.03117505995203837,0.0
gt,0.0,-0.03117505995203837,0.0,0.0,0.0,0.0,-0.03117505995203837
minimax,0.0,-0.03117505995203837,0.0,0.0,0.0,0.0,-0.03117505995203837
gtd,0.0,-0.03117505995203837,0.0,0.0,0.0,0.0,-0.03117505995203837
Schulze,0.0,-0.03117505995203837,0.0,0.0,0.0,0.0,-0.03117505995203837
IRV,0.03117505995203837,0.0,0.03117505995203837,0.03117505995203837,0.03117505995203837,0.03117505995203837,0.0
