,Borda,plurality,gt,minimax,gtd,Schulze,IRV
Borda,0.0,0.0,0.015957446808510637,-0.010638297872340425,-0.010638297872340425,-0.010638297872340425,-0.010638297872340425
plurality,0.0,0.0,0.015957446808510637,-0.010638297872340425,-0.010638297872340425,-0.010638297872340425,-0.010638297872340425
gt,-0.015957446808510637,-0.015957446808510637,0.0,0.005319148936170213,0.005319148936170213,0.005319148936170213,0.005319148936170213
minimax,0.010638297872340425,0.010638297872340425,-0.005319148936170213,0.0,0.0,0.0,0.0
gtd,0.010638297872340425,0.010638297872340425,-0.005319148936170213,0.0,0.0,0.0,0.0
Schulze,0.010638297872340425,0.010638297872340425,-0.005319148936170213,0.0,0.0,0.0,0.0
IRV,0.010638297872340425,0.010638297872340425,-0.005319148936170213,0.0,0.0,0.0,0.0
