,Borda,plurality,gt,minimax,gtd,Schulze,IRV
Borda,0.0,0.09659090909090909,0.0,0.0,0.0,0.0,0.0
plurality,-0.09659090909090909,0.0,-0.11363636363636363,-0.11363636363636363,-0.11363636363636363,-0.11363636363636363,-0.09659090909090909
gt,0.0,0.11363636363636363,0.0,0.0,0.0,0.0,0.0
minimax,0.0,0.11363636363636363,0.0,0.0,0.0,0.0,0.0
gtd,0.0,0.11363636363636363,0.0,0.0,0.0,0.0,0.0
Schulze,0.0,0.11363636363636363,0.0,0.0,0.0,0.0,0.0
IRV,0.0,0.09659090909090909,0.0,0.0,0.0,0.0,0.0
