,Borda,plurality,gt,minimax,gtd,Schulze,IRV
Borda,0.0,0.15671641791044777,-0.0037313432835820895,0.0,0.0,0.0,0.007462686567164179
plurality,-0.15671641791044777,0.0,-0.16417910447761194,-0.15671641791044777,-0.15671641791044777,-0.15671641791044777,-0.10820895522388059
gt,0.0037313432835820895,0.16417910447761194,0.0,0.0037313432835820895,0.0037313432835820895,0.0037313432835820895,-0.018656716417910446
minimax,0.0,0.15671641791044777,-0.0037313432835820895,0.0,0.0,0.0,0.007462686567164179
gtd,0.0,0.15671641791044777,-0.0037313432835820895,0.0,0.0,0.0,0.007462686567164179
Schulze,0.0,0.15671641791044777,-0.0037313432835820895,0.0,0.0,0.0,0.007462686567164179
IRV,-0.007462686567164179,0.10820895522388059,0.018656716417910446,-0.007462686567164179,-0.007462686567164179,-0.007462686567164179,0.0
