,Borda,plurality,gt,minimax,gtd,Schulze,IRV
Borda,0.0,-0.04738154613466334,0.0,0.007481296758104738,0.0,0.007481296758104738,0.007481296758104738
plurality,0.04738154613466334,0.0,0.04738154613466334,-0.10224438902743142,0.04738154613466334,-0.10224438902743142,-0.10224438902743142
gt,0.0,-0.04738154613466334,0.0,0.007481296758104738,0.0,0.007481296758104738,0.007481296758104738
minimax,-0.007481296758104738,0.10224438902743142,-0.007481296758104738,0.0,-0.007481296758104738,0.0,0.0
gtd,0.0,-0.04738154613466334,0.0,0.007481296758104738,0.0,0.007481296758104738,0.007481296758104738
Schulze,-0.007481296758104738,0.10224438902743142,-0.007481296758104738,0.0,-0.007481296758104738,0.0,0.0
IRV,-0.007481296758104738,0.10224438902743142,-0.007481296758104738,0.0,-0.007481296758104738,0.0,0.0
