,Borda,plurality,gt,minimax,gtd,Schulze,IRV
Borda,0.0,0.024509803921568627,-0.03431372549019608,0.024509803921568627,0.0,0.024509803921568627,0.024509803921568627
plurality,-0.024509803921568627,0.0,0.0392156862745098,0.0,-0.024509803921568627,0.0,0.0
gt,0.03431372549019608,-0.0392156862745098,0.0,-0.0392156862745098,0.03431372549019608,-0.0392156862745098,-0.0392156862745098
minimax,-0.024509803921568627,0.0,0.0392156862745098,0.0,-0.024509803921568627,0.0,0.0
gtd,0.0,0.024509803921568627,-0.03431372549019608,0.024509803921568627,0.0,0.024509803921568627,0.024509803921568627
Schulze,-0.024509803921568627,0.0,0.0392156862745098,0.0,-0.024509803921568627,0.0,0.0
IRV,-0.024509803921568627,0.0,0.0392156862745098,0.0,-0.024509803921568627,0.0,0.0
