,Borda,plurality,gt,minimax,gtd,Schulze,IRV
Borda,0.0,0.1222707423580786,0.0,0.0,0.0,0.0,0.0
plurality,-0.1222707423580786,0.0,-0.004366812227074236,-0.1222707423580786,-0.1222707423580786,-0.1222707423580786,-0.1222707423580786
gt,0.0,0.004366812227074236,0.0,0.0,0.0,0.0,0.0
minimax,0.0,0.1222707423580786,0.0,0.0,0.0,0.0,0.0
gtd,0.0,0.1222707423580786,0.0,0.0,0.0,0.0,0.0
Schulze,0.0,0.1222707423580786,0.0,0.0,0.0,0.0,0.0
IRV,0.0,0.1222707423580786,0.0,0.0,0.0,0.0,0.0
