,Borda,plurality,gt,minimax,gtd,Schulze,IRV
Borda,0.0,0.05093833780160858,-0.00804289544235925,0.0,0.0,0.0,0.0
plurality,-0.05093833780160858,0.0,0.0777479892761394,-0.05093833780160858,-0.05093833780160858,-0.05093833780160858,-0.05093833780160858
gt,0.00804289544235925,-0.0777479892761394,0.0,0.00804289544235925,0.00804289544235925,0.00804289544235925,0.00804289544235925
minimax,0.0,0.05093833780160858,-0.00804289544235925,0.0,0.0,0.0,0.0
gtd,0.0,0.05093833780160858,-0.00804289544235925,0.0,0.0,0.0,0.0
Schulze,0.0,0.05093833780160858,-0.00804289544235925,0.0,0.0,0.0,0.0
IRV,0.0,0.05093833780160858,-0.00804289544235925,0.0,0.0,0.0,0.0
