,Borda,plurality,gt,minimax,gtd,Schulze,IRV
Borda,0.0,-0.015789473684210527,-0.03684210526315789,-0.03684210526315789,-0.015789473684210527,-0.03684210526315789,-0.03684210526315789
plurality,0.015789473684210527,0.0,0.0,0.0,0.0,0.0,0.0
gt,0.03684210526315789,0.0,0.0,0.0,0.0,0.0,0.0
minimax,0.03684210526315789,0.0,0.0,0.0,0.0,0.0,0.0
gtd,0.015789473684210527,0.0,0.0,0.0,0.0,0.0,0.0
Schulze,0.03684210526315789,0.0,0.0,0.0,0.0,0.0,0.0
IRV,0.03684210526315789,0.0,0.0,0.0,0.0,0.0,0.0
