,Borda,plurality,gt,minimax,gtd,Schulze,IRV
Borda,0.0,0.0,0.046831955922865015,-0.013774104683195593,-0.013774104683195593,-0.013774104683195593,-0.013774104683195593
plurality,0.0,0.0,0.046831955922865015,-0.013774104683195593,-0.013774104683195593,-0.013774104683195593,-0.013774104683195593
gt,-0.046831955922865015,-0.046831955922865015,0.0,0.008264462809917356,0.008264462809917356,0.008264462809917356,0.008264462809917356
minimax,0.013774104683195593,0.013774104683195593,-0.008264462809917356,0.0,0.0,0.0,0.0
gtd,0.013774104683195593,0.013774104683195593,-0.008264462809917356,0.0,0.0,0.0,0.0
Schulze,0.013774104683195593,0.013774104683195593,-0.008264462809917356,0.0,0.0,0.0,0.0
IRV,0.013774104683195593,0.013774104683195593,-0.008264462809917356,0.0,0.0,0.0,0.0
