,Borda,plurality,gt,minimax,gtd,Schulze,IRV
Borda,0.0,0.0,0.0,0.0,0.0,0.0,0.007905138339920948
plurality,0.0,0.0,0.0,0.0,0.0,0.0,-0.011857707509881422
gt,0.0,0.0,0.0,0.0,0.0,0.0,0.007905138339920948
minimax,0.0,0.0,0.0,0.0,0.0,0.0,0.007905138339920948
gtd,0.0,0.0,0.0,0.0,0.0,0.0,0.007905138339920948
Schulze,0.0,0.0,0.0,0.0,0.0,0.0,0.007905138339920948
IRV,-0.007905138339920948,0.011857707509881422,-0.007905138339920948,-0.007905138339920948,-0.007905138339920948,-0.007905138339920948,0.0
