,Borda,plurality,gt,minimax,gtd,Schulze,IRV
Borda,0.0,0.17415730337078653,0.0,0.0,0.0,0.0,0.0
plurality,-0.17415730337078653,0.0,-0.14606741573033707,-0.14606741573033707,-0.17415730337078653,-0.14606741573033707,-0.14606741573033707
gt,0.0,0.14606741573033707,0.0,0.0,0.0,0.0,0.0
minimax,0.0,0.14606741573033707,0.0,0.0,0.0,0.0,0.0
gtd,0.0,0.17415730337078653,0.0,0.0,0.0,0.0,0.0
Schulze,0.0,0.14606741573033707,0.0,0.0,0.0,0.0,0.0
IRV,0.0,0.14606741573033707,0.0,0.0,0.0,0.0,0.0
