,Borda,plurality,gt,minimax,gtd,Schulze,IRV
Borda,0.0,0.0,0.0,-0.023376623376623377,-0.023376623376623377,-0.023376623376623377,-0.023376623376623377
plurality,0.0,0.0,0.0,-0.023376623376623377,-0.023376623376623377,-0.023376623376623377,-0.023376623376623377
gt,0.0,0.0,0.0,-0.023376623376623377,-0.023376623376623377,-0.023376623376623377,-0.023376623376623377
minimax,0.023376623376623377,0.023376623376623377,0.023376623376623377,0.0,0.0,0.0,0.0
gtd,0.023376623376623377,0.023376623376623377,0.023376623376623377,0.0,0.0,0.0,0.0
Schulze,0.023376623376623377,0.023376623376623377,0.023376623376623377,0.0,0.0,0.0,0.0
IRV,0.023376623376623377,0.023376623376623377,0.023376623376623377,0.0,0.0,0.0,0.0
