,Borda,plurality,gt,minimax,gtd,Schulze,IRV
Borda,0.0,-0.05241935483870968,0.04838709677419355,-0.05241935483870968,0.04838709677419355,-0.05241935483870968,-0.05241935483870968
plurality,0.05241935483870968,0.0,-0.04435483870967742,0.0,-0.04435483870967742,0.0,0.0
gt,-0.04838709677419355,0.04435483870967742,0.0,0.04435483870967742,0.0,0.04435483870967742,0.04435483870967742
minimax,0.05241935483870968,0.0,-0.04435483870967742,0.0,-0.04435483870967742,0.0,0.0
gtd,-0.04838709677419355,0.04435483870967742,0.0,0.04435483870967742,0.0,0.04435483870967742,0.04435483870967742
Schulze,0.05241935483870968,0.0,-0.04435483870967742,0.0,-0.04435483870967742,0.0,0.0
IRV,0.05241935483870968,0.0,-0.04435483870967742,0.0,-0.04435483870967742,0.0,0.0
