,Borda,plurality,gt,minimax,gtd,Schulze,IRV
Borda,0.0,0.0,0.021526418786692758,0.021526418786692758,0.021526418786692758,0.021526418786692758,-0.029354207436399216
plurality,0.0,0.0,0.021526418786692758,0.021526418786692758,0.021526418786692758,0.021526418786692758,-0.029354207436399216
gt,-0.021526418786692758,-0.021526418786692758,0.0,0.0,0.0,0.0,0.025440313111545987
minimax,-0.021526418786692758,-0.021526418786692758,0.0,0.0,0.0,0.0,0.025440313111545987
gtd,-0.021526418786692758,-0.021526418786692758,0.0,0.0,0.0,0.0,0.025440313111545987
Schulze,-0.021526418786692758,-0.021526418786692758,0.0,0.0,0.0,0.0,0.025440313111545987
IRV,0.029354207436399216,0.029354207436399216,-0.025440313111545987,-0.025440313111545987,-0.025440313111545987,-0.025440313111545987,0.0
