,Borda,plurality,gt,minimax,gtd,Schulze,IRV
Borda,0.0,0.008264462809917356,-0.013774104683195593,0.008264462809917356,0.0,0.008264462809917356,0.008264462809917356
plurality,-0.008264462809917356,0.0,0.01928374655647383,0.0,-0.008264462809917356,0.0,0.0
gt,0.013774104683195593,-0.01928374655647383,0.0,-0.01928374655647383,0.013774104683195593,-0.01928374655647383,-0.01928374655647383
minimax,-0.008264462809917356,0.0,0.01928374655647383,0.0,-0.008264462809917356,0.0,0.0
gtd,0.0,0.008264462809917356,-0.013774104683195593,0.008264462809917356,0.0,0.008264462809917356,0.008264462809917356
Schulze,-0.008264462809917356,0.0,0.01928374655647383,0.0,-0.008264462809917356,0.0,0.0
IRV,-0.008264462809917356,0.0,0.01928374655647383,0.0,-0.008264462809917356,0.0,0.0
