,Borda,plurality,gt,minimax,gtd,Schulze,IRV
Borda,0.0,0.08058608058608059,0.0,0.0,0.0,0.0,0.0
plurality,-0.08058608058608059,0.0,-0.08058608058608059,-0.08424908424908426,-0.08058608058608059,-0.08424908424908426,-0.08424908424908426
gt,0.0,0.08058608058608059,0.0,0.0,0.0,0.0,0.0
minimax,0.0,0.08424908424908426,0.0,0.0,0.0,0.0,0.0
gtd,0.0,0.08058608058608059,0.0,0.0,0.0,0.0,0.0
Schulze,0.0,0.08424908424908426,0.0,0.0,0.0,0.0,0.0
IRV,0.0,0.08424908424908426,0.0,0.0,0.0,0.0,0.0
