,Borda,plurality,gt,minimax,gtd,Schulze,IRV
Borda,0.0,-0.017013232514177693,0.10396975425330812,-0.017013232514177693,-0.017013232514177693,-0.017013232514177693,0.10396975425330812
plurality,0.017013232514177693,0.0,-0.001890359168241966,0.0,0.0,0.0,-0.001890359168241966
gt,-0.10396975425330812,0.001890359168241966,0.0,0.001890359168241966,0.001890359168241966,0.001890359168241966,0.0
minimax,0.017013232514177693,0.0,-0.001890359168241966,0.0,0.0,0.0,-0.001890359168241966
gtd,0.017013232514177693,0.0,-0.001890359168241966,0.0,0.0,0.0,-0.001890359168241966
Schulze,0.017013232514177693,0.0,-0.001890359168241966,0.0,0.0,0.0,-0.001890359168241966
IRV,-0.10396975425330812,0.001890359168241966,0.0,0.001890359168241966,0.001890359168241966,0.001890359168241966,0.0
