,Borda,plurality,gt,minimax,gtd,Schulze,IRV
Borda,0.0,0.0,0.0,0.0,0.0,0.0,0.08791208791208792
plurality,0.0,0.0,0.0,0.0,0.0,0.0,-0.027472527472527472
gt,0.0,0.0,0.0,0.0,0.0,0.0,0.08791208791208792
minimax,0.0,0.0,0.0,0.0,0.0,0.0,0.08791208791208792
gtd,0.0,0.0,0.0,0.0,0.0,0.0,0.08791208791208792
Schulze,0.0,0.0,0.0,0.0,0.0,0.0,0.08791208791208792
IRV,-0.08791208791208792,0.027472527472527472,-0.08791208791208792,-0.08791208791208792,-0.08791208791208792,-0.08791208791208792,0.0
