,Borda,plurality,gt,minimax,gtd,Schulze,IRV
Borda,0.0,0.18703241895261846,0.0,0.0,0.0,0.0,0.0024937655860349127
plurality,-0.18703241895261846,0.0,-0.18703241895261846,-0.18703241895261846,-0.18703241895261846,-0.18703241895261846,-0.12219451371571072
gt,0.0,0.18703241895261846,0.0,0.0,0.0,0.0,0.0024937655860349127
minimax,0.0,0.18703241895261846,0.0,0.0,0.0,0.0,0.0024937655860349127
gtd,0.0,0.18703241895261846,0.0,0.0,0.0,0.0,0.0024937655860349127
Schulze,0.0,0.18703241895261846,0.0,0.0,0.0,0.0,0.0024937655860349127
IRV,-0.0024937655860349127,0.12219451371571072,-0.0024937655860349127,-0.0024937655860349127,-0.0024937655860349127,-0.0024937655860349127,0.0
