,Borda,plurality,gt,minimax,gtd,Schulze,IRV
Borda,0.0,0.04909560723514212,0.0,-0.01808785529715762,-0.01808785529715762,-0.01808785529715762,0.0
plurality,-0.04909560723514212,0.0,-0.04909560723514212,0.007751937984496124,0.007751937984496124,0.007751937984496124,-0.04909560723514212
gt,0.0,0.04909560723514212,0.0,-0.01808785529715762,-0.01808785529715762,-0.01808785529715762,0.0
minimax,0.01808785529715762,-0.007751937984496124,0.01808785529715762,0.0,0.0,0.0,0.01808785529715762
gtd,0.01808785529715762,-0.007751937984496124,0.01808785529715762,0.0,0.0,0.0,0.01808785529715762
Schulze,0.01808785529715762,-0.007751937984496124,0.01808785529715762,0.0,0.0,0.0,0.01808785529715762
IRV,0.0,0.04909560723514212,0.0,-0.01808785529715762,-0.01808785529715762,-0.01808785529715762,0.0
