,Borda,plurality,gt,minimax,gtd,Schulze,IRV
Borda,0.0,-0.04519774011299435,-0.04519774011299435,-0.04519774011299435,0.03389830508474576,-0.04519774011299435,0.03389830508474576
plurality,0.04519774011299435,0.0,0.0,0.0,-0.011299435028248588,0.0,-0.011299435028248588
gt,0.04519774011299435,0.0,0.0,0.0,-0.011299435028248588,0.0,-0.011299435028248588
minimax,0.04519774011299435,0.0,0.0,0.0,-0.011299435028248588,0.0,-0.011299435028248588
gtd,-0.03389830508474576,0.011299435028248588,0.011299435028248588,0.011299435028248588,0.0,0.011299435028248588,0.0
Schulze,0.04519774011299435,0.0,0.0,0.0,-0.011299435028248588,0.0,-0.011299435028248588
IRV,-0.03389830508474576,0.011299435028248588,0.011299435028248588,0.011299435028248588,0.0,0.011299435028248588,0.0
