,Borda,plurality,gt,minimax,gtd,Schulze,IRV
Borda,0.0,0.09041095890410959,-0.030136986301369864,-0.030136986301369864,-0.030136986301369864,-0.030136986301369864,0.09041095890410959
plurality,-0.09041095890410959,0.0,0.00821917808219178,0.00821917808219178,0.00821917808219178,0.00821917808219178,0.0
gt,0.030136986301369864,-0.00821917808219178,0.0,0.0,0.0,0.0,-0.00821917808219178
minimax,0.030136986301369864,-0.00821917808219178,0.0,0.0,0.0,0.0,-0.00821917808219178
gtd,0.030136986301369864,-0.00821917808219178,0.0,0.0,0.0,0.0,-0.00821917808219178
Schulze,0.030136986301369864,-0.00821917808219178,0.0,0.0,0.0,0.0,-0.00821917808219178
IRV,-0.09041095890410959,0.0,0.00821917808219178,0.00821917808219178,0.00821917808219178,0.00821917808219178,0.0
