,Borda,plurality,gt,minimax,gtd,Schulze,IRV
Borda,0.0,0.14042553191489363,0.0,0.0,0.0,0.0,0.0
plurality,-0.14042553191489363,0.0,-0.07659574468085106,-0.14042553191489363,-0.14042553191489363,-0.14042553191489363,-0.07659574468085106
gt,0.0,0.07659574468085106,0.0,0.0,0.0,0.0,0.0
minimax,0.0,0.14042553191489363,0.0,0.0,0.0,0.0,0.0
gtd,0.0,0.14042553191489363,0.0,0.0,0.0,0.0,0.0
Schulze,0.0,0.14042553191489363,0.0,0.0,0.0,0.0,0.0
IRV,0.0,0.07659574468085106,0.0,0.0,0.0,0.0,0.0
