,Borda,plurality,gt,minimax,gtd,Schulze,IRV
Borda,0.0,0.12290502793296089,0.0,0.0,0.0,0.0,0.0
plurality,-0.12290502793296089,0.0,-0.12290502793296089,-0.0893854748603352,-0.12290502793296089,-0.0893854748603352,-0.0893854748603352
gt,0.0,0.12290502793296089,0.0,0.0,0.0,0.0,0.0
minimax,0.0,0.0893854748603352,0.0,0.0,0.0,0.0,0.0
gtd,0.0,0.12290502793296089,0.0,0.0,0.0,0.0,0.0
Schulze,0.0,0.0893854748603352,0.0,0.0,0.0,0.0,0.0
IRV,0.0,0.0893854748603352,0.0,0.0,0.0,0.0,0.0
