,Borda,plurality,gt,minimax,gtd,Schulze,IRV
Borda,0.0,0.0,0.0,0.0026954177897574125,0.0,0.0026954177897574125,-0.0026954177897574125
plurality,0.0,0.0,0.0,0.0026954177897574125,0.0,0.0026954177897574125,-0.0026954177897574125
gt,0.0,0.0,0.0,0.0026954177897574125,0.0,0.0026954177897574125,-0.0026954177897574125
minimax,-0.0026954177897574125,-0.0026954177897574125,-0.0026954177897574125,0.0,-0.0026954177897574125,0.0,0.008086253369272238
gtd,0.0,0.0,0.0,0.0026954177897574125,0.0,0.0026954177897574125,-0.0026954177897574125
Schulze,-0.0026954177897574125,-0.0026954177897574125,-0.0026954177897574125,0.0,-0.0026954177897574125,0.0,0.008086253369272238
IRV,0.0026954177897574125,0.0026954177897574125,0.0026954177897574125,-0.008086253369272238,0.0026954177897574125,-0.008086253369272238,0.0
