,Borda,plurality,gt,minimax,gtd,Schulze,IRV
Borda,0.0,0.03389830508474576,0.03389830508474576,0.0,-0.002421307506053269,0.0,0.03389830508474576
plurality,-0.03389830508474576,0.0,0.0,-0.03389830508474576,0.007263922518159807,-0.03389830508474576,0.0
gt,-0.03389830508474576,0.0,0.0,-0.03389830508474576,0.007263922518159807,-0.03389830508474576,0.0
minimax,0.0,0.03389830508474576,0.03389830508474576,0.0,-0.002421307506053269,0.0,0.03389830508474576
gtd,0.002421307506053269,-0.007263922518159807,-0.007263922518159807,0.002421307506053269,0.0,0.002421307506053269,-0.007263922518159807
Schulze,0.0,0.03389830508474576,0.03389830508474576,0.0,-0.002421307506053269,0.0,0.03389830508474576
IRV,-0.03389830508474576,0.0,0.0,-0.03389830508474576,0.007263922518159807,-0.03389830508474576,0.0
