,Borda,plurality,gt,minimax,gtd,Schulze,IRV
Borda,0.0,-0.008264462809917356,-0.008264462809917356,0.0,0.0,0.0,0.024793388429752067
plurality,0.008264462809917356,0.0,0.0,0.008264462809917356,0.008264462809917356,0.008264462809917356,-0.04132231404958678
gt,0.008264462809917356,0.0,0.0,0.008264462809917356,0.008264462809917356,0.008264462809917356,-0.04132231404958678
minimax,0.0,-0.008264462809917356,-0.008264462809917356,0.0,0.0,0.0,0.024793388429752067
gtd,0.0,-0.008264462809917356,-0.008264462809917356,0.0,0.0,0.0,0.024793388429752067
Schulze,0.0,-0.008264462809917356,-0.008264462809917356,0.0,0.0,0.0,0.024793388429752067
IRV,-0.024793388429752067,0.04132231404958678,0.04132231404958678,-0.024793388429752067,-0.024793388429752067,-0.024793388429752067,0.0
