,Borda,plurality,gt,minimax,gtd,Schulze,IRV
Borda,0.0,0.12479201331114809,-0.021630615640599003,0.011647254575707155,0.0,0.011647254575707155,0.0
plurality,-0.12479201331114809,0.0,-0.08153078202995008,-0.06156405990016639,-0.12479201331114809,-0.06156405990016639,-0.12479201331114809
gt,0.021630615640599003,0.08153078202995008,0.0,-0.024958402662229616,0.021630615640599003,-0.024958402662229616,0.021630615640599003
minimax,-0.011647254575707155,0.06156405990016639,0.024958402662229616,0.0,-0.011647254575707155,0.0,-0.011647254575707155
gtd,0.0,0.12479201331114809,-0.021630615640599003,0.011647254575707155,0.0,0.011647254575707155,0.0
Schulze,-0.011647254575707155,0.06156405990016639,0.024958402662229616,0.0,-0.011647254575707155,0.0,-0.011647254575707155
IRV,0.0,0.12479201331114809,-0.021630615640599003,0.011647254575707155,0.0,0.011647254575707155,0.0
