,Borda,plurality,gt,minimax,gtd,Schulze,IRV
Borda,0.0,0.20907617504051865,-0.05348460291734198,0.03079416531604538,0.03079416531604538,0.03079416531604538,0.03079416531604538
plurality,-0.20907617504051865,0.0,-0.14100486223662884,-0.15721231766612642,-0.15721231766612642,-0.15721231766612642,-0.15721231766612642
gt,0.05348460291734198,0.14100486223662884,0.0,-0.04376012965964344,-0.04376012965964344,-0.04376012965964344,-0.04376012965964344
minimax,-0.03079416531604538,0.15721231766612642,0.04376012965964344,0.0,0.0,0.0,0.0
gtd,-0.03079416531604538,0.15721231766612642,0.04376012965964344,0.0,0.0,0.0,0.0
Schulze,-0.03079416531604538,0.15721231766612642,0.04376012965964344,0.0,0.0,0.0,0.0
IRV,-0.03079416531604538,0.15721231766612642,0.04376012965964344,0.0,0.0,0.0,0.0
