,Borda,plurality,gt,minimax,gtd,Schulze,IRV
Borda,0.0,0.03480278422273782,0.0,-0.02088167053364269,-0.02088167053364269,-0.02088167053364269,0.03480278422273782
plurality,-0.03480278422273782,0.0,-0.03480278422273782,0.02088167053364269,0.02088167053364269,0.02088167053364269,0.0
gt,0.0,0.03480278422273782,0.0,-0.02088167053364269,-0.02088167053364269,-0.02088167053364269,0.03480278422273782
minimax,0.02088167053364269,-0.02088167053364269,0.02088167053364269,0.0,0.0,0.0,-0.02088167053364269
gtd,0.02088167053364269,-0.02088167053364269,0.02088167053364269,0.0,0.0,0.0,-0.02088167053364269
Schulze,0.02088167053364269,-0.02088167053364269,0.02088167053364269,0.0,0.0,0.0,-0.02088167053364269
IRV,-0.03480278422273782,0.0,-0.03480278422273782,0.02088167053364269,0.02088167053364269,0.02088167053364269,0.0
