,Borda,plurality,gt,minimax,gtd,Schulze,IRV
Borda,0.0,-0.04157549234135667,-0.04157549234135667,0.0,0.0,0.0,0.045951859956236324
plurality,0.04157549234135667,0.0,0.0,0.04157549234135667,0.04157549234135667,0.04157549234135667,-0.05908096280087528
gt,0.04157549234135667,0.0,0.0,0.04157549234135667,0.04157549234135667,0.04157549234135667,-0.05908096280087528
minimax,0.0,-0.04157549234135667,-0.04157549234135667,0.0,0.0,0.0,0.045951859956236324
gtd,0.0,-0.04157549234135667,-0.04157549234135667,0.0,0.0,0.0,0.045951859956236324
Schulze,0.0,-0.04157549234135667,-0.04157549234135667,0.0,0.0,0.0,0.045951859956236324
IRV,-0.045951859956236324,0.05908096280087528,0.05908096280087528,-0.045951859956236324,-0.045951859956236324,-0.045951859956236324,0.0
