,Borda,plurality,gt,minimax,gtd,Schulze,IRV
Borda,0.0,-0.022935779816513763,-0.022935779816513763,-0.022935779816513763,-0.022935779816513763,-0.022935779816513763,0.10550458715596331
plurality,0.022935779816513763,0.0,0.0,0.0,0.0,0.0,-0.009174311926605505
gt,0.022935779816513763,0.0,0.0,0.0,0.0,0.0,-0.009174311926605505
minimax,0.022935779816513763,0.0,0.0,0.0,0.0,0.0,-0.009174311926605505
gtd,0.022935779816513763,0.0,0.0,0.0,0.0,0.0,-0.009174311926605505
Schulze,0.022935779816513763,0.0,0.0,0.0,0.0,0.0,-0.009174311926605505
IRV,-0.10550458715596331,0.009174311926605505,0.009174311926605505,0.009174311926605505,0.009174311926605505,0.009174311926605505,0.0
