,Borda,plurality,gt,minimax,gtd,Schulze,IRV
Borda,0.0,-0.0037174721189591076,-0.0037174721189591076,0.0,-0.0037174721189591076,0.0,0.026022304832713755
plurality,0.0037174721189591076,0.0,0.0,0.0037174721189591076,0.0,0.0037174721189591076,-0.007434944237918215
gt,0.0037174721189591076,0.0,0.0,0.0037174721189591076,0.0,0.0037174721189591076,-0.007434944237918215
minimax,0.0,-0.0037174721189591076,-0.0037174721189591076,0.0,-0.0037174721189591076,0.0,0.026022304832713755
gtd,0.0037174721189591076,0.0,0.0,0.0037174721189591076,0.0,0.0037174721189591076,-0.007434944237918215
Schulze,0.0,-0.0037174721189591076,-0.0037174721189591076,0.0,-0.0037174721189591076,0.0,0.026022304832713755
IRV,-0.026022304832713755,0.007434944237918215,0.007434944237918215,-0.026022304832713755,0.007434944237918215,-0.026022304832713755,0.0
