,Borda,plurality,gt,minimax,gtd,Schulze,IRV
Borda,0.0,0.0,-0.016786570743405275,-0.016786570743405275,-0.016786570743405275,-0.016786570743405275,-0.016786570743405275
plurality,0.0,0.0,-0.016786570743405275,-0.016786570743405275,-0.016786570743405275,-0.016786570743405275,-0.016786570743405275
gt,0.016786570743405275,0.016786570743405275,0.0,0.0,0.0,0.0,0.0
minimax,0.016786570743405275,0.016786570743405275,0.0,0.0,0.0,0.0,0.0
gtd,0.016786570743405275,0.016786570743405275,0.0,0.0,0.0,0.0,0.0
Schulze,0.016786570743405275,0.016786570743405275,0.0,0.0,0.0,0.0,0.0
IRV,0.016786570743405275,0.016786570743405275,0.0,0.0,0.0,0.0,0.0
