,Borda,plurality,gt,minimax,gtd,Schulze,IRV
Borda,0.0,-0.019693654266958426,0.0,0.0,-0.019693654266958426,0.0,-0.019693654266958426
plurality,0.019693654266958426,0.0,0.019693654266958426,0.019693654266958426,0.0,0.019693654266958426,0.0
gt,0.0,-0.019693654266958426,0.0,0.0,-0.019693654266958426,0.0,-0.019693654266958426
minimax,0.0,-0.019693654266958426,0.0,0.0,-0.019693654266958426,0.0,-0.019693654266958426
gtd,0.019693654266958426,0.0,0.019693654266958426,0.019693654266958426,0.0,0.019693654266958426,0.0
Schulze,0.0,-0.019693654266958426,0.0,0.0,-0.019693654266958426,0.0,-0.019693654266958426
IRV,0.019693654266958426,0.0,0.019693654266958426,0.019693654266958426,0.0,0.019693654266958426,0.0
