,Borda,plurality,gt,minimax,gtd,Schulze,IRV
Borda,0.0,0.044444444444444446,-0.016666666666666666,-0.016666666666666666,-0.016666666666666666,-0.016666666666666666,0.0
plurality,-0.044444444444444446,0.0,0.005555555555555556,0.005555555555555556,0.005555555555555556,0.005555555555555556,-0.044444444444444446
gt,0.016666666666666666,-0.005555555555555556,0.0,0.0,0.0,0.0,0.016666666666666666
minimax,0.016666666666666666,-0.005555555555555556,0.0,0.0,0.0,0.0,0.016666666666666666
gtd,0.016666666666666666,-0.005555555555555556,0.0,0.0,0.0,0.0,0.016666666666666666
Schulze,0.016666666666666666,-0.005555555555555556,0.0,0.0,0.0,0.0,0.016666666666666666
IRV,0.0,0.044444444444444446,-0.016666666666666666,-0.016666666666666666,-0.016666666666666666,-0.016666666666666666,0.0
