,Borda,plurality,gt,minimax,gtd,Schulze,IRV
Borda,0.0,-0.007874015748031496,-0.007874015748031496,-0.007874015748031496,-0.007874015748031496,-0.007874015748031496,-0.007874015748031496
plurality,0.007874015748031496,0.0,0.0,0.0,0.0,0.0,0.0
gt,0.007874015748031496,0.0,0.0,0.0,0.0,0.0,0.0
minimax,0.007874015748031496,0.0,0.0,0.0,0.0,0.0,0.0
gtd,0.007874015748031496,0.0,0.0,0.0,0.0,0.0,0.0
Schulze,0.007874015748031496,0.0,0.0,0.0,0.0,0.0,0.0
IRV,0.007874015748031496,0.0,0.0,0.0,0.0,0.0,0.0
