,Borda,plurality,gt,minimax,gtd,Schulze,IRV
Borda,0.0,0.28074245939675174,-0.0069605568445475635,0.0,0.0,0.0,0.0
plurality,-0.28074245939675174,0.0,-0.27610208816705334,-0.28074245939675174,-0.28074245939675174,-0.28074245939675174,-0.28074245939675174
gt,0.0069605568445475635,0.27610208816705334,0.0,0.0069605568445475635,0.0069605568445475635,0.0069605568445475635,0.0069605568445475635
minimax,0.0,0.28074245939675174,-0.0069605568445475635,0.0,0.0,0.0,0.0
gtd,0.0,0.28074245939675174,-0.0069605568445475635,0.0,0.0,0.0,0.0
Schulze,0.0,0.28074245939675174,-0.0069605568445475635,0.0,0.0,0.0,0.0
IRV,0.0,0.28074245939675174,-0.0069605568445475635,0.0,0.0,0.0,0.0
