,Borda,plurality,gt,minimax,gtd,Schulze,IRV
Borda,0.0,0.034782608695652174,0.0,0.0,-0.030434782608695653,0.0,0.0
plurality,-0.034782608695652174,0.0,-0.034782608695652174,-0.034782608695652174,0.030434782608695653,-0.034782608695652174,-0.034782608695652174
gt,0.0,0.034782608695652174,0.0,0.0,-0.030434782608695653,0.0,0.0
minimax,0.0,0.034782608695652174,0.0,0.0,-0.030434782608695653,0.0,0.0
gtd,0.030434782608695653,-0.030434782608695653,0.030434782608695653,0.030434782608695653,0.0,0.030434782608695653,0.030434782608695653
Schulze,0.0,0.034782608695652174,0.0,0.0,-0.030434782608695653,0.0,0.0
IRV,0.0,0.034782608695652174,0.0,0.0,-0.030434782608695653,0.0,0.0
