,Borda,plurality,gt,minimax,gtd,Schulze,IRV
Borda,0.0,0.0681198910081744,-0.02452316076294278,-0.02452316076294278,-0.02452316076294278,-0.02452316076294278,0.0
plurality,-0.0681198910081744,0.0,-0.0681198910081744,-0.0681198910081744,-0.0681198910081744,-0.0681198910081744,-0.0681198910081744
gt,0.02452316076294278,0.0681198910081744,0.0,0.0,0.0,0.0,0.02452316076294278
minimax,0.02452316076294278,0.0681198910081744,0.0,0.0,0.0,0.0,0.02452316076294278
gtd,0.02452316076294278,0.0681198910081744,0.0,0.0,0.0,0.0,0.02452316076294278
Schulze,0.02452316076294278,0.0681198910081744,0.0,0.0,0.0,0.0,0.02452316076294278
IRV,0.0,0.0681198910081744,-0.02452316076294278,-0.02452316076294278,-0.02452316076294278,-0.02452316076294278,0.0
