,Borda,plurality,gt,minimax,gtd,Schulze,IRV
Borda,0.0,-0.004310344827586207,-0.004310344827586207,0.0,0.0,0.0,0.00646551724137931
plurality,0.004310344827586207,0.0,0.0,0.004310344827586207,0.004310344827586207,0.004310344827586207,-0.00646551724137931
gt,0.004310344827586207,0.0,0.0,0.004310344827586207,0.004310344827586207,0.004310344827586207,-0.00646551724137931
minimax,0.0,-0.004310344827586207,-0.004310344827586207,0.0,0.0,0.0,0.00646551724137931
gtd,0.0,-0.004310344827586207,-0.004310344827586207,0.0,0.0,0.0,0.00646551724137931
Schulze,0.0,-0.004310344827586207,-0.004310344827586207,0.0,0.0,0.0,0.00646551724137931
IRV,-0.00646551724137931,0.00646551724137931,0.00646551724137931,-0.00646551724137931,-0.00646551724137931,-0.00646551724137931,0.0
