,Borda,plurality,gt,minimax,gtd,Schulze,IRV
Borda,0.0,-0.05707196029776675,0.017369727047146403,0.017369727047146403,0.017369727047146403,0.017369727047146403,-0.05707196029776675
plurality,0.05707196029776675,0.0,-0.017369727047146403,-0.017369727047146403,-0.017369727047146403,-0.017369727047146403,0.0
gt,-0.017369727047146403,0.017369727047146403,0.0,0.0,0.0,0.0,0.017369727047146403
minimax,-0.017369727047146403,0.017369727047146403,0.0,0.0,0.0,0.0,0.017369727047146403
gtd,-0.017369727047146403,0.017369727047146403,0.0,0.0,0.0,0.0,0.017369727047146403
Schulze,-0.017369727047146403,0.017369727047146403,0.0,0.0,0.0,0.0,0.017369727047146403
IRV,0.05707196029776675,0.0,-0.017369727047146403,-0.017369727047146403,-0.017369727047146403,-0.017369727047146403,0.0
