,Borda,plurality,gt,minimax,gtd,Schulze,IRV
Borda,0.0,0.012448132780082987,0.0,0.0,0.0,0.0,0.0
plurality,-0.012448132780082987,0.0,-0.012448132780082987,-0.012448132780082987,-0.012448132780082987,-0.012448132780082987,-0.012448132780082987
gt,0.0,0.012448132780082987,0.0,0.0,0.0,0.0,0.0
minimax,0.0,0.012448132780082987,0.0,0.0,0.0,0.0,0.0
gtd,0.0,0.012448132780082987,0.0,0.0,0.0,0.0,0.0
Schulze,0.0,0.012448132780082987,0.0,0.0,0.0,0.0,0.0
IRV,0.0,0.012448132780082987,0.0,0.0,0.0,0.0,0.0
