,Borda,plurality,gt,minimax,gtd,Schulze,IRV
Borda,0.0,0.11052631578947368,-0.005263157894736842,-0.005263157894736842,-0.005263157894736842,-0.005263157894736842,-0.005263157894736842
plurality,-0.11052631578947368,0.0,-0.08947368421052632,-0.08947368421052632,-0.08947368421052632,-0.08947368421052632,-0.08947368421052632
gt,0.005263157894736842,0.08947368421052632,0.0,0.0,0.0,0.0,0.0
minimax,0.005263157894736842,0.08947368421052632,0.0,0.0,0.0,0.0,0.0
gtd,0.005263157894736842,0.08947368421052632,0.0,0.0,0.0,0.0,0.0
Schulze,0.005263157894736842,0.08947368421052632,0.0,0.0,0.0,0.0,0.0
IRV,0.005263157894736842,0.08947368421052632,0.0,0.0,0.0,0.0,0.0
