,Borda,plurality,gt,minimax,gtd,Schulze,IRV
Borda,0.0,0.0,0.0,-0.00980392156862745,-0.00980392156862745,-0.00980392156862745,0.0
plurality,0.0,0.0,0.0,-0.00980392156862745,-0.00980392156862745,-0.00980392156862745,0.0
gt,0.0,0.0,0.0,-0.00980392156862745,-0.00980392156862745,-0.00980392156862745,0.0
minimax,0.00980392156862745,0.00980392156862745,0.00980392156862745,0.0,0.0,0.0,0.00980392156862745
gtd,0.00980392156862745,0.00980392156862745,0.00980392156862745,0.0,0.0,0.0,0.00980392156862745
Schulze,0.00980392156862745,0.00980392156862745,0.00980392156862745,0.0,0.0,0.0,0.00980392156862745
IRV,0.0,0.0,0.0,-0.00980392156862745,-0.00980392156862745,-0.00980392156862745,0.0
