,Borda,plurality,gt,minimax,gtd,Schulze,IRV
Borda,0.0,0.0,-0.024271844660194174,-0.024271844660194174,-0.024271844660194174,-0.024271844660194174,-0.024271844660194174
plurality,0.0,0.0,-0.024271844660194174,-0.024271844660194174,-0.024271844660194174,-0.024271844660194174,-0.024271844660194174
gt,0.024271844660194174,0.024271844660194174,0.0,0.0,0.0,0.0,0.0
minimax,0.024271844660194174,0.024271844660194174,0.0,0.0,0.0,0.0,0.0
gtd,0.024271844660194174,0.024271844660194174,0.0,0.0,0.0,0.0,0.0
Schulze,0.024271844660194174,0.024271844660194174,0.0,0.0,0.0,0.0,0.0
IRV,0.024271844660194174,0.024271844660194174,0.0,0.0,0.0,0.0,0.0
