,Borda,plurality,gt,minimax,gtd,Schulze,IRV
Borda,0.0,0.2893401015228426,0.0,0.0,0.0,0.0,0.0
plurality,-0.2893401015228426,0.0,-0.25380710659898476,-0.2893401015228426,-0.2893401015228426,-0.2893401015228426,-0.2893401015228426
gt,0.0,0.25380710659898476,0.0,0.0,0.0,0.0,0.0
minimax,0.0,0.2893401015228426,0.0,0.0,0.0,0.0,0.0
gtd,0.0,0.2893401015228426,0.0,0.0,0.0,0.0,0.0
Schulze,0.0,0.2893401015228426,0.0,0.0,0.0,0.0,0.0
IRV,0.0,0.2893401015228426,0.0,0.0,0.0,0.0,0.0
