,Borda,plurality,gt,minimax,gtd,Schulze,IRV
Borda,0.0,0.03398058252427184,-0.0048543689320388345,0.0,-0.0048543689320388345,0.0,0.03398058252427184
plurality,-0.03398058252427184,0.0,0.024271844660194174,-0.03398058252427184,0.024271844660194174,-0.03398058252427184,0.0
gt,0.0048543689320388345,-0.024271844660194174,0.0,0.0048543689320388345,0.0,0.0048543689320388345,-0.024271844660194174
minimax,0.0,0.03398058252427184,-0.0048543689320388345,0.0,-0.0048543689320388345,0.0,0.03398058252427184
gtd,0.0048543689320388345,-0.024271844660194174,0.0,0.0048543689320388345,0.0,0.0048543689320388345,-0.024271844660194174
Schulze,0.0,0.03398058252427184,-0.0048543689320388345,0.0,-0.0048543689320388345,0.0,0.03398058252427184
IRV,-0.03398058252427184,0.0,0.024271844660194174,-0.03398058252427184,0.024271844660194174,-0.03398058252427184,0.0
