,Borda,plurality,gt,minimax,gtd,Schulze,IRV
Borda,0.0,-0.008968609865470852,0.0,0.004484304932735426,0.004484304932735426,0.004484304932735426,0.004484304932735426
plurality,0.008968609865470852,0.0,0.008968609865470852,-0.008968609865470852,-0.008968609865470852,-0.008968609865470852,-0.008968609865470852
gt,0.0,-0.008968609865470852,0.0,0.004484304932735426,0.004484304932735426,0.004484304932735426,0.004484304932735426
minimax,-0.004484304932735426,0.008968609865470852,-0.004484304932735426,0.0,0.0,0.0,0.0
gtd,-0.004484304932735426,0.008968609865470852,-0.004484304932735426,0.0,0.0,0.0,0.0
Schulze,-0.004484304932735426,0.008968609865470852,-0.004484304932735426,0.0,0.0,0.0,0.0
IRV,-0.004484304932735426,0.008968609865470852,-0.004484304932735426,0.0,0.0,0.0,0.0
