,Borda,plurality,gt,minimax,gtd,Schulze,IRV
Borda,0.0,0.0681198910081744,-0.008174386920980926,0.0,-0.008174386920980926,0.0,0.0
plurality,-0.0681198910081744,0.0,0.013623978201634877,-0.0681198910081744,0.013623978201634877,-0.0681198910081744,-0.0681198910081744
gt,0.008174386920980926,-0.013623978201634877,0.0,0.008174386920980926,0.0,0.008174386920980926,0.008174386920980926
minimax,0.0,0.0681198910081744,-0.008174386920980926,0.0,-0.008174386920980926,0.0,0.0
gtd,0.008174386920980926,-0.013623978201634877,0.0,0.008174386920980926,0.0,0.008174386920980926,0.008174386920980926
Schulze,0.0,0.0681198910081744,-0.008174386920980926,0.0,-0.008174386920980926,0.0,0.0
IRV,0.0,0.0681198910081744,-0.008174386920980926,0.0,-0.008174386920980926,0.0,0.0
