,Borda,plurality,gt,minimax,gtd,Schulze,IRV
Borda,0.0,0.0,-0.020512820512820513,-0.020512820512820513,0.015384615384615385,-0.020512820512820513,-0.020512820512820513
plurality,0.0,0.0,-0.020512820512820513,-0.020512820512820513,0.015384615384615385,-0.020512820512820513,-0.020512820512820513
gt,0.020512820512820513,0.020512820512820513,0.0,0.0,-0.010256410256410256,0.0,0.0
minimax,0.020512820512820513,0.020512820512820513,0.0,0.0,-0.010256410256410256,0.0,0.0
gtd,-0.015384615384615385,-0.015384615384615385,0.010256410256410256,0.010256410256410256,0.0,0.010256410256410256,0.010256410256410256
Schulze,0.020512820512820513,0.020512820512820513,0.0,0.0,-0.010256410256410256,0.0,0.0
IRV,0.020512820512820513,0.020512820512820513,0.0,0.0,-0.010256410256410256,0.0,0.0
