,Borda,plurality,gt,minimax,gtd,Schulze,IRV
Borda,0.0,-0.006896551724137931,0.02528735632183908,0.0,0.0,0.0,0.02528735632183908
plurality,0.006896551724137931,0.0,-0.029885057471264367,0.006896551724137931,0.006896551724137931,0.006896551724137931,-0.029885057471264367
gt,-0.02528735632183908,0.029885057471264367,0.0,-0.02528735632183908,-0.02528735632183908,-0.02528735632183908,0.0
minimax,0.0,-0.006896551724137931,0.02528735632183908,0.0,0.0,0.0,0.02528735632183908
gtd,0.0,-0.006896551724137931,0.02528735632183908,0.0,0.0,0.0,0.02528735632183908
Schulze,0.0,-0.006896551724137931,0.02528735632183908,0.0,0.0,0.0,0.02528735632183908
IRV,-0.02528735632183908,0.029885057471264367,0.0,-0.02528735632183908,-0.02528735632183908,-0.02528735632183908,0.0
