,Borda,plurality,gt,minimax,gtd,Schulze,IRV
Borda,0.0,0.0,0.0,0.0,0.0,0.0,0.04477611940298507
plurality,0.0,0.0,0.0,0.0,0.0,0.0,0.04477611940298507
gt,0.0,0.0,0.0,0.0,0.0,0.0,0.04477611940298507
minimax,0.0,0.0,0.0,0.0,0.0,0.0,0.04477611940298507
gtd,0.0,0.0,0.0,0.0,0.0,0.0,0.04477611940298507
Schulze,0.0,0.0,0.0,0.0,0.0,0.0,0.04477611940298507
IRV,-0.04477611940298507,-0.04477611940298507,-0.04477611940298507,-0.04477611940298507,-0.04477611940298507,-0.04477611940298507,0.0
