,Borda,plurality,gt,minimax,gtd,Schulze,IRV
Borda,0.0,0.0449438202247191,0.0,-0.016853932584269662,-0.016853932584269662,-0.016853932584269662,0.0449438202247191
plurality,-0.0449438202247191,0.0,-0.0449438202247191,0.011235955056179775,0.011235955056179775,0.011235955056179775,0.0
gt,0.0,0.0449438202247191,0.0,-0.016853932584269662,-0.016853932584269662,-0.016853932584269662,0.0449438202247191
minimax,0.016853932584269662,-0.011235955056179775,0.016853932584269662,0.0,0.0,0.0,-0.011235955056179775
gtd,0.016853932584269662,-0.011235955056179775,0.016853932584269662,0.0,0.0,0.0,-0.011235955056179775
Schulze,0.016853932584269662,-0.011235955056179775,0.016853932584269662,0.0,0.0,0.0,-0.011235955056179775
IRV,-0.0449438202247191,0.0,-0.0449438202247191,0.011235955056179775,0.011235955056179775,0.011235955056179775,0.0
