,Borda,plurality,gt,minimax,gtd,Schulze,IRV
Borda,0.0,0.00851063829787234,0.00851063829787234,-0.02553191489361702,-0.02553191489361702,-0.02553191489361702,0.0
plurality,-0.00851063829787234,0.0,0.0,0.0,0.0,0.0,-0.00851063829787234
gt,-0.00851063829787234,0.0,0.0,0.0,0.0,0.0,-0.00851063829787234
minimax,0.02553191489361702,0.0,0.0,0.0,0.0,0.0,0.02553191489361702
gtd,0.02553191489361702,0.0,0.0,0.0,0.0,0.0,0.02553191489361702
Schulze,0.02553191489361702,0.0,0.0,0.0,0.0,0.0,0.02553191489361702
IRV,0.0,0.00851063829787234,0.00851063829787234,-0.02553191489361702,-0.02553191489361702,-0.02553191489361702,0.0
