,Borda,plurality,gt,minimax,gtd,Schulze,IRV
Borda,0.0,-0.04103671706263499,0.032397408207343416,-0.04103671706263499,0.032397408207343416,-0.04103671706263499,0.032397408207343416
plurality,0.04103671706263499,0.0,-0.028077753779697623,0.0,-0.028077753779697623,0.0,-0.028077753779697623
gt,-0.032397408207343416,0.028077753779697623,0.0,0.028077753779697623,0.0,0.028077753779697623,0.0
minimax,0.04103671706263499,0.0,-0.028077753779697623,0.0,-0.028077753779697623,0.0,-0.028077753779697623
gtd,-0.032397408207343416,0.028077753779697623,0.0,0.028077753779697623,0.0,0.028077753779697623,0.0
Schulze,0.04103671706263499,0.0,-0.028077753779697623,0.0,-0.028077753779697623,0.0,-0.028077753779697623
IRV,-0.032397408207343416,0.028077753779697623,0.0,0.028077753779697623,0.0,0.028077753779697623,0.0
