,Borda,plurality,gt,minimax,gtd,Schulze,IRV
Borda,0.0,-0.02452316076294278,0.0,-0.02452316076294278,-0.02452316076294278,-0.02452316076294278,0.04632152588555858
plurality,0.02452316076294278,0.0,0.02452316076294278,0.0,0.0,0.0,-0.02452316076294278
gt,0.0,-0.02452316076294278,0.0,-0.02452316076294278,-0.02452316076294278,-0.02452316076294278,0.04632152588555858
minimax,0.02452316076294278,0.0,0.02452316076294278,0.0,0.0,0.0,-0.02452316076294278
gtd,0.02452316076294278,0.0,0.02452316076294278,0.0,0.0,0.0,-0.02452316076294278
Schulze,0.02452316076294278,0.0,0.02452316076294278,0.0,0.0,0.0,-0.02452316076294278
IRV,-0.04632152588555858,0.02452316076294278,-0.04632152588555858,0.02452316076294278,0.02452316076294278,0.02452316076294278,0.0
