,Borda,plurality,gt,minimax,gtd,Schulze,IRV
Borda,0.0,0.0,-0.025522041763341066,0.0,-0.025522041763341066,0.0,-0.025522041763341066
plurality,0.0,0.0,-0.025522041763341066,0.0,-0.025522041763341066,0.0,-0.025522041763341066
gt,0.025522041763341066,0.025522041763341066,0.0,0.025522041763341066,0.0,0.025522041763341066,0.0
minimax,0.0,0.0,-0.025522041763341066,0.0,-0.025522041763341066,0.0,-0.025522041763341066
gtd,0.025522041763341066,0.025522041763341066,0.0,0.025522041763341066,0.0,0.025522041763341066,0.0
Schulze,0.0,0.0,-0.025522041763341066,0.0,-0.025522041763341066,0.0,-0.025522041763341066
IRV,0.025522041763341066,0.025522041763341066,0.0,0.025522041763341066,0.0,0.025522041763341066,0.0
