,Borda,plurality,gt,minimax,gtd,Schulze,IRV
Borda,0.0,0.11799410029498525,0.02359882005899705,-0.02064896755162242,-0.02064896755162242,-0.02064896755162242,0.0
plurality,-0.11799410029498525,0.0,-0.12979351032448377,-0.10029498525073746,-0.10029498525073746,-0.10029498525073746,-0.11799410029498525
gt,-0.02359882005899705,0.12979351032448377,0.0,0.0029498525073746312,0.0029498525073746312,0.0029498525073746312,-0.02359882005899705
minimax,0.02064896755162242,0.10029498525073746,-0.0029498525073746312,0.0,0.0,0.0,0.02064896755162242
gtd,0.02064896755162242,0.10029498525073746,-0.0029498525073746312,0.0,0.0,0.0,0.02064896755162242
Schulze,0.02064896755162242,0.10029498525073746,-0.0029498525073746312,0.0,0.0,0.0,0.02064896755162242
IRV,0.0,0.11799410029498525,0.02359882005899705,-0.02064896755162242,-0.02064896755162242,-0.02064896755162242,0.0
