,Borda,plurality,gt,minimax,gtd,Schulze,IRV
Borda,0.0,0.007751937984496124,-0.012919896640826873,0.007751937984496124,0.0,0.007751937984496124,0.007751937984496124
plurality,-0.007751937984496124,0.0,0.023255813953488372,0.0,-0.007751937984496124,0.0,0.0
gt,0.012919896640826873,-0.023255813953488372,0.0,-0.023255813953488372,0.012919896640826873,-0.023255813953488372,-0.023255813953488372
minimax,-0.007751937984496124,0.0,0.023255813953488372,0.0,-0.007751937984496124,0.0,0.0
gtd,0.0,0.007751937984496124,-0.012919896640826873,0.007751937984496124,0.0,0.007751937984496124,0.007751937984496124
Schulze,-0.007751937984496124,0.0,0.023255813953488372,0.0,-0.007751937984496124,0.0,0.0
IRV,-0.007751937984496124,0.0,0.023255813953488372,0.0,-0.007751937984496124,0.0,0.0
