,Borda,plurality,gt,minimax,gtd,Schulze,IRV
Borda,0.0,0.02756892230576441,-0.017543859649122806,0.0,-0.017543859649122806,0.0,0.02756892230576441
plurality,-0.02756892230576441,0.0,0.022556390977443608,-0.02756892230576441,0.022556390977443608,-0.02756892230576441,0.0
gt,0.017543859649122806,-0.022556390977443608,0.0,0.017543859649122806,0.0,0.017543859649122806,-0.022556390977443608
minimax,0.0,0.02756892230576441,-0.017543859649122806,0.0,-0.017543859649122806,0.0,0.02756892230576441
gtd,0.017543859649122806,-0.022556390977443608,0.0,0.017543859649122806,0.0,0.017543859649122806,-0.022556390977443608
Schulze,0.0,0.02756892230576441,-0.017543859649122806,0.0,-0.017543859649122806,0.0,0.02756892230576441
IRV,-0.02756892230576441,0.0,0.022556390977443608,-0.02756892230576441,0.022556390977443608,-0.02756892230576441,0.0
