,Borda,plurality,gt,minimax,gtd,Schulze,IRV
Borda,0.0,0.0334075723830735,-0.0066815144766146995,0.0,-0.0066815144766146995,0.0,0.0334075723830735
plurality,-0.0334075723830735,0.0,0.028953229398663696,-0.0334075723830735,0.028953229398663696,-0.0334075723830735,0.0
gt,0.0066815144766146995,-0.028953229398663696,0.0,0.0066815144766146995,0.0,0.0066815144766146995,-0.028953229398663696
minimax,0.0,0.0334075723830735,-0.0066815144766146995,0.0,-0.0066815144766146995,0.0,0.0334075723830735
gtd,0.0066815144766146995,-0.028953229398663696,0.0,0.0066815144766146995,0.0,0.0066815144766146995,-0.028953229398663696
Schulze,0.0,0.0334075723830735,-0.0066815144766146995,0.0,-0.0066815144766146995,0.0,0.0334075723830735
IRV,-0.0334075723830735,0.0,0.028953229398663696,-0.0334075723830735,0.028953229398663696,-0.0334075723830735,0.0
