,Borda,plurality,gt,minimax,gtd,Schulze,IRV
Borda,0.0,0.0,0.0,0.0,0.0,0.0,0.00975609756097561
plurality,0.0,0.0,0.0,0.0,0.0,0.0,-0.00975609756097561
gt,0.0,0.0,0.0,0.0,0.0,0.0,0.00975609756097561
minimax,0.0,0.0,0.0,0.0,0.0,0.0,0.00975609756097561
gtd,0.0,0.0,0.0,0.0,0.0,0.0,0.00975609756097561
Schulze,0.0,0.0,0.0,0.0,0.0,0.0,0.00975609756097561
IRV,-0.00975609756097561,0.00975609756097561,-0.00975609756097561,-0.00975609756097561,-0.00975609756097561,-0.00975609756097561,0.0
