,Borda,plurality,gt,minimax,gtd,Schulze,IRV
Borda,0.0,0.15942028985507245,0.0,0.0,0.0,0.0,0.0
plurality,-0.15942028985507245,0.0,-0.15458937198067632,-0.15942028985507245,-0.15942028985507245,-0.15942028985507245,-0.15942028985507245
gt,0.0,0.15458937198067632,0.0,0.0,0.0,0.0,0.0
minimax,0.0,0.15942028985507245,0.0,0.0,0.0,0.0,0.0
gtd,0.0,0.15942028985507245,0.0,0.0,0.0,0.0,0.0
Schulze,0.0,0.15942028985507245,0.0,0.0,0.0,0.0,0.0
IRV,0.0,0.15942028985507245,0.0,0.0,0.0,0.0,0.0
