,Borda,plurality,gt,minimax,gtd,Schulze,IRV
Borda,0.0,-0.0267639902676399,0.0,0.021897810218978103,0.0,0.021897810218978103,0.021897810218978103
plurality,0.0267639902676399,0.0,0.0267639902676399,-0.07542579075425791,0.0267639902676399,-0.07542579075425791,-0.07542579075425791
gt,0.0,-0.0267639902676399,0.0,0.021897810218978103,0.0,0.021897810218978103,0.021897810218978103
minimax,-0.021897810218978103,0.07542579075425791,-0.021897810218978103,0.0,-0.021897810218978103,0.0,0.0
gtd,0.0,-0.0267639902676399,0.0,0.021897810218978103,0.0,0.021897810218978103,0.021897810218978103
Schulze,-0.021897810218978103,0.07542579075425791,-0.021897810218978103,0.0,-0.021897810218978103,0.0,0.0
IRV,-0.021897810218978103,0.07542579075425791,-0.021897810218978103,0.0,-0.021897810218978103,0.0,0.0
