,Borda,plurality,gt,minimax,gtd,Schulze,IRV
Borda,0.0,-0.049723756906077346,0.055248618784530384,-0.049723756906077346,-0.049723756906077346,-0.049723756906077346,-0.049723756906077346
plurality,0.049723756906077346,0.0,-0.022099447513812154,0.0,0.0,0.0,0.0
gt,-0.055248618784530384,0.022099447513812154,0.0,0.022099447513812154,0.022099447513812154,0.022099447513812154,0.022099447513812154
minimax,0.049723756906077346,0.0,-0.022099447513812154,0.0,0.0,0.0,0.0
gtd,0.049723756906077346,0.0,-0.022099447513812154,0.0,0.0,0.0,0.0
Schulze,0.049723756906077346,0.0,-0.022099447513812154,0.0,0.0,0.0,0.0
IRV,0.049723756906077346,0.0,-0.022099447513812154,0.0,0.0,0.0,0.0
