,Borda,plurality,gt,minimax,gtd,Schulze,IRV
Borda,0.0,0.06635071090047394,0.0,-0.009478672985781991,-0.009478672985781991,-0.009478672985781991,0.06635071090047394
plurality,-0.06635071090047394,0.0,-0.06635071090047394,0.009478672985781991,0.009478672985781991,0.009478672985781991,0.0
gt,0.0,0.06635071090047394,0.0,-0.009478672985781991,-0.009478672985781991,-0.009478672985781991,0.06635071090047394
minimax,0.009478672985781991,-0.009478672985781991,0.009478672985781991,0.0,0.0,0.0,-0.009478672985781991
gtd,0.009478672985781991,-0.009478672985781991,0.009478672985781991,0.0,0.0,0.0,-0.009478672985781991
Schulze,0.009478672985781991,-0.009478672985781991,0.009478672985781991,0.0,0.0,0.0,-0.009478672985781991
IRV,-0.06635071090047394,0.0,-0.06635071090047394,0.009478672985781991,0.009478672985781991,0.009478672985781991,0.0
