,Borda,plurality,gt,minimax,gtd,Schulze,IRV
Borda,0.0,0.0,-0.011320754716981131,-0.011320754716981131,-0.011320754716981131,-0.011320754716981131,-0.011320754716981131
plurality,0.0,0.0,-0.011320754716981131,-0.011320754716981131,-0.011320754716981131,-0.011320754716981131,-0.011320754716981131
gt,0.011320754716981131,0.011320754716981131,0.0,0.0,0.0,0.0,0.0
minimax,0.011320754716981131,0.011320754716981131,0.0,0.0,0.0,0.0,0.0
gtd,0.011320754716981131,0.011320754716981131,0.0,0.0,0.0,0.0,0.0
Schulze,0.011320754716981131,0.011320754716981131,0.0,0.0,0.0,0.0,0.0
IRV,0.011320754716981131,0.011320754716981131,0.0,0.0,0.0,0.0,0.0
