,Borda,plurality,gt,minimax,gtd,Schulze,IRV
Borda,0.0,0.052132701421800945,0.0,0.0,0.0,0.0,0.03317535545023697
plurality,-0.052132701421800945,0.0,-0.018957345971563982,-0.052132701421800945,-0.052132701421800945,-0.052132701421800945,-0.04265402843601896
gt,0.0,0.018957345971563982,0.0,0.0,0.0,0.0,-0.06635071090047394
minimax,0.0,0.052132701421800945,0.0,0.0,0.0,0.0,0.03317535545023697
gtd,0.0,0.052132701421800945,0.0,0.0,0.0,0.0,0.03317535545023697
Schulze,0.0,0.052132701421800945,0.0,0.0,0.0,0.0,0.03317535545023697
IRV,-0.03317535545023697,0.04265402843601896,0.06635071090047394,-0.03317535545023697,-0.03317535545023697,-0.03317535545023697,0.0
