,Borda,plurality,gt,minimax,gtd,Schulze,IRV
Borda,0.0,-0.023655913978494623,-0.023655913978494623,0.0,-0.023655913978494623,0.0,-0.023655913978494623
plurality,0.023655913978494623,0.0,0.0,0.023655913978494623,0.0,0.023655913978494623,0.0
gt,0.023655913978494623,0.0,0.0,0.023655913978494623,0.0,0.023655913978494623,0.0
minimax,0.0,-0.023655913978494623,-0.023655913978494623,0.0,-0.023655913978494623,0.0,-0.023655913978494623
gtd,0.023655913978494623,0.0,0.0,0.023655913978494623,0.0,0.023655913978494623,0.0
Schulze,0.0,-0.023655913978494623,-0.023655913978494623,0.0,-0.023655913978494623,0.0,-0.023655913978494623
IRV,0.023655913978494623,0.0,0.0,0.023655913978494623,0.0,0.023655913978494623,0.0
