,Borda,plurality,gt,minimax,gtd,Schulze,IRV
Borda,0.0,0.0,-0.04155124653739612,0.0,-0.04155124653739612,0.0,-0.04155124653739612
plurality,0.0,0.0,-0.04155124653739612,0.0,-0.04155124653739612,0.0,-0.04155124653739612
gt,0.04155124653739612,0.04155124653739612,0.0,0.04155124653739612,0.0,0.04155124653739612,0.0
minimax,0.0,0.0,-0.04155124653739612,0.0,-0.04155124653739612,0.0,-0.04155124653739612
gtd,0.04155124653739612,0.04155124653739612,0.0,0.04155124653739612,0.0,0.04155124653739612,0.0
Schulze,0.0,0.0,-0.04155124653739612,0.0,-0.04155124653739612,0.0,-0.04155124653739612
IRV,0.04155124653739612,0.04155124653739612,0.0,0.04155124653739612,0.0,0.04155124653739612,0.0
