,Borda,plurality,gt,minimax,gtd,Schulze,IRV
Borda,0.0,0.07758620689655173,0.0,0.0,0.0,0.0,0.0
plurality,-0.07758620689655173,0.0,-0.1336206896551724,-0.07758620689655173,-0.1336206896551724,-0.07758620689655173,-0.07758620689655173
gt,0.0,0.1336206896551724,0.0,0.0,0.0,0.0,0.0
minimax,0.0,0.07758620689655173,0.0,0.0,0.0,0.0,0.0
gtd,0.0,0.1336206896551724,0.0,0.0,0.0,0.0,0.0
Schulze,0.0,0.07758620689655173,0.0,0.0,0.0,0.0,0.0
IRV,0.0,0.07758620689655173,0.0,0.0,0.0,0.0,0.0
