,Borda,plurality,gt,minimax,gtd,Schulze,IRV
Borda,0.0,-0.03825136612021858,0.0273224043715847,0.0273224043715847,0.0,0.0273224043715847,-0.03825136612021858
plurality,0.03825136612021858,0.0,-0.0546448087431694,-0.0546448087431694,0.03825136612021858,-0.0546448087431694,0.0
gt,-0.0273224043715847,0.0546448087431694,0.0,0.0,-0.0273224043715847,0.0,0.0546448087431694
minimax,-0.0273224043715847,0.0546448087431694,0.0,0.0,-0.0273224043715847,0.0,0.0546448087431694
gtd,0.0,-0.03825136612021858,0.0273224043715847,0.0273224043715847,0.0,0.0273224043715847,-0.03825136612021858
Schulze,-0.0273224043715847,0.0546448087431694,0.0,0.0,-0.0273224043715847,0.0,0.0546448087431694
IRV,0.03825136612021858,0.0,-0.0546448087431694,-0.0546448087431694,0.03825136612021858,-0.0546448087431694,0.0
