,Borda,plurality,gt,minimax,gtd,Schulze,IRV
Borda,0.0,-0.017142857142857144,-0.017142857142857144,0.0,-0.017142857142857144,0.0,-0.017142857142857144
plurality,0.017142857142857144,0.0,0.0,0.017142857142857144,0.0,0.017142857142857144,0.0
gt,0.017142857142857144,0.0,0.0,0.017142857142857144,0.0,0.017142857142857144,0.0
minimax,0.0,-0.017142857142857144,-0.017142857142857144,0.0,-0.017142857142857144,0.0,-0.017142857142857144
gtd,0.017142857142857144,0.0,0.0,0.017142857142857144,0.0,0.017142857142857144,0.0
Schulze,0.0,-0.017142857142857144,-0.017142857142857144,0.0,-0.017142857142857144,0.0,-0.017142857142857144
IRV,0.017142857142857144,0.0,0.0,0.017142857142857144,0.0,0.017142857142857144,0.0
