,Borda,plurality,gt,minimax,gtd,Schulze,IRV
Borda,0.0,0.09046454767726161,-0.0024449877750611247,-0.0024449877750611247,-0.0024449877750611247,-0.0024449877750611247,-0.0024449877750611247
plurality,-0.09046454767726161,0.0,-0.10513447432762836,-0.10513447432762836,-0.10513447432762836,-0.10513447432762836,-0.10513447432762836
gt,0.0024449877750611247,0.10513447432762836,0.0,0.0,0.0,0.0,0.0
minimax,0.0024449877750611247,0.10513447432762836,0.0,0.0,0.0,0.0,0.0
gtd,0.0024449877750611247,0.10513447432762836,0.0,0.0,0.0,0.0,0.0
Schulze,0.0024449877750611247,0.10513447432762836,0.0,0.0,0.0,0.0,0.0
IRV,0.0024449877750611247,0.10513447432762836,0.0,0.0,0.0,0.0,0.0
