,Borda,plurality,gt,minimax,gtd,Schulze,IRV
Borda,0.0,-0.058161350844277676,0.08067542213883677,-0.058161350844277676,-0.058161350844277676,-0.058161350844277676,-0.058161350844277676
plurality,0.058161350844277676,0.0,-0.001876172607879925,0.0,0.0,0.0,0.0
gt,-0.08067542213883677,0.001876172607879925,0.0,0.001876172607879925,0.001876172607879925,0.001876172607879925,0.001876172607879925
minimax,0.058161350844277676,0.0,-0.001876172607879925,0.0,0.0,0.0,0.0
gtd,0.058161350844277676,0.0,-0.001876172607879925,0.0,0.0,0.0,0.0
Schulze,0.058161350844277676,0.0,-0.001876172607879925,0.0,0.0,0.0,0.0
IRV,0.058161350844277676,0.0,-0.001876172607879925,0.0,0.0,0.0,0.0
