,Borda,plurality,gt,minimax,gtd,Schulze,IRV
Borda,0.0,0.17222222222222222,0.0,0.0,0.0,0.0,0.0
plurality,-0.17222222222222222,0.0,-0.17222222222222222,-0.22777777777777777,-0.22777777777777777,-0.22777777777777777,-0.17222222222222222
gt,0.0,0.17222222222222222,0.0,0.0,0.0,0.0,0.0
minimax,0.0,0.22777777777777777,0.0,0.0,0.0,0.0,0.0
gtd,0.0,0.22777777777777777,0.0,0.0,0.0,0.0,0.0
Schulze,0.0,0.22777777777777777,0.0,0.0,0.0,0.0,0.0
IRV,0.0,0.17222222222222222,0.0,0.0,0.0,0.0,0.0
