,Borda,plurality,gt,minimax,gtd,Schulze,IRV
Borda,0.0,-0.012939001848428836,-0.012939001848428836,0.0,-0.012939001848428836,0.0,-0.012939001848428836
plurality,0.012939001848428836,0.0,0.0,0.012939001848428836,0.0,0.012939001848428836,0.0
gt,0.012939001848428836,0.0,0.0,0.012939001848428836,0.0,0.012939001848428836,0.0
minimax,0.0,-0.012939001848428836,-0.012939001848428836,0.0,-0.012939001848428836,0.0,-0.012939001848428836
gtd,0.012939001848428836,0.0,0.0,0.012939001848428836,0.0,0.012939001848428836,0.0
Schulze,0.0,-0.012939001848428836,-0.012939001848428836,0.0,-0.012939001848428836,0.0,-0.012939001848428836
IRV,0.012939001848428836,0.0,0.0,0.012939001848428836,0.0,0.012939001848428836,0.0
