,Borda,plurality,gt,minimax,gtd,Schulze,IRV
Borda,0.0,-0.033268101761252444,-0.033268101761252444,0.0,-0.033268101761252444,0.0,-0.033268101761252444
plurality,0.033268101761252444,0.0,0.0,0.033268101761252444,0.0,0.033268101761252444,0.0
gt,0.033268101761252444,0.0,0.0,0.033268101761252444,0.0,0.033268101761252444,0.0
minimax,0.0,-0.033268101761252444,-0.033268101761252444,0.0,-0.033268101761252444,0.0,-0.033268101761252444
gtd,0.033268101761252444,0.0,0.0,0.033268101761252444,0.0,0.033268101761252444,0.0
Schulze,0.0,-0.033268101761252444,-0.033268101761252444,0.0,-0.033268101761252444,0.0,-0.033268101761252444
IRV,0.033268101761252444,0.0,0.0,0.033268101761252444,0.0,0.033268101761252444,0.0
