,Borda,plurality,gt,minimax,gtd,Schulze,IRV
Borda,0.0,0.0,0.0,0.0,0.0,0.0,0.02262443438914027
plurality,0.0,0.0,0.0,0.0,0.0,0.0,-0.004524886877828055
gt,0.0,0.0,0.0,0.0,0.0,0.0,0.02262443438914027
minimax,0.0,0.0,0.0,0.0,0.0,0.0,0.02262443438914027
gtd,0.0,0.0,0.0,0.0,0.0,0.0,0.02262443438914027
Schulze,0.0,0.0,0.0,0.0,0.0,0.0,0.02262443438914027
IRV,-0.02262443438914027,0.004524886877828055,-0.02262443438914027,-0.02262443438914027,-0.02262443438914027,-0.02262443438914027,0.0
