,Borda,plurality,gt,minimax,gtd,Schulze,IRV
Borda,0.0,0.021352313167259787,0.0,-0.0071174377224199285,-0.0071174377224199285,-0.0071174377224199285,0.021352313167259787
plurality,-0.021352313167259787,0.0,-0.021352313167259787,0.0035587188612099642,0.0035587188612099642,0.0035587188612099642,0.0
gt,0.0,0.021352313167259787,0.0,-0.0071174377224199285,-0.0071174377224199285,-0.0071174377224199285,0.021352313167259787
minimax,0.0071174377224199285,-0.0035587188612099642,0.0071174377224199285,0.0,0.0,0.0,-0.0035587188612099642
gtd,0.0071174377224199285,-0.0035587188612099642,0.0071174377224199285,0.0,0.0,0.0,-0.0035587188612099642
Schulze,0.0071174377224199285,-0.0035587188612099642,0.0071174377224199285,0.0,0.0,0.0,-0.0035587188612099642
IRV,-0.021352313167259787,0.0,-0.021352313167259787,0.0035587188612099642,0.0035587188612099642,0.0035587188612099642,0.0
