,Borda,plurality,gt,minimax,gtd,Schulze,IRV
Borda,0.0,-0.015463917525773196,0.0,0.0,0.0,0.0,0.030927835051546393
plurality,0.015463917525773196,0.0,0.015463917525773196,0.015463917525773196,0.015463917525773196,0.015463917525773196,-0.06701030927835051
gt,0.0,-0.015463917525773196,0.0,0.0,0.0,0.0,0.030927835051546393
minimax,0.0,-0.015463917525773196,0.0,0.0,0.0,0.0,0.030927835051546393
gtd,0.0,-0.015463917525773196,0.0,0.0,0.0,0.0,0.030927835051546393
Schulze,0.0,-0.015463917525773196,0.0,0.0,0.0,0.0,0.030927835051546393
IRV,-0.030927835051546393,0.06701030927835051,-0.030927835051546393,-0.030927835051546393,-0.030927835051546393,-0.030927835051546393,0.0
