,Borda,plurality,gt,minimax,gtd,Schulze,IRV
Borda,0.0,-0.0030959752321981426,0.015479876160990712,-0.0030959752321981426,-0.0030959752321981426,-0.0030959752321981426,0.015479876160990712
plurality,0.0030959752321981426,0.0,0.0,0.0,0.0,0.0,0.0
gt,-0.015479876160990712,0.0,0.0,0.0,0.0,0.0,0.0
minimax,0.0030959752321981426,0.0,0.0,0.0,0.0,0.0,0.0
gtd,0.0030959752321981426,0.0,0.0,0.0,0.0,0.0,0.0
Schulze,0.0030959752321981426,0.0,0.0,0.0,0.0,0.0,0.0
IRV,-0.015479876160990712,0.0,0.0,0.0,0.0,0.0,0.0
