,Borda,plurality,gt,minimax,gtd,Schulze,IRV
Borda,0.0,-0.052884615384615384,0.028846153846153848,0.028846153846153848,0.028846153846153848,0.028846153846153848,0.028846153846153848
plurality,0.052884615384615384,0.0,-0.03365384615384615,-0.03365384615384615,-0.03365384615384615,-0.03365384615384615,-0.03365384615384615
gt,-0.028846153846153848,0.03365384615384615,0.0,0.0,0.0,0.0,0.0
minimax,-0.028846153846153848,0.03365384615384615,0.0,0.0,0.0,0.0,0.0
gtd,-0.028846153846153848,0.03365384615384615,0.0,0.0,0.0,0.0,0.0
Schulze,-0.028846153846153848,0.03365384615384615,0.0,0.0,0.0,0.0,0.0
IRV,-0.028846153846153848,0.03365384615384615,0.0,0.0,0.0,0.0,0.0
