,Borda,plurality,gt,minimax,gtd,Schulze,IRV
Borda,0.0,-0.016194331983805668,0.0,0.0,-0.016194331983805668,0.0,-0.016194331983805668
plurality,0.016194331983805668,0.0,0.016194331983805668,0.016194331983805668,0.0,0.016194331983805668,0.0
gt,0.0,-0.016194331983805668,0.0,0.0,-0.016194331983805668,0.0,-0.016194331983805668
minimax,0.0,-0.016194331983805668,0.0,0.0,-0.016194331983805668,0.0,-0.016194331983805668
gtd,0.016194331983805668,0.0,0.016194331983805668,0.016194331983805668,0.0,0.016194331983805668,0.0
Schulze,0.0,-0.016194331983805668,0.0,0.0,-0.016194331983805668,0.0,-0.016194331983805668
IRV,0.016194331983805668,0.0,0.016194331983805668,0.016194331983805668,0.0,0.016194331983805668,0.0
