,Borda,plurality,gt,minimax,gtd,Schulze,IRV
Borda,0.0,-0.02857142857142857,0.06857142857142857,-0.02857142857142857,-0.02857142857142857,-0.02857142857142857,0.0
plurality,0.02857142857142857,0.0,-0.022857142857142857,0.0,0.0,0.0,0.02857142857142857
gt,-0.06857142857142857,0.022857142857142857,0.0,0.022857142857142857,0.022857142857142857,0.022857142857142857,-0.06857142857142857
minimax,0.02857142857142857,0.0,-0.022857142857142857,0.0,0.0,0.0,0.02857142857142857
gtd,0.02857142857142857,0.0,-0.022857142857142857,0.0,0.0,0.0,0.02857142857142857
Schulze,0.02857142857142857,0.0,-0.022857142857142857,0.0,0.0,0.0,0.02857142857142857
IRV,0.0,-0.02857142857142857,0.06857142857142857,-0.02857142857142857,-0.02857142857142857,-0.02857142857142857,0.0
