,Borda,plurality,gt,minimax,gtd,Schulze,IRV
Borda,0.0,-0.0027247956403269754,0.0,0.0,0.0,0.0,-0.0027247956403269754
plurality,0.0027247956403269754,0.0,0.0027247956403269754,0.0027247956403269754,0.0027247956403269754,0.0027247956403269754,0.0
gt,0.0,-0.0027247956403269754,0.0,0.0,0.0,0.0,-0.0027247956403269754
minimax,0.0,-0.0027247956403269754,0.0,0.0,0.0,0.0,-0.0027247956403269754
gtd,0.0,-0.0027247956403269754,0.0,0.0,0.0,0.0,-0.0027247956403269754
Schulze,0.0,-0.0027247956403269754,0.0,0.0,0.0,0.0,-0.0027247956403269754
IRV,0.0027247956403269754,0.0,0.0027247956403269754,0.0027247956403269754,0.0027247956403269754,0.0027247956403269754,0.0
