,Borda,plurality,gt,minimax,gtd,Schulze,IRV
Borda,0.0,0.029490616621983913,-0.024128686327077747,0.0,0.0,0.0,0.0
plurality,-0.029490616621983913,0.0,-0.06702412868632708,-0.029490616621983913,-0.029490616621983913,-0.029490616621983913,-0.029490616621983913
gt,0.024128686327077747,0.06702412868632708,0.0,0.024128686327077747,0.024128686327077747,0.024128686327077747,0.024128686327077747
minimax,0.0,0.029490616621983913,-0.024128686327077747,0.0,0.0,0.0,0.0
gtd,0.0,0.029490616621983913,-0.024128686327077747,0.0,0.0,0.0,0.0
Schulze,0.0,0.029490616621983913,-0.024128686327077747,0.0,0.0,0.0,0.0
IRV,0.0,0.029490616621983913,-0.024128686327077747,0.0,0.0,0.0,0.0
