,Borda,plurality,gt,minimax,gtd,Schulze,IRV
Borda,0.0,-0.10761154855643044,0.0,-0.10761154855643044,-0.10761154855643044,-0.10761154855643044,0.11286089238845144
plurality,0.10761154855643044,0.0,0.10761154855643044,0.0,0.0,0.0,-0.013123359580052493
gt,0.0,-0.10761154855643044,0.0,-0.10761154855643044,-0.10761154855643044,-0.10761154855643044,0.11286089238845144
minimax,0.10761154855643044,0.0,0.10761154855643044,0.0,0.0,0.0,-0.013123359580052493
gtd,0.10761154855643044,0.0,0.10761154855643044,0.0,0.0,0.0,-0.013123359580052493
Schulze,0.10761154855643044,0.0,0.10761154855643044,0.0,0.0,0.0,-0.013123359580052493
IRV,-0.11286089238845144,0.013123359580052493,-0.11286089238845144,0.013123359580052493,0.013123359580052493,0.013123359580052493,0.0
