,Borda,plurality,gt,minimax,gtd,Schulze,IRV
Borda,0.0,0.020316027088036117,0.020316027088036117,-0.05191873589164785,0.020316027088036117,-0.05191873589164785,0.020316027088036117
plurality,-0.020316027088036117,0.0,0.0,0.01580135440180587,0.0,0.01580135440180587,0.0
gt,-0.020316027088036117,0.0,0.0,0.01580135440180587,0.0,0.01580135440180587,0.0
minimax,0.05191873589164785,-0.01580135440180587,-0.01580135440180587,0.0,-0.01580135440180587,0.0,-0.01580135440180587
gtd,-0.020316027088036117,0.0,0.0,0.01580135440180587,0.0,0.01580135440180587,0.0
Schulze,0.05191873589164785,-0.01580135440180587,-0.01580135440180587,0.0,-0.01580135440180587,0.0,-0.01580135440180587
IRV,-0.020316027088036117,0.0,0.0,0.01580135440180587,0.0,0.01580135440180587,0.0
