,Borda,plurality,gt,minimax,gtd,Schulze,IRV
Borda,0.0,0.0171990171990172,-0.007371007371007371,0.0,-0.007371007371007371,0.0,0.0171990171990172
plurality,-0.0171990171990172,0.0,0.012285012285012284,-0.0171990171990172,0.012285012285012284,-0.0171990171990172,0.0
gt,0.007371007371007371,-0.012285012285012284,0.0,0.007371007371007371,0.0,0.007371007371007371,-0.012285012285012284
minimax,0.0,0.0171990171990172,-0.007371007371007371,0.0,-0.007371007371007371,0.0,0.0171990171990172
gtd,0.007371007371007371,-0.012285012285012284,0.0,0.007371007371007371,0.0,0.007371007371007371,-0.012285012285012284
Schulze,0.0,0.0171990171990172,-0.007371007371007371,0.0,-0.007371007371007371,0.0,0.0171990171990172
IRV,-0.0171990171990172,0.0,0.012285012285012284,-0.0171990171990172,0.012285012285012284,-0.0171990171990172,0.0
