,Borda,plurality,gt,minimax,gtd,Schulze,IRV
Borda,0.0,-0.007272727272727273,-0.007272727272727273,0.0,-0.007272727272727273,0.0,-0.007272727272727273
plurality,0.007272727272727273,0.0,0.0,0.007272727272727273,0.0,0.007272727272727273,0.0
gt,0.007272727272727273,0.0,0.0,0.007272727272727273,0.0,0.007272727272727273,0.0
minimax,0.0,-0.007272727272727273,-0.007272727272727273,0.0,-0.007272727272727273,0.0,-0.007272727272727273
gtd,0.007272727272727273,0.0,0.0,0.007272727272727273,0.0,0.007272727272727273,0.0
Schulze,0.0,-0.007272727272727273,-0.007272727272727273,0.0,-0.007272727272727273,0.0,-0.007272727272727273
IRV,0.007272727272727273,0.0,0.0,0.007272727272727273,0.0,0.007272727272727273,0.0
