,Borda,plurality,gt,minimax,gtd,Schulze,IRV
Borda,0.0,0.06077348066298342,0.0,0.0,0.0,0.0,0.0
plurality,-0.06077348066298342,0.0,-0.06077348066298342,-0.06077348066298342,-0.06077348066298342,-0.06077348066298342,-0.06629834254143646
gt,0.0,0.06077348066298342,0.0,0.0,0.0,0.0,0.0
minimax,0.0,0.06077348066298342,0.0,0.0,0.0,0.0,0.0
gtd,0.0,0.06077348066298342,0.0,0.0,0.0,0.0,0.0
Schulze,0.0,0.06077348066298342,0.0,0.0,0.0,0.0,0.0
IRV,0.0,0.06629834254143646,0.0,0.0,0.0,0.0,0.0
