,Borda,plurality,gt,minimax,gtd,Schulze,IRV
Borda,0.0,-0.03420523138832998,0.030181086519114688,-0.03420523138832998,0.030181086519114688,-0.03420523138832998,-0.03420523138832998
plurality,0.03420523138832998,0.0,-0.002012072434607646,0.0,-0.002012072434607646,0.0,0.0
gt,-0.030181086519114688,0.002012072434607646,0.0,0.002012072434607646,0.0,0.002012072434607646,0.002012072434607646
minimax,0.03420523138832998,0.0,-0.002012072434607646,0.0,-0.002012072434607646,0.0,0.0
gtd,-0.030181086519114688,0.002012072434607646,0.0,0.002012072434607646,0.0,0.002012072434607646,0.002012072434607646
Schulze,0.03420523138832998,0.0,-0.002012072434607646,0.0,-0.002012072434607646,0.0,0.0
IRV,0.03420523138832998,0.0,-0.002012072434607646,0.0,-0.002012072434607646,0.0,0.0
