,Borda,plurality,gt,minimax,gtd,Schulze,IRV
Borda,0.0,-0.1366120218579235,-0.1366120218579235,-0.1366120218579235,0.1092896174863388,-0.1366120218579235,0.1092896174863388
plurality,0.1366120218579235,0.0,0.0,0.0,-0.01092896174863388,0.0,-0.01092896174863388
gt,0.1366120218579235,0.0,0.0,0.0,-0.01092896174863388,0.0,-0.01092896174863388
minimax,0.1366120218579235,0.0,0.0,0.0,-0.01092896174863388,0.0,-0.01092896174863388
gtd,-0.1092896174863388,0.01092896174863388,0.01092896174863388,0.01092896174863388,0.0,0.01092896174863388,0.0
Schulze,0.1366120218579235,0.0,0.0,0.0,-0.01092896174863388,0.0,-0.01092896174863388
IRV,-0.1092896174863388,0.01092896174863388,0.01092896174863388,0.01092896174863388,0.0,0.01092896174863388,0.0
