,Borda,plurality,gt,minimax,gtd,Schulze,IRV
Borda,0.0,0.016129032258064516,-0.053763440860215055,-0.053763440860215055,0.016129032258064516,-0.053763440860215055,0.0
plurality,-0.016129032258064516,0.0,0.005376344086021506,0.005376344086021506,0.0,0.005376344086021506,-0.016129032258064516
gt,0.053763440860215055,-0.005376344086021506,0.0,0.0,-0.005376344086021506,0.0,0.053763440860215055
minimax,0.053763440860215055,-0.005376344086021506,0.0,0.0,-0.005376344086021506,0.0,0.053763440860215055
gtd,-0.016129032258064516,0.0,0.005376344086021506,0.005376344086021506,0.0,0.005376344086021506,-0.016129032258064516
Schulze,0.053763440860215055,-0.005376344086021506,0.0,0.0,-0.005376344086021506,0.0,0.053763440860215055
IRV,0.0,0.016129032258064516,-0.053763440860215055,-0.053763440860215055,0.016129032258064516,-0.053763440860215055,0.0
