,Borda,plurality,gt,minimax,gtd,Schulze,IRV
Borda,0.0,0.07859078590785908,0.0,0.0,-0.0027100271002710027,0.0,0.07859078590785908
plurality,-0.07859078590785908,0.0,-0.07859078590785908,-0.07859078590785908,0.03523035230352303,-0.07859078590785908,0.0
gt,0.0,0.07859078590785908,0.0,0.0,-0.0027100271002710027,0.0,0.07859078590785908
minimax,0.0,0.07859078590785908,0.0,0.0,-0.0027100271002710027,0.0,0.07859078590785908
gtd,0.0027100271002710027,-0.03523035230352303,0.0027100271002710027,0.0027100271002710027,0.0,0.0027100271002710027,-0.03523035230352303
Schulze,0.0,0.07859078590785908,0.0,0.0,-0.0027100271002710027,0.0,0.07859078590785908
IRV,-0.07859078590785908,0.0,-0.07859078590785908,-0.07859078590785908,0.03523035230352303,-0.07859078590785908,0.0
