,Borda,plurality,gt,minimax,gtd,Schulze,IRV
Borda,0.0,0.0,0.0,0.0,0.0,0.0,0.056856187290969896
plurality,0.0,0.0,0.0,0.0,0.0,0.0,-0.03678929765886288
gt,0.0,0.0,0.0,0.0,0.0,0.0,0.056856187290969896
minimax,0.0,0.0,0.0,0.0,0.0,0.0,0.056856187290969896
gtd,0.0,0.0,0.0,0.0,0.0,0.0,0.056856187290969896
Schulze,0.0,0.0,0.0,0.0,0.0,0.0,0.056856187290969896
IRV,-0.056856187290969896,0.03678929765886288,-0.056856187290969896,-0.056856187290969896,-0.056856187290969896,-0.056856187290969896,0.0
