,Borda,plurality,gt,minimax,gtd,Schulze,IRV
Borda,0.0,-0.022304832713754646,-0.022304832713754646,-0.022304832713754646,-0.022304832713754646,-0.022304832713754646,-0.022304832713754646
plurality,0.022304832713754646,0.0,0.0,0.0,0.0,0.0,0.0
gt,0.022304832713754646,0.0,0.0,0.0,0.0,0.0,0.0
minimax,0.022304832713754646,0.0,0.0,0.0,0.0,0.0,0.0
gtd,0.022304832713754646,0.0,0.0,0.0,0.0,0.0,0.0
Schulze,0.022304832713754646,0.0,0.0,0.0,0.0,0.0,0.0
IRV,0.022304832713754646,0.0,0.0,0.0,0.0,0.0,0.0
