,Borda,plurality,gt,minimax,gtd,Schulze,IRV
Borda,0.0,0.031791907514450865,-0.002890173410404624,0.0,0.0,0.0,0.031791907514450865
plurality,-0.031791907514450865,0.0,0.05491329479768786,-0.031791907514450865,-0.031791907514450865,-0.031791907514450865,0.0
gt,0.002890173410404624,-0.05491329479768786,0.0,0.002890173410404624,0.002890173410404624,0.002890173410404624,-0.05491329479768786
minimax,0.0,0.031791907514450865,-0.002890173410404624,0.0,0.0,0.0,0.031791907514450865
gtd,0.0,0.031791907514450865,-0.002890173410404624,0.0,0.0,0.0,0.031791907514450865
Schulze,0.0,0.031791907514450865,-0.002890173410404624,0.0,0.0,0.0,0.031791907514450865
IRV,-0.031791907514450865,0.0,0.05491329479768786,-0.031791907514450865,-0.031791907514450865,-0.031791907514450865,0.0
