,Borda,plurality,gt,minimax,gtd,Schulze,IRV
Borda,0.0,-0.026785714285714284,0.11160714285714286,-0.026785714285714284,-0.026785714285714284,-0.026785714285714284,-0.026785714285714284
plurality,0.026785714285714284,0.0,-0.013392857142857142,0.0,0.0,0.0,0.0
gt,-0.11160714285714286,0.013392857142857142,0.0,0.013392857142857142,0.013392857142857142,0.013392857142857142,0.013392857142857142
minimax,0.026785714285714284,0.0,-0.013392857142857142,0.0,0.0,0.0,0.0
gtd,0.026785714285714284,0.0,-0.013392857142857142,0.0,0.0,0.0,0.0
Schulze,0.026785714285714284,0.0,-0.013392857142857142,0.0,0.0,0.0,0.0
IRV,0.026785714285714284,0.0,-0.013392857142857142,0.0,0.0,0.0,0.0
