,Borda,plurality,gt,minimax,gtd,Schulze,IRV
Borda,0.0,0.013392857142857142,0.0,-0.026785714285714284,0.013392857142857142,-0.026785714285714284,0.013392857142857142
plurality,-0.013392857142857142,0.0,-0.013392857142857142,0.004464285714285714,0.0,0.004464285714285714,0.0
gt,0.0,0.013392857142857142,0.0,-0.026785714285714284,0.013392857142857142,-0.026785714285714284,0.013392857142857142
minimax,0.026785714285714284,-0.004464285714285714,0.026785714285714284,0.0,-0.004464285714285714,0.0,-0.004464285714285714
gtd,-0.013392857142857142,0.0,-0.013392857142857142,0.004464285714285714,0.0,0.004464285714285714,0.0
Schulze,0.026785714285714284,-0.004464285714285714,0.026785714285714284,0.0,-0.004464285714285714,0.0,-0.004464285714285714
IRV,-0.013392857142857142,0.0,-0.013392857142857142,0.004464285714285714,0.0,0.004464285714285714,0.0
