,Borda,plurality,gt,minimax,gtd,Schulze,IRV
Borda,0.0,0.0,-0.037914691943127965,-0.037914691943127965,0.037914691943127965,-0.037914691943127965,-0.037914691943127965
plurality,0.0,0.0,-0.037914691943127965,-0.037914691943127965,0.037914691943127965,-0.037914691943127965,-0.037914691943127965
gt,0.037914691943127965,0.037914691943127965,0.0,0.0,-0.009478672985781991,0.0,0.0
minimax,0.037914691943127965,0.037914691943127965,0.0,0.0,-0.009478672985781991,0.0,0.0
gtd,-0.037914691943127965,-0.037914691943127965,0.009478672985781991,0.009478672985781991,0.0,0.009478672985781991,0.009478672985781991
Schulze,0.037914691943127965,0.037914691943127965,0.0,0.0,-0.009478672985781991,0.0,0.0
IRV,0.037914691943127965,0.037914691943127965,0.0,0.0,-0.009478672985781991,0.0,0.0
