,Borda,plurality,gt,minimax,gtd,Schulze,IRV
Borda,0.0,0.029641185647425898,-0.0078003120124804995,0.0,-0.0078003120124804995,0.0,0.0
plurality,-0.029641185647425898,0.0,0.0109204368174727,-0.029641185647425898,0.0109204368174727,-0.029641185647425898,-0.029641185647425898
gt,0.0078003120124804995,-0.0109204368174727,0.0,0.0078003120124804995,0.0,0.0078003120124804995,0.0078003120124804995
minimax,0.0,0.029641185647425898,-0.0078003120124804995,0.0,-0.0078003120124804995,0.0,0.0
gtd,0.0078003120124804995,-0.0109204368174727,0.0,0.0078003120124804995,0.0,0.0078003120124804995,0.0078003120124804995
Schulze,0.0,0.029641185647425898,-0.0078003120124804995,0.0,-0.0078003120124804995,0.0,0.0
IRV,0.0,0.029641185647425898,-0.0078003120124804995,0.0,-0.0078003120124804995,0.0,0.0
