,Borda,plurality,gt,minimax,gtd,Schulze,IRV
Borda,0.0,-0.029649595687331536,0.06199460916442048,-0.029649595687331536,-0.029649595687331536,-0.029649595687331536,0.06199460916442048
plurality,0.029649595687331536,0.0,-0.0026954177897574125,0.0,0.0,0.0,-0.0026954177897574125
gt,-0.06199460916442048,0.0026954177897574125,0.0,0.0026954177897574125,0.0026954177897574125,0.0026954177897574125,0.0
minimax,0.029649595687331536,0.0,-0.0026954177897574125,0.0,0.0,0.0,-0.0026954177897574125
gtd,0.029649595687331536,0.0,-0.0026954177897574125,0.0,0.0,0.0,-0.0026954177897574125
Schulze,0.029649595687331536,0.0,-0.0026954177897574125,0.0,0.0,0.0,-0.0026954177897574125
IRV,-0.06199460916442048,0.0026954177897574125,0.0,0.0026954177897574125,0.0026954177897574125,0.0026954177897574125,0.0
