,Borda,plurality,gt,minimax,gtd,Schulze,IRV
Borda,0.0,0.002652519893899204,-0.005305039787798408,0.002652519893899204,0.0,0.002652519893899204,0.002652519893899204
plurality,-0.002652519893899204,0.0,0.03713527851458886,0.0,-0.002652519893899204,0.0,0.0
gt,0.005305039787798408,-0.03713527851458886,0.0,-0.03713527851458886,0.005305039787798408,-0.03713527851458886,-0.03713527851458886
minimax,-0.002652519893899204,0.0,0.03713527851458886,0.0,-0.002652519893899204,0.0,0.0
gtd,0.0,0.002652519893899204,-0.005305039787798408,0.002652519893899204,0.0,0.002652519893899204,0.002652519893899204
Schulze,-0.002652519893899204,0.0,0.03713527851458886,0.0,-0.002652519893899204,0.0,0.0
IRV,-0.002652519893899204,0.0,0.03713527851458886,0.0,-0.002652519893899204,0.0,0.0
