,Borda,plurality,gt,minimax,gtd,Schulze,IRV
Borda,0.0,0.025210084033613446,0.025210084033613446,-0.036414565826330535,0.025210084033613446,-0.036414565826330535,0.0
plurality,-0.025210084033613446,0.0,0.0,0.014005602240896359,0.0,0.014005602240896359,-0.025210084033613446
gt,-0.025210084033613446,0.0,0.0,0.014005602240896359,0.0,0.014005602240896359,-0.025210084033613446
minimax,0.036414565826330535,-0.014005602240896359,-0.014005602240896359,0.0,-0.014005602240896359,0.0,0.036414565826330535
gtd,-0.025210084033613446,0.0,0.0,0.014005602240896359,0.0,0.014005602240896359,-0.025210084033613446
Schulze,0.036414565826330535,-0.014005602240896359,-0.014005602240896359,0.0,-0.014005602240896359,0.0,0.036414565826330535
IRV,0.0,0.025210084033613446,0.025210084033613446,-0.036414565826330535,0.025210084033613446,-0.036414565826330535,0.0
