,Borda,plurality,gt,minimax,gtd,Schulze,IRV
Borda,0.0,0.08831908831908832,0.0,0.0,-0.008547008547008548,0.0,0.08831908831908832
plurality,-0.08831908831908832,0.0,-0.08831908831908832,-0.08831908831908832,0.042735042735042736,-0.08831908831908832,0.0
gt,0.0,0.08831908831908832,0.0,0.0,-0.008547008547008548,0.0,0.08831908831908832
minimax,0.0,0.08831908831908832,0.0,0.0,-0.008547008547008548,0.0,0.08831908831908832
gtd,0.008547008547008548,-0.042735042735042736,0.008547008547008548,0.008547008547008548,0.0,0.008547008547008548,-0.042735042735042736
Schulze,0.0,0.08831908831908832,0.0,0.0,-0.008547008547008548,0.0,0.08831908831908832
IRV,-0.08831908831908832,0.0,-0.08831908831908832,-0.08831908831908832,0.042735042735042736,-0.08831908831908832,0.0
