,Borda,plurality,gt,minimax,gtd,Schulze,IRV
Borda,0.0,0.0,-0.002053388090349076,0.0,-0.002053388090349076,0.0,-0.002053388090349076
plurality,0.0,0.0,-0.002053388090349076,0.0,-0.002053388090349076,0.0,-0.002053388090349076
gt,0.002053388090349076,0.002053388090349076,0.0,0.002053388090349076,0.0,0.002053388090349076,0.0
minimax,0.0,0.0,-0.002053388090349076,0.0,-0.002053388090349076,0.0,-0.002053388090349076
gtd,0.002053388090349076,0.002053388090349076,0.0,0.002053388090349076,0.0,0.002053388090349076,0.0
Schulze,0.0,0.0,-0.002053388090349076,0.0,-0.002053388090349076,0.0,-0.002053388090349076
IRV,0.002053388090349076,0.002053388090349076,0.0,0.002053388090349076,0.0,0.002053388090349076,0.0
