,Borda,plurality,gt,minimax,gtd,Schulze,IRV
Borda,0.0,0.016697588126159554,0.016697588126159554,0.0,-0.00927643784786642,0.0,0.0
plurality,-0.016697588126159554,0.0,0.0,-0.016697588126159554,0.016697588126159554,-0.016697588126159554,-0.016697588126159554
gt,-0.016697588126159554,0.0,0.0,-0.016697588126159554,0.016697588126159554,-0.016697588126159554,-0.016697588126159554
minimax,0.0,0.016697588126159554,0.016697588126159554,0.0,-0.00927643784786642,0.0,0.0
gtd,0.00927643784786642,-0.016697588126159554,-0.016697588126159554,0.00927643784786642,0.0,0.00927643784786642,0.00927643784786642
Schulze,0.0,0.016697588126159554,0.016697588126159554,0.0,-0.00927643784786642,0.0,0.0
IRV,0.0,0.016697588126159554,0.016697588126159554,0.0,-0.00927643784786642,0.0,0.0
