,Borda,plurality,gt,minimax,gtd,Schulze,IRV
Borda,0.0,-0.008517887563884156,0.039182282793867124,0.0,-0.008517887563884156,0.0,-0.008517887563884156
plurality,0.008517887563884156,0.0,-0.01192504258943782,0.008517887563884156,0.0,0.008517887563884156,0.0
gt,-0.039182282793867124,0.01192504258943782,0.0,-0.039182282793867124,0.01192504258943782,-0.039182282793867124,0.01192504258943782
minimax,0.0,-0.008517887563884156,0.039182282793867124,0.0,-0.008517887563884156,0.0,-0.008517887563884156
gtd,0.008517887563884156,0.0,-0.01192504258943782,0.008517887563884156,0.0,0.008517887563884156,0.0
Schulze,0.0,-0.008517887563884156,0.039182282793867124,0.0,-0.008517887563884156,0.0,-0.008517887563884156
IRV,0.008517887563884156,0.0,-0.01192504258943782,0.008517887563884156,0.0,0.008517887563884156,0.0
