,Borda,plurality,gt,minimax,gtd,Schulze,IRV
Borda,0.0,-0.03566333808844508,-0.03566333808844508,-0.03566333808844508,-0.03566333808844508,-0.03566333808844508,0.06134094151212553
plurality,0.03566333808844508,0.0,0.0,0.0,0.0,0.0,-0.009985734664764621
gt,0.03566333808844508,0.0,0.0,0.0,0.0,0.0,-0.009985734664764621
minimax,0.03566333808844508,0.0,0.0,0.0,0.0,0.0,-0.009985734664764621
gtd,0.03566333808844508,0.0,0.0,0.0,0.0,0.0,-0.009985734664764621
Schulze,0.03566333808844508,0.0,0.0,0.0,0.0,0.0,-0.009985734664764621
IRV,-0.06134094151212553,0.009985734664764621,0.009985734664764621,0.009985734664764621,0.009985734664764621,0.009985734664764621,0.0
