,Borda,plurality,gt,minimax,gtd,Schulze,IRV
Borda,0.0,0.005434782608695652,-0.010869565217391304,0.005434782608695652,0.0,0.005434782608695652,0.005434782608695652
plurality,-0.005434782608695652,0.0,0.059782608695652176,0.0,-0.005434782608695652,0.0,0.0
gt,0.010869565217391304,-0.059782608695652176,0.0,-0.059782608695652176,0.010869565217391304,-0.059782608695652176,-0.059782608695652176
minimax,-0.005434782608695652,0.0,0.059782608695652176,0.0,-0.005434782608695652,0.0,0.0
gtd,0.0,0.005434782608695652,-0.010869565217391304,0.005434782608695652,0.0,0.005434782608695652,0.005434782608695652
Schulze,-0.005434782608695652,0.0,0.059782608695652176,0.0,-0.005434782608695652,0.0,0.0
IRV,-0.005434782608695652,0.0,0.059782608695652176,0.0,-0.005434782608695652,0.0,0.0
