,Borda,plurality,gt,minimax,gtd,Schulze,IRV
Borda,0.0,0.08616187989556136,0.0,-0.0391644908616188,-0.0391644908616188,-0.0391644908616188,0.0
plurality,-0.08616187989556136,0.0,-0.08616187989556136,0.028720626631853787,0.028720626631853787,0.028720626631853787,-0.08616187989556136
gt,0.0,0.08616187989556136,0.0,-0.0391644908616188,-0.0391644908616188,-0.0391644908616188,0.0
minimax,0.0391644908616188,-0.028720626631853787,0.0391644908616188,0.0,0.0,0.0,0.0391644908616188
gtd,0.0391644908616188,-0.028720626631853787,0.0391644908616188,0.0,0.0,0.0,0.0391644908616188
Schulze,0.0391644908616188,-0.028720626631853787,0.0391644908616188,0.0,0.0,0.0,0.0391644908616188
IRV,0.0,0.08616187989556136,0.0,-0.0391644908616188,-0.0391644908616188,-0.0391644908616188,0.0
