,Borda,plurality,gt,minimax,gtd,Schulze,IRV
Borda,0.0,-0.0175054704595186,0.0,0.0,-0.0175054704595186,0.0,-0.0175054704595186
plurality,0.0175054704595186,0.0,0.0175054704595186,0.0175054704595186,0.0,0.0175054704595186,0.0
gt,0.0,-0.0175054704595186,0.0,0.0,-0.0175054704595186,0.0,-0.0175054704595186
minimax,0.0,-0.0175054704595186,0.0,0.0,-0.0175054704595186,0.0,-0.0175054704595186
gtd,0.0175054704595186,0.0,0.0175054704595186,0.0175054704595186,0.0,0.0175054704595186,0.0
Schulze,0.0,-0.0175054704595186,0.0,0.0,-0.0175054704595186,0.0,-0.0175054704595186
IRV,0.0175054704595186,0.0,0.0175054704595186,0.0175054704595186,0.0,0.0175054704595186,0.0
