,Borda,plurality,gt,minimax,gtd,Schulze,IRV
Borda,0.0,-0.02304147465437788,-0.02304147465437788,-0.02304147465437788,-0.02304147465437788,-0.02304147465437788,0.09216589861751152
plurality,0.02304147465437788,0.0,0.0,0.0,0.0,0.0,0.0
gt,0.02304147465437788,0.0,0.0,0.0,0.0,0.0,0.0
minimax,0.02304147465437788,0.0,0.0,0.0,0.0,0.0,0.0
gtd,0.02304147465437788,0.0,0.0,0.0,0.0,0.0,0.0
Schulze,0.02304147465437788,0.0,0.0,0.0,0.0,0.0,0.0
IRV,-0.09216589861751152,0.0,0.0,0.0,0.0,0.0,0.0
