,Borda,plurality,gt,minimax,gtd,Schulze,IRV
Borda,0.0,-0.008635578583765112,-0.008635578583765112,0.0,-0.008635578583765112,0.0,-0.008635578583765112
plurality,0.008635578583765112,0.0,0.0,0.008635578583765112,0.0,0.008635578583765112,0.0
gt,0.008635578583765112,0.0,0.0,0.008635578583765112,0.0,0.008635578583765112,0.0
minimax,0.0,-0.008635578583765112,-0.008635578583765112,0.0,-0.008635578583765112,0.0,-0.008635578583765112
gtd,0.008635578583765112,0.0,0.0,0.008635578583765112,0.0,0.008635578583765112,0.0
Schulze,0.0,-0.008635578583765112,-0.008635578583765112,0.0,-0.008635578583765112,0.0,-0.008635578583765112
IRV,0.008635578583765112,0.0,0.0,0.008635578583765112,0.0,0.008635578583765112,0.0
