,Borda,plurality,gt,minimax,gtd,Schulze,IRV
Borda,0.0,-0.009523809523809525,0.03238095238095238,0.0,0.0,0.0,0.03238095238095238
plurality,0.009523809523809525,0.0,-0.04,0.009523809523809525,0.009523809523809525,0.009523809523809525,-0.04
gt,-0.03238095238095238,0.04,0.0,-0.03238095238095238,-0.03238095238095238,-0.03238095238095238,0.0
minimax,0.0,-0.009523809523809525,0.03238095238095238,0.0,0.0,0.0,0.03238095238095238
gtd,0.0,-0.009523809523809525,0.03238095238095238,0.0,0.0,0.0,0.03238095238095238
Schulze,0.0,-0.009523809523809525,0.03238095238095238,0.0,0.0,0.0,0.03238095238095238
IRV,-0.03238095238095238,0.04,0.0,-0.03238095238095238,-0.03238095238095238,-0.03238095238095238,0.0
