,Borda,plurality,gt,minimax,gtd,Schulze,IRV
Borda,0.0,-0.011337868480725623,-0.011337868480725623,0.011337868480725623,0.0,0.011337868480725623,0.011337868480725623
plurality,0.011337868480725623,0.0,0.0,-0.02040816326530612,0.011337868480725623,-0.02040816326530612,-0.02040816326530612
gt,0.011337868480725623,0.0,0.0,-0.02040816326530612,0.011337868480725623,-0.02040816326530612,-0.02040816326530612
minimax,-0.011337868480725623,0.02040816326530612,0.02040816326530612,0.0,-0.011337868480725623,0.0,0.0
gtd,0.0,-0.011337868480725623,-0.011337868480725623,0.011337868480725623,0.0,0.011337868480725623,0.011337868480725623
Schulze,-0.011337868480725623,0.02040816326530612,0.02040816326530612,0.0,-0.011337868480725623,0.0,0.0
IRV,-0.011337868480725623,0.02040816326530612,0.02040816326530612,0.0,-0.011337868480725623,0.0,0.0
