,Borda,plurality,gt,minimax,gtd,Schulze,IRV
Borda,0.0,0.03414634146341464,0.0,0.0,0.0,0.0,0.0
plurality,-0.03414634146341464,0.0,-0.00975609756097561,-0.00975609756097561,-0.03414634146341464,-0.00975609756097561,-0.00975609756097561
gt,0.0,0.00975609756097561,0.0,0.0,0.0,0.0,0.0
minimax,0.0,0.00975609756097561,0.0,0.0,0.0,0.0,0.0
gtd,0.0,0.03414634146341464,0.0,0.0,0.0,0.0,0.0
Schulze,0.0,0.00975609756097561,0.0,0.0,0.0,0.0,0.0
IRV,0.0,0.00975609756097561,0.0,0.0,0.0,0.0,0.0
