,Borda,plurality,gt,minimax,gtd,Schulze,IRV
Borda,0.0,0.0784313725490196,-0.004901960784313725,-0.004901960784313725,-0.004901960784313725,-0.004901960784313725,-0.004901960784313725
plurality,-0.0784313725490196,0.0,0.0,0.0,0.0,0.0,0.0
gt,0.004901960784313725,0.0,0.0,0.0,0.0,0.0,0.0
minimax,0.004901960784313725,0.0,0.0,0.0,0.0,0.0,0.0
gtd,0.004901960784313725,0.0,0.0,0.0,0.0,0.0,0.0
Schulze,0.004901960784313725,0.0,0.0,0.0,0.0,0.0,0.0
IRV,0.004901960784313725,0.0,0.0,0.0,0.0,0.0,0.0
