,Borda,plurality,gt,minimax,gtd,Schulze,IRV
Borda,0.0,-0.049132947976878616,0.05202312138728324,-0.049132947976878616,-0.049132947976878616,-0.049132947976878616,-0.049132947976878616
plurality,0.049132947976878616,0.0,-0.002890173410404624,0.0,0.0,0.0,0.0
gt,-0.05202312138728324,0.002890173410404624,0.0,0.002890173410404624,0.002890173410404624,0.002890173410404624,0.002890173410404624
minimax,0.049132947976878616,0.0,-0.002890173410404624,0.0,0.0,0.0,0.0
gtd,0.049132947976878616,0.0,-0.002890173410404624,0.0,0.0,0.0,0.0
Schulze,0.049132947976878616,0.0,-0.002890173410404624,0.0,0.0,0.0,0.0
IRV,0.049132947976878616,0.0,-0.002890173410404624,0.0,0.0,0.0,0.0
