,Borda,plurality,gt,minimax,gtd,Schulze,IRV
Borda,0.0,-0.020761245674740483,0.0,0.006920415224913495,0.0,0.006920415224913495,0.006920415224913495
plurality,0.020761245674740483,0.0,0.020761245674740483,-0.02422145328719723,0.020761245674740483,-0.02422145328719723,-0.02422145328719723
gt,0.0,-0.020761245674740483,0.0,0.006920415224913495,0.0,0.006920415224913495,0.006920415224913495
minimax,-0.006920415224913495,0.02422145328719723,-0.006920415224913495,0.0,-0.006920415224913495,0.0,0.0
gtd,0.0,-0.020761245674740483,0.0,0.006920415224913495,0.0,0.006920415224913495,0.006920415224913495
Schulze,-0.006920415224913495,0.02422145328719723,-0.006920415224913495,0.0,-0.006920415224913495,0.0,0.0
IRV,-0.006920415224913495,0.02422145328719723,-0.006920415224913495,0.0,-0.006920415224913495,0.0,0.0
