,Borda,plurality,gt,minimax,gtd,Schulze,IRV
Borda,0.0,-0.024390243902439025,0.06430155210643015,-0.024390243902439025,-0.024390243902439025,-0.024390243902439025,-0.024390243902439025
plurality,0.024390243902439025,0.0,-0.0066518847006651885,0.0,0.0,0.0,0.0
gt,-0.06430155210643015,0.0066518847006651885,0.0,0.0066518847006651885,0.0066518847006651885,0.0066518847006651885,0.0066518847006651885
minimax,0.024390243902439025,0.0,-0.0066518847006651885,0.0,0.0,0.0,0.0
gtd,0.024390243902439025,0.0,-0.0066518847006651885,0.0,0.0,0.0,0.0
Schulze,0.024390243902439025,0.0,-0.0066518847006651885,0.0,0.0,0.0,0.0
IRV,0.024390243902439025,0.0,-0.0066518847006651885,0.0,0.0,0.0,0.0
