,Borda,plurality,gt,minimax,gtd,Schulze,IRV
Borda,0.0,-0.0056179775280898875,-0.0056179775280898875,-0.0056179775280898875,-0.0056179775280898875,-0.0056179775280898875,0.028089887640449437
plurality,0.0056179775280898875,0.0,0.0,0.0,0.0,0.0,0.0
gt,0.0056179775280898875,0.0,0.0,0.0,0.0,0.0,0.0
minimax,0.0056179775280898875,0.0,0.0,0.0,0.0,0.0,0.0
gtd,0.0056179775280898875,0.0,0.0,0.0,0.0,0.0,0.0
Schulze,0.0056179775280898875,0.0,0.0,0.0,0.0,0.0,0.0
IRV,-0.028089887640449437,0.0,0.0,0.0,0.0,0.0,0.0
