,Borda,plurality,gt,minimax,gtd,Schulze,IRV
Borda,0.0,-0.018726591760299626,0.02247191011235955,-0.018726591760299626,-0.018726591760299626,-0.018726591760299626,-0.018726591760299626
plurality,0.018726591760299626,0.0,0.0,0.0,0.0,0.0,0.0
gt,-0.02247191011235955,0.0,0.0,0.0,0.0,0.0,0.0
minimax,0.018726591760299626,0.0,0.0,0.0,0.0,0.0,0.0
gtd,0.018726591760299626,0.0,0.0,0.0,0.0,0.0,0.0
Schulze,0.018726591760299626,0.0,0.0,0.0,0.0,0.0,0.0
IRV,0.018726591760299626,0.0,0.0,0.0,0.0,0.0,0.0
