,Borda,plurality,gt,minimax,gtd,Schulze,IRV
Borda,0.0,-0.037037037037037035,0.04691358024691358,-0.037037037037037035,-0.037037037037037035,-0.037037037037037035,-0.037037037037037035
plurality,0.037037037037037035,0.0,-0.012345679012345678,0.0,0.0,0.0,0.0
gt,-0.04691358024691358,0.012345679012345678,0.0,0.012345679012345678,0.012345679012345678,0.012345679012345678,0.012345679012345678
minimax,0.037037037037037035,0.0,-0.012345679012345678,0.0,0.0,0.0,0.0
gtd,0.037037037037037035,0.0,-0.012345679012345678,0.0,0.0,0.0,0.0
Schulze,0.037037037037037035,0.0,-0.012345679012345678,0.0,0.0,0.0,0.0
IRV,0.037037037037037035,0.0,-0.012345679012345678,0.0,0.0,0.0,0.0
