,Borda,plurality,gt,minimax,gtd,Schulze,IRV
Borda,0.0,0.0535077288941736,-0.013079667063020214,0.0,-0.013079667063020214,0.0,0.0535077288941736
plurality,-0.0535077288941736,0.0,0.0535077288941736,-0.0535077288941736,0.0535077288941736,-0.0535077288941736,0.0
gt,0.013079667063020214,-0.0535077288941736,0.0,0.013079667063020214,0.0,0.013079667063020214,-0.0535077288941736
minimax,0.0,0.0535077288941736,-0.013079667063020214,0.0,-0.013079667063020214,0.0,0.0535077288941736
gtd,0.013079667063020214,-0.0535077288941736,0.0,0.013079667063020214,0.0,0.013079667063020214,-0.0535077288941736
Schulze,0.0,0.0535077288941736,-0.013079667063020214,0.0,-0.013079667063020214,0.0,0.0535077288941736
IRV,-0.0535077288941736,0.0,0.0535077288941736,-0.0535077288941736,0.0535077288941736,-0.0535077288941736,0.0
