,Borda,plurality,gt,minimax,gtd,Schulze,IRV
Borda,0.0,-0.03926096997690531,0.011547344110854504,-0.03926096997690531,0.011547344110854504,-0.03926096997690531,0.011547344110854504
plurality,0.03926096997690531,0.0,-0.006928406466512702,0.0,-0.006928406466512702,0.0,-0.006928406466512702
gt,-0.011547344110854504,0.006928406466512702,0.0,0.006928406466512702,0.0,0.006928406466512702,0.0
minimax,0.03926096997690531,0.0,-0.006928406466512702,0.0,-0.006928406466512702,0.0,-0.006928406466512702
gtd,-0.011547344110854504,0.006928406466512702,0.0,0.006928406466512702,0.0,0.006928406466512702,0.0
Schulze,0.03926096997690531,0.0,-0.006928406466512702,0.0,-0.006928406466512702,0.0,-0.006928406466512702
IRV,-0.011547344110854504,0.006928406466512702,0.0,0.006928406466512702,0.0,0.006928406466512702,0.0
