,Borda,plurality,gt,minimax,gtd,Schulze,IRV
Borda,0.0,0.04519774011299435,-0.01694915254237288,0.0,-0.01694915254237288,0.0,0.0
plurality,-0.04519774011299435,0.0,0.02824858757062147,-0.04519774011299435,0.02824858757062147,-0.04519774011299435,-0.04519774011299435
gt,0.01694915254237288,-0.02824858757062147,0.0,0.01694915254237288,0.0,0.01694915254237288,0.01694915254237288
minimax,0.0,0.04519774011299435,-0.01694915254237288,0.0,-0.01694915254237288,0.0,0.0
gtd,0.01694915254237288,-0.02824858757062147,0.0,0.01694915254237288,0.0,0.01694915254237288,0.01694915254237288
Schulze,0.0,0.04519774011299435,-0.01694915254237288,0.0,-0.01694915254237288,0.0,0.0
IRV,0.0,0.04519774011299435,-0.01694915254237288,0.0,-0.01694915254237288,0.0,0.0
