,Borda,plurality,gt,minimax,gtd,Schulze,IRV
Borda,0.0,0.14893617021276595,0.0,0.0,0.0,0.0,0.0
plurality,-0.14893617021276595,0.0,-0.06382978723404255,-0.14893617021276595,-0.06382978723404255,-0.14893617021276595,-0.06382978723404255
gt,0.0,0.06382978723404255,0.0,0.0,0.0,0.0,0.0
minimax,0.0,0.14893617021276595,0.0,0.0,0.0,0.0,0.0
gtd,0.0,0.06382978723404255,0.0,0.0,0.0,0.0,0.0
Schulze,0.0,0.14893617021276595,0.0,0.0,0.0,0.0,0.0
IRV,0.0,0.06382978723404255,0.0,0.0,0.0,0.0,0.0
