,Borda,plurality,gt,minimax,gtd,Schulze,IRV
Borda,0.0,-0.0017921146953405018,-0.0017921146953405018,0.0,-0.0017921146953405018,0.0,-0.0017921146953405018
plurality,0.0017921146953405018,0.0,0.0,0.0017921146953405018,0.0,0.0017921146953405018,0.0
gt,0.0017921146953405018,0.0,0.0,0.0017921146953405018,0.0,0.0017921146953405018,0.0
minimax,0.0,-0.0017921146953405018,-0.0017921146953405018,0.0,-0.0017921146953405018,0.0,-0.0017921146953405018
gtd,0.0017921146953405018,0.0,0.0,0.0017921146953405018,0.0,0.0017921146953405018,0.0
Schulze,0.0,-0.0017921146953405018,-0.0017921146953405018,0.0,-0.0017921146953405018,0.0,-0.0017921146953405018
IRV,0.0017921146953405018,0.0,0.0,0.0017921146953405018,0.0,0.0017921146953405018,0.0
