,Borda,plurality,gt,minimax,gtd,Schulze,IRV
Borda,0.0,0.0,0.0,0.0,0.0,0.0,0.026755852842809364
plurality,0.0,0.0,0.0,0.0,0.0,0.0,-0.0033444816053511705
gt,0.0,0.0,0.0,0.0,0.0,0.0,0.026755852842809364
minimax,0.0,0.0,0.0,0.0,0.0,0.0,0.026755852842809364
gtd,0.0,0.0,0.0,0.0,0.0,0.0,0.026755852842809364
Schulze,0.0,0.0,0.0,0.0,0.0,0.0,0.026755852842809364
IRV,-0.026755852842809364,0.0033444816053511705,-0.026755852842809364,-0.026755852842809364,-0.026755852842809364,-0.026755852842809364,0.0
