,Borda,plurality,gt,minimax,gtd,Schulze,IRV
Borda,0.0,-0.012468827930174564,0.0,0.0,-0.012468827930174564,0.0,0.017456359102244388
plurality,0.012468827930174564,0.0,0.012468827930174564,0.012468827930174564,0.0,0.012468827930174564,-0.017456359102244388
gt,0.0,-0.012468827930174564,0.0,0.0,-0.012468827930174564,0.0,0.017456359102244388
minimax,0.0,-0.012468827930174564,0.0,0.0,-0.012468827930174564,0.0,0.017456359102244388
gtd,0.012468827930174564,0.0,0.012468827930174564,0.012468827930174564,0.0,0.012468827930174564,-0.017456359102244388
Schulze,0.0,-0.012468827930174564,0.0,0.0,-0.012468827930174564,0.0,0.017456359102244388
IRV,-0.017456359102244388,0.017456359102244388,-0.017456359102244388,-0.017456359102244388,0.017456359102244388,-0.017456359102244388,0.0
