,Borda,plurality,gt,minimax,gtd,Schulze,IRV
Borda,0.0,0.0,0.0327455919395466,-0.017632241813602016,-0.017632241813602016,-0.017632241813602016,-0.017632241813602016
plurality,0.0,0.0,0.0327455919395466,-0.017632241813602016,-0.017632241813602016,-0.017632241813602016,-0.017632241813602016
gt,-0.0327455919395466,-0.0327455919395466,0.0,0.012594458438287154,0.012594458438287154,0.012594458438287154,0.012594458438287154
minimax,0.017632241813602016,0.017632241813602016,-0.012594458438287154,0.0,0.0,0.0,0.0
gtd,0.017632241813602016,0.017632241813602016,-0.012594458438287154,0.0,0.0,0.0,0.0
Schulze,0.017632241813602016,0.017632241813602016,-0.012594458438287154,0.0,0.0,0.0,0.0
IRV,0.017632241813602016,0.017632241813602016,-0.012594458438287154,0.0,0.0,0.0,0.0
