,Borda,plurality,gt,minimax,gtd,Schulze,IRV
Borda,0.0,0.0,-0.037037037037037035,-0.037037037037037035,-0.037037037037037035,-0.037037037037037035,0.0
plurality,0.0,0.0,-0.037037037037037035,-0.037037037037037035,-0.037037037037037035,-0.037037037037037035,0.0
gt,0.037037037037037035,0.037037037037037035,0.0,0.0,0.0,0.0,0.037037037037037035
minimax,0.037037037037037035,0.037037037037037035,0.0,0.0,0.0,0.0,0.037037037037037035
gtd,0.037037037037037035,0.037037037037037035,0.0,0.0,0.0,0.0,0.037037037037037035
Schulze,0.037037037037037035,0.037037037037037035,0.0,0.0,0.0,0.0,0.037037037037037035
IRV,0.0,0.0,-0.037037037037037035,-0.037037037037037035,-0.037037037037037035,-0.037037037037037035,0.0
