,Borda,plurality,gt,minimax,gtd,Schulze,IRV
Borda,0.0,-0.014778325123152709,0.0,0.0,-0.014778325123152709,0.0,0.06403940886699508
plurality,0.014778325123152709,0.0,0.014778325123152709,0.014778325123152709,0.0,0.014778325123152709,-0.024630541871921183
gt,0.0,-0.014778325123152709,0.0,0.0,-0.014778325123152709,0.0,0.06403940886699508
minimax,0.0,-0.014778325123152709,0.0,0.0,-0.014778325123152709,0.0,0.06403940886699508
gtd,0.014778325123152709,0.0,0.014778325123152709,0.014778325123152709,0.0,0.014778325123152709,-0.024630541871921183
Schulze,0.0,-0.014778325123152709,0.0,0.0,-0.014778325123152709,0.0,0.06403940886699508
IRV,-0.06403940886699508,0.024630541871921183,-0.06403940886699508,-0.06403940886699508,0.024630541871921183,-0.06403940886699508,0.0
