,Borda,plurality,gt,minimax,gtd,Schulze,IRV
Borda,0.0,-0.011049723756906077,-0.011049723756906077,-0.011049723756906077,-0.011049723756906077,-0.011049723756906077,0.04419889502762431
plurality,0.011049723756906077,0.0,0.0,0.0,0.0,0.0,-0.0055248618784530384
gt,0.011049723756906077,0.0,0.0,0.0,0.0,0.0,-0.0055248618784530384
minimax,0.011049723756906077,0.0,0.0,0.0,0.0,0.0,-0.0055248618784530384
gtd,0.011049723756906077,0.0,0.0,0.0,0.0,0.0,-0.0055248618784530384
Schulze,0.011049723756906077,0.0,0.0,0.0,0.0,0.0,-0.0055248618784530384
IRV,-0.04419889502762431,0.0055248618784530384,0.0055248618784530384,0.0055248618784530384,0.0055248618784530384,0.0055248618784530384,0.0
