,Borda,plurality,gt,minimax,gtd,Schulze,IRV
Borda,0.0,-0.011764705882352941,0.00392156862745098,0.00392156862745098,0.0,0.00392156862745098,0.00392156862745098
plurality,0.011764705882352941,0.0,-0.0196078431372549,-0.0196078431372549,0.011764705882352941,-0.0196078431372549,-0.0196078431372549
gt,-0.00392156862745098,0.0196078431372549,0.0,0.0,-0.00392156862745098,0.0,0.0
minimax,-0.00392156862745098,0.0196078431372549,0.0,0.0,-0.00392156862745098,0.0,0.0
gtd,0.0,-0.011764705882352941,0.00392156862745098,0.00392156862745098,0.0,0.00392156862745098,0.00392156862745098
Schulze,-0.00392156862745098,0.0196078431372549,0.0,0.0,-0.00392156862745098,0.0,0.0
IRV,-0.00392156862745098,0.0196078431372549,0.0,0.0,-0.00392156862745098,0.0,0.0
