,Borda,plurality,gt,minimax,gtd,Schulze,IRV
Borda,0.0,-0.018276762402088774,0.018276762402088774,-0.018276762402088774,0.0,-0.018276762402088774,-0.018276762402088774
plurality,0.018276762402088774,0.0,-0.018276762402088774,0.0,0.018276762402088774,0.0,0.0
gt,-0.018276762402088774,0.018276762402088774,0.0,0.018276762402088774,-0.018276762402088774,0.018276762402088774,0.018276762402088774
minimax,0.018276762402088774,0.0,-0.018276762402088774,0.0,0.018276762402088774,0.0,0.0
gtd,0.0,-0.018276762402088774,0.018276762402088774,-0.018276762402088774,0.0,-0.018276762402088774,-0.018276762402088774
Schulze,0.018276762402088774,0.0,-0.018276762402088774,0.0,0.018276762402088774,0.0,0.0
IRV,0.018276762402088774,0.0,-0.018276762402088774,0.0,0.018276762402088774,0.0,0.0
