,Borda,plurality,gt,minimax,gtd,Schulze,IRV
Borda,0.0,-0.03802281368821293,0.04182509505703422,-0.03802281368821293,-0.03802281368821293,-0.03802281368821293,0.04182509505703422
plurality,0.03802281368821293,0.0,-0.0076045627376425855,0.0,0.0,0.0,-0.0076045627376425855
gt,-0.04182509505703422,0.0076045627376425855,0.0,0.0076045627376425855,0.0076045627376425855,0.0076045627376425855,0.0
minimax,0.03802281368821293,0.0,-0.0076045627376425855,0.0,0.0,0.0,-0.0076045627376425855
gtd,0.03802281368821293,0.0,-0.0076045627376425855,0.0,0.0,0.0,-0.0076045627376425855
Schulze,0.03802281368821293,0.0,-0.0076045627376425855,0.0,0.0,0.0,-0.0076045627376425855
IRV,-0.04182509505703422,0.0076045627376425855,0.0,0.0076045627376425855,0.0076045627376425855,0.0076045627376425855,0.0
