,Borda,plurality,gt,minimax,gtd,Schulze,IRV
Borda,0.0,-0.021164021164021163,-0.021164021164021163,-0.021164021164021163,-0.021164021164021163,-0.021164021164021163,-0.021164021164021163
plurality,0.021164021164021163,0.0,0.0,0.0,0.0,0.0,0.0
gt,0.021164021164021163,0.0,0.0,0.0,0.0,0.0,0.0
minimax,0.021164021164021163,0.0,0.0,0.0,0.0,0.0,0.0
gtd,0.021164021164021163,0.0,0.0,0.0,0.0,0.0,0.0
Schulze,0.021164021164021163,0.0,0.0,0.0,0.0,0.0,0.0
IRV,0.021164021164021163,0.0,0.0,0.0,0.0,0.0,0.0
