,Borda,plurality,gt,minimax,gtd,Schulze,IRV
Borda,0.0,-0.02127659574468085,0.0,0.02127659574468085,0.0,0.02127659574468085,0.02127659574468085
plurality,0.02127659574468085,0.0,0.02127659574468085,-0.03723404255319149,0.02127659574468085,-0.03723404255319149,-0.03723404255319149
gt,0.0,-0.02127659574468085,0.0,0.02127659574468085,0.0,0.02127659574468085,0.02127659574468085
minimax,-0.02127659574468085,0.03723404255319149,-0.02127659574468085,0.0,-0.02127659574468085,0.0,0.0
gtd,0.0,-0.02127659574468085,0.0,0.02127659574468085,0.0,0.02127659574468085,0.02127659574468085
Schulze,-0.02127659574468085,0.03723404255319149,-0.02127659574468085,0.0,-0.02127659574468085,0.0,0.0
IRV,-0.02127659574468085,0.03723404255319149,-0.02127659574468085,0.0,-0.02127659574468085,0.0,0.0
