,Borda,plurality,gt,minimax,gtd,Schulze,IRV
Borda,0.0,0.03736263736263736,-0.002197802197802198,0.0,-0.002197802197802198,0.0,0.0
plurality,-0.03736263736263736,0.0,0.01098901098901099,-0.03736263736263736,0.01098901098901099,-0.03736263736263736,-0.03736263736263736
gt,0.002197802197802198,-0.01098901098901099,0.0,0.002197802197802198,0.0,0.002197802197802198,0.002197802197802198
minimax,0.0,0.03736263736263736,-0.002197802197802198,0.0,-0.002197802197802198,0.0,0.0
gtd,0.002197802197802198,-0.01098901098901099,0.0,0.002197802197802198,0.0,0.002197802197802198,0.002197802197802198
Schulze,0.0,0.03736263736263736,-0.002197802197802198,0.0,-0.002197802197802198,0.0,0.0
IRV,0.0,0.03736263736263736,-0.002197802197802198,0.0,-0.002197802197802198,0.0,0.0
