,Borda,plurality,gt,minimax,gtd,Schulze,IRV
Borda,0.0,0.07296137339055794,-0.008583690987124463,0.0,-0.008583690987124463,0.0,0.0
plurality,-0.07296137339055794,0.0,0.02575107296137339,-0.07296137339055794,0.02575107296137339,-0.07296137339055794,-0.07296137339055794
gt,0.008583690987124463,-0.02575107296137339,0.0,0.008583690987124463,0.0,0.008583690987124463,0.008583690987124463
minimax,0.0,0.07296137339055794,-0.008583690987124463,0.0,-0.008583690987124463,0.0,0.0
gtd,0.008583690987124463,-0.02575107296137339,0.0,0.008583690987124463,0.0,0.008583690987124463,0.008583690987124463
Schulze,0.0,0.07296137339055794,-0.008583690987124463,0.0,-0.008583690987124463,0.0,0.0
IRV,0.0,0.07296137339055794,-0.008583690987124463,0.0,-0.008583690987124463,0.0,0.0
