,Borda,plurality,gt,minimax,gtd,Schulze,IRV
Borda,0.0,-0.056768558951965066,0.03056768558951965,-0.056768558951965066,0.03056768558951965,-0.056768558951965066,0.03056768558951965
plurality,0.056768558951965066,0.0,-0.004366812227074236,0.0,-0.004366812227074236,0.0,-0.004366812227074236
gt,-0.03056768558951965,0.004366812227074236,0.0,0.004366812227074236,0.0,0.004366812227074236,0.0
minimax,0.056768558951965066,0.0,-0.004366812227074236,0.0,-0.004366812227074236,0.0,-0.004366812227074236
gtd,-0.03056768558951965,0.004366812227074236,0.0,0.004366812227074236,0.0,0.004366812227074236,0.0
Schulze,0.056768558951965066,0.0,-0.004366812227074236,0.0,-0.004366812227074236,0.0,-0.004366812227074236
IRV,-0.03056768558951965,0.004366812227074236,0.0,0.004366812227074236,0.0,0.004366812227074236,0.0
