,Borda,plurality,gt,minimax,gtd,Schulze,IRV
Borda,0.0,0.03821656050955414,0.0,0.0,-0.01592356687898089,0.0,0.0
plurality,-0.03821656050955414,0.0,-0.03821656050955414,-0.03821656050955414,0.028662420382165606,-0.03821656050955414,-0.03821656050955414
gt,0.0,0.03821656050955414,0.0,0.0,-0.01592356687898089,0.0,0.0
minimax,0.0,0.03821656050955414,0.0,0.0,-0.01592356687898089,0.0,0.0
gtd,0.01592356687898089,-0.028662420382165606,0.01592356687898089,0.01592356687898089,0.0,0.01592356687898089,0.01592356687898089
Schulze,0.0,0.03821656050955414,0.0,0.0,-0.01592356687898089,0.0,0.0
IRV,0.0,0.03821656050955414,0.0,0.0,-0.01592356687898089,0.0,0.0
