,Borda,plurality,gt,minimax,gtd,Schulze,IRV
Borda,0.0,-0.018867924528301886,0.018867924528301886,0.0,0.0,0.0,-0.018867924528301886
plurality,0.018867924528301886,0.0,-0.02467343976777939,0.018867924528301886,0.018867924528301886,0.018867924528301886,0.0
gt,-0.018867924528301886,0.02467343976777939,0.0,-0.018867924528301886,-0.018867924528301886,-0.018867924528301886,0.02467343976777939
minimax,0.0,-0.018867924528301886,0.018867924528301886,0.0,0.0,0.0,-0.018867924528301886
gtd,0.0,-0.018867924528301886,0.018867924528301886,0.0,0.0,0.0,-0.018867924528301886
Schulze,0.0,-0.018867924528301886,0.018867924528301886,0.0,0.0,0.0,-0.018867924528301886
IRV,0.018867924528301886,0.0,-0.02467343976777939,0.018867924528301886,0.018867924528301886,0.018867924528301886,0.0
