,Borda,plurality,gt,minimax,gtd,Schulze,IRV
Borda,0.0,0.03664921465968586,0.0,0.0,0.0,0.0,0.0
plurality,-0.03664921465968586,0.0,-0.03664921465968586,-0.03664921465968586,-0.04712041884816754,-0.03664921465968586,-0.03664921465968586
gt,0.0,0.03664921465968586,0.0,0.0,0.0,0.0,0.0
minimax,0.0,0.03664921465968586,0.0,0.0,0.0,0.0,0.0
gtd,0.0,0.04712041884816754,0.0,0.0,0.0,0.0,0.0
Schulze,0.0,0.03664921465968586,0.0,0.0,0.0,0.0,0.0
IRV,0.0,0.03664921465968586,0.0,0.0,0.0,0.0,0.0
