,Borda,plurality,gt,minimax,gtd,Schulze,IRV
Borda,0.0,-0.003121748178980229,0.013527575442247659,0.0,0.0,0.0,0.013527575442247659
plurality,0.003121748178980229,0.0,-0.021852237252861603,0.003121748178980229,0.003121748178980229,0.003121748178980229,-0.021852237252861603
gt,-0.013527575442247659,0.021852237252861603,0.0,-0.013527575442247659,-0.013527575442247659,-0.013527575442247659,0.0
minimax,0.0,-0.003121748178980229,0.013527575442247659,0.0,0.0,0.0,0.013527575442247659
gtd,0.0,-0.003121748178980229,0.013527575442247659,0.0,0.0,0.0,0.013527575442247659
Schulze,0.0,-0.003121748178980229,0.013527575442247659,0.0,0.0,0.0,0.013527575442247659
IRV,-0.013527575442247659,0.021852237252861603,0.0,-0.013527575442247659,-0.013527575442247659,-0.013527575442247659,0.0
