,Borda,plurality,gt,minimax,gtd,Schulze,IRV
Borda,0.0,0.03655913978494624,-0.010752688172043012,0.0,0.0,0.0,0.0
plurality,-0.03655913978494624,0.0,0.04516129032258064,-0.03655913978494624,-0.03655913978494624,-0.03655913978494624,-0.03655913978494624
gt,0.010752688172043012,-0.04516129032258064,0.0,0.010752688172043012,0.010752688172043012,0.010752688172043012,0.010752688172043012
minimax,0.0,0.03655913978494624,-0.010752688172043012,0.0,0.0,0.0,0.0
gtd,0.0,0.03655913978494624,-0.010752688172043012,0.0,0.0,0.0,0.0
Schulze,0.0,0.03655913978494624,-0.010752688172043012,0.0,0.0,0.0,0.0
IRV,0.0,0.03655913978494624,-0.010752688172043012,0.0,0.0,0.0,0.0
