,Borda,plurality,gt,minimax,gtd,Schulze,IRV
Borda,0.0,-0.00546448087431694,-0.00546448087431694,0.0,-0.00546448087431694,0.0,0.04371584699453552
plurality,0.00546448087431694,0.0,0.0,0.00546448087431694,0.0,0.00546448087431694,-0.00546448087431694
gt,0.00546448087431694,0.0,0.0,0.00546448087431694,0.0,0.00546448087431694,-0.00546448087431694
minimax,0.0,-0.00546448087431694,-0.00546448087431694,0.0,-0.00546448087431694,0.0,0.04371584699453552
gtd,0.00546448087431694,0.0,0.0,0.00546448087431694,0.0,0.00546448087431694,-0.00546448087431694
Schulze,0.0,-0.00546448087431694,-0.00546448087431694,0.0,-0.00546448087431694,0.0,0.04371584699453552
IRV,-0.04371584699453552,0.00546448087431694,0.00546448087431694,-0.04371584699453552,0.00546448087431694,-0.04371584699453552,0.0
