,Borda,plurality,gt,minimax,gtd,Schulze,IRV
Borda,0.0,0.14960629921259844,0.08661417322834646,-0.03412073490813648,-0.03412073490813648,-0.03412073490813648,0.08661417322834646
plurality,-0.14960629921259844,0.0,-0.13910761154855644,-0.11811023622047244,-0.11811023622047244,-0.11811023622047244,-0.13910761154855644
gt,-0.08661417322834646,0.13910761154855644,0.0,0.01837270341207349,0.01837270341207349,0.01837270341207349,0.0
minimax,0.03412073490813648,0.11811023622047244,-0.01837270341207349,0.0,0.0,0.0,-0.01837270341207349
gtd,0.03412073490813648,0.11811023622047244,-0.01837270341207349,0.0,0.0,0.0,-0.01837270341207349
Schulze,0.03412073490813648,0.11811023622047244,-0.01837270341207349,0.0,0.0,0.0,-0.01837270341207349
IRV,-0.08661417322834646,0.13910761154855644,0.0,0.01837270341207349,0.01837270341207349,0.01837270341207349,0.0
