,Borda,plurality,gt,minimax,gtd,Schulze,IRV
Borda,0.0,0.011547344110854504,0.0,-0.025404157043879907,0.011547344110854504,-0.025404157043879907,0.011547344110854504
plurality,-0.011547344110854504,0.0,-0.011547344110854504,0.011547344110854504,0.0,0.011547344110854504,0.0
gt,0.0,0.011547344110854504,0.0,-0.025404157043879907,0.011547344110854504,-0.025404157043879907,0.011547344110854504
minimax,0.025404157043879907,-0.011547344110854504,0.025404157043879907,0.0,-0.011547344110854504,0.0,-0.011547344110854504
gtd,-0.011547344110854504,0.0,-0.011547344110854504,0.011547344110854504,0.0,0.011547344110854504,0.0
Schulze,0.025404157043879907,-0.011547344110854504,0.025404157043879907,0.0,-0.011547344110854504,0.0,-0.011547344110854504
IRV,-0.011547344110854504,0.0,-0.011547344110854504,0.011547344110854504,0.0,0.011547344110854504,0.0
