,Borda,plurality,gt,minimax,gtd,Schulze,IRV
Borda,0.0,0.16765285996055226,-0.029585798816568046,-0.029585798816568046,-0.029585798816568046,-0.029585798816568046,0.0650887573964497
plurality,-0.16765285996055226,0.0,-0.13609467455621302,-0.13609467455621302,-0.13609467455621302,-0.13609467455621302,-0.07692307692307693
gt,0.029585798816568046,0.13609467455621302,0.0,0.0,0.0,0.0,-0.01775147928994083
minimax,0.029585798816568046,0.13609467455621302,0.0,0.0,0.0,0.0,-0.01775147928994083
gtd,0.029585798816568046,0.13609467455621302,0.0,0.0,0.0,0.0,-0.01775147928994083
Schulze,0.029585798816568046,0.13609467455621302,0.0,0.0,0.0,0.0,-0.01775147928994083
IRV,-0.0650887573964497,0.07692307692307693,0.01775147928994083,0.01775147928994083,0.01775147928994083,0.01775147928994083,0.0
