,Borda,plurality,gt,minimax,gtd,Schulze,IRV
Borda,0.0,0.026905829596412557,0.026905829596412557,-0.04484304932735426,0.026905829596412557,-0.04484304932735426,0.0
plurality,-0.026905829596412557,0.0,0.0,0.013452914798206279,0.0,0.013452914798206279,-0.026905829596412557
gt,-0.026905829596412557,0.0,0.0,0.013452914798206279,0.0,0.013452914798206279,-0.026905829596412557
minimax,0.04484304932735426,-0.013452914798206279,-0.013452914798206279,0.0,-0.013452914798206279,0.0,0.04484304932735426
gtd,-0.026905829596412557,0.0,0.0,0.013452914798206279,0.0,0.013452914798206279,-0.026905829596412557
Schulze,0.04484304932735426,-0.013452914798206279,-0.013452914798206279,0.0,-0.013452914798206279,0.0,0.04484304932735426
IRV,0.0,0.026905829596412557,0.026905829596412557,-0.04484304932735426,0.026905829596412557,-0.04484304932735426,0.0
