,Borda,plurality,gt,minimax,gtd,Schulze,IRV
Borda,0.0,-0.004739336492890996,-0.004739336492890996,0.0,0.0,0.0,0.014218009478672985
plurality,0.004739336492890996,0.0,0.0,0.004739336492890996,0.004739336492890996,0.004739336492890996,-0.018957345971563982
gt,0.004739336492890996,0.0,0.0,0.004739336492890996,0.004739336492890996,0.004739336492890996,-0.018957345971563982
minimax,0.0,-0.004739336492890996,-0.004739336492890996,0.0,0.0,0.0,0.014218009478672985
gtd,0.0,-0.004739336492890996,-0.004739336492890996,0.0,0.0,0.0,0.014218009478672985
Schulze,0.0,-0.004739336492890996,-0.004739336492890996,0.0,0.0,0.0,0.014218009478672985
IRV,-0.014218009478672985,0.018957345971563982,0.018957345971563982,-0.014218009478672985,-0.014218009478672985,-0.014218009478672985,0.0
