,Borda,plurality,gt,minimax,gtd,Schulze,IRV
Borda,0.0,-0.009478672985781991,-0.009478672985781991,0.0,-0.009478672985781991,0.0,0.052132701421800945
plurality,0.009478672985781991,0.0,0.0,0.009478672985781991,0.0,0.009478672985781991,-0.014218009478672985
gt,0.009478672985781991,0.0,0.0,0.009478672985781991,0.0,0.009478672985781991,-0.014218009478672985
minimax,0.0,-0.009478672985781991,-0.009478672985781991,0.0,-0.009478672985781991,0.0,0.052132701421800945
gtd,0.009478672985781991,0.0,0.0,0.009478672985781991,0.0,0.009478672985781991,-0.014218009478672985
Schulze,0.0,-0.009478672985781991,-0.009478672985781991,0.0,-0.009478672985781991,0.0,0.052132701421800945
IRV,-0.052132701421800945,0.014218009478672985,0.014218009478672985,-0.052132701421800945,0.014218009478672985,-0.052132701421800945,0.0
