,Borda,plurality,gt,minimax,gtd,Schulze,IRV
Borda,0.0,-0.05934065934065934,0.06373626373626373,-0.05934065934065934,-0.05934065934065934,-0.05934065934065934,0.06373626373626373
plurality,0.05934065934065934,0.0,-0.01978021978021978,0.0,0.0,0.0,-0.01978021978021978
gt,-0.06373626373626373,0.01978021978021978,0.0,0.01978021978021978,0.01978021978021978,0.01978021978021978,0.0
minimax,0.05934065934065934,0.0,-0.01978021978021978,0.0,0.0,0.0,-0.01978021978021978
gtd,0.05934065934065934,0.0,-0.01978021978021978,0.0,0.0,0.0,-0.01978021978021978
Schulze,0.05934065934065934,0.0,-0.01978021978021978,0.0,0.0,0.0,-0.01978021978021978
IRV,-0.06373626373626373,0.01978021978021978,0.0,0.01978021978021978,0.01978021978021978,0.01978021978021978,0.0
