,Borda,plurality,gt,minimax,gtd,Schulze,IRV
Borda,0.0,0.04075235109717868,0.04075235109717868,0.0,-0.006269592476489028,0.0,0.0
plurality,-0.04075235109717868,0.0,0.0,-0.04075235109717868,0.012539184952978056,-0.04075235109717868,-0.04075235109717868
gt,-0.04075235109717868,0.0,0.0,-0.04075235109717868,0.012539184952978056,-0.04075235109717868,-0.04075235109717868
minimax,0.0,0.04075235109717868,0.04075235109717868,0.0,-0.006269592476489028,0.0,0.0
gtd,0.006269592476489028,-0.012539184952978056,-0.012539184952978056,0.006269592476489028,0.0,0.006269592476489028,0.006269592476489028
Schulze,0.0,0.04075235109717868,0.04075235109717868,0.0,-0.006269592476489028,0.0,0.0
IRV,0.0,0.04075235109717868,0.04075235109717868,0.0,-0.006269592476489028,0.0,0.0
