,Borda,plurality,gt,minimax,gtd,Schulze,IRV
Borda,0.0,0.22437673130193905,0.0,0.0,-0.019390581717451522,0.0,-0.019390581717451522
plurality,-0.22437673130193905,0.0,-0.22437673130193905,-0.22437673130193905,-0.18005540166204986,-0.22437673130193905,-0.18005540166204986
gt,0.0,0.22437673130193905,0.0,0.0,-0.019390581717451522,0.0,-0.019390581717451522
minimax,0.0,0.22437673130193905,0.0,0.0,-0.019390581717451522,0.0,-0.019390581717451522
gtd,0.019390581717451522,0.18005540166204986,0.019390581717451522,0.019390581717451522,0.0,0.019390581717451522,0.0
Schulze,0.0,0.22437673130193905,0.0,0.0,-0.019390581717451522,0.0,-0.019390581717451522
IRV,0.019390581717451522,0.18005540166204986,0.019390581717451522,0.019390581717451522,0.0,0.019390581717451522,0.0
