,Borda,plurality,gt,minimax,gtd,Schulze,IRV
Borda,0.0,-0.02054794520547945,-0.02054794520547945,-0.02054794520547945,-0.02054794520547945,-0.02054794520547945,0.03424657534246575
plurality,0.02054794520547945,0.0,0.0,0.0,0.0,0.0,-0.00684931506849315
gt,0.02054794520547945,0.0,0.0,0.0,0.0,0.0,-0.00684931506849315
minimax,0.02054794520547945,0.0,0.0,0.0,0.0,0.0,-0.00684931506849315
gtd,0.02054794520547945,0.0,0.0,0.0,0.0,0.0,-0.00684931506849315
Schulze,0.02054794520547945,0.0,0.0,0.0,0.0,0.0,-0.00684931506849315
IRV,-0.03424657534246575,0.00684931506849315,0.00684931506849315,0.00684931506849315,0.00684931506849315,0.00684931506849315,0.0
