,Borda,plurality,gt,minimax,gtd,Schulze,IRV
Borda,0.0,-0.013927576601671309,0.0,0.0,-0.013927576601671309,0.0,0.036211699164345405
plurality,0.013927576601671309,0.0,0.013927576601671309,0.013927576601671309,0.0,0.013927576601671309,-0.03064066852367688
gt,0.0,-0.013927576601671309,0.0,0.0,-0.013927576601671309,0.0,0.036211699164345405
minimax,0.0,-0.013927576601671309,0.0,0.0,-0.013927576601671309,0.0,0.036211699164345405
gtd,0.013927576601671309,0.0,0.013927576601671309,0.013927576601671309,0.0,0.013927576601671309,-0.03064066852367688
Schulze,0.0,-0.013927576601671309,0.0,0.0,-0.013927576601671309,0.0,0.036211699164345405
IRV,-0.036211699164345405,0.03064066852367688,-0.036211699164345405,-0.036211699164345405,0.03064066852367688,-0.036211699164345405,0.0
