,Borda,plurality,gt,minimax,gtd,Schulze,IRV
Borda,0.0,-0.017341040462427744,0.008670520231213872,-0.017341040462427744,0.008670520231213872,-0.017341040462427744,0.008670520231213872
plurality,0.017341040462427744,0.0,-0.002890173410404624,0.0,-0.002890173410404624,0.0,-0.002890173410404624
gt,-0.008670520231213872,0.002890173410404624,0.0,0.002890173410404624,0.0,0.002890173410404624,0.0
minimax,0.017341040462427744,0.0,-0.002890173410404624,0.0,-0.002890173410404624,0.0,-0.002890173410404624
gtd,-0.008670520231213872,0.002890173410404624,0.0,0.002890173410404624,0.0,0.002890173410404624,0.0
Schulze,0.017341040462427744,0.0,-0.002890173410404624,0.0,-0.002890173410404624,0.0,-0.002890173410404624
IRV,-0.008670520231213872,0.002890173410404624,0.0,0.002890173410404624,0.0,0.002890173410404624,0.0
