,Borda,plurality,gt,minimax,gtd,Schulze,IRV
Borda,0.0,0.05521472392638037,0.0,0.0,0.0,0.0,0.0
plurality,-0.05521472392638037,0.0,-0.05521472392638037,-0.018404907975460124,-0.05521472392638037,-0.018404907975460124,-0.018404907975460124
gt,0.0,0.05521472392638037,0.0,0.0,0.0,0.0,0.0
minimax,0.0,0.018404907975460124,0.0,0.0,0.0,0.0,0.0
gtd,0.0,0.05521472392638037,0.0,0.0,0.0,0.0,0.0
Schulze,0.0,0.018404907975460124,0.0,0.0,0.0,0.0,0.0
IRV,0.0,0.018404907975460124,0.0,0.0,0.0,0.0,0.0
