,Borda,plurality,gt,minimax,gtd,Schulze,IRV
Borda,0.0,-0.016867469879518072,0.0,0.0,0.0,0.0,0.03614457831325301
plurality,0.016867469879518072,0.0,0.016867469879518072,0.016867469879518072,0.016867469879518072,0.016867469879518072,-0.060240963855421686
gt,0.0,-0.016867469879518072,0.0,0.0,0.0,0.0,0.03614457831325301
minimax,0.0,-0.016867469879518072,0.0,0.0,0.0,0.0,0.03614457831325301
gtd,0.0,-0.016867469879518072,0.0,0.0,0.0,0.0,0.03614457831325301
Schulze,0.0,-0.016867469879518072,0.0,0.0,0.0,0.0,0.03614457831325301
IRV,-0.03614457831325301,0.060240963855421686,-0.03614457831325301,-0.03614457831325301,-0.03614457831325301,-0.03614457831325301,0.0
