,Borda,plurality,gt,minimax,gtd,Schulze,IRV
Borda,0.0,0.054481546572934976,-0.015817223198594025,0.0,-0.015817223198594025,0.0,-0.015817223198594025
plurality,-0.054481546572934976,0.0,0.033391915641476276,-0.054481546572934976,0.033391915641476276,-0.054481546572934976,0.033391915641476276
gt,0.015817223198594025,-0.033391915641476276,0.0,0.015817223198594025,0.0,0.015817223198594025,0.0
minimax,0.0,0.054481546572934976,-0.015817223198594025,0.0,-0.015817223198594025,0.0,-0.015817223198594025
gtd,0.015817223198594025,-0.033391915641476276,0.0,0.015817223198594025,0.0,0.015817223198594025,0.0
Schulze,0.0,0.054481546572934976,-0.015817223198594025,0.0,-0.015817223198594025,0.0,-0.015817223198594025
IRV,0.015817223198594025,-0.033391915641476276,0.0,0.015817223198594025,0.0,0.015817223198594025,0.0
