,Borda,plurality,gt,minimax,gtd,Schulze,IRV
Borda,0.0,-0.009174311926605505,-0.009174311926605505,0.0,0.0,0.0,0.009174311926605505
plurality,0.009174311926605505,0.0,0.0,0.009174311926605505,0.009174311926605505,0.009174311926605505,-0.03211009174311927
gt,0.009174311926605505,0.0,0.0,0.009174311926605505,0.009174311926605505,0.009174311926605505,-0.03211009174311927
minimax,0.0,-0.009174311926605505,-0.009174311926605505,0.0,0.0,0.0,0.009174311926605505
gtd,0.0,-0.009174311926605505,-0.009174311926605505,0.0,0.0,0.0,0.009174311926605505
Schulze,0.0,-0.009174311926605505,-0.009174311926605505,0.0,0.0,0.0,0.009174311926605505
IRV,-0.009174311926605505,0.03211009174311927,0.03211009174311927,-0.009174311926605505,-0.009174311926605505,-0.009174311926605505,0.0
