,Borda,plurality,gt,minimax,gtd,Schulze,IRV
Borda,0.0,-0.02575107296137339,0.008583690987124463,-0.02575107296137339,0.008583690987124463,-0.02575107296137339,0.008583690987124463
plurality,0.02575107296137339,0.0,-0.004291845493562232,0.0,-0.004291845493562232,0.0,-0.004291845493562232
gt,-0.008583690987124463,0.004291845493562232,0.0,0.004291845493562232,0.0,0.004291845493562232,0.0
minimax,0.02575107296137339,0.0,-0.004291845493562232,0.0,-0.004291845493562232,0.0,-0.004291845493562232
gtd,-0.008583690987124463,0.004291845493562232,0.0,0.004291845493562232,0.0,0.004291845493562232,0.0
Schulze,0.02575107296137339,0.0,-0.004291845493562232,0.0,-0.004291845493562232,0.0,-0.004291845493562232
IRV,-0.008583690987124463,0.004291845493562232,0.0,0.004291845493562232,0.0,0.004291845493562232,0.0
