,Borda,plurality,gt,minimax,gtd,Schulze,IRV
Borda,0.0,-0.01928374655647383,0.06336088154269973,-0.01928374655647383,-0.01928374655647383,-0.01928374655647383,-0.01928374655647383
plurality,0.01928374655647383,0.0,-0.013774104683195593,0.0,0.0,0.0,0.0
gt,-0.06336088154269973,0.013774104683195593,0.0,0.013774104683195593,0.013774104683195593,0.013774104683195593,0.013774104683195593
minimax,0.01928374655647383,0.0,-0.013774104683195593,0.0,0.0,0.0,0.0
gtd,0.01928374655647383,0.0,-0.013774104683195593,0.0,0.0,0.0,0.0
Schulze,0.01928374655647383,0.0,-0.013774104683195593,0.0,0.0,0.0,0.0
IRV,0.01928374655647383,0.0,-0.013774104683195593,0.0,0.0,0.0,0.0
