,Borda,plurality,gt,minimax,gtd,Schulze,IRV
Borda,0.0,0.02743142144638404,-0.007481296758104738,0.0,0.0,0.0,0.0
plurality,-0.02743142144638404,0.0,0.03740648379052369,-0.02743142144638404,-0.02743142144638404,-0.02743142144638404,-0.02743142144638404
gt,0.007481296758104738,-0.03740648379052369,0.0,0.007481296758104738,0.007481296758104738,0.007481296758104738,0.007481296758104738
minimax,0.0,0.02743142144638404,-0.007481296758104738,0.0,0.0,0.0,0.0
gtd,0.0,0.02743142144638404,-0.007481296758104738,0.0,0.0,0.0,0.0
Schulze,0.0,0.02743142144638404,-0.007481296758104738,0.0,0.0,0.0,0.0
IRV,0.0,0.02743142144638404,-0.007481296758104738,0.0,0.0,0.0,0.0
