,Borda,plurality,gt,minimax,gtd,Schulze,IRV
Borda,0.0,-0.0015748031496062992,-0.0015748031496062992,0.0,-0.0015748031496062992,0.0,0.026771653543307086
plurality,0.0015748031496062992,0.0,0.0,0.0015748031496062992,0.0,0.0015748031496062992,-0.004724409448818898
gt,0.0015748031496062992,0.0,0.0,0.0015748031496062992,0.0,0.0015748031496062992,-0.004724409448818898
minimax,0.0,-0.0015748031496062992,-0.0015748031496062992,0.0,-0.0015748031496062992,0.0,0.026771653543307086
gtd,0.0015748031496062992,0.0,0.0,0.0015748031496062992,0.0,0.0015748031496062992,-0.004724409448818898
Schulze,0.0,-0.0015748031496062992,-0.0015748031496062992,0.0,-0.0015748031496062992,0.0,0.026771653543307086
IRV,-0.026771653543307086,0.004724409448818898,0.004724409448818898,-0.026771653543307086,0.004724409448818898,-0.026771653543307086,0.0
