,Borda,plurality,gt,minimax,gtd,Schulze,IRV
Borda,0.0,0.013574660633484163,0.0,0.013574660633484163,0.0,0.013574660633484163,0.0
plurality,-0.013574660633484163,0.0,-0.013574660633484163,0.0,-0.013574660633484163,0.0,-0.013574660633484163
gt,0.0,0.013574660633484163,0.0,0.013574660633484163,0.0,0.013574660633484163,0.0
minimax,-0.013574660633484163,0.0,-0.013574660633484163,0.0,-0.013574660633484163,0.0,-0.013574660633484163
gtd,0.0,0.013574660633484163,0.0,0.013574660633484163,0.0,0.013574660633484163,0.0
Schulze,-0.013574660633484163,0.0,-0.013574660633484163,0.0,-0.013574660633484163,0.0,-0.013574660633484163
IRV,0.0,0.013574660633484163,0.0,0.013574660633484163,0.0,0.013574660633484163,0.0
