,Borda,plurality,gt,minimax,gtd,Schulze,IRV
Borda,0.0,-0.0030864197530864196,-0.0030864197530864196,0.0,-0.0030864197530864196,0.0,-0.0030864197530864196
plurality,0.0030864197530864196,0.0,0.0,0.0030864197530864196,0.0,0.0030864197530864196,0.0
gt,0.0030864197530864196,0.0,0.0,0.0030864197530864196,0.0,0.0030864197530864196,0.0
minimax,0.0,-0.0030864197530864196,-0.0030864197530864196,0.0,-0.0030864197530864196,0.0,-0.0030864197530864196
gtd,0.0030864197530864196,0.0,0.0,0.0030864197530864196,0.0,0.0030864197530864196,0.0
Schulze,0.0,-0.0030864197530864196,-0.0030864197530864196,0.0,-0.0030864197530864196,0.0,-0.0030864197530864196
IRV,0.0030864197530864196,0.0,0.0,0.0030864197530864196,0.0,0.0030864197530864196,0.0
