,Borda,plurality,gt,minimax,gtd,Schulze,IRV
Borda,0.0,0.014084507042253521,-0.014084507042253521,-0.014084507042253521,-0.014084507042253521,-0.014084507042253521,0.014084507042253521
plurality,-0.014084507042253521,0.0,0.009389671361502348,0.009389671361502348,0.009389671361502348,0.009389671361502348,0.0
gt,0.014084507042253521,-0.009389671361502348,0.0,0.0,0.0,0.0,-0.009389671361502348
minimax,0.014084507042253521,-0.009389671361502348,0.0,0.0,0.0,0.0,-0.009389671361502348
gtd,0.014084507042253521,-0.009389671361502348,0.0,0.0,0.0,0.0,-0.009389671361502348
Schulze,0.014084507042253521,-0.009389671361502348,0.0,0.0,0.0,0.0,-0.009389671361502348
IRV,-0.014084507042253521,0.0,0.009389671361502348,0.009389671361502348,0.009389671361502348,0.009389671361502348,0.0
