,Borda,plurality,gt,minimax,gtd,Schulze,IRV
Borda,0.0,0.08256880733944955,-0.01834862385321101,0.0,-0.01834862385321101,0.0,0.08256880733944955
plurality,-0.08256880733944955,0.0,0.022935779816513763,-0.08256880733944955,0.022935779816513763,-0.08256880733944955,0.0
gt,0.01834862385321101,-0.022935779816513763,0.0,0.01834862385321101,0.0,0.01834862385321101,-0.022935779816513763
minimax,0.0,0.08256880733944955,-0.01834862385321101,0.0,-0.01834862385321101,0.0,0.08256880733944955
gtd,0.01834862385321101,-0.022935779816513763,0.0,0.01834862385321101,0.0,0.01834862385321101,-0.022935779816513763
Schulze,0.0,0.08256880733944955,-0.01834862385321101,0.0,-0.01834862385321101,0.0,0.08256880733944955
IRV,-0.08256880733944955,0.0,0.022935779816513763,-0.08256880733944955,0.022935779816513763,-0.08256880733944955,0.0
