,Borda,plurality,gt,minimax,gtd,Schulze,IRV
Borda,0.0,-0.032520325203252036,0.06910569105691057,-0.032520325203252036,-0.032520325203252036,-0.032520325203252036,-0.032520325203252036
plurality,0.032520325203252036,0.0,-0.02032520325203252,0.0,0.0,0.0,0.0
gt,-0.06910569105691057,0.02032520325203252,0.0,0.02032520325203252,0.02032520325203252,0.02032520325203252,0.02032520325203252
minimax,0.032520325203252036,0.0,-0.02032520325203252,0.0,0.0,0.0,0.0
gtd,0.032520325203252036,0.0,-0.02032520325203252,0.0,0.0,0.0,0.0
Schulze,0.032520325203252036,0.0,-0.02032520325203252,0.0,0.0,0.0,0.0
IRV,0.032520325203252036,0.0,-0.02032520325203252,0.0,0.0,0.0,0.0
