,Borda,plurality,gt,minimax,gtd,Schulze,IRV
Borda,0.0,-0.0024813895781637717,0.0,0.0,0.0,0.0,0.03225806451612903
plurality,0.0024813895781637717,0.0,0.0024813895781637717,0.0024813895781637717,0.0024813895781637717,0.0024813895781637717,-0.03722084367245657
gt,0.0,-0.0024813895781637717,0.0,0.0,0.0,0.0,0.03225806451612903
minimax,0.0,-0.0024813895781637717,0.0,0.0,0.0,0.0,0.03225806451612903
gtd,0.0,-0.0024813895781637717,0.0,0.0,0.0,0.0,0.03225806451612903
Schulze,0.0,-0.0024813895781637717,0.0,0.0,0.0,0.0,0.03225806451612903
IRV,-0.03225806451612903,0.03722084367245657,-0.03225806451612903,-0.03225806451612903,-0.03225806451612903,-0.03225806451612903,0.0
