,Borda,plurality,gt,minimax,gtd,Schulze,IRV
Borda,0.0,-0.04155124653739612,0.0,-0.04155124653739612,0.008310249307479225,-0.04155124653739612,0.008310249307479225
plurality,0.04155124653739612,0.0,0.04155124653739612,0.0,-0.008310249307479225,0.0,-0.008310249307479225
gt,0.0,-0.04155124653739612,0.0,-0.04155124653739612,0.008310249307479225,-0.04155124653739612,0.008310249307479225
minimax,0.04155124653739612,0.0,0.04155124653739612,0.0,-0.008310249307479225,0.0,-0.008310249307479225
gtd,-0.008310249307479225,0.008310249307479225,-0.008310249307479225,0.008310249307479225,0.0,0.008310249307479225,0.0
Schulze,0.04155124653739612,0.0,0.04155124653739612,0.0,-0.008310249307479225,0.0,-0.008310249307479225
IRV,-0.008310249307479225,0.008310249307479225,-0.008310249307479225,0.008310249307479225,0.0,0.008310249307479225,0.0
