,Borda,plurality,gt,minimax,gtd,Schulze,IRV
Borda,0.0,0.1111111111111111,0.08010335917312661,-0.023255813953488372,-0.023255813953488372,-0.023255813953488372,0.08010335917312661
plurality,-0.1111111111111111,0.0,-0.06976744186046512,-0.03359173126614987,-0.03359173126614987,-0.03359173126614987,-0.06976744186046512
gt,-0.08010335917312661,0.06976744186046512,0.0,0.01808785529715762,0.01808785529715762,0.01808785529715762,0.0
minimax,0.023255813953488372,0.03359173126614987,-0.01808785529715762,0.0,0.0,0.0,-0.01808785529715762
gtd,0.023255813953488372,0.03359173126614987,-0.01808785529715762,0.0,0.0,0.0,-0.01808785529715762
Schulze,0.023255813953488372,0.03359173126614987,-0.01808785529715762,0.0,0.0,0.0,-0.01808785529715762
IRV,-0.08010335917312661,0.06976744186046512,0.0,0.01808785529715762,0.01808785529715762,0.01808785529715762,0.0
