,Borda,plurality,gt,minimax,gtd,Schulze,IRV
Borda,0.0,0.06220095693779904,0.06220095693779904,0.0,-0.014354066985645933,0.0,0.0
plurality,-0.06220095693779904,0.0,0.0,-0.06220095693779904,0.05263157894736842,-0.06220095693779904,-0.06220095693779904
gt,-0.06220095693779904,0.0,0.0,-0.06220095693779904,0.05263157894736842,-0.06220095693779904,-0.06220095693779904
minimax,0.0,0.06220095693779904,0.06220095693779904,0.0,-0.014354066985645933,0.0,0.0
gtd,0.014354066985645933,-0.05263157894736842,-0.05263157894736842,0.014354066985645933,0.0,0.014354066985645933,0.014354066985645933
Schulze,0.0,0.06220095693779904,0.06220095693779904,0.0,-0.014354066985645933,0.0,0.0
IRV,0.0,0.06220095693779904,0.06220095693779904,0.0,-0.014354066985645933,0.0,0.0
