,Borda,plurality,gt,minimax,gtd,Schulze,IRV
Borda,0.0,-0.013623978201634877,0.0,0.0,-0.013623978201634877,0.0,0.035422343324250684
plurality,0.013623978201634877,0.0,0.013623978201634877,0.013623978201634877,0.0,0.013623978201634877,-0.02997275204359673
gt,0.0,-0.013623978201634877,0.0,0.0,-0.013623978201634877,0.0,0.035422343324250684
minimax,0.0,-0.013623978201634877,0.0,0.0,-0.013623978201634877,0.0,0.035422343324250684
gtd,0.013623978201634877,0.0,0.013623978201634877,0.013623978201634877,0.0,0.013623978201634877,-0.02997275204359673
Schulze,0.0,-0.013623978201634877,0.0,0.0,-0.013623978201634877,0.0,0.035422343324250684
IRV,-0.035422343324250684,0.02997275204359673,-0.035422343324250684,-0.035422343324250684,0.02997275204359673,-0.035422343324250684,0.0
