,Borda,plurality,gt,minimax,gtd,Schulze,IRV
Borda,0.0,0.058823529411764705,-0.02262443438914027,0.0,-0.02262443438914027,0.0,0.058823529411764705
plurality,-0.058823529411764705,0.0,0.027149321266968326,-0.058823529411764705,0.027149321266968326,-0.058823529411764705,0.0
gt,0.02262443438914027,-0.027149321266968326,0.0,0.02262443438914027,0.0,0.02262443438914027,-0.027149321266968326
minimax,0.0,0.058823529411764705,-0.02262443438914027,0.0,-0.02262443438914027,0.0,0.058823529411764705
gtd,0.02262443438914027,-0.027149321266968326,0.0,0.02262443438914027,0.0,0.02262443438914027,-0.027149321266968326
Schulze,0.0,0.058823529411764705,-0.02262443438914027,0.0,-0.02262443438914027,0.0,0.058823529411764705
IRV,-0.058823529411764705,0.0,0.027149321266968326,-0.058823529411764705,0.027149321266968326,-0.058823529411764705,0.0
