,Borda,plurality,gt,minimax,gtd,Schulze,IRV
Borda,0.0,-0.010582010582010581,-0.010582010582010581,0.0,-0.010582010582010581,0.0,0.026455026455026454
plurality,0.010582010582010581,0.0,0.0,0.010582010582010581,0.0,0.010582010582010581,-0.021164021164021163
gt,0.010582010582010581,0.0,0.0,0.010582010582010581,0.0,0.010582010582010581,-0.021164021164021163
minimax,0.0,-0.010582010582010581,-0.010582010582010581,0.0,-0.010582010582010581,0.0,0.026455026455026454
gtd,0.010582010582010581,0.0,0.0,0.010582010582010581,0.0,0.010582010582010581,-0.021164021164021163
Schulze,0.0,-0.010582010582010581,-0.010582010582010581,0.0,-0.010582010582010581,0.0,0.026455026455026454
IRV,-0.026455026455026454,0.021164021164021163,0.021164021164021163,-0.026455026455026454,0.021164021164021163,-0.026455026455026454,0.0
