,Borda,plurality,gt,minimax,gtd,Schulze,IRV
Borda,0.0,0.0,0.0,0.0,0.0,0.0,0.0903954802259887
plurality,0.0,0.0,0.0,0.0,0.0,0.0,-0.01694915254237288
gt,0.0,0.0,0.0,0.0,0.0,0.0,0.0903954802259887
minimax,0.0,0.0,0.0,0.0,0.0,0.0,0.0903954802259887
gtd,0.0,0.0,0.0,0.0,0.0,0.0,0.0903954802259887
Schulze,0.0,0.0,0.0,0.0,0.0,0.0,0.0903954802259887
IRV,-0.0903954802259887,0.01694915254237288,-0.0903954802259887,-0.0903954802259887,-0.0903954802259887,-0.0903954802259887,0.0
