,Borda,plurality,gt,minimax,gtd,Schulze,IRV
Borda,0.0,0.02278481012658228,-0.007594936708860759,0.0,0.0,0.0,0.0
plurality,-0.02278481012658228,0.0,0.08860759493670886,-0.02278481012658228,-0.02278481012658228,-0.02278481012658228,-0.02278481012658228
gt,0.007594936708860759,-0.08860759493670886,0.0,0.007594936708860759,0.007594936708860759,0.007594936708860759,0.007594936708860759
minimax,0.0,0.02278481012658228,-0.007594936708860759,0.0,0.0,0.0,0.0
gtd,0.0,0.02278481012658228,-0.007594936708860759,0.0,0.0,0.0,0.0
Schulze,0.0,0.02278481012658228,-0.007594936708860759,0.0,0.0,0.0,0.0
IRV,0.0,0.02278481012658228,-0.007594936708860759,0.0,0.0,0.0,0.0
