,Borda,plurality,gt,minimax,gtd,Schulze,IRV
Borda,0.0,0.06804123711340206,-0.018556701030927835,0.0,-0.018556701030927835,0.0,0.06804123711340206
plurality,-0.06804123711340206,0.0,0.03917525773195876,-0.06804123711340206,0.03917525773195876,-0.06804123711340206,0.0
gt,0.018556701030927835,-0.03917525773195876,0.0,0.018556701030927835,0.0,0.018556701030927835,-0.03917525773195876
minimax,0.0,0.06804123711340206,-0.018556701030927835,0.0,-0.018556701030927835,0.0,0.06804123711340206
gtd,0.018556701030927835,-0.03917525773195876,0.0,0.018556701030927835,0.0,0.018556701030927835,-0.03917525773195876
Schulze,0.0,0.06804123711340206,-0.018556701030927835,0.0,-0.018556701030927835,0.0,0.06804123711340206
IRV,-0.06804123711340206,0.0,0.03917525773195876,-0.06804123711340206,0.03917525773195876,-0.06804123711340206,0.0
