,Borda,plurality,gt,minimax,gtd,Schulze,IRV
Borda,0.0,0.04051863857374392,-0.0016207455429497568,0.0,-0.0016207455429497568,0.0,0.04051863857374392
plurality,-0.04051863857374392,0.0,0.0016207455429497568,-0.04051863857374392,0.0016207455429497568,-0.04051863857374392,0.0
gt,0.0016207455429497568,-0.0016207455429497568,0.0,0.0016207455429497568,0.0,0.0016207455429497568,-0.0016207455429497568
minimax,0.0,0.04051863857374392,-0.0016207455429497568,0.0,-0.0016207455429497568,0.0,0.04051863857374392
gtd,0.0016207455429497568,-0.0016207455429497568,0.0,0.0016207455429497568,0.0,0.0016207455429497568,-0.0016207455429497568
Schulze,0.0,0.04051863857374392,-0.0016207455429497568,0.0,-0.0016207455429497568,0.0,0.04051863857374392
IRV,-0.04051863857374392,0.0,0.0016207455429497568,-0.04051863857374392,0.0016207455429497568,-0.04051863857374392,0.0
