,Borda,plurality,gt,minimax,gtd,Schulze,IRV
Borda,0.0,-0.04788732394366197,0.0647887323943662,-0.04788732394366197,-0.04788732394366197,-0.04788732394366197,-0.04788732394366197
plurality,0.04788732394366197,0.0,-0.008450704225352112,0.0,0.0,0.0,0.0
gt,-0.0647887323943662,0.008450704225352112,0.0,0.008450704225352112,0.008450704225352112,0.008450704225352112,0.008450704225352112
minimax,0.04788732394366197,0.0,-0.008450704225352112,0.0,0.0,0.0,0.0
gtd,0.04788732394366197,0.0,-0.008450704225352112,0.0,0.0,0.0,0.0
Schulze,0.04788732394366197,0.0,-0.008450704225352112,0.0,0.0,0.0,0.0
IRV,0.04788732394366197,0.0,-0.008450704225352112,0.0,0.0,0.0,0.0
