,Borda,plurality,gt,minimax,gtd,Schulze,IRV
Borda,0.0,0.024509803921568627,-0.014705882352941176,-0.014705882352941176,-0.014705882352941176,-0.014705882352941176,0.0
plurality,-0.024509803921568627,0.0,0.00980392156862745,0.00980392156862745,0.00980392156862745,0.00980392156862745,-0.024509803921568627
gt,0.014705882352941176,-0.00980392156862745,0.0,0.0,0.0,0.0,0.014705882352941176
minimax,0.014705882352941176,-0.00980392156862745,0.0,0.0,0.0,0.0,0.014705882352941176
gtd,0.014705882352941176,-0.00980392156862745,0.0,0.0,0.0,0.0,0.014705882352941176
Schulze,0.014705882352941176,-0.00980392156862745,0.0,0.0,0.0,0.0,0.014705882352941176
IRV,0.0,0.024509803921568627,-0.014705882352941176,-0.014705882352941176,-0.014705882352941176,-0.014705882352941176,0.0
