,Borda,plurality,gt,minimax,gtd,Schulze,IRV
Borda,0.0,-0.037209302325581395,0.03255813953488372,-0.037209302325581395,0.03255813953488372,-0.037209302325581395,0.0
plurality,0.037209302325581395,0.0,-0.009302325581395349,0.0,-0.009302325581395349,0.0,0.037209302325581395
gt,-0.03255813953488372,0.009302325581395349,0.0,0.009302325581395349,0.0,0.009302325581395349,-0.03255813953488372
minimax,0.037209302325581395,0.0,-0.009302325581395349,0.0,-0.009302325581395349,0.0,0.037209302325581395
gtd,-0.03255813953488372,0.009302325581395349,0.0,0.009302325581395349,0.0,0.009302325581395349,-0.03255813953488372
Schulze,0.037209302325581395,0.0,-0.009302325581395349,0.0,-0.009302325581395349,0.0,0.037209302325581395
IRV,0.0,-0.037209302325581395,0.03255813953488372,-0.037209302325581395,0.03255813953488372,-0.037209302325581395,0.0
