,Borda,plurality,gt,minimax,gtd,Schulze,IRV
Borda,0.0,0.0166270783847981,0.0166270783847981,-0.06413301662707839,0.0166270783847981,-0.06413301662707839,0.0166270783847981
plurality,-0.0166270783847981,0.0,0.0,0.007125890736342043,0.0,0.007125890736342043,0.0
gt,-0.0166270783847981,0.0,0.0,0.007125890736342043,0.0,0.007125890736342043,0.0
minimax,0.06413301662707839,-0.007125890736342043,-0.007125890736342043,0.0,-0.007125890736342043,0.0,-0.007125890736342043
gtd,-0.0166270783847981,0.0,0.0,0.007125890736342043,0.0,0.007125890736342043,0.0
Schulze,0.06413301662707839,-0.007125890736342043,-0.007125890736342043,0.0,-0.007125890736342043,0.0,-0.007125890736342043
IRV,-0.0166270783847981,0.0,0.0,0.007125890736342043,0.0,0.007125890736342043,0.0
