,Borda,plurality,gt,minimax,gtd,Schulze,IRV
Borda,0.0,-0.012539184952978056,0.050156739811912224,0.0,-0.012539184952978056,0.0,0.050156739811912224
plurality,0.012539184952978056,0.0,-0.01567398119122257,0.012539184952978056,0.0,0.012539184952978056,-0.01567398119122257
gt,-0.050156739811912224,0.01567398119122257,0.0,-0.050156739811912224,0.01567398119122257,-0.050156739811912224,0.0
minimax,0.0,-0.012539184952978056,0.050156739811912224,0.0,-0.012539184952978056,0.0,0.050156739811912224
gtd,0.012539184952978056,0.0,-0.01567398119122257,0.012539184952978056,0.0,0.012539184952978056,-0.01567398119122257
Schulze,0.0,-0.012539184952978056,0.050156739811912224,0.0,-0.012539184952978056,0.0,0.050156739811912224
IRV,-0.050156739811912224,0.01567398119122257,0.0,-0.050156739811912224,0.01567398119122257,-0.050156739811912224,0.0
