,Borda,plurality,gt,minimax,gtd,Schulze,IRV
Borda,0.0,-0.006289308176100629,0.0,-0.006289308176100629,-0.006289308176100629,-0.006289308176100629,0.05241090146750524
plurality,0.006289308176100629,0.0,0.006289308176100629,0.0,0.0,0.0,-0.0020964360587002098
gt,0.0,-0.006289308176100629,0.0,-0.006289308176100629,-0.006289308176100629,-0.006289308176100629,0.05241090146750524
minimax,0.006289308176100629,0.0,0.006289308176100629,0.0,0.0,0.0,-0.0020964360587002098
gtd,0.006289308176100629,0.0,0.006289308176100629,0.0,0.0,0.0,-0.0020964360587002098
Schulze,0.006289308176100629,0.0,0.006289308176100629,0.0,0.0,0.0,-0.0020964360587002098
IRV,-0.05241090146750524,0.0020964360587002098,-0.05241090146750524,0.0020964360587002098,0.0020964360587002098,0.0020964360587002098,0.0
