,Borda,plurality,gt,minimax,gtd,Schulze,IRV
Borda,0.0,0.028423772609819122,0.0,0.0,-0.0103359173126615,0.0,0.028423772609819122
plurality,-0.028423772609819122,0.0,-0.028423772609819122,-0.028423772609819122,0.025839793281653745,-0.028423772609819122,0.0
gt,0.0,0.028423772609819122,0.0,0.0,-0.0103359173126615,0.0,0.028423772609819122
minimax,0.0,0.028423772609819122,0.0,0.0,-0.0103359173126615,0.0,0.028423772609819122
gtd,0.0103359173126615,-0.025839793281653745,0.0103359173126615,0.0103359173126615,0.0,0.0103359173126615,-0.025839793281653745
Schulze,0.0,0.028423772609819122,0.0,0.0,-0.0103359173126615,0.0,0.028423772609819122
IRV,-0.028423772609819122,0.0,-0.028423772609819122,-0.028423772609819122,0.025839793281653745,-0.028423772609819122,0.0
