,Borda,plurality,gt,minimax,gtd,Schulze,IRV
Borda,0.0,-0.007575757575757576,0.0,0.0,-0.007575757575757576,0.0,0.04292929292929293
plurality,0.007575757575757576,0.0,0.007575757575757576,0.007575757575757576,0.0,0.007575757575757576,-0.03282828282828283
gt,0.0,-0.007575757575757576,0.0,0.0,-0.007575757575757576,0.0,0.04292929292929293
minimax,0.0,-0.007575757575757576,0.0,0.0,-0.007575757575757576,0.0,0.04292929292929293
gtd,0.007575757575757576,0.0,0.007575757575757576,0.007575757575757576,0.0,0.007575757575757576,-0.03282828282828283
Schulze,0.0,-0.007575757575757576,0.0,0.0,-0.007575757575757576,0.0,0.04292929292929293
IRV,-0.04292929292929293,0.03282828282828283,-0.04292929292929293,-0.04292929292929293,0.03282828282828283,-0.04292929292929293,0.0
