,Borda,plurality,gt,minimax,gtd,Schulze,IRV
Borda,0.0,0.08368200836820083,0.0,0.0,0.0,0.0,0.0
plurality,-0.08368200836820083,0.0,-0.08786610878661087,-0.08786610878661087,-0.08786610878661087,-0.08786610878661087,-0.08368200836820083
gt,0.0,0.08786610878661087,0.0,0.0,0.0,0.0,0.0
minimax,0.0,0.08786610878661087,0.0,0.0,0.0,0.0,0.0
gtd,0.0,0.08786610878661087,0.0,0.0,0.0,0.0,0.0
Schulze,0.0,0.08786610878661087,0.0,0.0,0.0,0.0,0.0
IRV,0.0,0.08368200836820083,0.0,0.0,0.0,0.0,0.0
