,Borda,plurality,gt,minimax,gtd,Schulze,IRV
Borda,0.0,-0.008310249307479225,0.0,0.0,-0.008310249307479225,0.0,0.04155124653739612
plurality,0.008310249307479225,0.0,0.008310249307479225,0.008310249307479225,0.0,0.008310249307479225,-0.024930747922437674
gt,0.0,-0.008310249307479225,0.0,0.0,-0.008310249307479225,0.0,0.04155124653739612
minimax,0.0,-0.008310249307479225,0.0,0.0,-0.008310249307479225,0.0,0.04155124653739612
gtd,0.008310249307479225,0.0,0.008310249307479225,0.008310249307479225,0.0,0.008310249307479225,-0.024930747922437674
Schulze,0.0,-0.008310249307479225,0.0,0.0,-0.008310249307479225,0.0,0.04155124653739612
IRV,-0.04155124653739612,0.024930747922437674,-0.04155124653739612,-0.04155124653739612,0.024930747922437674,-0.04155124653739612,0.0
