,Borda,plurality,gt,minimax,gtd,Schulze,IRV
Borda,0.0,-0.022004889975550123,-0.022004889975550123,0.0,-0.022004889975550123,0.0,0.07090464547677261
plurality,0.022004889975550123,0.0,0.0,0.022004889975550123,0.0,0.022004889975550123,-0.03178484107579462
gt,0.022004889975550123,0.0,0.0,0.022004889975550123,0.0,0.022004889975550123,-0.03178484107579462
minimax,0.0,-0.022004889975550123,-0.022004889975550123,0.0,-0.022004889975550123,0.0,0.07090464547677261
gtd,0.022004889975550123,0.0,0.0,0.022004889975550123,0.0,0.022004889975550123,-0.03178484107579462
Schulze,0.0,-0.022004889975550123,-0.022004889975550123,0.0,-0.022004889975550123,0.0,0.07090464547677261
IRV,-0.07090464547677261,0.03178484107579462,0.03178484107579462,-0.07090464547677261,0.03178484107579462,-0.07090464547677261,0.0
