,Borda,plurality,gt,minimax,gtd,Schulze,IRV
Borda,0.0,0.04431599229287091,-0.028901734104046242,-0.028901734104046242,-0.028901734104046242,-0.028901734104046242,0.04431599229287091
plurality,-0.04431599229287091,0.0,0.02119460500963391,0.02119460500963391,0.02119460500963391,0.02119460500963391,0.0
gt,0.028901734104046242,-0.02119460500963391,0.0,0.0,0.0,0.0,-0.02119460500963391
minimax,0.028901734104046242,-0.02119460500963391,0.0,0.0,0.0,0.0,-0.02119460500963391
gtd,0.028901734104046242,-0.02119460500963391,0.0,0.0,0.0,0.0,-0.02119460500963391
Schulze,0.028901734104046242,-0.02119460500963391,0.0,0.0,0.0,0.0,-0.02119460500963391
IRV,-0.04431599229287091,0.0,0.02119460500963391,0.02119460500963391,0.02119460500963391,0.02119460500963391,0.0
