,Borda,plurality,gt,minimax,gtd,Schulze,IRV
Borda,0.0,0.03414634146341464,0.0,0.0,0.0,0.0,0.03414634146341464
plurality,-0.03414634146341464,0.0,-0.03414634146341464,-0.03414634146341464,-0.03414634146341464,-0.03414634146341464,0.0
gt,0.0,0.03414634146341464,0.0,0.0,0.0,0.0,0.03414634146341464
minimax,0.0,0.03414634146341464,0.0,0.0,0.0,0.0,0.03414634146341464
gtd,0.0,0.03414634146341464,0.0,0.0,0.0,0.0,0.03414634146341464
Schulze,0.0,0.03414634146341464,0.0,0.0,0.0,0.0,0.03414634146341464
IRV,-0.03414634146341464,0.0,-0.03414634146341464,-0.03414634146341464,-0.03414634146341464,-0.03414634146341464,0.0
