,Borda,plurality,gt,minimax,gtd,Schulze,IRV
Borda,0.0,0.017045454545454544,-0.005681818181818182,-0.005681818181818182,-0.005681818181818182,-0.005681818181818182,0.0
plurality,-0.017045454545454544,0.0,0.0,0.0,0.0,0.0,-0.017045454545454544
gt,0.005681818181818182,0.0,0.0,0.0,0.0,0.0,0.005681818181818182
minimax,0.005681818181818182,0.0,0.0,0.0,0.0,0.0,0.005681818181818182
gtd,0.005681818181818182,0.0,0.0,0.0,0.0,0.0,0.005681818181818182
Schulze,0.005681818181818182,0.0,0.0,0.0,0.0,0.0,0.005681818181818182
IRV,0.0,0.017045454545454544,-0.005681818181818182,-0.005681818181818182,-0.005681818181818182,-0.005681818181818182,0.0
