,Borda,plurality,gt,minimax,gtd,Schulze,IRV
Borda,0.0,-0.0398406374501992,-0.0398406374501992,-0.0398406374501992,0.035856573705179286,-0.0398406374501992,-0.0398406374501992
plurality,0.0398406374501992,0.0,0.0,0.0,-0.00398406374501992,0.0,0.0
gt,0.0398406374501992,0.0,0.0,0.0,-0.00398406374501992,0.0,0.0
minimax,0.0398406374501992,0.0,0.0,0.0,-0.00398406374501992,0.0,0.0
gtd,-0.035856573705179286,0.00398406374501992,0.00398406374501992,0.00398406374501992,0.0,0.00398406374501992,0.00398406374501992
Schulze,0.0398406374501992,0.0,0.0,0.0,-0.00398406374501992,0.0,0.0
IRV,0.0398406374501992,0.0,0.0,0.0,-0.00398406374501992,0.0,0.0
