,Borda,plurality,gt,minimax,gtd,Schulze,IRV
Borda,0.0,0.048562933597621406,-0.008919722497522299,0.0,-0.008919722497522299,0.0,0.0
plurality,-0.048562933597621406,0.0,0.030723488602576808,-0.048562933597621406,0.030723488602576808,-0.048562933597621406,-0.048562933597621406
gt,0.008919722497522299,-0.030723488602576808,0.0,0.008919722497522299,0.0,0.008919722497522299,0.008919722497522299
minimax,0.0,0.048562933597621406,-0.008919722497522299,0.0,-0.008919722497522299,0.0,0.0
gtd,0.008919722497522299,-0.030723488602576808,0.0,0.008919722497522299,0.0,0.008919722497522299,0.008919722497522299
Schulze,0.0,0.048562933597621406,-0.008919722497522299,0.0,-0.008919722497522299,0.0,0.0
IRV,0.0,0.048562933597621406,-0.008919722497522299,0.0,-0.008919722497522299,0.0,0.0
