,Borda,plurality,gt,minimax,gtd,Schulze,IRV
Borda,0.0,0.02278481012658228,0.02278481012658228,-0.02278481012658228,0.02278481012658228,-0.02278481012658228,0.02278481012658228
plurality,-0.02278481012658228,0.0,0.0,0.002531645569620253,0.0,0.002531645569620253,0.0
gt,-0.02278481012658228,0.0,0.0,0.002531645569620253,0.0,0.002531645569620253,0.0
minimax,0.02278481012658228,-0.002531645569620253,-0.002531645569620253,0.0,-0.002531645569620253,0.0,-0.002531645569620253
gtd,-0.02278481012658228,0.0,0.0,0.002531645569620253,0.0,0.002531645569620253,0.0
Schulze,0.02278481012658228,-0.002531645569620253,-0.002531645569620253,0.0,-0.002531645569620253,0.0,-0.002531645569620253
IRV,-0.02278481012658228,0.0,0.0,0.002531645569620253,0.0,0.002531645569620253,0.0
