,Borda,plurality,gt,minimax,gtd,Schulze,IRV
Borda,0.0,0.06282722513089005,0.0,0.0,0.0,0.0,0.05759162303664921
plurality,-0.06282722513089005,0.0,-0.06282722513089005,-0.031413612565445025,-0.031413612565445025,-0.031413612565445025,-0.04712041884816754
gt,0.0,0.06282722513089005,0.0,0.0,0.0,0.0,0.05759162303664921
minimax,0.0,0.031413612565445025,0.0,0.0,0.0,0.0,0.03664921465968586
gtd,0.0,0.031413612565445025,0.0,0.0,0.0,0.0,0.03664921465968586
Schulze,0.0,0.031413612565445025,0.0,0.0,0.0,0.0,0.03664921465968586
IRV,-0.05759162303664921,0.04712041884816754,-0.05759162303664921,-0.03664921465968586,-0.03664921465968586,-0.03664921465968586,0.0
