,Borda,plurality,gt,minimax,gtd,Schulze,IRV
Borda,0.0,0.013806706114398421,0.0,0.013806706114398421,-0.01775147928994083,0.013806706114398421,0.0
plurality,-0.013806706114398421,0.0,-0.013806706114398421,0.0,-0.013806706114398421,0.0,-0.013806706114398421
gt,0.0,0.013806706114398421,0.0,0.013806706114398421,-0.01775147928994083,0.013806706114398421,0.0
minimax,-0.013806706114398421,0.0,-0.013806706114398421,0.0,-0.013806706114398421,0.0,-0.013806706114398421
gtd,0.01775147928994083,0.013806706114398421,0.01775147928994083,0.013806706114398421,0.0,0.013806706114398421,0.01775147928994083
Schulze,-0.013806706114398421,0.0,-0.013806706114398421,0.0,-0.013806706114398421,0.0,-0.013806706114398421
IRV,0.0,0.013806706114398421,0.0,0.013806706114398421,-0.01775147928994083,0.013806706114398421,0.0
