,Borda,plurality,gt,minimax,gtd,Schulze,IRV
Borda,0.0,0.016778523489932886,0.0,-0.003355704697986577,-0.003355704697986577,-0.003355704697986577,0.016778523489932886
plurality,-0.016778523489932886,0.0,-0.016778523489932886,0.003355704697986577,0.003355704697986577,0.003355704697986577,0.0
gt,0.0,0.016778523489932886,0.0,-0.003355704697986577,-0.003355704697986577,-0.003355704697986577,0.016778523489932886
minimax,0.003355704697986577,-0.003355704697986577,0.003355704697986577,0.0,0.0,0.0,-0.003355704697986577
gtd,0.003355704697986577,-0.003355704697986577,0.003355704697986577,0.0,0.0,0.0,-0.003355704697986577
Schulze,0.003355704697986577,-0.003355704697986577,0.003355704697986577,0.0,0.0,0.0,-0.003355704697986577
IRV,-0.016778523489932886,0.0,-0.016778523489932886,0.003355704697986577,0.003355704697986577,0.003355704697986577,0.0
