,Borda,plurality,gt,minimax,gtd,Schulze,IRV
Borda,0.0,0.0,0.0,0.0,0.0,0.0,-0.005390835579514825
plurality,0.0,0.0,0.0,0.0,0.0,0.0,-0.005390835579514825
gt,0.0,0.0,0.0,0.0,0.0,0.0,-0.005390835579514825
minimax,0.0,0.0,0.0,0.0,0.0,0.0,-0.005390835579514825
gtd,0.0,0.0,0.0,0.0,0.0,0.0,-0.005390835579514825
Schulze,0.0,0.0,0.0,0.0,0.0,0.0,-0.005390835579514825
IRV,0.005390835579514825,0.005390835579514825,0.005390835579514825,0.005390835579514825,0.005390835579514825,0.005390835579514825,0.0
