,Borda,plurality,gt,minimax,gtd,Schulze,IRV
Borda,0.0,-0.026634382566585957,0.0,0.021791767554479417,0.0,0.021791767554479417,-0.026634382566585957
plurality,0.026634382566585957,0.0,0.026634382566585957,-0.05569007263922518,0.026634382566585957,-0.05569007263922518,0.0
gt,0.0,-0.026634382566585957,0.0,0.021791767554479417,0.0,0.021791767554479417,-0.026634382566585957
minimax,-0.021791767554479417,0.05569007263922518,-0.021791767554479417,0.0,-0.021791767554479417,0.0,0.05569007263922518
gtd,0.0,-0.026634382566585957,0.0,0.021791767554479417,0.0,0.021791767554479417,-0.026634382566585957
Schulze,-0.021791767554479417,0.05569007263922518,-0.021791767554479417,0.0,-0.021791767554479417,0.0,0.05569007263922518
IRV,0.026634382566585957,0.0,0.026634382566585957,-0.05569007263922518,0.026634382566585957,-0.05569007263922518,0.0
