,Borda,plurality,gt,minimax,gtd,Schulze,IRV
Borda,0.0,0.07106598984771574,0.0,0.0,0.0,0.0,0.0
plurality,-0.07106598984771574,0.0,-0.07106598984771574,-0.07106598984771574,-0.08121827411167512,-0.07106598984771574,-0.08121827411167512
gt,0.0,0.07106598984771574,0.0,0.0,0.0,0.0,0.0
minimax,0.0,0.07106598984771574,0.0,0.0,0.0,0.0,0.0
gtd,0.0,0.08121827411167512,0.0,0.0,0.0,0.0,0.0
Schulze,0.0,0.07106598984771574,0.0,0.0,0.0,0.0,0.0
IRV,0.0,0.08121827411167512,0.0,0.0,0.0,0.0,0.0
