,Borda,plurality,gt,minimax,gtd,Schulze,IRV
Borda,0.0,-0.030985915492957747,-0.030985915492957747,-0.030985915492957747,0.030985915492957747,-0.030985915492957747,0.030985915492957747
plurality,0.030985915492957747,0.0,0.0,0.0,-0.0028169014084507044,0.0,-0.0028169014084507044
gt,0.030985915492957747,0.0,0.0,0.0,-0.0028169014084507044,0.0,-0.0028169014084507044
minimax,0.030985915492957747,0.0,0.0,0.0,-0.0028169014084507044,0.0,-0.0028169014084507044
gtd,-0.030985915492957747,0.0028169014084507044,0.0028169014084507044,0.0028169014084507044,0.0,0.0028169014084507044,0.0
Schulze,0.030985915492957747,0.0,0.0,0.0,-0.0028169014084507044,0.0,-0.0028169014084507044
IRV,-0.030985915492957747,0.0028169014084507044,0.0028169014084507044,0.0028169014084507044,0.0,0.0028169014084507044,0.0
