,Borda,plurality,gt,minimax,gtd,Schulze,IRV
Borda,0.0,0.04668304668304668,-0.03194103194103194,0.0,0.0,0.0,0.04668304668304668
plurality,-0.04668304668304668,0.0,0.085995085995086,-0.04668304668304668,-0.04668304668304668,-0.04668304668304668,0.0
gt,0.03194103194103194,-0.085995085995086,0.0,0.03194103194103194,0.03194103194103194,0.03194103194103194,-0.085995085995086
minimax,0.0,0.04668304668304668,-0.03194103194103194,0.0,0.0,0.0,0.04668304668304668
gtd,0.0,0.04668304668304668,-0.03194103194103194,0.0,0.0,0.0,0.04668304668304668
Schulze,0.0,0.04668304668304668,-0.03194103194103194,0.0,0.0,0.0,0.04668304668304668
IRV,-0.04668304668304668,0.0,0.085995085995086,-0.04668304668304668,-0.04668304668304668,-0.04668304668304668,0.0
