,Borda,plurality,gt,minimax,gtd,Schulze,IRV
Borda,0.0,0.017241379310344827,-0.010344827586206896,0.0,0.0,0.0,0.017241379310344827
plurality,-0.017241379310344827,0.0,0.04482758620689655,-0.017241379310344827,-0.017241379310344827,-0.017241379310344827,0.0
gt,0.010344827586206896,-0.04482758620689655,0.0,0.010344827586206896,0.010344827586206896,0.010344827586206896,-0.04482758620689655
minimax,0.0,0.017241379310344827,-0.010344827586206896,0.0,0.0,0.0,0.017241379310344827
gtd,0.0,0.017241379310344827,-0.010344827586206896,0.0,0.0,0.0,0.017241379310344827
Schulze,0.0,0.017241379310344827,-0.010344827586206896,0.0,0.0,0.0,0.017241379310344827
IRV,-0.017241379310344827,0.0,0.04482758620689655,-0.017241379310344827,-0.017241379310344827,-0.017241379310344827,0.0
