,Borda,plurality,gt,minimax,gtd,Schulze,IRV
Borda,0.0,0.04,-0.02857142857142857,-0.02857142857142857,-0.02857142857142857,-0.02857142857142857,0.0
plurality,-0.04,0.0,0.0,0.0,0.0,0.0,-0.04
gt,0.02857142857142857,0.0,0.0,0.0,0.0,0.0,0.02857142857142857
minimax,0.02857142857142857,0.0,0.0,0.0,0.0,0.0,0.02857142857142857
gtd,0.02857142857142857,0.0,0.0,0.0,0.0,0.0,0.02857142857142857
Schulze,0.02857142857142857,0.0,0.0,0.0,0.0,0.0,0.02857142857142857
IRV,0.0,0.04,-0.02857142857142857,-0.02857142857142857,-0.02857142857142857,-0.02857142857142857,0.0
