,Borda,plurality,gt,minimax,gtd,Schulze,IRV
Borda,0.0,-0.01507537688442211,-0.01507537688442211,0.0,-0.01507537688442211,0.0,0.038525963149078725
plurality,0.01507537688442211,0.0,0.0,0.01507537688442211,0.0,0.01507537688442211,-0.01507537688442211
gt,0.01507537688442211,0.0,0.0,0.01507537688442211,0.0,0.01507537688442211,-0.01507537688442211
minimax,0.0,-0.01507537688442211,-0.01507537688442211,0.0,-0.01507537688442211,0.0,0.038525963149078725
gtd,0.01507537688442211,0.0,0.0,0.01507537688442211,0.0,0.01507537688442211,-0.01507537688442211
Schulze,0.0,-0.01507537688442211,-0.01507537688442211,0.0,-0.01507537688442211,0.0,0.038525963149078725
IRV,-0.038525963149078725,0.01507537688442211,0.01507537688442211,-0.038525963149078725,0.01507537688442211,-0.038525963149078725,0.0
