,Borda,plurality,gt,minimax,gtd,Schulze,IRV
Borda,0.0,-0.011904761904761904,0.0,0.0,-0.011904761904761904,0.0,0.031746031746031744
plurality,0.011904761904761904,0.0,0.011904761904761904,0.011904761904761904,0.0,0.011904761904761904,-0.023809523809523808
gt,0.0,-0.011904761904761904,0.0,0.0,-0.011904761904761904,0.0,0.031746031746031744
minimax,0.0,-0.011904761904761904,0.0,0.0,-0.011904761904761904,0.0,0.031746031746031744
gtd,0.011904761904761904,0.0,0.011904761904761904,0.011904761904761904,0.0,0.011904761904761904,-0.023809523809523808
Schulze,0.0,-0.011904761904761904,0.0,0.0,-0.011904761904761904,0.0,0.031746031746031744
IRV,-0.031746031746031744,0.023809523809523808,-0.031746031746031744,-0.031746031746031744,0.023809523809523808,-0.031746031746031744,0.0
