,Borda,plurality,gt,minimax,gtd,Schulze,IRV
Borda,0.0,-0.011965811965811967,-0.011965811965811967,-0.011965811965811967,-0.011965811965811967,-0.011965811965811967,0.04957264957264957
plurality,0.011965811965811967,0.0,0.0,0.0,0.0,0.0,-0.008547008547008548
gt,0.011965811965811967,0.0,0.0,0.0,0.0,0.0,-0.008547008547008548
minimax,0.011965811965811967,0.0,0.0,0.0,0.0,0.0,-0.008547008547008548
gtd,0.011965811965811967,0.0,0.0,0.0,0.0,0.0,-0.008547008547008548
Schulze,0.011965811965811967,0.0,0.0,0.0,0.0,0.0,-0.008547008547008548
IRV,-0.04957264957264957,0.008547008547008548,0.008547008547008548,0.008547008547008548,0.008547008547008548,0.008547008547008548,0.0
