,Borda,plurality,gt,minimax,gtd,Schulze,IRV
Borda,0.0,0.04288164665523156,-0.03945111492281304,-0.03945111492281304,-0.03945111492281304,-0.03945111492281304,0.0
plurality,-0.04288164665523156,0.0,0.0017152658662092624,0.0017152658662092624,0.0017152658662092624,0.0017152658662092624,-0.04288164665523156
gt,0.03945111492281304,-0.0017152658662092624,0.0,0.0,0.0,0.0,0.03945111492281304
minimax,0.03945111492281304,-0.0017152658662092624,0.0,0.0,0.0,0.0,0.03945111492281304
gtd,0.03945111492281304,-0.0017152658662092624,0.0,0.0,0.0,0.0,0.03945111492281304
Schulze,0.03945111492281304,-0.0017152658662092624,0.0,0.0,0.0,0.0,0.03945111492281304
IRV,0.0,0.04288164665523156,-0.03945111492281304,-0.03945111492281304,-0.03945111492281304,-0.03945111492281304,0.0
