,Borda,plurality,gt,minimax,gtd,Schulze,IRV
Borda,0.0,0.0,0.0,0.0,0.0,0.0,-0.036893203883495145
plurality,0.0,0.0,0.0,0.0,0.0,0.0,-0.036893203883495145
gt,0.0,0.0,0.0,0.0,0.0,0.0,-0.036893203883495145
minimax,0.0,0.0,0.0,0.0,0.0,0.0,-0.036893203883495145
gtd,0.0,0.0,0.0,0.0,0.0,0.0,-0.036893203883495145
Schulze,0.0,0.0,0.0,0.0,0.0,0.0,-0.036893203883495145
IRV,0.036893203883495145,0.036893203883495145,0.036893203883495145,0.036893203883495145,0.036893203883495145,0.036893203883495145,0.0
