,Borda,plurality,gt,minimax,gtd,Schulze,IRV
Borda,0.0,-0.031746031746031744,-0.031746031746031744,-0.031746031746031744,-0.031746031746031744,-0.031746031746031744,0.04365079365079365
plurality,0.031746031746031744,0.0,0.0,0.0,0.0,0.0,0.0
gt,0.031746031746031744,0.0,0.0,0.0,0.0,0.0,0.0
minimax,0.031746031746031744,0.0,0.0,0.0,0.0,0.0,0.0
gtd,0.031746031746031744,0.0,0.0,0.0,0.0,0.0,0.0
Schulze,0.031746031746031744,0.0,0.0,0.0,0.0,0.0,0.0
IRV,-0.04365079365079365,0.0,0.0,0.0,0.0,0.0,0.0
