,Borda,plurality,gt,minimax,gtd,Schulze,IRV
Borda,0.0,0.03139013452914798,0.03139013452914798,-0.02242152466367713,-0.02242152466367713,-0.02242152466367713,0.03139013452914798
plurality,-0.03139013452914798,0.0,0.0,0.017937219730941704,0.017937219730941704,0.017937219730941704,0.0
gt,-0.03139013452914798,0.0,0.0,0.017937219730941704,0.017937219730941704,0.017937219730941704,0.0
minimax,0.02242152466367713,-0.017937219730941704,-0.017937219730941704,0.0,0.0,0.0,-0.017937219730941704
gtd,0.02242152466367713,-0.017937219730941704,-0.017937219730941704,0.0,0.0,0.0,-0.017937219730941704
Schulze,0.02242152466367713,-0.017937219730941704,-0.017937219730941704,0.0,0.0,0.0,-0.017937219730941704
IRV,-0.03139013452914798,0.0,0.0,0.017937219730941704,0.017937219730941704,0.017937219730941704,0.0
