,Borda,plurality,gt,minimax,gtd,Schulze,IRV
Borda,0.0,-0.012578616352201259,0.0,0.0,0.0,0.0,-0.012578616352201259
plurality,0.012578616352201259,0.0,0.012578616352201259,0.012578616352201259,0.012578616352201259,0.012578616352201259,0.0
gt,0.0,-0.012578616352201259,0.0,0.0,0.0,0.0,-0.012578616352201259
minimax,0.0,-0.012578616352201259,0.0,0.0,0.0,0.0,-0.012578616352201259
gtd,0.0,-0.012578616352201259,0.0,0.0,0.0,0.0,-0.012578616352201259
Schulze,0.0,-0.012578616352201259,0.0,0.0,0.0,0.0,-0.012578616352201259
IRV,0.012578616352201259,0.0,0.012578616352201259,0.012578616352201259,0.012578616352201259,0.012578616352201259,0.0
