,Borda,plurality,gt,minimax,gtd,Schulze,IRV
Borda,0.0,0.025380710659898477,0.0,0.0,0.0,0.0,0.050761421319796954
plurality,-0.025380710659898477,0.0,0.04568527918781726,-0.025380710659898477,-0.025380710659898477,-0.025380710659898477,-0.030456852791878174
gt,0.0,-0.04568527918781726,0.0,0.0,0.0,0.0,0.025380710659898477
minimax,0.0,0.025380710659898477,0.0,0.0,0.0,0.0,0.050761421319796954
gtd,0.0,0.025380710659898477,0.0,0.0,0.0,0.0,0.050761421319796954
Schulze,0.0,0.025380710659898477,0.0,0.0,0.0,0.0,0.050761421319796954
IRV,-0.050761421319796954,0.030456852791878174,-0.025380710659898477,-0.050761421319796954,-0.050761421319796954,-0.050761421319796954,0.0
