,Borda,plurality,gt,minimax,gtd,Schulze,IRV
Borda,0.0,-0.019004524886877826,0.0,0.004524886877828055,0.0,0.004524886877828055,0.004524886877828055
plurality,0.019004524886877826,0.0,0.019004524886877826,-0.024434389140271493,0.019004524886877826,-0.024434389140271493,-0.024434389140271493
gt,0.0,-0.019004524886877826,0.0,0.004524886877828055,0.0,0.004524886877828055,0.004524886877828055
minimax,-0.004524886877828055,0.024434389140271493,-0.004524886877828055,0.0,-0.004524886877828055,0.0,0.0
gtd,0.0,-0.019004524886877826,0.0,0.004524886877828055,0.0,0.004524886877828055,0.004524886877828055
Schulze,-0.004524886877828055,0.024434389140271493,-0.004524886877828055,0.0,-0.004524886877828055,0.0,0.0
IRV,-0.004524886877828055,0.024434389140271493,-0.004524886877828055,0.0,-0.004524886877828055,0.0,0.0
