,Borda,plurality,gt,minimax,gtd,Schulze,IRV
Borda,0.0,-0.046153846153846156,0.0,0.035897435897435895,0.0,0.035897435897435895,-0.046153846153846156
plurality,0.046153846153846156,0.0,0.046153846153846156,-0.05641025641025641,0.046153846153846156,-0.05641025641025641,0.0
gt,0.0,-0.046153846153846156,0.0,0.035897435897435895,0.0,0.035897435897435895,-0.046153846153846156
minimax,-0.035897435897435895,0.05641025641025641,-0.035897435897435895,0.0,-0.035897435897435895,0.0,0.05641025641025641
gtd,0.0,-0.046153846153846156,0.0,0.035897435897435895,0.0,0.035897435897435895,-0.046153846153846156
Schulze,-0.035897435897435895,0.05641025641025641,-0.035897435897435895,0.0,-0.035897435897435895,0.0,0.05641025641025641
IRV,0.046153846153846156,0.0,0.046153846153846156,-0.05641025641025641,0.046153846153846156,-0.05641025641025641,0.0
