,Borda,plurality,gt,minimax,gtd,Schulze,IRV
Borda,0.0,-0.005257623554153523,-0.005257623554153523,0.0,-0.005257623554153523,0.0,0.022082018927444796
plurality,0.005257623554153523,0.0,0.0,0.005257623554153523,0.0,0.005257623554153523,-0.00946372239747634
gt,0.005257623554153523,0.0,0.0,0.005257623554153523,0.0,0.005257623554153523,-0.00946372239747634
minimax,0.0,-0.005257623554153523,-0.005257623554153523,0.0,-0.005257623554153523,0.0,0.022082018927444796
gtd,0.005257623554153523,0.0,0.0,0.005257623554153523,0.0,0.005257623554153523,-0.00946372239747634
Schulze,0.0,-0.005257623554153523,-0.005257623554153523,0.0,-0.005257623554153523,0.0,0.022082018927444796
IRV,-0.022082018927444796,0.00946372239747634,0.00946372239747634,-0.022082018927444796,0.00946372239747634,-0.022082018927444796,0.0
