,Borda,plurality,gt,minimax,gtd,Schulze,IRV
Borda,0.0,0.019138755980861243,0.0,0.0,0.0,0.0,0.0
plurality,-0.019138755980861243,0.0,-0.019138755980861243,-0.019138755980861243,-0.08133971291866028,-0.019138755980861243,-0.019138755980861243
gt,0.0,0.019138755980861243,0.0,0.0,0.0,0.0,0.0
minimax,0.0,0.019138755980861243,0.0,0.0,0.0,0.0,0.0
gtd,0.0,0.08133971291866028,0.0,0.0,0.0,0.0,0.0
Schulze,0.0,0.019138755980861243,0.0,0.0,0.0,0.0,0.0
IRV,0.0,0.019138755980861243,0.0,0.0,0.0,0.0,0.0
