,Borda,plurality,gt,minimax,gtd,Schulze,IRV
Borda,0.0,-0.004524886877828055,0.0,0.0,0.0,0.0,0.01809954751131222
plurality,0.004524886877828055,0.0,0.004524886877828055,0.004524886877828055,0.004524886877828055,0.004524886877828055,-0.05429864253393665
gt,0.0,-0.004524886877828055,0.0,0.0,0.0,0.0,0.01809954751131222
minimax,0.0,-0.004524886877828055,0.0,0.0,0.0,0.0,0.01809954751131222
gtd,0.0,-0.004524886877828055,0.0,0.0,0.0,0.0,0.01809954751131222
Schulze,0.0,-0.004524886877828055,0.0,0.0,0.0,0.0,0.01809954751131222
IRV,-0.01809954751131222,0.05429864253393665,-0.01809954751131222,-0.01809954751131222,-0.01809954751131222,-0.01809954751131222,0.0
