,Borda,plurality,gt,minimax,gtd,Schulze,IRV
Borda,0.0,0.030732860520094562,0.030732860520094562,0.0,0.0,0.0,0.0
plurality,-0.030732860520094562,0.0,0.0,-0.030732860520094562,-0.030732860520094562,-0.030732860520094562,-0.030732860520094562
gt,-0.030732860520094562,0.0,0.0,-0.030732860520094562,-0.030732860520094562,-0.030732860520094562,-0.030732860520094562
minimax,0.0,0.030732860520094562,0.030732860520094562,0.0,0.0,0.0,0.0
gtd,0.0,0.030732860520094562,0.030732860520094562,0.0,0.0,0.0,0.0
Schulze,0.0,0.030732860520094562,0.030732860520094562,0.0,0.0,0.0,0.0
IRV,0.0,0.030732860520094562,0.030732860520094562,0.0,0.0,0.0,0.0
