,Borda,plurality,gt,minimax,gtd,Schulze,IRV
Borda,0.0,0.10224438902743142,0.0,0.0,0.0,0.0,-0.0024937655860349127
plurality,-0.10224438902743142,0.0,-0.10224438902743142,-0.10224438902743142,-0.10224438902743142,-0.10224438902743142,-0.02743142144638404
gt,0.0,0.10224438902743142,0.0,0.0,0.0,0.0,-0.0024937655860349127
minimax,0.0,0.10224438902743142,0.0,0.0,0.0,0.0,-0.0024937655860349127
gtd,0.0,0.10224438902743142,0.0,0.0,0.0,0.0,-0.0024937655860349127
Schulze,0.0,0.10224438902743142,0.0,0.0,0.0,0.0,-0.0024937655860349127
IRV,0.0024937655860349127,0.02743142144638404,0.0024937655860349127,0.0024937655860349127,0.0024937655860349127,0.0024937655860349127,0.0
