,Borda,plurality,gt,minimax,gtd,Schulze,IRV
Borda,0.0,0.05144694533762058,0.0,0.0,0.0,0.0,0.0
plurality,-0.05144694533762058,0.0,-0.05144694533762058,-0.05144694533762058,-0.05144694533762058,-0.05144694533762058,-0.06752411575562701
gt,0.0,0.05144694533762058,0.0,0.0,0.0,0.0,0.0
minimax,0.0,0.05144694533762058,0.0,0.0,0.0,0.0,0.0
gtd,0.0,0.05144694533762058,0.0,0.0,0.0,0.0,0.0
Schulze,0.0,0.05144694533762058,0.0,0.0,0.0,0.0,0.0
IRV,0.0,0.06752411575562701,0.0,0.0,0.0,0.0,0.0
