,Borda,plurality,gt,minimax,gtd,Schulze,IRV
Borda,0.0,-0.006185567010309278,0.0,0.0,0.0,0.0,0.01443298969072165
plurality,0.006185567010309278,0.0,0.006185567010309278,0.006185567010309278,0.006185567010309278,0.006185567010309278,-0.02268041237113402
gt,0.0,-0.006185567010309278,0.0,0.0,0.0,0.0,0.01443298969072165
minimax,0.0,-0.006185567010309278,0.0,0.0,0.0,0.0,0.01443298969072165
gtd,0.0,-0.006185567010309278,0.0,0.0,0.0,0.0,0.01443298969072165
Schulze,0.0,-0.006185567010309278,0.0,0.0,0.0,0.0,0.01443298969072165
IRV,-0.01443298969072165,0.02268041237113402,-0.01443298969072165,-0.01443298969072165,-0.01443298969072165,-0.01443298969072165,0.0
