,Borda,plurality,gt,minimax,gtd,Schulze,IRV
Borda,0.0,-0.02313624678663239,0.02313624678663239,-0.02313624678663239,-0.02313624678663239,-0.02313624678663239,-0.02313624678663239
plurality,0.02313624678663239,0.0,-0.017994858611825194,0.0,0.0,0.0,0.0
gt,-0.02313624678663239,0.017994858611825194,0.0,0.017994858611825194,0.017994858611825194,0.017994858611825194,0.017994858611825194
minimax,0.02313624678663239,0.0,-0.017994858611825194,0.0,0.0,0.0,0.0
gtd,0.02313624678663239,0.0,-0.017994858611825194,0.0,0.0,0.0,0.0
Schulze,0.02313624678663239,0.0,-0.017994858611825194,0.0,0.0,0.0,0.0
IRV,0.02313624678663239,0.0,-0.017994858611825194,0.0,0.0,0.0,0.0
