,Borda,plurality,gt,minimax,gtd,Schulze,IRV
Borda,0.0,0.022900763358778626,0.022900763358778626,0.0,0.0,0.0,0.022900763358778626
plurality,-0.022900763358778626,0.0,0.0,-0.022900763358778626,-0.022900763358778626,-0.022900763358778626,0.0
gt,-0.022900763358778626,0.0,0.0,-0.022900763358778626,-0.022900763358778626,-0.022900763358778626,0.0
minimax,0.0,0.022900763358778626,0.022900763358778626,0.0,0.0,0.0,0.022900763358778626
gtd,0.0,0.022900763358778626,0.022900763358778626,0.0,0.0,0.0,0.022900763358778626
Schulze,0.0,0.022900763358778626,0.022900763358778626,0.0,0.0,0.0,0.022900763358778626
IRV,-0.022900763358778626,0.0,0.0,-0.022900763358778626,-0.022900763358778626,-0.022900763358778626,0.0
