,Borda,plurality,gt,minimax,gtd,Schulze,IRV
Borda,0.0,0.21951219512195122,0.02981029810298103,0.02981029810298103,0.0,0.02981029810298103,0.02981029810298103
plurality,-0.21951219512195122,0.0,-0.12195121951219512,-0.12195121951219512,-0.21951219512195122,-0.12195121951219512,-0.12195121951219512
gt,-0.02981029810298103,0.12195121951219512,0.0,0.0,-0.02981029810298103,0.0,0.0
minimax,-0.02981029810298103,0.12195121951219512,0.0,0.0,-0.02981029810298103,0.0,0.0
gtd,0.0,0.21951219512195122,0.02981029810298103,0.02981029810298103,0.0,0.02981029810298103,0.02981029810298103
Schulze,-0.02981029810298103,0.12195121951219512,0.0,0.0,-0.02981029810298103,0.0,0.0
IRV,-0.02981029810298103,0.12195121951219512,0.0,0.0,-0.02981029810298103,0.0,0.0
