,Borda,plurality,gt,minimax,gtd,Schulze,IRV
Borda,0.0,0.04884318766066838,0.04884318766066838,-0.017994858611825194,-0.017994858611825194,-0.017994858611825194,0.0
plurality,-0.04884318766066838,0.0,0.0,0.012853470437017995,0.012853470437017995,0.012853470437017995,-0.04884318766066838
gt,-0.04884318766066838,0.0,0.0,0.012853470437017995,0.012853470437017995,0.012853470437017995,-0.04884318766066838
minimax,0.017994858611825194,-0.012853470437017995,-0.012853470437017995,0.0,0.0,0.0,0.017994858611825194
gtd,0.017994858611825194,-0.012853470437017995,-0.012853470437017995,0.0,0.0,0.0,0.017994858611825194
Schulze,0.017994858611825194,-0.012853470437017995,-0.012853470437017995,0.0,0.0,0.0,0.017994858611825194
IRV,0.0,0.04884318766066838,0.04884318766066838,-0.017994858611825194,-0.017994858611825194,-0.017994858611825194,0.0
