,Borda,plurality,gt,minimax,gtd,Schulze,IRV
Borda,0.0,-0.012594458438287154,-0.012594458438287154,-0.012594458438287154,-0.012594458438287154,-0.012594458438287154,0.012594458438287154
plurality,0.012594458438287154,0.0,0.0,0.0,0.0,0.0,-0.0025188916876574307
gt,0.012594458438287154,0.0,0.0,0.0,0.0,0.0,-0.0025188916876574307
minimax,0.012594458438287154,0.0,0.0,0.0,0.0,0.0,-0.0025188916876574307
gtd,0.012594458438287154,0.0,0.0,0.0,0.0,0.0,-0.0025188916876574307
Schulze,0.012594458438287154,0.0,0.0,0.0,0.0,0.0,-0.0025188916876574307
IRV,-0.012594458438287154,0.0025188916876574307,0.0025188916876574307,0.0025188916876574307,0.0025188916876574307,0.0025188916876574307,0.0
