,Borda,plurality,gt,minimax,gtd,Schulze,IRV
Borda,0.0,0.0,-0.011695906432748537,-0.011695906432748537,-0.011695906432748537,-0.011695906432748537,0.0
plurality,0.0,0.0,-0.011695906432748537,-0.011695906432748537,-0.011695906432748537,-0.011695906432748537,0.0
gt,0.011695906432748537,0.011695906432748537,0.0,0.0,0.0,0.0,0.011695906432748537
minimax,0.011695906432748537,0.011695906432748537,0.0,0.0,0.0,0.0,0.011695906432748537
gtd,0.011695906432748537,0.011695906432748537,0.0,0.0,0.0,0.0,0.011695906432748537
Schulze,0.011695906432748537,0.011695906432748537,0.0,0.0,0.0,0.0,0.011695906432748537
IRV,0.0,0.0,-0.011695906432748537,-0.011695906432748537,-0.011695906432748537,-0.011695906432748537,0.0
