,Borda,plurality,gt,minimax,gtd,Schulze,IRV
Borda,0.0,0.01675977653631285,0.01675977653631285,-0.0111731843575419,-0.0111731843575419,-0.0111731843575419,0.01675977653631285
plurality,-0.01675977653631285,0.0,0.0,0.0111731843575419,0.0111731843575419,0.0111731843575419,0.0
gt,-0.01675977653631285,0.0,0.0,0.0111731843575419,0.0111731843575419,0.0111731843575419,0.0
minimax,0.0111731843575419,-0.0111731843575419,-0.0111731843575419,0.0,0.0,0.0,-0.0111731843575419
gtd,0.0111731843575419,-0.0111731843575419,-0.0111731843575419,0.0,0.0,0.0,-0.0111731843575419
Schulze,0.0111731843575419,-0.0111731843575419,-0.0111731843575419,0.0,0.0,0.0,-0.0111731843575419
IRV,-0.01675977653631285,0.0,0.0,0.0111731843575419,0.0111731843575419,0.0111731843575419,0.0
