,Borda,plurality,gt,minimax,gtd,Schulze,IRV
Borda,0.0,-0.018789144050104383,-0.018789144050104383,0.0,-0.018789144050104383,0.0,0.027139874739039668
plurality,0.018789144050104383,0.0,0.0,0.018789144050104383,0.0,0.018789144050104383,-0.018789144050104383
gt,0.018789144050104383,0.0,0.0,0.018789144050104383,0.0,0.018789144050104383,-0.018789144050104383
minimax,0.0,-0.018789144050104383,-0.018789144050104383,0.0,-0.018789144050104383,0.0,0.027139874739039668
gtd,0.018789144050104383,0.0,0.0,0.018789144050104383,0.0,0.018789144050104383,-0.018789144050104383
Schulze,0.0,-0.018789144050104383,-0.018789144050104383,0.0,-0.018789144050104383,0.0,0.027139874739039668
IRV,-0.027139874739039668,0.018789144050104383,0.018789144050104383,-0.027139874739039668,0.018789144050104383,-0.027139874739039668,0.0
