,Borda,plurality,gt,minimax,gtd,Schulze,IRV
Borda,0.0,0.030303030303030304,-0.039627039627039624,0.030303030303030304,0.030303030303030304,0.030303030303030304,0.030303030303030304
plurality,-0.030303030303030304,0.0,0.030303030303030304,0.0,0.0,0.0,0.0
gt,0.039627039627039624,-0.030303030303030304,0.0,-0.030303030303030304,-0.030303030303030304,-0.030303030303030304,-0.030303030303030304
minimax,-0.030303030303030304,0.0,0.030303030303030304,0.0,0.0,0.0,0.0
gtd,-0.030303030303030304,0.0,0.030303030303030304,0.0,0.0,0.0,0.0
Schulze,-0.030303030303030304,0.0,0.030303030303030304,0.0,0.0,0.0,0.0
IRV,-0.030303030303030304,0.0,0.030303030303030304,0.0,0.0,0.0,0.0
