,Borda,plurality,gt,minimax,gtd,Schulze,IRV
Borda,0.0,0.0213903743315508,0.0,0.0213903743315508,0.0,0.0213903743315508,0.0
plurality,-0.0213903743315508,0.0,-0.0213903743315508,0.0,-0.0213903743315508,0.0,-0.0213903743315508
gt,0.0,0.0213903743315508,0.0,0.0213903743315508,0.0,0.0213903743315508,0.0
minimax,-0.0213903743315508,0.0,-0.0213903743315508,0.0,-0.0213903743315508,0.0,-0.0213903743315508
gtd,0.0,0.0213903743315508,0.0,0.0213903743315508,0.0,0.0213903743315508,0.0
Schulze,-0.0213903743315508,0.0,-0.0213903743315508,0.0,-0.0213903743315508,0.0,-0.0213903743315508
IRV,0.0,0.0213903743315508,0.0,0.0213903743315508,0.0,0.0213903743315508,0.0
