,Borda,plurality,gt,minimax,gtd,Schulze,IRV
Borda,0.0,0.0,0.0,0.007751937984496124,0.0,0.007751937984496124,-0.012919896640826873
plurality,0.0,0.0,0.0,0.007751937984496124,0.0,0.007751937984496124,-0.012919896640826873
gt,0.0,0.0,0.0,0.007751937984496124,0.0,0.007751937984496124,-0.012919896640826873
minimax,-0.007751937984496124,-0.007751937984496124,-0.007751937984496124,0.0,-0.007751937984496124,0.0,0.04909560723514212
gtd,0.0,0.0,0.0,0.007751937984496124,0.0,0.007751937984496124,-0.012919896640826873
Schulze,-0.007751937984496124,-0.007751937984496124,-0.007751937984496124,0.0,-0.007751937984496124,0.0,0.04909560723514212
IRV,0.012919896640826873,0.012919896640826873,0.012919896640826873,-0.04909560723514212,0.012919896640826873,-0.04909560723514212,0.0
