,Borda,plurality,gt,minimax,gtd,Schulze,IRV
Borda,0.0,0.0,-0.007326007326007326,0.0,-0.007326007326007326,0.0,-0.007326007326007326
plurality,0.0,0.0,-0.007326007326007326,0.0,-0.007326007326007326,0.0,-0.007326007326007326
gt,0.007326007326007326,0.007326007326007326,0.0,0.007326007326007326,0.0,0.007326007326007326,0.0
minimax,0.0,0.0,-0.007326007326007326,0.0,-0.007326007326007326,0.0,-0.007326007326007326
gtd,0.007326007326007326,0.007326007326007326,0.0,0.007326007326007326,0.0,0.007326007326007326,0.0
Schulze,0.0,0.0,-0.007326007326007326,0.0,-0.007326007326007326,0.0,-0.007326007326007326
IRV,0.007326007326007326,0.007326007326007326,0.0,0.007326007326007326,0.0,0.007326007326007326,0.0
