,Borda,plurality,gt,minimax,gtd,Schulze,IRV
Borda,0.0,0.0,-0.0019342359767891683,0.0,-0.0019342359767891683,0.0,0.09864603481624758
plurality,0.0,0.0,-0.0019342359767891683,0.0,-0.0019342359767891683,0.0,0.09864603481624758
gt,0.0019342359767891683,0.0019342359767891683,0.0,0.0019342359767891683,0.0,0.0019342359767891683,-0.009671179883945842
minimax,0.0,0.0,-0.0019342359767891683,0.0,-0.0019342359767891683,0.0,0.09864603481624758
gtd,0.0019342359767891683,0.0019342359767891683,0.0,0.0019342359767891683,0.0,0.0019342359767891683,-0.009671179883945842
Schulze,0.0,0.0,-0.0019342359767891683,0.0,-0.0019342359767891683,0.0,0.09864603481624758
IRV,-0.09864603481624758,-0.09864603481624758,0.009671179883945842,-0.09864603481624758,0.009671179883945842,-0.09864603481624758,0.0
