,Borda,plurality,gt,minimax,gtd,Schulze,IRV
Borda,0.0,0.0,0.022774327122153208,-0.022774327122153208,0.022774327122153208,-0.022774327122153208,0.0
plurality,0.0,0.0,0.022774327122153208,-0.022774327122153208,0.022774327122153208,-0.022774327122153208,0.0
gt,-0.022774327122153208,-0.022774327122153208,0.0,0.002070393374741201,0.0,0.002070393374741201,-0.022774327122153208
minimax,0.022774327122153208,0.022774327122153208,-0.002070393374741201,0.0,-0.002070393374741201,0.0,0.022774327122153208
gtd,-0.022774327122153208,-0.022774327122153208,0.0,0.002070393374741201,0.0,0.002070393374741201,-0.022774327122153208
Schulze,0.022774327122153208,0.022774327122153208,-0.002070393374741201,0.0,-0.002070393374741201,0.0,0.022774327122153208
IRV,0.0,0.0,0.022774327122153208,-0.022774327122153208,0.022774327122153208,-0.022774327122153208,0.0
