,Borda,plurality,gt,minimax,gtd,Schulze,IRV
Borda,0.0,-0.007849293563579277,0.0,-0.007849293563579277,-0.007849293563579277,-0.007849293563579277,0.023547880690737835
plurality,0.007849293563579277,0.0,0.007849293563579277,0.0,0.0,0.0,-0.007849293563579277
gt,0.0,-0.007849293563579277,0.0,-0.007849293563579277,-0.007849293563579277,-0.007849293563579277,0.023547880690737835
minimax,0.007849293563579277,0.0,0.007849293563579277,0.0,0.0,0.0,-0.007849293563579277
gtd,0.007849293563579277,0.0,0.007849293563579277,0.0,0.0,0.0,-0.007849293563579277
Schulze,0.007849293563579277,0.0,0.007849293563579277,0.0,0.0,0.0,-0.007849293563579277
IRV,-0.023547880690737835,0.007849293563579277,-0.023547880690737835,0.007849293563579277,0.007849293563579277,0.007849293563579277,0.0
