,Borda,plurality,gt,minimax,gtd,Schulze,IRV
Borda,0.0,-0.03504043126684636,0.008086253369272238,0.008086253369272238,0.008086253369272238,0.008086253369272238,-0.03504043126684636
plurality,0.03504043126684636,0.0,-0.008086253369272238,-0.008086253369272238,-0.008086253369272238,-0.008086253369272238,0.0
gt,-0.008086253369272238,0.008086253369272238,0.0,0.0,0.0,0.0,0.008086253369272238
minimax,-0.008086253369272238,0.008086253369272238,0.0,0.0,0.0,0.0,0.008086253369272238
gtd,-0.008086253369272238,0.008086253369272238,0.0,0.0,0.0,0.0,0.008086253369272238
Schulze,-0.008086253369272238,0.008086253369272238,0.0,0.0,0.0,0.0,0.008086253369272238
IRV,0.03504043126684636,0.0,-0.008086253369272238,-0.008086253369272238,-0.008086253369272238,-0.008086253369272238,0.0
