,Borda,plurality,gt,minimax,gtd,Schulze,IRV
Borda,0.0,0.03423848878394333,0.0,0.0,0.0,0.0,0.03423848878394333
plurality,-0.03423848878394333,0.0,-0.03423848878394333,-0.03423848878394333,-0.03423848878394333,-0.03423848878394333,0.0
gt,0.0,0.03423848878394333,0.0,0.0,0.0,0.0,0.03423848878394333
minimax,0.0,0.03423848878394333,0.0,0.0,0.0,0.0,0.03423848878394333
gtd,0.0,0.03423848878394333,0.0,0.0,0.0,0.0,0.03423848878394333
Schulze,0.0,0.03423848878394333,0.0,0.0,0.0,0.0,0.03423848878394333
IRV,-0.03423848878394333,0.0,-0.03423848878394333,-0.03423848878394333,-0.03423848878394333,-0.03423848878394333,0.0
