,Borda,plurality,gt,minimax,gtd,Schulze,IRV
Borda,0.0,0.18269230769230768,-0.03365384615384615,-0.03365384615384615,0.028846153846153848,-0.03365384615384615,-0.03365384615384615
plurality,-0.18269230769230768,0.0,-0.13942307692307693,-0.13942307692307693,-0.19230769230769232,-0.13942307692307693,-0.13942307692307693
gt,0.03365384615384615,0.13942307692307693,0.0,0.0,-0.014423076923076924,0.0,0.0
minimax,0.03365384615384615,0.13942307692307693,0.0,0.0,-0.014423076923076924,0.0,0.0
gtd,-0.028846153846153848,0.19230769230769232,0.014423076923076924,0.014423076923076924,0.0,0.014423076923076924,0.014423076923076924
Schulze,0.03365384615384615,0.13942307692307693,0.0,0.0,-0.014423076923076924,0.0,0.0
IRV,0.03365384615384615,0.13942307692307693,0.0,0.0,-0.014423076923076924,0.0,0.0
