,Borda,plurality,gt,minimax,gtd,Schulze,IRV
Borda,0.0,0.0,-0.016483516483516484,0.0,0.0,0.0,-0.016483516483516484
plurality,0.0,0.0,-0.016483516483516484,0.0,0.0,0.0,-0.016483516483516484
gt,0.016483516483516484,0.016483516483516484,0.0,0.016483516483516484,0.016483516483516484,0.016483516483516484,0.0
minimax,0.0,0.0,-0.016483516483516484,0.0,0.0,0.0,-0.016483516483516484
gtd,0.0,0.0,-0.016483516483516484,0.0,0.0,0.0,-0.016483516483516484
Schulze,0.0,0.0,-0.016483516483516484,0.0,0.0,0.0,-0.016483516483516484
IRV,0.016483516483516484,0.016483516483516484,0.0,0.016483516483516484,0.016483516483516484,0.016483516483516484,0.0
