,Borda,plurality,gt,minimax,gtd,Schulze,IRV
Borda,0.0,-0.0019646365422396855,0.0,0.0,-0.0019646365422396855,0.0,0.0137524557956778
plurality,0.0019646365422396855,0.0,0.0019646365422396855,0.0019646365422396855,0.0,0.0019646365422396855,-0.009823182711198428
gt,0.0,-0.0019646365422396855,0.0,0.0,-0.0019646365422396855,0.0,0.0137524557956778
minimax,0.0,-0.0019646365422396855,0.0,0.0,-0.0019646365422396855,0.0,0.0137524557956778
gtd,0.0019646365422396855,0.0,0.0019646365422396855,0.0019646365422396855,0.0,0.0019646365422396855,-0.009823182711198428
Schulze,0.0,-0.0019646365422396855,0.0,0.0,-0.0019646365422396855,0.0,0.0137524557956778
IRV,-0.0137524557956778,0.009823182711198428,-0.0137524557956778,-0.0137524557956778,0.009823182711198428,-0.0137524557956778,0.0
