,Borda,plurality,gt,minimax,gtd,Schulze,IRV
Borda,0.0,-0.013404825737265416,-0.013404825737265416,-0.013404825737265416,-0.013404825737265416,-0.013404825737265416,0.11528150134048257
plurality,0.013404825737265416,0.0,0.0,0.0,0.0,0.0,-0.013404825737265416
gt,0.013404825737265416,0.0,0.0,0.0,0.0,0.0,-0.013404825737265416
minimax,0.013404825737265416,0.0,0.0,0.0,0.0,0.0,-0.013404825737265416
gtd,0.013404825737265416,0.0,0.0,0.0,0.0,0.0,-0.013404825737265416
Schulze,0.013404825737265416,0.0,0.0,0.0,0.0,0.0,-0.013404825737265416
IRV,-0.11528150134048257,0.013404825737265416,0.013404825737265416,0.013404825737265416,0.013404825737265416,0.013404825737265416,0.0
