,Borda,plurality,gt,minimax,gtd,Schulze,IRV
Borda,0.0,-0.017278617710583154,-0.017278617710583154,-0.017278617710583154,-0.017278617710583154,-0.017278617710583154,0.04319654427645788
plurality,0.017278617710583154,0.0,0.0,0.0,0.0,0.0,-0.0021598272138228943
gt,0.017278617710583154,0.0,0.0,0.0,0.0,0.0,-0.0021598272138228943
minimax,0.017278617710583154,0.0,0.0,0.0,0.0,0.0,-0.0021598272138228943
gtd,0.017278617710583154,0.0,0.0,0.0,0.0,0.0,-0.0021598272138228943
Schulze,0.017278617710583154,0.0,0.0,0.0,0.0,0.0,-0.0021598272138228943
IRV,-0.04319654427645788,0.0021598272138228943,0.0021598272138228943,0.0021598272138228943,0.0021598272138228943,0.0021598272138228943,0.0
