,Borda,plurality,gt,minimax,gtd,Schulze,IRV
Borda,0.0,0.05084745762711865,-0.01694915254237288,0.0,-0.01694915254237288,0.0,0.05084745762711865
plurality,-0.05084745762711865,0.0,0.031476997578692496,-0.05084745762711865,0.031476997578692496,-0.05084745762711865,0.0
gt,0.01694915254237288,-0.031476997578692496,0.0,0.01694915254237288,0.0,0.01694915254237288,-0.031476997578692496
minimax,0.0,0.05084745762711865,-0.01694915254237288,0.0,-0.01694915254237288,0.0,0.05084745762711865
gtd,0.01694915254237288,-0.031476997578692496,0.0,0.01694915254237288,0.0,0.01694915254237288,-0.031476997578692496
Schulze,0.0,0.05084745762711865,-0.01694915254237288,0.0,-0.01694915254237288,0.0,0.05084745762711865
IRV,-0.05084745762711865,0.0,0.031476997578692496,-0.05084745762711865,0.031476997578692496,-0.05084745762711865,0.0
