,Borda,plurality,gt,minimax,gtd,Schulze,IRV
Borda,0.0,0.04524886877828054,0.04524886877828054,-0.04072398190045249,-0.04072398190045249,-0.04072398190045249,0.04524886877828054
plurality,-0.04524886877828054,0.0,0.0,0.03619909502262444,0.03619909502262444,0.03619909502262444,0.0
gt,-0.04524886877828054,0.0,0.0,0.03619909502262444,0.03619909502262444,0.03619909502262444,0.0
minimax,0.04072398190045249,-0.03619909502262444,-0.03619909502262444,0.0,0.0,0.0,-0.03619909502262444
gtd,0.04072398190045249,-0.03619909502262444,-0.03619909502262444,0.0,0.0,0.0,-0.03619909502262444
Schulze,0.04072398190045249,-0.03619909502262444,-0.03619909502262444,0.0,0.0,0.0,-0.03619909502262444
IRV,-0.04524886877828054,0.0,0.0,0.03619909502262444,0.03619909502262444,0.03619909502262444,0.0
