,Borda,plurality,gt,minimax,gtd,Schulze,IRV
Borda,0.0,-0.010752688172043012,-0.010752688172043012,0.0,-0.010752688172043012,0.0,0.03225806451612903
plurality,0.010752688172043012,0.0,0.0,0.010752688172043012,0.0,0.010752688172043012,-0.010752688172043012
gt,0.010752688172043012,0.0,0.0,0.010752688172043012,0.0,0.010752688172043012,-0.010752688172043012
minimax,0.0,-0.010752688172043012,-0.010752688172043012,0.0,-0.010752688172043012,0.0,0.03225806451612903
gtd,0.010752688172043012,0.0,0.0,0.010752688172043012,0.0,0.010752688172043012,-0.010752688172043012
Schulze,0.0,-0.010752688172043012,-0.010752688172043012,0.0,-0.010752688172043012,0.0,0.03225806451612903
IRV,-0.03225806451612903,0.010752688172043012,0.010752688172043012,-0.03225806451612903,0.010752688172043012,-0.03225806451612903,0.0
