,Borda,plurality,gt,minimax,gtd,Schulze,IRV
Borda,0.0,0.05539358600583091,-0.029154518950437316,-0.029154518950437316,-0.029154518950437316,-0.029154518950437316,0.05539358600583091
plurality,-0.05539358600583091,0.0,0.023323615160349854,0.023323615160349854,0.023323615160349854,0.023323615160349854,0.0
gt,0.029154518950437316,-0.023323615160349854,0.0,0.0,0.0,0.0,-0.023323615160349854
minimax,0.029154518950437316,-0.023323615160349854,0.0,0.0,0.0,0.0,-0.023323615160349854
gtd,0.029154518950437316,-0.023323615160349854,0.0,0.0,0.0,0.0,-0.023323615160349854
Schulze,0.029154518950437316,-0.023323615160349854,0.0,0.0,0.0,0.0,-0.023323615160349854
IRV,-0.05539358600583091,0.0,0.023323615160349854,0.023323615160349854,0.023323615160349854,0.023323615160349854,0.0
