,Borda,plurality,gt,minimax,gtd,Schulze,IRV
Borda,0.0,-0.048723897911832945,-0.048723897911832945,-0.048723897911832945,0.016241299303944315,-0.048723897911832945,-0.048723897911832945
plurality,0.048723897911832945,0.0,0.0,0.0,-0.002320185614849188,0.0,0.0
gt,0.048723897911832945,0.0,0.0,0.0,-0.002320185614849188,0.0,0.0
minimax,0.048723897911832945,0.0,0.0,0.0,-0.002320185614849188,0.0,0.0
gtd,-0.016241299303944315,0.002320185614849188,0.002320185614849188,0.002320185614849188,0.0,0.002320185614849188,0.002320185614849188
Schulze,0.048723897911832945,0.0,0.0,0.0,-0.002320185614849188,0.0,0.0
IRV,0.048723897911832945,0.0,0.0,0.0,-0.002320185614849188,0.0,0.0
