,Borda,plurality,gt,minimax,gtd,Schulze,IRV
Borda,0.0,0.031161473087818695,-0.0028328611898017,0.0,0.0,0.0,0.031161473087818695
plurality,-0.031161473087818695,0.0,0.031161473087818695,-0.031161473087818695,-0.031161473087818695,-0.031161473087818695,0.0
gt,0.0028328611898017,-0.031161473087818695,0.0,0.0028328611898017,0.0028328611898017,0.0028328611898017,-0.031161473087818695
minimax,0.0,0.031161473087818695,-0.0028328611898017,0.0,0.0,0.0,0.031161473087818695
gtd,0.0,0.031161473087818695,-0.0028328611898017,0.0,0.0,0.0,0.031161473087818695
Schulze,0.0,0.031161473087818695,-0.0028328611898017,0.0,0.0,0.0,0.031161473087818695
IRV,-0.031161473087818695,0.0,0.031161473087818695,-0.031161473087818695,-0.031161473087818695,-0.031161473087818695,0.0
