,Borda,plurality,gt,minimax,gtd,Schulze,IRV
Borda,0.0,0.07021791767554479,-0.007263922518159807,0.0,-0.007263922518159807,0.0,0.07021791767554479
plurality,-0.07021791767554479,0.0,0.01694915254237288,-0.07021791767554479,0.01694915254237288,-0.07021791767554479,0.0
gt,0.007263922518159807,-0.01694915254237288,0.0,0.007263922518159807,0.0,0.007263922518159807,-0.01694915254237288
minimax,0.0,0.07021791767554479,-0.007263922518159807,0.0,-0.007263922518159807,0.0,0.07021791767554479
gtd,0.007263922518159807,-0.01694915254237288,0.0,0.007263922518159807,0.0,0.007263922518159807,-0.01694915254237288
Schulze,0.0,0.07021791767554479,-0.007263922518159807,0.0,-0.007263922518159807,0.0,0.07021791767554479
IRV,-0.07021791767554479,0.0,0.01694915254237288,-0.07021791767554479,0.01694915254237288,-0.07021791767554479,0.0
