,Borda,plurality,gt,minimax,gtd,Schulze,IRV
Borda,0.0,0.010482180293501049,-0.006289308176100629,-0.006289308176100629,-0.006289308176100629,-0.006289308176100629,0.010482180293501049
plurality,-0.010482180293501049,0.0,0.0020964360587002098,0.0020964360587002098,0.0020964360587002098,0.0020964360587002098,0.0
gt,0.006289308176100629,-0.0020964360587002098,0.0,0.0,0.0,0.0,-0.0020964360587002098
minimax,0.006289308176100629,-0.0020964360587002098,0.0,0.0,0.0,0.0,-0.0020964360587002098
gtd,0.006289308176100629,-0.0020964360587002098,0.0,0.0,0.0,0.0,-0.0020964360587002098
Schulze,0.006289308176100629,-0.0020964360587002098,0.0,0.0,0.0,0.0,-0.0020964360587002098
IRV,-0.010482180293501049,0.0,0.0020964360587002098,0.0020964360587002098,0.0020964360587002098,0.0020964360587002098,0.0
