,Borda,plurality,gt,minimax,gtd,Schulze,IRV
Borda,0.0,0.008403361344537815,0.0,0.008403361344537815,0.0,0.008403361344537815,0.0
plurality,-0.008403361344537815,0.0,-0.008403361344537815,0.0,-0.008403361344537815,0.0,-0.008403361344537815
gt,0.0,0.008403361344537815,0.0,0.008403361344537815,0.0,0.008403361344537815,0.0
minimax,-0.008403361344537815,0.0,-0.008403361344537815,0.0,-0.008403361344537815,0.0,-0.008403361344537815
gtd,0.0,0.008403361344537815,0.0,0.008403361344537815,0.0,0.008403361344537815,0.0
Schulze,-0.008403361344537815,0.0,-0.008403361344537815,0.0,-0.008403361344537815,0.0,-0.008403361344537815
IRV,0.0,0.008403361344537815,0.0,0.008403361344537815,0.0,0.008403361344537815,0.0
