,Borda,plurality,gt,minimax,gtd,Schulze,IRV
Borda,0.0,0.13675213675213677,0.0,0.0,0.0,0.0,0.0
plurality,-0.13675213675213677,0.0,-0.13247863247863248,-0.13675213675213677,-0.13247863247863248,-0.13675213675213677,-0.13247863247863248
gt,0.0,0.13247863247863248,0.0,0.0,0.0,0.0,0.0
minimax,0.0,0.13675213675213677,0.0,0.0,0.0,0.0,0.0
gtd,0.0,0.13247863247863248,0.0,0.0,0.0,0.0,0.0
Schulze,0.0,0.13675213675213677,0.0,0.0,0.0,0.0,0.0
IRV,0.0,0.13247863247863248,0.0,0.0,0.0,0.0,0.0
