,Borda,plurality,gt,minimax,gtd,Schulze,IRV
Borda,0.0,0.0,0.03581267217630854,-0.013774104683195593,-0.013774104683195593,-0.013774104683195593,-0.013774104683195593
plurality,0.0,0.0,0.03581267217630854,-0.013774104683195593,-0.013774104683195593,-0.013774104683195593,-0.013774104683195593
gt,-0.03581267217630854,-0.03581267217630854,0.0,0.013774104683195593,0.013774104683195593,0.013774104683195593,0.013774104683195593
minimax,0.013774104683195593,0.013774104683195593,-0.013774104683195593,0.0,0.0,0.0,0.0
gtd,0.013774104683195593,0.013774104683195593,-0.013774104683195593,0.0,0.0,0.0,0.0
Schulze,0.013774104683195593,0.013774104683195593,-0.013774104683195593,0.0,0.0,0.0,0.0
IRV,0.013774104683195593,0.013774104683195593,-0.013774104683195593,0.0,0.0,0.0,0.0
