,Borda,plurality,gt,minimax,gtd,Schulze,IRV
Borda,0.0,0.04030710172744722,0.0,0.0,0.0,0.0,0.0
plurality,-0.04030710172744722,0.0,-0.04030710172744722,-0.04030710172744722,-0.04030710172744722,-0.04030710172744722,-0.04030710172744722
gt,0.0,0.04030710172744722,0.0,0.0,0.0,0.0,0.0
minimax,0.0,0.04030710172744722,0.0,0.0,0.0,0.0,0.0
gtd,0.0,0.04030710172744722,0.0,0.0,0.0,0.0,0.0
Schulze,0.0,0.04030710172744722,0.0,0.0,0.0,0.0,0.0
IRV,0.0,0.04030710172744722,0.0,0.0,0.0,0.0,0.0
