,Borda,plurality,gt,minimax,gtd,Schulze,IRV
Borda,0.0,0.0,0.01026694045174538,-0.022587268993839837,0.01026694045174538,-0.022587268993839837,-0.022587268993839837
plurality,0.0,0.0,0.01026694045174538,-0.022587268993839837,0.01026694045174538,-0.022587268993839837,-0.022587268993839837
gt,-0.01026694045174538,-0.01026694045174538,0.0,0.01026694045174538,0.0,0.01026694045174538,0.01026694045174538
minimax,0.022587268993839837,0.022587268993839837,-0.01026694045174538,0.0,-0.01026694045174538,0.0,0.0
gtd,-0.01026694045174538,-0.01026694045174538,0.0,0.01026694045174538,0.0,0.01026694045174538,0.01026694045174538
Schulze,0.022587268993839837,0.022587268993839837,-0.01026694045174538,0.0,-0.01026694045174538,0.0,0.0
IRV,0.022587268993839837,0.022587268993839837,-0.01026694045174538,0.0,-0.01026694045174538,0.0,0.0
