,Borda,plurality,gt,minimax,gtd,Schulze,IRV
Borda,0.0,0.04415584415584416,-0.06493506493506493,-0.06493506493506493,0.04415584415584416,-0.06493506493506493,0.04415584415584416
plurality,-0.04415584415584416,0.0,0.01818181818181818,0.01818181818181818,0.0,0.01818181818181818,0.0
gt,0.06493506493506493,-0.01818181818181818,0.0,0.0,-0.01818181818181818,0.0,-0.01818181818181818
minimax,0.06493506493506493,-0.01818181818181818,0.0,0.0,-0.01818181818181818,0.0,-0.01818181818181818
gtd,-0.04415584415584416,0.0,0.01818181818181818,0.01818181818181818,0.0,0.01818181818181818,0.0
Schulze,0.06493506493506493,-0.01818181818181818,0.0,0.0,-0.01818181818181818,0.0,-0.01818181818181818
IRV,-0.04415584415584416,0.0,0.01818181818181818,0.01818181818181818,0.0,0.01818181818181818,0.0
