,Borda,plurality,gt,minimax,gtd,Schulze,IRV
Borda,0.0,0.05747126436781609,-0.02528735632183908,-0.02528735632183908,-0.02528735632183908,-0.02528735632183908,0.05747126436781609
plurality,-0.05747126436781609,0.0,0.016091954022988506,0.016091954022988506,0.016091954022988506,0.016091954022988506,0.0
gt,0.02528735632183908,-0.016091954022988506,0.0,0.0,0.0,0.0,-0.016091954022988506
minimax,0.02528735632183908,-0.016091954022988506,0.0,0.0,0.0,0.0,-0.016091954022988506
gtd,0.02528735632183908,-0.016091954022988506,0.0,0.0,0.0,0.0,-0.016091954022988506
Schulze,0.02528735632183908,-0.016091954022988506,0.0,0.0,0.0,0.0,-0.016091954022988506
IRV,-0.05747126436781609,0.0,0.016091954022988506,0.016091954022988506,0.016091954022988506,0.016091954022988506,0.0
