,Borda,plurality,gt,minimax,gtd,Schulze,IRV
Borda,0.0,-0.05398457583547558,-0.05398457583547558,-0.05398457583547558,-0.05398457583547558,-0.05398457583547558,0.10025706940874037
plurality,0.05398457583547558,0.0,0.0,0.0,0.0,0.0,-0.002570694087403599
gt,0.05398457583547558,0.0,0.0,0.0,0.0,0.0,-0.002570694087403599
minimax,0.05398457583547558,0.0,0.0,0.0,0.0,0.0,-0.002570694087403599
gtd,0.05398457583547558,0.0,0.0,0.0,0.0,0.0,-0.002570694087403599
Schulze,0.05398457583547558,0.0,0.0,0.0,0.0,0.0,-0.002570694087403599
IRV,-0.10025706940874037,0.002570694087403599,0.002570694087403599,0.002570694087403599,0.002570694087403599,0.002570694087403599,0.0
