,Borda,plurality,gt,minimax,gtd,Schulze,IRV
Borda,0.0,0.01580135440180587,-0.03837471783295711,0.01580135440180587,0.0,0.01580135440180587,0.0
plurality,-0.01580135440180587,0.0,0.04740406320541761,0.0,-0.01580135440180587,0.0,-0.01580135440180587
gt,0.03837471783295711,-0.04740406320541761,0.0,-0.04740406320541761,0.03837471783295711,-0.04740406320541761,0.03837471783295711
minimax,-0.01580135440180587,0.0,0.04740406320541761,0.0,-0.01580135440180587,0.0,-0.01580135440180587
gtd,0.0,0.01580135440180587,-0.03837471783295711,0.01580135440180587,0.0,0.01580135440180587,0.0
Schulze,-0.01580135440180587,0.0,0.04740406320541761,0.0,-0.01580135440180587,0.0,-0.01580135440180587
IRV,0.0,0.01580135440180587,-0.03837471783295711,0.01580135440180587,0.0,0.01580135440180587,0.0
