,Borda,plurality,gt,minimax,gtd,Schulze,IRV
Borda,0.0,0.07099391480730223,0.0,0.0,-0.002028397565922921,0.0,0.0
plurality,-0.07099391480730223,0.0,-0.07099391480730223,-0.07099391480730223,0.02636916835699797,-0.07099391480730223,-0.07099391480730223
gt,0.0,0.07099391480730223,0.0,0.0,-0.002028397565922921,0.0,0.0
minimax,0.0,0.07099391480730223,0.0,0.0,-0.002028397565922921,0.0,0.0
gtd,0.002028397565922921,-0.02636916835699797,0.002028397565922921,0.002028397565922921,0.0,0.002028397565922921,0.002028397565922921
Schulze,0.0,0.07099391480730223,0.0,0.0,-0.002028397565922921,0.0,0.0
IRV,0.0,0.07099391480730223,0.0,0.0,-0.002028397565922921,0.0,0.0
