,Borda,plurality,gt,minimax,gtd,Schulze,IRV
Borda,0.0,-0.022813688212927757,0.0,0.0,-0.022813688212927757,0.0,-0.022813688212927757
plurality,0.022813688212927757,0.0,0.022813688212927757,0.022813688212927757,0.0,0.022813688212927757,0.0
gt,0.0,-0.022813688212927757,0.0,0.0,-0.022813688212927757,0.0,-0.022813688212927757
minimax,0.0,-0.022813688212927757,0.0,0.0,-0.022813688212927757,0.0,-0.022813688212927757
gtd,0.022813688212927757,0.0,0.022813688212927757,0.022813688212927757,0.0,0.022813688212927757,0.0
Schulze,0.0,-0.022813688212927757,0.0,0.0,-0.022813688212927757,0.0,-0.022813688212927757
IRV,0.022813688212927757,0.0,0.022813688212927757,0.022813688212927757,0.0,0.022813688212927757,0.0
