,Borda,plurality,gt,minimax,gtd,Schulze,IRV
Borda,0.0,0.0867579908675799,0.0,0.0,0.0,0.0,0.0
plurality,-0.0867579908675799,0.0,-0.0867579908675799,-0.0319634703196347,-0.0867579908675799,-0.0319634703196347,-0.0319634703196347
gt,0.0,0.0867579908675799,0.0,0.0,0.0,0.0,0.0
minimax,0.0,0.0319634703196347,0.0,0.0,0.0,0.0,0.0
gtd,0.0,0.0867579908675799,0.0,0.0,0.0,0.0,0.0
Schulze,0.0,0.0319634703196347,0.0,0.0,0.0,0.0,0.0
IRV,0.0,0.0319634703196347,0.0,0.0,0.0,0.0,0.0
