,Borda,plurality,gt,minimax,gtd,Schulze,IRV
Borda,0.0,-0.0079155672823219,0.03430079155672823,0.0,-0.0079155672823219,0.0,-0.0079155672823219
plurality,0.0079155672823219,0.0,-0.023746701846965697,0.0079155672823219,0.0,0.0079155672823219,0.0
gt,-0.03430079155672823,0.023746701846965697,0.0,-0.03430079155672823,0.023746701846965697,-0.03430079155672823,0.023746701846965697
minimax,0.0,-0.0079155672823219,0.03430079155672823,0.0,-0.0079155672823219,0.0,-0.0079155672823219
gtd,0.0079155672823219,0.0,-0.023746701846965697,0.0079155672823219,0.0,0.0079155672823219,0.0
Schulze,0.0,-0.0079155672823219,0.03430079155672823,0.0,-0.0079155672823219,0.0,-0.0079155672823219
IRV,0.0079155672823219,0.0,-0.023746701846965697,0.0079155672823219,0.0,0.0079155672823219,0.0
