,Borda,plurality,gt,minimax,gtd,Schulze,IRV
Borda,0.0,-0.013422818791946308,-0.013422818791946308,0.0,-0.013422818791946308,0.0,0.06375838926174497
plurality,0.013422818791946308,0.0,0.0,0.013422818791946308,0.0,0.013422818791946308,-0.026845637583892617
gt,0.013422818791946308,0.0,0.0,0.013422818791946308,0.0,0.013422818791946308,-0.026845637583892617
minimax,0.0,-0.013422818791946308,-0.013422818791946308,0.0,-0.013422818791946308,0.0,0.06375838926174497
gtd,0.013422818791946308,0.0,0.0,0.013422818791946308,0.0,0.013422818791946308,-0.026845637583892617
Schulze,0.0,-0.013422818791946308,-0.013422818791946308,0.0,-0.013422818791946308,0.0,0.06375838926174497
IRV,-0.06375838926174497,0.026845637583892617,0.026845637583892617,-0.06375838926174497,0.026845637583892617,-0.06375838926174497,0.0
