,Borda,plurality,gt,minimax,gtd,Schulze,IRV
Borda,0.0,-0.026915113871635612,-0.026915113871635612,-0.026915113871635612,-0.026915113871635612,-0.026915113871635612,0.043478260869565216
plurality,0.026915113871635612,0.0,0.0,0.0,0.0,0.0,-0.022774327122153208
gt,0.026915113871635612,0.0,0.0,0.0,0.0,0.0,-0.022774327122153208
minimax,0.026915113871635612,0.0,0.0,0.0,0.0,0.0,-0.022774327122153208
gtd,0.026915113871635612,0.0,0.0,0.0,0.0,0.0,-0.022774327122153208
Schulze,0.026915113871635612,0.0,0.0,0.0,0.0,0.0,-0.022774327122153208
IRV,-0.043478260869565216,0.022774327122153208,0.022774327122153208,0.022774327122153208,0.022774327122153208,0.022774327122153208,0.0
