,Borda,plurality,gt,minimax,gtd,Schulze,IRV
Borda,0.0,-0.023758099352051837,-0.023758099352051837,0.0,-0.023758099352051837,0.0,-0.023758099352051837
plurality,0.023758099352051837,0.0,0.0,0.023758099352051837,0.0,0.023758099352051837,0.0
gt,0.023758099352051837,0.0,0.0,0.023758099352051837,0.0,0.023758099352051837,0.0
minimax,0.0,-0.023758099352051837,-0.023758099352051837,0.0,-0.023758099352051837,0.0,-0.023758099352051837
gtd,0.023758099352051837,0.0,0.0,0.023758099352051837,0.0,0.023758099352051837,0.0
Schulze,0.0,-0.023758099352051837,-0.023758099352051837,0.0,-0.023758099352051837,0.0,-0.023758099352051837
IRV,0.023758099352051837,0.0,0.0,0.023758099352051837,0.0,0.023758099352051837,0.0
