,Borda,plurality,gt,minimax,gtd,Schulze,IRV
Borda,0.0,0.10848126232741617,-0.0019723865877712033,0.0,0.0,0.0,0.021696252465483234
plurality,-0.10848126232741617,0.0,-0.03353057199211045,-0.10848126232741617,-0.10848126232741617,-0.10848126232741617,-0.07692307692307693
gt,0.0019723865877712033,0.03353057199211045,0.0,0.0019723865877712033,0.0019723865877712033,0.0019723865877712033,-0.05719921104536489
minimax,0.0,0.10848126232741617,-0.0019723865877712033,0.0,0.0,0.0,0.021696252465483234
gtd,0.0,0.10848126232741617,-0.0019723865877712033,0.0,0.0,0.0,0.021696252465483234
Schulze,0.0,0.10848126232741617,-0.0019723865877712033,0.0,0.0,0.0,0.021696252465483234
IRV,-0.021696252465483234,0.07692307692307693,0.05719921104536489,-0.021696252465483234,-0.021696252465483234,-0.021696252465483234,0.0
