,Borda,plurality,gt,minimax,gtd,Schulze,IRV
Borda,0.0,-0.019438444924406047,-0.019438444924406047,0.0,-0.019438444924406047,0.0,-0.019438444924406047
plurality,0.019438444924406047,0.0,0.0,0.019438444924406047,0.0,0.019438444924406047,0.0
gt,0.019438444924406047,0.0,0.0,0.019438444924406047,0.0,0.019438444924406047,0.0
minimax,0.0,-0.019438444924406047,-0.019438444924406047,0.0,-0.019438444924406047,0.0,-0.019438444924406047
gtd,0.019438444924406047,0.0,0.0,0.019438444924406047,0.0,0.019438444924406047,0.0
Schulze,0.0,-0.019438444924406047,-0.019438444924406047,0.0,-0.019438444924406047,0.0,-0.019438444924406047
IRV,0.019438444924406047,0.0,0.0,0.019438444924406047,0.0,0.019438444924406047,0.0
