,Borda,plurality,gt,minimax,gtd,Schulze,IRV
Borda,0.0,-0.07389162561576355,0.0,-0.07389162561576355,0.019704433497536946,-0.07389162561576355,0.019704433497536946
plurality,0.07389162561576355,0.0,0.07389162561576355,0.0,-0.014778325123152709,0.0,-0.014778325123152709
gt,0.0,-0.07389162561576355,0.0,-0.07389162561576355,0.019704433497536946,-0.07389162561576355,0.019704433497536946
minimax,0.07389162561576355,0.0,0.07389162561576355,0.0,-0.014778325123152709,0.0,-0.014778325123152709
gtd,-0.019704433497536946,0.014778325123152709,-0.019704433497536946,0.014778325123152709,0.0,0.014778325123152709,0.0
Schulze,0.07389162561576355,0.0,0.07389162561576355,0.0,-0.014778325123152709,0.0,-0.014778325123152709
IRV,-0.019704433497536946,0.014778325123152709,-0.019704433497536946,0.014778325123152709,0.0,0.014778325123152709,0.0
