,Borda,plurality,gt,minimax,gtd,Schulze,IRV
Borda,0.0,-0.001841620626151013,-0.001841620626151013,0.0,-0.001841620626151013,0.0,0.04604051565377532
plurality,0.001841620626151013,0.0,0.0,0.001841620626151013,0.0,0.001841620626151013,-0.020257826887661142
gt,0.001841620626151013,0.0,0.0,0.001841620626151013,0.0,0.001841620626151013,-0.020257826887661142
minimax,0.0,-0.001841620626151013,-0.001841620626151013,0.0,-0.001841620626151013,0.0,0.04604051565377532
gtd,0.001841620626151013,0.0,0.0,0.001841620626151013,0.0,0.001841620626151013,-0.020257826887661142
Schulze,0.0,-0.001841620626151013,-0.001841620626151013,0.0,-0.001841620626151013,0.0,0.04604051565377532
IRV,-0.04604051565377532,0.020257826887661142,0.020257826887661142,-0.04604051565377532,0.020257826887661142,-0.04604051565377532,0.0
