,Borda,plurality,gt,minimax,gtd,Schulze,IRV
Borda,0.0,0.017699115044247787,-0.014749262536873156,0.0,-0.014749262536873156,0.0,0.0
plurality,-0.017699115044247787,0.0,0.017699115044247787,-0.017699115044247787,0.017699115044247787,-0.017699115044247787,-0.017699115044247787
gt,0.014749262536873156,-0.017699115044247787,0.0,0.014749262536873156,0.0,0.014749262536873156,0.014749262536873156
minimax,0.0,0.017699115044247787,-0.014749262536873156,0.0,-0.014749262536873156,0.0,0.0
gtd,0.014749262536873156,-0.017699115044247787,0.0,0.014749262536873156,0.0,0.014749262536873156,0.014749262536873156
Schulze,0.0,0.017699115044247787,-0.014749262536873156,0.0,-0.014749262536873156,0.0,0.0
IRV,0.0,0.017699115044247787,-0.014749262536873156,0.0,-0.014749262536873156,0.0,0.0
