,Borda,plurality,gt,minimax,gtd,Schulze,IRV
Borda,0.0,0.002544529262086514,0.002544529262086514,0.002544529262086514,0.002544529262086514,0.002544529262086514,0.002544529262086514
plurality,-0.002544529262086514,0.0,0.0,0.0,0.0,0.0,0.0
gt,-0.002544529262086514,0.0,0.0,0.0,0.0,0.0,0.0
minimax,-0.002544529262086514,0.0,0.0,0.0,0.0,0.0,0.0
gtd,-0.002544529262086514,0.0,0.0,0.0,0.0,0.0,0.0
Schulze,-0.002544529262086514,0.0,0.0,0.0,0.0,0.0,0.0
IRV,-0.002544529262086514,0.0,0.0,0.0,0.0,0.0,0.0
