,Borda,plurality,gt,minimax,gtd,Schulze,IRV
Borda,0.0,0.0,0.03253796095444685,0.0,0.0,0.0,-0.015184381778741865
plurality,0.0,0.0,0.03253796095444685,0.0,0.0,0.0,-0.015184381778741865
gt,-0.03253796095444685,-0.03253796095444685,0.0,-0.03253796095444685,-0.03253796095444685,-0.03253796095444685,0.05422993492407809
minimax,0.0,0.0,0.03253796095444685,0.0,0.0,0.0,-0.015184381778741865
gtd,0.0,0.0,0.03253796095444685,0.0,0.0,0.0,-0.015184381778741865
Schulze,0.0,0.0,0.03253796095444685,0.0,0.0,0.0,-0.015184381778741865
IRV,0.015184381778741865,0.015184381778741865,-0.05422993492407809,0.015184381778741865,0.015184381778741865,0.015184381778741865,0.0
