,Borda,plurality,gt,minimax,gtd,Schulze,IRV
Borda,0.0,0.010273972602739725,0.0,0.0,0.0,0.0,0.010273972602739725
plurality,-0.010273972602739725,0.0,-0.010273972602739725,-0.010273972602739725,-0.010273972602739725,-0.010273972602739725,0.0
gt,0.0,0.010273972602739725,0.0,0.0,0.0,0.0,0.010273972602739725
minimax,0.0,0.010273972602739725,0.0,0.0,0.0,0.0,0.010273972602739725
gtd,0.0,0.010273972602739725,0.0,0.0,0.0,0.0,0.010273972602739725
Schulze,0.0,0.010273972602739725,0.0,0.0,0.0,0.0,0.010273972602739725
IRV,-0.010273972602739725,0.0,-0.010273972602739725,-0.010273972602739725,-0.010273972602739725,-0.010273972602739725,0.0
