,Borda,plurality,gt,minimax,gtd,Schulze,IRV
Borda,0.0,0.0947867298578199,-0.009478672985781991,0.0,-0.009478672985781991,0.0,0.0947867298578199
plurality,-0.0947867298578199,0.0,0.03317535545023697,-0.0947867298578199,0.03317535545023697,-0.0947867298578199,0.0
gt,0.009478672985781991,-0.03317535545023697,0.0,0.009478672985781991,0.0,0.009478672985781991,-0.03317535545023697
minimax,0.0,0.0947867298578199,-0.009478672985781991,0.0,-0.009478672985781991,0.0,0.0947867298578199
gtd,0.009478672985781991,-0.03317535545023697,0.0,0.009478672985781991,0.0,0.009478672985781991,-0.03317535545023697
Schulze,0.0,0.0947867298578199,-0.009478672985781991,0.0,-0.009478672985781991,0.0,0.0947867298578199
IRV,-0.0947867298578199,0.0,0.03317535545023697,-0.0947867298578199,0.03317535545023697,-0.0947867298578199,0.0
