,Borda,plurality,gt,minimax,gtd,Schulze,IRV
Borda,0.0,0.12280701754385964,-0.022556390977443608,0.0,0.0,0.0,0.03759398496240601
plurality,-0.12280701754385964,0.0,-0.08771929824561403,-0.12280701754385964,-0.12280701754385964,-0.12280701754385964,-0.11278195488721804
gt,0.022556390977443608,0.08771929824561403,0.0,0.022556390977443608,0.022556390977443608,0.022556390977443608,-0.042606516290726815
minimax,0.0,0.12280701754385964,-0.022556390977443608,0.0,0.0,0.0,0.03759398496240601
gtd,0.0,0.12280701754385964,-0.022556390977443608,0.0,0.0,0.0,0.03759398496240601
Schulze,0.0,0.12280701754385964,-0.022556390977443608,0.0,0.0,0.0,0.03759398496240601
IRV,-0.03759398496240601,0.11278195488721804,0.042606516290726815,-0.03759398496240601,-0.03759398496240601,-0.03759398496240601,0.0
