,Borda,plurality,gt,minimax,gtd,Schulze,IRV
Borda,0.0,0.01744186046511628,0.0,-0.014534883720930232,-0.014534883720930232,-0.014534883720930232,0.0
plurality,-0.01744186046511628,0.0,-0.01744186046511628,0.011627906976744186,0.011627906976744186,0.011627906976744186,-0.01744186046511628
gt,0.0,0.01744186046511628,0.0,-0.014534883720930232,-0.014534883720930232,-0.014534883720930232,0.0
minimax,0.014534883720930232,-0.011627906976744186,0.014534883720930232,0.0,0.0,0.0,0.014534883720930232
gtd,0.014534883720930232,-0.011627906976744186,0.014534883720930232,0.0,0.0,0.0,0.014534883720930232
Schulze,0.014534883720930232,-0.011627906976744186,0.014534883720930232,0.0,0.0,0.0,0.014534883720930232
IRV,0.0,0.01744186046511628,0.0,-0.014534883720930232,-0.014534883720930232,-0.014534883720930232,0.0
