,Borda,plurality,gt,minimax,gtd,Schulze,IRV
Borda,0.0,0.02867383512544803,-0.014336917562724014,0.0,-0.014336917562724014,0.0,0.02867383512544803
plurality,-0.02867383512544803,0.0,0.014336917562724014,-0.02867383512544803,0.014336917562724014,-0.02867383512544803,0.0
gt,0.014336917562724014,-0.014336917562724014,0.0,0.014336917562724014,0.0,0.014336917562724014,-0.014336917562724014
minimax,0.0,0.02867383512544803,-0.014336917562724014,0.0,-0.014336917562724014,0.0,0.02867383512544803
gtd,0.014336917562724014,-0.014336917562724014,0.0,0.014336917562724014,0.0,0.014336917562724014,-0.014336917562724014
Schulze,0.0,0.02867383512544803,-0.014336917562724014,0.0,-0.014336917562724014,0.0,0.02867383512544803
IRV,-0.02867383512544803,0.0,0.014336917562724014,-0.02867383512544803,0.014336917562724014,-0.02867383512544803,0.0
