,Borda,plurality,gt,minimax,gtd,Schulze,IRV
Borda,0.0,-0.011235955056179775,0.038202247191011236,0.0,-0.011235955056179775,0.0,-0.011235955056179775
plurality,0.011235955056179775,0.0,-0.020224719101123594,0.011235955056179775,0.0,0.011235955056179775,0.0
gt,-0.038202247191011236,0.020224719101123594,0.0,-0.038202247191011236,0.020224719101123594,-0.038202247191011236,0.020224719101123594
minimax,0.0,-0.011235955056179775,0.038202247191011236,0.0,-0.011235955056179775,0.0,-0.011235955056179775
gtd,0.011235955056179775,0.0,-0.020224719101123594,0.011235955056179775,0.0,0.011235955056179775,0.0
Schulze,0.0,-0.011235955056179775,0.038202247191011236,0.0,-0.011235955056179775,0.0,-0.011235955056179775
IRV,0.011235955056179775,0.0,-0.020224719101123594,0.011235955056179775,0.0,0.011235955056179775,0.0
