,Borda,plurality,gt,minimax,gtd,Schulze,IRV
Borda,0.0,-0.01867572156196944,0.0,0.0050933786078098476,0.0,0.0050933786078098476,-0.01867572156196944
plurality,0.01867572156196944,0.0,0.01867572156196944,-0.03225806451612903,0.01867572156196944,-0.03225806451612903,0.0
gt,0.0,-0.01867572156196944,0.0,0.0050933786078098476,0.0,0.0050933786078098476,-0.01867572156196944
minimax,-0.0050933786078098476,0.03225806451612903,-0.0050933786078098476,0.0,-0.0050933786078098476,0.0,0.03225806451612903
gtd,0.0,-0.01867572156196944,0.0,0.0050933786078098476,0.0,0.0050933786078098476,-0.01867572156196944
Schulze,-0.0050933786078098476,0.03225806451612903,-0.0050933786078098476,0.0,-0.0050933786078098476,0.0,0.03225806451612903
IRV,0.01867572156196944,0.0,0.01867572156196944,-0.03225806451612903,0.01867572156196944,-0.03225806451612903,0.0
