,Borda,plurality,gt,minimax,gtd,Schulze,IRV
Borda,0.0,-0.0064516129032258064,0.0,0.0,0.0,0.0,-0.0064516129032258064
plurality,0.0064516129032258064,0.0,0.0064516129032258064,0.0064516129032258064,0.0064516129032258064,0.0064516129032258064,0.0
gt,0.0,-0.0064516129032258064,0.0,0.0,0.0,0.0,-0.0064516129032258064
minimax,0.0,-0.0064516129032258064,0.0,0.0,0.0,0.0,-0.0064516129032258064
gtd,0.0,-0.0064516129032258064,0.0,0.0,0.0,0.0,-0.0064516129032258064
Schulze,0.0,-0.0064516129032258064,0.0,0.0,0.0,0.0,-0.0064516129032258064
IRV,0.0064516129032258064,0.0,0.0064516129032258064,0.0064516129032258064,0.0064516129032258064,0.0064516129032258064,0.0
