,Borda,plurality,gt,minimax,gtd,Schulze,IRV
Borda,0.0,0.03910614525139665,-0.01675977653631285,0.0,-0.01675977653631285,0.0,0.03910614525139665
plurality,-0.03910614525139665,0.0,0.027932960893854747,-0.03910614525139665,0.027932960893854747,-0.03910614525139665,0.0
gt,0.01675977653631285,-0.027932960893854747,0.0,0.01675977653631285,0.0,0.01675977653631285,-0.027932960893854747
minimax,0.0,0.03910614525139665,-0.01675977653631285,0.0,-0.01675977653631285,0.0,0.03910614525139665
gtd,0.01675977653631285,-0.027932960893854747,0.0,0.01675977653631285,0.0,0.01675977653631285,-0.027932960893854747
Schulze,0.0,0.03910614525139665,-0.01675977653631285,0.0,-0.01675977653631285,0.0,0.03910614525139665
IRV,-0.03910614525139665,0.0,0.027932960893854747,-0.03910614525139665,0.027932960893854747,-0.03910614525139665,0.0
