,Borda,plurality,gt,minimax,gtd,Schulze,IRV
Borda,0.0,0.050997782705099776,-0.0022172949002217295,0.0,-0.0022172949002217295,0.0,0.050997782705099776
plurality,-0.050997782705099776,0.0,0.012564671101256468,-0.050997782705099776,0.012564671101256468,-0.050997782705099776,0.0
gt,0.0022172949002217295,-0.012564671101256468,0.0,0.0022172949002217295,0.0,0.0022172949002217295,-0.012564671101256468
minimax,0.0,0.050997782705099776,-0.0022172949002217295,0.0,-0.0022172949002217295,0.0,0.050997782705099776
gtd,0.0022172949002217295,-0.012564671101256468,0.0,0.0022172949002217295,0.0,0.0022172949002217295,-0.012564671101256468
Schulze,0.0,0.050997782705099776,-0.0022172949002217295,0.0,-0.0022172949002217295,0.0,0.050997782705099776
IRV,-0.050997782705099776,0.0,0.012564671101256468,-0.050997782705099776,0.012564671101256468,-0.050997782705099776,0.0
