,Borda,plurality,gt,minimax,gtd,Schulze,IRV
Borda,0.0,0.0,-0.02476780185758514,0.006191950464396285,0.006191950464396285,0.006191950464396285,-0.02476780185758514
plurality,0.0,0.0,-0.02476780185758514,0.006191950464396285,0.006191950464396285,0.006191950464396285,-0.02476780185758514
gt,0.02476780185758514,0.02476780185758514,0.0,-0.015479876160990712,-0.015479876160990712,-0.015479876160990712,0.0
minimax,-0.006191950464396285,-0.006191950464396285,0.015479876160990712,0.0,0.0,0.0,0.015479876160990712
gtd,-0.006191950464396285,-0.006191950464396285,0.015479876160990712,0.0,0.0,0.0,0.015479876160990712
Schulze,-0.006191950464396285,-0.006191950464396285,0.015479876160990712,0.0,0.0,0.0,0.015479876160990712
IRV,0.02476780185758514,0.02476780185758514,0.0,-0.015479876160990712,-0.015479876160990712,-0.015479876160990712,0.0
