,Borda,plurality,gt,minimax,gtd,Schulze,IRV
Borda,0.0,0.04291845493562232,0.0,0.0,0.0,0.0,0.03862660944206009
plurality,-0.04291845493562232,0.0,-0.04291845493562232,-0.04291845493562232,-0.04291845493562232,-0.04291845493562232,-0.04291845493562232
gt,0.0,0.04291845493562232,0.0,0.0,0.0,0.0,0.03862660944206009
minimax,0.0,0.04291845493562232,0.0,0.0,0.0,0.0,0.03862660944206009
gtd,0.0,0.04291845493562232,0.0,0.0,0.0,0.0,0.03862660944206009
Schulze,0.0,0.04291845493562232,0.0,0.0,0.0,0.0,0.03862660944206009
IRV,-0.03862660944206009,0.04291845493562232,-0.03862660944206009,-0.03862660944206009,-0.03862660944206009,-0.03862660944206009,0.0
