,Borda,plurality,gt,minimax,gtd,Schulze,IRV
Borda,0.0,0.0106544901065449,-0.0015220700152207,0.0,-0.0015220700152207,0.0,0.0106544901065449
plurality,-0.0106544901065449,0.0,0.0076103500761035,-0.0106544901065449,0.0076103500761035,-0.0106544901065449,0.0
gt,0.0015220700152207,-0.0076103500761035,0.0,0.0015220700152207,0.0,0.0015220700152207,-0.0076103500761035
minimax,0.0,0.0106544901065449,-0.0015220700152207,0.0,-0.0015220700152207,0.0,0.0106544901065449
gtd,0.0015220700152207,-0.0076103500761035,0.0,0.0015220700152207,0.0,0.0015220700152207,-0.0076103500761035
Schulze,0.0,0.0106544901065449,-0.0015220700152207,0.0,-0.0015220700152207,0.0,0.0106544901065449
IRV,-0.0106544901065449,0.0,0.0076103500761035,-0.0106544901065449,0.0076103500761035,-0.0106544901065449,0.0
