,Borda,plurality,gt,minimax,gtd,Schulze,IRV
Borda,0.0,0.007594936708860759,0.0,0.007594936708860759,0.0,0.007594936708860759,0.0
plurality,-0.007594936708860759,0.0,-0.007594936708860759,0.0,-0.007594936708860759,0.0,-0.007594936708860759
gt,0.0,0.007594936708860759,0.0,0.007594936708860759,0.0,0.007594936708860759,0.0
minimax,-0.007594936708860759,0.0,-0.007594936708860759,0.0,-0.007594936708860759,0.0,-0.007594936708860759
gtd,0.0,0.007594936708860759,0.0,0.007594936708860759,0.0,0.007594936708860759,0.0
Schulze,-0.007594936708860759,0.0,-0.007594936708860759,0.0,-0.007594936708860759,0.0,-0.007594936708860759
IRV,0.0,0.007594936708860759,0.0,0.007594936708860759,0.0,0.007594936708860759,0.0
