,Borda,plurality,gt,minimax,gtd,Schulze,IRV
Borda,0.0,-0.012345679012345678,0.0,0.0,0.0,0.0,0.02880658436213992
plurality,0.012345679012345678,0.0,0.012345679012345678,0.012345679012345678,0.012345679012345678,0.012345679012345678,-0.0411522633744856
gt,0.0,-0.012345679012345678,0.0,0.0,0.0,0.0,0.02880658436213992
minimax,0.0,-0.012345679012345678,0.0,0.0,0.0,0.0,0.02880658436213992
gtd,0.0,-0.012345679012345678,0.0,0.0,0.0,0.0,0.02880658436213992
Schulze,0.0,-0.012345679012345678,0.0,0.0,0.0,0.0,0.02880658436213992
IRV,-0.02880658436213992,0.0411522633744856,-0.02880658436213992,-0.02880658436213992,-0.02880658436213992,-0.02880658436213992,0.0
