,Borda,plurality,gt,minimax,gtd,Schulze,IRV
Borda,0.0,-0.0016420361247947454,-0.0016420361247947454,0.0,-0.0016420361247947454,0.0,-0.0016420361247947454
plurality,0.0016420361247947454,0.0,0.0,0.0016420361247947454,0.0,0.0016420361247947454,0.0
gt,0.0016420361247947454,0.0,0.0,0.0016420361247947454,0.0,0.0016420361247947454,0.0
minimax,0.0,-0.0016420361247947454,-0.0016420361247947454,0.0,-0.0016420361247947454,0.0,-0.0016420361247947454
gtd,0.0016420361247947454,0.0,0.0,0.0016420361247947454,0.0,0.0016420361247947454,0.0
Schulze,0.0,-0.0016420361247947454,-0.0016420361247947454,0.0,-0.0016420361247947454,0.0,-0.0016420361247947454
IRV,0.0016420361247947454,0.0,0.0,0.0016420361247947454,0.0,0.0016420361247947454,0.0
