,Borda,plurality,gt,minimax,gtd,Schulze,IRV
Borda,0.0,0.022556390977443608,-0.013963480128893663,0.0,-0.013963480128893663,0.0,0.022556390977443608
plurality,-0.022556390977443608,0.0,0.013963480128893663,-0.022556390977443608,0.013963480128893663,-0.022556390977443608,0.0
gt,0.013963480128893663,-0.013963480128893663,0.0,0.013963480128893663,0.0,0.013963480128893663,-0.013963480128893663
minimax,0.0,0.022556390977443608,-0.013963480128893663,0.0,-0.013963480128893663,0.0,0.022556390977443608
gtd,0.013963480128893663,-0.013963480128893663,0.0,0.013963480128893663,0.0,0.013963480128893663,-0.013963480128893663
Schulze,0.0,0.022556390977443608,-0.013963480128893663,0.0,-0.013963480128893663,0.0,0.022556390977443608
IRV,-0.022556390977443608,0.0,0.013963480128893663,-0.022556390977443608,0.013963480128893663,-0.022556390977443608,0.0
