,Borda,plurality,gt,minimax,gtd,Schulze,IRV
Borda,0.0,0.026634382566585957,0.026634382566585957,-0.002421307506053269,-0.002421307506053269,-0.002421307506053269,0.0
plurality,-0.026634382566585957,0.0,0.0,0.002421307506053269,0.002421307506053269,0.002421307506053269,-0.026634382566585957
gt,-0.026634382566585957,0.0,0.0,0.002421307506053269,0.002421307506053269,0.002421307506053269,-0.026634382566585957
minimax,0.002421307506053269,-0.002421307506053269,-0.002421307506053269,0.0,0.0,0.0,0.002421307506053269
gtd,0.002421307506053269,-0.002421307506053269,-0.002421307506053269,0.0,0.0,0.0,0.002421307506053269
Schulze,0.002421307506053269,-0.002421307506053269,-0.002421307506053269,0.0,0.0,0.0,0.002421307506053269
IRV,0.0,0.026634382566585957,0.026634382566585957,-0.002421307506053269,-0.002421307506053269,-0.002421307506053269,0.0
