,Borda,plurality,gt,minimax,gtd,Schulze,IRV
Borda,0.0,-0.0297029702970297,0.033663366336633666,-0.0297029702970297,-0.0297029702970297,-0.0297029702970297,-0.0297029702970297
plurality,0.0297029702970297,0.0,-0.005940594059405941,0.0,0.0,0.0,0.0
gt,-0.033663366336633666,0.005940594059405941,0.0,0.005940594059405941,0.005940594059405941,0.005940594059405941,0.005940594059405941
minimax,0.0297029702970297,0.0,-0.005940594059405941,0.0,0.0,0.0,0.0
gtd,0.0297029702970297,0.0,-0.005940594059405941,0.0,0.0,0.0,0.0
Schulze,0.0297029702970297,0.0,-0.005940594059405941,0.0,0.0,0.0,0.0
IRV,0.0297029702970297,0.0,-0.005940594059405941,0.0,0.0,0.0,0.0
