,Borda,plurality,gt,minimax,gtd,Schulze,IRV
Borda,0.0,0.01818181818181818,-0.01818181818181818,-0.01818181818181818,0.01818181818181818,-0.01818181818181818,0.01818181818181818
plurality,-0.01818181818181818,0.0,0.007792207792207792,0.007792207792207792,0.0,0.007792207792207792,0.0
gt,0.01818181818181818,-0.007792207792207792,0.0,0.0,-0.007792207792207792,0.0,-0.007792207792207792
minimax,0.01818181818181818,-0.007792207792207792,0.0,0.0,-0.007792207792207792,0.0,-0.007792207792207792
gtd,-0.01818181818181818,0.0,0.007792207792207792,0.007792207792207792,0.0,0.007792207792207792,0.0
Schulze,0.01818181818181818,-0.007792207792207792,0.0,0.0,-0.007792207792207792,0.0,-0.007792207792207792
IRV,-0.01818181818181818,0.0,0.007792207792207792,0.007792207792207792,0.0,0.007792207792207792,0.0
