,Borda,plurality,gt,minimax,gtd,Schulze,IRV
Borda,0.0,-0.04878048780487805,-0.04878048780487805,0.04390243902439024,0.04390243902439024,0.04390243902439024,-0.04878048780487805
plurality,0.04878048780487805,0.0,0.0,-0.04390243902439024,-0.04390243902439024,-0.04390243902439024,0.0
gt,0.04878048780487805,0.0,0.0,-0.04390243902439024,-0.04390243902439024,-0.04390243902439024,0.0
minimax,-0.04390243902439024,0.04390243902439024,0.04390243902439024,0.0,0.0,0.0,0.04390243902439024
gtd,-0.04390243902439024,0.04390243902439024,0.04390243902439024,0.0,0.0,0.0,0.04390243902439024
Schulze,-0.04390243902439024,0.04390243902439024,0.04390243902439024,0.0,0.0,0.0,0.04390243902439024
IRV,0.04878048780487805,0.0,0.0,-0.04390243902439024,-0.04390243902439024,-0.04390243902439024,0.0
