,Borda,plurality,gt,minimax,gtd,Schulze,IRV
Borda,0.0,0.0,-0.0012674271229404308,0.0,-0.0012674271229404308,0.0,-0.0012674271229404308
plurality,0.0,0.0,-0.0012674271229404308,0.0,-0.0012674271229404308,0.0,-0.0012674271229404308
gt,0.0012674271229404308,0.0012674271229404308,0.0,0.0012674271229404308,0.0,0.0012674271229404308,0.0
minimax,0.0,0.0,-0.0012674271229404308,0.0,-0.0012674271229404308,0.0,-0.0012674271229404308
gtd,0.0012674271229404308,0.0012674271229404308,0.0,0.0012674271229404308,0.0,0.0012674271229404308,0.0
Schulze,0.0,0.0,-0.0012674271229404308,0.0,-0.0012674271229404308,0.0,-0.0012674271229404308
IRV,0.0012674271229404308,0.0012674271229404308,0.0,0.0012674271229404308,0.0,0.0012674271229404308,0.0
