,Borda,plurality,gt,minimax,gtd,Schulze,IRV
Borda,0.0,-0.0330188679245283,0.04245283018867924,-0.0330188679245283,-0.0330188679245283,-0.0330188679245283,0.04245283018867924
plurality,0.0330188679245283,0.0,-0.014150943396226415,0.0,0.0,0.0,-0.014150943396226415
gt,-0.04245283018867924,0.014150943396226415,0.0,0.014150943396226415,0.014150943396226415,0.014150943396226415,0.0
minimax,0.0330188679245283,0.0,-0.014150943396226415,0.0,0.0,0.0,-0.014150943396226415
gtd,0.0330188679245283,0.0,-0.014150943396226415,0.0,0.0,0.0,-0.014150943396226415
Schulze,0.0330188679245283,0.0,-0.014150943396226415,0.0,0.0,0.0,-0.014150943396226415
IRV,-0.04245283018867924,0.014150943396226415,0.0,0.014150943396226415,0.014150943396226415,0.014150943396226415,0.0
