,Borda,plurality,gt,minimax,gtd,Schulze,IRV
Borda,0.0,0.0,0.08033240997229917,-0.008310249307479225,-0.008310249307479225,-0.008310249307479225,0.0
plurality,0.0,0.0,0.08033240997229917,-0.008310249307479225,-0.008310249307479225,-0.008310249307479225,0.0
gt,-0.08033240997229917,-0.08033240997229917,0.0,0.002770083102493075,0.002770083102493075,0.002770083102493075,-0.08033240997229917
minimax,0.008310249307479225,0.008310249307479225,-0.002770083102493075,0.0,0.0,0.0,0.008310249307479225
gtd,0.008310249307479225,0.008310249307479225,-0.002770083102493075,0.0,0.0,0.0,0.008310249307479225
Schulze,0.008310249307479225,0.008310249307479225,-0.002770083102493075,0.0,0.0,0.0,0.008310249307479225
IRV,0.0,0.0,0.08033240997229917,-0.008310249307479225,-0.008310249307479225,-0.008310249307479225,0.0
