,Borda,plurality,gt,minimax,gtd,Schulze,IRV
Borda,0.0,0.0196078431372549,-0.00980392156862745,0.0,-0.00980392156862745,0.0,0.0
plurality,-0.0196078431372549,0.0,0.014705882352941176,-0.0196078431372549,0.014705882352941176,-0.0196078431372549,-0.0196078431372549
gt,0.00980392156862745,-0.014705882352941176,0.0,0.00980392156862745,0.0,0.00980392156862745,0.00980392156862745
minimax,0.0,0.0196078431372549,-0.00980392156862745,0.0,-0.00980392156862745,0.0,0.0
gtd,0.00980392156862745,-0.014705882352941176,0.0,0.00980392156862745,0.0,0.00980392156862745,0.00980392156862745
Schulze,0.0,0.0196078431372549,-0.00980392156862745,0.0,-0.00980392156862745,0.0,0.0
IRV,0.0,0.0196078431372549,-0.00980392156862745,0.0,-0.00980392156862745,0.0,0.0
