,Borda,plurality,gt,minimax,gtd,Schulze,IRV
Borda,0.0,0.030042918454935622,0.030042918454935622,0.0,0.0,0.0,0.030042918454935622
plurality,-0.030042918454935622,0.0,0.0,-0.030042918454935622,-0.030042918454935622,-0.030042918454935622,0.0
gt,-0.030042918454935622,0.0,0.0,-0.030042918454935622,-0.030042918454935622,-0.030042918454935622,0.0
minimax,0.0,0.030042918454935622,0.030042918454935622,0.0,0.0,0.0,0.030042918454935622
gtd,0.0,0.030042918454935622,0.030042918454935622,0.0,0.0,0.0,0.030042918454935622
Schulze,0.0,0.030042918454935622,0.030042918454935622,0.0,0.0,0.0,0.030042918454935622
IRV,-0.030042918454935622,0.0,0.0,-0.030042918454935622,-0.030042918454935622,-0.030042918454935622,0.0
