,Borda,plurality,gt,minimax,gtd,Schulze,IRV
Borda,0.0,0.0,0.0,0.0,0.0,0.0,0.09444444444444444
plurality,0.0,0.0,0.0,0.0,0.0,0.0,-0.03333333333333333
gt,0.0,0.0,0.0,0.0,0.0,0.0,-0.03333333333333333
minimax,0.0,0.0,0.0,0.0,0.0,0.0,0.09444444444444444
gtd,0.0,0.0,0.0,0.0,0.0,0.0,0.09444444444444444
Schulze,0.0,0.0,0.0,0.0,0.0,0.0,0.09444444444444444
IRV,-0.09444444444444444,0.03333333333333333,0.03333333333333333,-0.09444444444444444,-0.09444444444444444,-0.09444444444444444,0.0
