,Borda,plurality,gt,minimax,gtd,Schulze,IRV
Borda,0.0,0.021834061135371178,0.021834061135371178,0.021834061135371178,0.021834061135371178,0.021834061135371178,0.021834061135371178
plurality,-0.021834061135371178,0.0,0.0,0.0,0.0,0.0,0.0
gt,-0.021834061135371178,0.0,0.0,0.0,0.0,0.0,0.0
minimax,-0.021834061135371178,0.0,0.0,0.0,0.0,0.0,0.0
gtd,-0.021834061135371178,0.0,0.0,0.0,0.0,0.0,0.0
Schulze,-0.021834061135371178,0.0,0.0,0.0,0.0,0.0,0.0
IRV,-0.021834061135371178,0.0,0.0,0.0,0.0,0.0,0.0
