,Borda,plurality,gt,minimax,gtd,Schulze,IRV
Borda,0.0,-0.002277904328018223,-0.002277904328018223,-0.002277904328018223,-0.002277904328018223,-0.002277904328018223,0.07972665148063782
plurality,0.002277904328018223,0.0,0.0,0.0,0.0,0.0,-0.002277904328018223
gt,0.002277904328018223,0.0,0.0,0.0,0.0,0.0,-0.002277904328018223
minimax,0.002277904328018223,0.0,0.0,0.0,0.0,0.0,-0.002277904328018223
gtd,0.002277904328018223,0.0,0.0,0.0,0.0,0.0,-0.002277904328018223
Schulze,0.002277904328018223,0.0,0.0,0.0,0.0,0.0,-0.002277904328018223
IRV,-0.07972665148063782,0.002277904328018223,0.002277904328018223,0.002277904328018223,0.002277904328018223,0.002277904328018223,0.0
