,Borda,plurality,gt,minimax,gtd,Schulze,IRV
Borda,0.0,0.023746701846965697,-0.013192612137203167,0.0,0.0,0.0,0.0
plurality,-0.023746701846965697,0.0,0.023746701846965697,-0.023746701846965697,-0.023746701846965697,-0.023746701846965697,-0.023746701846965697
gt,0.013192612137203167,-0.023746701846965697,0.0,0.013192612137203167,0.013192612137203167,0.013192612137203167,0.013192612137203167
minimax,0.0,0.023746701846965697,-0.013192612137203167,0.0,0.0,0.0,0.0
gtd,0.0,0.023746701846965697,-0.013192612137203167,0.0,0.0,0.0,0.0
Schulze,0.0,0.023746701846965697,-0.013192612137203167,0.0,0.0,0.0,0.0
IRV,0.0,0.023746701846965697,-0.013192612137203167,0.0,0.0,0.0,0.0
