,Borda,plurality,gt,minimax,gtd,Schulze,IRV
Borda,0.0,0.14741035856573706,-0.02390438247011952,-0.02390438247011952,-0.02390438247011952,-0.02390438247011952,0.0
plurality,-0.14741035856573706,0.0,-0.09163346613545817,-0.09163346613545817,-0.09163346613545817,-0.09163346613545817,-0.14741035856573706
gt,0.02390438247011952,0.09163346613545817,0.0,0.0,0.0,0.0,0.02390438247011952
minimax,0.02390438247011952,0.09163346613545817,0.0,0.0,0.0,0.0,0.02390438247011952
gtd,0.02390438247011952,0.09163346613545817,0.0,0.0,0.0,0.0,0.02390438247011952
Schulze,0.02390438247011952,0.09163346613545817,0.0,0.0,0.0,0.0,0.02390438247011952
IRV,0.0,0.14741035856573706,-0.02390438247011952,-0.02390438247011952,-0.02390438247011952,-0.02390438247011952,0.0
