,Borda,plurality,gt,minimax,gtd,Schulze,IRV
Borda,0.0,0.04697986577181208,0.0,0.0,-0.006711409395973154,0.0,0.04697986577181208
plurality,-0.04697986577181208,0.0,-0.04697986577181208,-0.04697986577181208,0.03691275167785235,-0.04697986577181208,0.0
gt,0.0,0.04697986577181208,0.0,0.0,-0.006711409395973154,0.0,0.04697986577181208
minimax,0.0,0.04697986577181208,0.0,0.0,-0.006711409395973154,0.0,0.04697986577181208
gtd,0.006711409395973154,-0.03691275167785235,0.006711409395973154,0.006711409395973154,0.0,0.006711409395973154,-0.03691275167785235
Schulze,0.0,0.04697986577181208,0.0,0.0,-0.006711409395973154,0.0,0.04697986577181208
IRV,-0.04697986577181208,0.0,-0.04697986577181208,-0.04697986577181208,0.03691275167785235,-0.04697986577181208,0.0
