,Borda,plurality,gt,minimax,gtd,Schulze,IRV
Borda,0.0,0.10021321961620469,-0.010660980810234541,0.0,-0.010660980810234541,0.0,0.10021321961620469
plurality,-0.10021321961620469,0.0,0.010660980810234541,-0.10021321961620469,0.010660980810234541,-0.10021321961620469,0.0
gt,0.010660980810234541,-0.010660980810234541,0.0,0.010660980810234541,0.0,0.010660980810234541,-0.010660980810234541
minimax,0.0,0.10021321961620469,-0.010660980810234541,0.0,-0.010660980810234541,0.0,0.10021321961620469
gtd,0.010660980810234541,-0.010660980810234541,0.0,0.010660980810234541,0.0,0.010660980810234541,-0.010660980810234541
Schulze,0.0,0.10021321961620469,-0.010660980810234541,0.0,-0.010660980810234541,0.0,0.10021321961620469
IRV,-0.10021321961620469,0.0,0.010660980810234541,-0.10021321961620469,0.010660980810234541,-0.10021321961620469,0.0
