,Borda,plurality,gt,minimax,gtd,Schulze,IRV
Borda,0.0,0.17407407407407408,0.0,0.0,0.0,0.0,0.0
plurality,-0.17407407407407408,0.0,-0.15185185185185185,-0.17407407407407408,-0.17407407407407408,-0.17407407407407408,-0.15185185185185185
gt,0.0,0.15185185185185185,0.0,0.0,0.0,0.0,0.0
minimax,0.0,0.17407407407407408,0.0,0.0,0.0,0.0,0.0
gtd,0.0,0.17407407407407408,0.0,0.0,0.0,0.0,0.0
Schulze,0.0,0.17407407407407408,0.0,0.0,0.0,0.0,0.0
IRV,0.0,0.15185185185185185,0.0,0.0,0.0,0.0,0.0
