,Borda,plurality,gt,minimax,gtd,Schulze,IRV
Borda,0.0,0.0,0.0,0.0,0.0,0.0,0.04784688995215311
plurality,0.0,0.0,0.0,0.0,0.0,0.0,-0.023923444976076555
gt,0.0,0.0,0.0,0.0,0.0,0.0,-0.023923444976076555
minimax,0.0,0.0,0.0,0.0,0.0,0.0,0.04784688995215311
gtd,0.0,0.0,0.0,0.0,0.0,0.0,0.04784688995215311
Schulze,0.0,0.0,0.0,0.0,0.0,0.0,0.04784688995215311
IRV,-0.04784688995215311,0.023923444976076555,0.023923444976076555,-0.04784688995215311,-0.04784688995215311,-0.04784688995215311,0.0
