,Borda,plurality,gt,minimax,gtd,Schulze,IRV
Borda,0.0,-0.025110782865583457,-0.025110782865583457,-0.025110782865583457,0.019202363367799114,-0.025110782865583457,-0.025110782865583457
plurality,0.025110782865583457,0.0,0.0,0.0,-0.004431314623338257,0.0,0.0
gt,0.025110782865583457,0.0,0.0,0.0,-0.004431314623338257,0.0,0.0
minimax,0.025110782865583457,0.0,0.0,0.0,-0.004431314623338257,0.0,0.0
gtd,-0.019202363367799114,0.004431314623338257,0.004431314623338257,0.004431314623338257,0.0,0.004431314623338257,0.004431314623338257
Schulze,0.025110782865583457,0.0,0.0,0.0,-0.004431314623338257,0.0,0.0
IRV,0.025110782865583457,0.0,0.0,0.0,-0.004431314623338257,0.0,0.0
