,Borda,plurality,gt,minimax,gtd,Schulze,IRV
Borda,0.0,0.0,-0.017094017094017096,-0.017094017094017096,-0.017094017094017096,-0.017094017094017096,-0.017094017094017096
plurality,0.0,0.0,-0.017094017094017096,-0.017094017094017096,-0.017094017094017096,-0.017094017094017096,-0.017094017094017096
gt,0.017094017094017096,0.017094017094017096,0.0,0.0,0.0,0.0,0.0
minimax,0.017094017094017096,0.017094017094017096,0.0,0.0,0.0,0.0,0.0
gtd,0.017094017094017096,0.017094017094017096,0.0,0.0,0.0,0.0,0.0
Schulze,0.017094017094017096,0.017094017094017096,0.0,0.0,0.0,0.0,0.0
IRV,0.017094017094017096,0.017094017094017096,0.0,0.0,0.0,0.0,0.0
