,Borda,plurality,gt,minimax,gtd,Schulze,IRV
Borda,0.0,0.0016366612111292963,-0.014729950900163666,0.0016366612111292963,0.0016366612111292963,0.0016366612111292963,0.0016366612111292963
plurality,-0.0016366612111292963,0.0,0.004909983633387889,0.0,0.0,0.0,0.0
gt,0.014729950900163666,-0.004909983633387889,0.0,-0.004909983633387889,-0.004909983633387889,-0.004909983633387889,-0.004909983633387889
minimax,-0.0016366612111292963,0.0,0.004909983633387889,0.0,0.0,0.0,0.0
gtd,-0.0016366612111292963,0.0,0.004909983633387889,0.0,0.0,0.0,0.0
Schulze,-0.0016366612111292963,0.0,0.004909983633387889,0.0,0.0,0.0,0.0
IRV,-0.0016366612111292963,0.0,0.004909983633387889,0.0,0.0,0.0,0.0
