,Borda,plurality,gt,minimax,gtd,Schulze,IRV
Borda,0.0,-0.018867924528301886,0.0,0.008086253369272238,0.0,0.008086253369272238,0.008086253369272238
plurality,0.018867924528301886,0.0,0.018867924528301886,-0.04582210242587601,0.018867924528301886,-0.04582210242587601,-0.04582210242587601
gt,0.0,-0.018867924528301886,0.0,0.008086253369272238,0.0,0.008086253369272238,0.008086253369272238
minimax,-0.008086253369272238,0.04582210242587601,-0.008086253369272238,0.0,-0.008086253369272238,0.0,0.0
gtd,0.0,-0.018867924528301886,0.0,0.008086253369272238,0.0,0.008086253369272238,0.008086253369272238
Schulze,-0.008086253369272238,0.04582210242587601,-0.008086253369272238,0.0,-0.008086253369272238,0.0,0.0
IRV,-0.008086253369272238,0.04582210242587601,-0.008086253369272238,0.0,-0.008086253369272238,0.0,0.0
