,Borda,plurality,gt,minimax,gtd,Schulze,IRV
Borda,0.0,0.0,0.04405286343612335,-0.02643171806167401,-0.02643171806167401,-0.02643171806167401,0.0
plurality,0.0,0.0,0.04405286343612335,-0.02643171806167401,-0.02643171806167401,-0.02643171806167401,0.0
gt,-0.04405286343612335,-0.04405286343612335,0.0,0.01762114537444934,0.01762114537444934,0.01762114537444934,-0.04405286343612335
minimax,0.02643171806167401,0.02643171806167401,-0.01762114537444934,0.0,0.0,0.0,0.02643171806167401
gtd,0.02643171806167401,0.02643171806167401,-0.01762114537444934,0.0,0.0,0.0,0.02643171806167401
Schulze,0.02643171806167401,0.02643171806167401,-0.01762114537444934,0.0,0.0,0.0,0.02643171806167401
IRV,0.0,0.0,0.04405286343612335,-0.02643171806167401,-0.02643171806167401,-0.02643171806167401,0.0
