,Borda,plurality,gt,minimax,gtd,Schulze,IRV
Borda,0.0,0.08179419525065963,-0.002638522427440633,0.0,-0.002638522427440633,0.0,0.0
plurality,-0.08179419525065963,0.0,0.013192612137203167,-0.08179419525065963,0.013192612137203167,-0.08179419525065963,-0.08179419525065963
gt,0.002638522427440633,-0.013192612137203167,0.0,0.002638522427440633,0.0,0.002638522427440633,0.002638522427440633
minimax,0.0,0.08179419525065963,-0.002638522427440633,0.0,-0.002638522427440633,0.0,0.0
gtd,0.002638522427440633,-0.013192612137203167,0.0,0.002638522427440633,0.0,0.002638522427440633,0.002638522427440633
Schulze,0.0,0.08179419525065963,-0.002638522427440633,0.0,-0.002638522427440633,0.0,0.0
IRV,0.0,0.08179419525065963,-0.002638522427440633,0.0,-0.002638522427440633,0.0,0.0
