,Borda,plurality,gt,minimax,gtd,Schulze,IRV
Borda,0.0,-0.03359173126614987,0.002583979328165375,-0.03359173126614987,0.002583979328165375,-0.03359173126614987,0.002583979328165375
plurality,0.03359173126614987,0.0,-0.002583979328165375,0.0,-0.002583979328165375,0.0,-0.002583979328165375
gt,-0.002583979328165375,0.002583979328165375,0.0,0.002583979328165375,0.0,0.002583979328165375,0.0
minimax,0.03359173126614987,0.0,-0.002583979328165375,0.0,-0.002583979328165375,0.0,-0.002583979328165375
gtd,-0.002583979328165375,0.002583979328165375,0.0,0.002583979328165375,0.0,0.002583979328165375,0.0
Schulze,0.03359173126614987,0.0,-0.002583979328165375,0.0,-0.002583979328165375,0.0,-0.002583979328165375
IRV,-0.002583979328165375,0.002583979328165375,0.0,0.002583979328165375,0.0,0.002583979328165375,0.0
