,Borda,plurality,gt,minimax,gtd,Schulze,IRV
Borda,0.0,0.024390243902439025,0.06829268292682927,0.0,-0.004878048780487805,0.0,-0.004878048780487805
plurality,-0.024390243902439025,0.0,0.05853658536585366,-0.024390243902439025,-0.03414634146341464,-0.024390243902439025,-0.03414634146341464
gt,-0.06829268292682927,-0.05853658536585366,0.0,-0.06829268292682927,0.004878048780487805,-0.06829268292682927,0.004878048780487805
minimax,0.0,0.024390243902439025,0.06829268292682927,0.0,-0.004878048780487805,0.0,-0.004878048780487805
gtd,0.004878048780487805,0.03414634146341464,-0.004878048780487805,0.004878048780487805,0.0,0.004878048780487805,0.0
Schulze,0.0,0.024390243902439025,0.06829268292682927,0.0,-0.004878048780487805,0.0,-0.004878048780487805
IRV,0.004878048780487805,0.03414634146341464,-0.004878048780487805,0.004878048780487805,0.0,0.004878048780487805,0.0
