,Borda,plurality,gt,minimax,gtd,Schulze,IRV
Borda,0.0,0.021645021645021644,0.0,0.0,0.0,0.0,0.0
plurality,-0.021645021645021644,0.0,-0.021645021645021644,-0.021645021645021644,-0.021645021645021644,-0.021645021645021644,-0.021645021645021644
gt,0.0,0.021645021645021644,0.0,0.0,0.0,0.0,0.0
minimax,0.0,0.021645021645021644,0.0,0.0,0.0,0.0,0.0
gtd,0.0,0.021645021645021644,0.0,0.0,0.0,0.0,0.0
Schulze,0.0,0.021645021645021644,0.0,0.0,0.0,0.0,0.0
IRV,0.0,0.021645021645021644,0.0,0.0,0.0,0.0,0.0
