,Borda,plurality,gt,minimax,gtd,Schulze,IRV
Borda,0.0,-0.016286644951140065,-0.016286644951140065,-0.016286644951140065,-0.016286644951140065,-0.016286644951140065,0.029315960912052116
plurality,0.016286644951140065,0.0,0.0,0.0,0.0,0.0,-0.003257328990228013
gt,0.016286644951140065,0.0,0.0,0.0,0.0,0.0,-0.003257328990228013
minimax,0.016286644951140065,0.0,0.0,0.0,0.0,0.0,-0.003257328990228013
gtd,0.016286644951140065,0.0,0.0,0.0,0.0,0.0,-0.003257328990228013
Schulze,0.016286644951140065,0.0,0.0,0.0,0.0,0.0,-0.003257328990228013
IRV,-0.029315960912052116,0.003257328990228013,0.003257328990228013,0.003257328990228013,0.003257328990228013,0.003257328990228013,0.0
