,Borda,plurality,gt,minimax,gtd,Schulze,IRV
Borda,0.0,0.16923076923076924,0.0,0.0,0.0,0.0,0.0
plurality,-0.16923076923076924,0.0,-0.2,-0.2,-0.2,-0.2,-0.16923076923076924
gt,0.0,0.2,0.0,0.0,0.0,0.0,0.0
minimax,0.0,0.2,0.0,0.0,0.0,0.0,0.0
gtd,0.0,0.2,0.0,0.0,0.0,0.0,0.0
Schulze,0.0,0.2,0.0,0.0,0.0,0.0,0.0
IRV,0.0,0.16923076923076924,0.0,0.0,0.0,0.0,0.0
