,Borda,plurality,gt,minimax,gtd,Schulze,IRV
Borda,0.0,0.18435754189944134,0.0,0.0,0.0,0.0,0.0335195530726257
plurality,-0.18435754189944134,0.0,-0.1564245810055866,-0.1564245810055866,-0.1564245810055866,-0.1564245810055866,-0.10614525139664804
gt,0.0,0.1564245810055866,0.0,0.0,0.0,0.0,0.055865921787709494
minimax,0.0,0.1564245810055866,0.0,0.0,0.0,0.0,0.055865921787709494
gtd,0.0,0.1564245810055866,0.0,0.0,0.0,0.0,0.055865921787709494
Schulze,0.0,0.1564245810055866,0.0,0.0,0.0,0.0,0.055865921787709494
IRV,-0.0335195530726257,0.10614525139664804,-0.055865921787709494,-0.055865921787709494,-0.055865921787709494,-0.055865921787709494,0.0
