,Borda,plurality,gt,minimax,gtd,Schulze,IRV
Borda,0.0,-0.009041591320072333,0.0162748643761302,-0.009041591320072333,-0.009041591320072333,-0.009041591320072333,0.0162748643761302
plurality,0.009041591320072333,0.0,-0.009041591320072333,0.0,0.0,0.0,-0.009041591320072333
gt,-0.0162748643761302,0.009041591320072333,0.0,0.009041591320072333,0.009041591320072333,0.009041591320072333,0.0
minimax,0.009041591320072333,0.0,-0.009041591320072333,0.0,0.0,0.0,-0.009041591320072333
gtd,0.009041591320072333,0.0,-0.009041591320072333,0.0,0.0,0.0,-0.009041591320072333
Schulze,0.009041591320072333,0.0,-0.009041591320072333,0.0,0.0,0.0,-0.009041591320072333
IRV,-0.0162748643761302,0.009041591320072333,0.0,0.009041591320072333,0.009041591320072333,0.009041591320072333,0.0
