,Borda,plurality,gt,minimax,gtd,Schulze,IRV
Borda,0.0,0.0,0.0,0.0,0.0,0.0,-0.0011614401858304297
plurality,0.0,0.0,0.0,0.0,0.0,0.0,-0.0011614401858304297
gt,0.0,0.0,0.0,0.0,0.0,0.0,-0.0011614401858304297
minimax,0.0,0.0,0.0,0.0,0.0,0.0,-0.0011614401858304297
gtd,0.0,0.0,0.0,0.0,0.0,0.0,-0.0011614401858304297
Schulze,0.0,0.0,0.0,0.0,0.0,0.0,-0.0011614401858304297
IRV,0.0011614401858304297,0.0011614401858304297,0.0011614401858304297,0.0011614401858304297,0.0011614401858304297,0.0011614401858304297,0.0
