,Borda,plurality,gt,minimax,gtd,Schulze,IRV
Borda,0.0,-0.02023121387283237,0.0,-0.02023121387283237,-0.02023121387283237,-0.02023121387283237,-0.02023121387283237
plurality,0.02023121387283237,0.0,0.02023121387283237,0.0,0.0,0.0,0.0
gt,0.0,-0.02023121387283237,0.0,-0.02023121387283237,-0.02023121387283237,-0.02023121387283237,-0.02023121387283237
minimax,0.02023121387283237,0.0,0.02023121387283237,0.0,0.0,0.0,0.0
gtd,0.02023121387283237,0.0,0.02023121387283237,0.0,0.0,0.0,0.0
Schulze,0.02023121387283237,0.0,0.02023121387283237,0.0,0.0,0.0,0.0
IRV,0.02023121387283237,0.0,0.02023121387283237,0.0,0.0,0.0,0.0
