,Borda,plurality,gt,minimax,gtd,Schulze,IRV
Borda,0.0,0.06179775280898876,-0.016853932584269662,-0.016853932584269662,-0.016853932584269662,-0.016853932584269662,0.0
plurality,-0.06179775280898876,0.0,-0.028089887640449437,-0.028089887640449437,-0.028089887640449437,-0.028089887640449437,-0.06179775280898876
gt,0.016853932584269662,0.028089887640449437,0.0,0.0,0.0,0.0,0.016853932584269662
minimax,0.016853932584269662,0.028089887640449437,0.0,0.0,0.0,0.0,0.016853932584269662
gtd,0.016853932584269662,0.028089887640449437,0.0,0.0,0.0,0.0,0.016853932584269662
Schulze,0.016853932584269662,0.028089887640449437,0.0,0.0,0.0,0.0,0.016853932584269662
IRV,0.0,0.06179775280898876,-0.016853932584269662,-0.016853932584269662,-0.016853932584269662,-0.016853932584269662,0.0
