,Borda,plurality,gt,minimax,gtd,Schulze,IRV
Borda,0.0,-0.015957446808510637,0.05319148936170213,-0.015957446808510637,-0.015957446808510637,-0.015957446808510637,-0.015957446808510637
plurality,0.015957446808510637,0.0,0.0,0.0,0.0,0.0,0.0
gt,-0.05319148936170213,0.0,0.0,0.0,0.0,0.0,0.0
minimax,0.015957446808510637,0.0,0.0,0.0,0.0,0.0,0.0
gtd,0.015957446808510637,0.0,0.0,0.0,0.0,0.0,0.0
Schulze,0.015957446808510637,0.0,0.0,0.0,0.0,0.0,0.0
IRV,0.015957446808510637,0.0,0.0,0.0,0.0,0.0,0.0
