,Borda,plurality,gt,minimax,gtd,Schulze,IRV
Borda,0.0,-0.036619718309859155,0.09859154929577464,-0.036619718309859155,-0.036619718309859155,-0.036619718309859155,-0.036619718309859155
plurality,0.036619718309859155,0.0,-0.008450704225352112,0.0,0.0,0.0,0.0
gt,-0.09859154929577464,0.008450704225352112,0.0,0.008450704225352112,0.008450704225352112,0.008450704225352112,0.008450704225352112
minimax,0.036619718309859155,0.0,-0.008450704225352112,0.0,0.0,0.0,0.0
gtd,0.036619718309859155,0.0,-0.008450704225352112,0.0,0.0,0.0,0.0
Schulze,0.036619718309859155,0.0,-0.008450704225352112,0.0,0.0,0.0,0.0
IRV,0.036619718309859155,0.0,-0.008450704225352112,0.0,0.0,0.0,0.0
