,Borda,plurality,gt,minimax,gtd,Schulze,IRV
Borda,0.0,-0.0027247956403269754,-0.0027247956403269754,0.0,-0.0027247956403269754,0.0,0.02452316076294278
plurality,0.0027247956403269754,0.0,0.0,0.0027247956403269754,0.0,0.0027247956403269754,-0.01907356948228883
gt,0.0027247956403269754,0.0,0.0,0.0027247956403269754,0.0,0.0027247956403269754,-0.01907356948228883
minimax,0.0,-0.0027247956403269754,-0.0027247956403269754,0.0,-0.0027247956403269754,0.0,0.02452316076294278
gtd,0.0027247956403269754,0.0,0.0,0.0027247956403269754,0.0,0.0027247956403269754,-0.01907356948228883
Schulze,0.0,-0.0027247956403269754,-0.0027247956403269754,0.0,-0.0027247956403269754,0.0,0.02452316076294278
IRV,-0.02452316076294278,0.01907356948228883,0.01907356948228883,-0.02452316076294278,0.01907356948228883,-0.02452316076294278,0.0
