,Borda,plurality,gt,minimax,gtd,Schulze,IRV
Borda,0.0,-0.009433962264150943,-0.009433962264150943,0.0,-0.009433962264150943,0.0,-0.009433962264150943
plurality,0.009433962264150943,0.0,0.0,0.009433962264150943,0.0,0.009433962264150943,0.0
gt,0.009433962264150943,0.0,0.0,0.009433962264150943,0.0,0.009433962264150943,0.0
minimax,0.0,-0.009433962264150943,-0.009433962264150943,0.0,-0.009433962264150943,0.0,-0.009433962264150943
gtd,0.009433962264150943,0.0,0.0,0.009433962264150943,0.0,0.009433962264150943,0.0
Schulze,0.0,-0.009433962264150943,-0.009433962264150943,0.0,-0.009433962264150943,0.0,-0.009433962264150943
IRV,0.009433962264150943,0.0,0.0,0.009433962264150943,0.0,0.009433962264150943,0.0
