,Borda,plurality,gt,minimax,gtd,Schulze,IRV
Borda,0.0,-0.0213903743315508,-0.0213903743315508,0.0,-0.0213903743315508,0.0,0.0855614973262032
plurality,0.0213903743315508,0.0,0.0,0.0213903743315508,0.0,0.0213903743315508,-0.0374331550802139
gt,0.0213903743315508,0.0,0.0,0.0213903743315508,0.0,0.0213903743315508,-0.0374331550802139
minimax,0.0,-0.0213903743315508,-0.0213903743315508,0.0,-0.0213903743315508,0.0,0.0855614973262032
gtd,0.0213903743315508,0.0,0.0,0.0213903743315508,0.0,0.0213903743315508,-0.0374331550802139
Schulze,0.0,-0.0213903743315508,-0.0213903743315508,0.0,-0.0213903743315508,0.0,0.0855614973262032
IRV,-0.0855614973262032,0.0374331550802139,0.0374331550802139,-0.0855614973262032,0.0374331550802139,-0.0855614973262032,0.0
