,Borda,plurality,gt,minimax,gtd,Schulze,IRV
Borda,0.0,0.14485981308411214,-0.009345794392523364,-0.009345794392523364,-0.009345794392523364,-0.009345794392523364,0.0
plurality,-0.14485981308411214,0.0,-0.1261682242990654,-0.1261682242990654,-0.1261682242990654,-0.1261682242990654,-0.14485981308411214
gt,0.009345794392523364,0.1261682242990654,0.0,0.0,0.0,0.0,0.009345794392523364
minimax,0.009345794392523364,0.1261682242990654,0.0,0.0,0.0,0.0,0.009345794392523364
gtd,0.009345794392523364,0.1261682242990654,0.0,0.0,0.0,0.0,0.009345794392523364
Schulze,0.009345794392523364,0.1261682242990654,0.0,0.0,0.0,0.0,0.009345794392523364
IRV,0.0,0.14485981308411214,-0.009345794392523364,-0.009345794392523364,-0.009345794392523364,-0.009345794392523364,0.0
