,Borda,plurality,gt,minimax,gtd,Schulze,IRV
Borda,0.0,-0.007957559681697613,0.034482758620689655,-0.007957559681697613,-0.007957559681697613,-0.007957559681697613,0.034482758620689655
plurality,0.007957559681697613,0.0,-0.002652519893899204,0.0,0.0,0.0,-0.002652519893899204
gt,-0.034482758620689655,0.002652519893899204,0.0,0.002652519893899204,0.002652519893899204,0.002652519893899204,0.0
minimax,0.007957559681697613,0.0,-0.002652519893899204,0.0,0.0,0.0,-0.002652519893899204
gtd,0.007957559681697613,0.0,-0.002652519893899204,0.0,0.0,0.0,-0.002652519893899204
Schulze,0.007957559681697613,0.0,-0.002652519893899204,0.0,0.0,0.0,-0.002652519893899204
IRV,-0.034482758620689655,0.002652519893899204,0.0,0.002652519893899204,0.002652519893899204,0.002652519893899204,0.0
