,Borda,plurality,gt,minimax,gtd,Schulze,IRV
Borda,0.0,-0.04,0.0,0.025185185185185185,0.025185185185185185,0.025185185185185185,-0.04
plurality,0.04,0.0,0.04,-0.03111111111111111,-0.03111111111111111,-0.03111111111111111,0.0
gt,0.0,-0.04,0.0,0.025185185185185185,0.025185185185185185,0.025185185185185185,-0.04
minimax,-0.025185185185185185,0.03111111111111111,-0.025185185185185185,0.0,0.0,0.0,0.03111111111111111
gtd,-0.025185185185185185,0.03111111111111111,-0.025185185185185185,0.0,0.0,0.0,0.03111111111111111
Schulze,-0.025185185185185185,0.03111111111111111,-0.025185185185185185,0.0,0.0,0.0,0.03111111111111111
IRV,0.04,0.0,0.04,-0.03111111111111111,-0.03111111111111111,-0.03111111111111111,0.0
