,Borda,plurality,gt,minimax,gtd,Schulze,IRV
Borda,0.0,0.04632152588555858,-0.013623978201634877,0.0,0.0,0.0,0.04632152588555858
plurality,-0.04632152588555858,0.0,0.051771117166212535,-0.04632152588555858,-0.04632152588555858,-0.04632152588555858,0.0
gt,0.013623978201634877,-0.051771117166212535,0.0,0.013623978201634877,0.013623978201634877,0.013623978201634877,-0.051771117166212535
minimax,0.0,0.04632152588555858,-0.013623978201634877,0.0,0.0,0.0,0.04632152588555858
gtd,0.0,0.04632152588555858,-0.013623978201634877,0.0,0.0,0.0,0.04632152588555858
Schulze,0.0,0.04632152588555858,-0.013623978201634877,0.0,0.0,0.0,0.04632152588555858
IRV,-0.04632152588555858,0.0,0.051771117166212535,-0.04632152588555858,-0.04632152588555858,-0.04632152588555858,0.0
