,Borda,plurality,gt,minimax,gtd,Schulze,IRV
Borda,0.0,0.1724137931034483,0.0,0.0,0.0,0.0,0.07389162561576355
plurality,-0.1724137931034483,0.0,-0.1477832512315271,-0.1724137931034483,-0.1477832512315271,-0.1724137931034483,-0.11330049261083744
gt,0.0,0.1477832512315271,0.0,0.0,0.0,0.0,0.024630541871921183
minimax,0.0,0.1724137931034483,0.0,0.0,0.0,0.0,0.07389162561576355
gtd,0.0,0.1477832512315271,0.0,0.0,0.0,0.0,0.024630541871921183
Schulze,0.0,0.1724137931034483,0.0,0.0,0.0,0.0,0.07389162561576355
IRV,-0.07389162561576355,0.11330049261083744,-0.024630541871921183,-0.07389162561576355,-0.024630541871921183,-0.07389162561576355,0.0
