,Borda,plurality,gt,minimax,gtd,Schulze,IRV
Borda,0.0,-0.03225806451612903,0.01935483870967742,-0.03225806451612903,0.01935483870967742,-0.03225806451612903,-0.03225806451612903
plurality,0.03225806451612903,0.0,-0.002150537634408602,0.0,-0.002150537634408602,0.0,0.0
gt,-0.01935483870967742,0.002150537634408602,0.0,0.002150537634408602,0.0,0.002150537634408602,0.002150537634408602
minimax,0.03225806451612903,0.0,-0.002150537634408602,0.0,-0.002150537634408602,0.0,0.0
gtd,-0.01935483870967742,0.002150537634408602,0.0,0.002150537634408602,0.0,0.002150537634408602,0.002150537634408602
Schulze,0.03225806451612903,0.0,-0.002150537634408602,0.0,-0.002150537634408602,0.0,0.0
IRV,0.03225806451612903,0.0,-0.002150537634408602,0.0,-0.002150537634408602,0.0,0.0
