,Borda,plurality,gt,minimax,gtd,Schulze,IRV
Borda,0.0,0.024930747922437674,-0.002770083102493075,0.0,-0.002770083102493075,0.0,0.024930747922437674
plurality,-0.024930747922437674,0.0,0.008310249307479225,-0.024930747922437674,0.008310249307479225,-0.024930747922437674,0.0
gt,0.002770083102493075,-0.008310249307479225,0.0,0.002770083102493075,0.0,0.002770083102493075,-0.008310249307479225
minimax,0.0,0.024930747922437674,-0.002770083102493075,0.0,-0.002770083102493075,0.0,0.024930747922437674
gtd,0.002770083102493075,-0.008310249307479225,0.0,0.002770083102493075,0.0,0.002770083102493075,-0.008310249307479225
Schulze,0.0,0.024930747922437674,-0.002770083102493075,0.0,-0.002770083102493075,0.0,0.024930747922437674
IRV,-0.024930747922437674,0.0,0.008310249307479225,-0.024930747922437674,0.008310249307479225,-0.024930747922437674,0.0
