,Borda,plurality,gt,minimax,gtd,Schulze,IRV
Borda,0.0,-0.0205761316872428,0.0,-0.0205761316872428,-0.0205761316872428,-0.0205761316872428,0.04938271604938271
plurality,0.0205761316872428,0.0,0.0205761316872428,0.0,0.0,0.0,-0.01646090534979424
gt,0.0,-0.0205761316872428,0.0,-0.0205761316872428,-0.0205761316872428,-0.0205761316872428,0.04938271604938271
minimax,0.0205761316872428,0.0,0.0205761316872428,0.0,0.0,0.0,-0.01646090534979424
gtd,0.0205761316872428,0.0,0.0205761316872428,0.0,0.0,0.0,-0.01646090534979424
Schulze,0.0205761316872428,0.0,0.0205761316872428,0.0,0.0,0.0,-0.01646090534979424
IRV,-0.04938271604938271,0.01646090534979424,-0.04938271604938271,0.01646090534979424,0.01646090534979424,0.01646090534979424,0.0
