,Borda,plurality,gt,minimax,gtd,Schulze,IRV
Borda,0.0,-0.023255813953488372,-0.023255813953488372,0.0,-0.023255813953488372,0.0,-0.023255813953488372
plurality,0.023255813953488372,0.0,0.0,0.023255813953488372,0.0,0.023255813953488372,0.0
gt,0.023255813953488372,0.0,0.0,0.023255813953488372,0.0,0.023255813953488372,0.0
minimax,0.0,-0.023255813953488372,-0.023255813953488372,0.0,-0.023255813953488372,0.0,-0.023255813953488372
gtd,0.023255813953488372,0.0,0.0,0.023255813953488372,0.0,0.023255813953488372,0.0
Schulze,0.0,-0.023255813953488372,-0.023255813953488372,0.0,-0.023255813953488372,0.0,-0.023255813953488372
IRV,0.023255813953488372,0.0,0.0,0.023255813953488372,0.0,0.023255813953488372,0.0
