,Borda,plurality,gt,minimax,gtd,Schulze,IRV
Borda,0.0,0.05472636815920398,0.0,-0.03150912106135987,-0.03150912106135987,-0.03150912106135987,0.0
plurality,-0.05472636815920398,0.0,-0.05472636815920398,0.014925373134328358,0.014925373134328358,0.014925373134328358,-0.05472636815920398
gt,0.0,0.05472636815920398,0.0,-0.03150912106135987,-0.03150912106135987,-0.03150912106135987,0.0
minimax,0.03150912106135987,-0.014925373134328358,0.03150912106135987,0.0,0.0,0.0,0.03150912106135987
gtd,0.03150912106135987,-0.014925373134328358,0.03150912106135987,0.0,0.0,0.0,0.03150912106135987
Schulze,0.03150912106135987,-0.014925373134328358,0.03150912106135987,0.0,0.0,0.0,0.03150912106135987
IRV,0.0,0.05472636815920398,0.0,-0.03150912106135987,-0.03150912106135987,-0.03150912106135987,0.0
