,Borda,plurality,gt,minimax,gtd,Schulze,IRV
Borda,0.0,-0.004273504273504274,-0.004273504273504274,0.0,-0.004273504273504274,0.0,0.0811965811965812
plurality,0.004273504273504274,0.0,0.0,0.004273504273504274,0.0,0.004273504273504274,-0.017094017094017096
gt,0.004273504273504274,0.0,0.0,0.004273504273504274,0.0,0.004273504273504274,-0.017094017094017096
minimax,0.0,-0.004273504273504274,-0.004273504273504274,0.0,-0.004273504273504274,0.0,0.0811965811965812
gtd,0.004273504273504274,0.0,0.0,0.004273504273504274,0.0,0.004273504273504274,-0.017094017094017096
Schulze,0.0,-0.004273504273504274,-0.004273504273504274,0.0,-0.004273504273504274,0.0,0.0811965811965812
IRV,-0.0811965811965812,0.017094017094017096,0.017094017094017096,-0.0811965811965812,0.017094017094017096,-0.0811965811965812,0.0
