,Borda,plurality,gt,minimax,gtd,Schulze,IRV
Borda,0.0,0.036619718309859155,0.0,0.0,-0.0028169014084507044,0.0,0.0
plurality,-0.036619718309859155,0.0,-0.036619718309859155,-0.036619718309859155,0.02535211267605634,-0.036619718309859155,-0.036619718309859155
gt,0.0,0.036619718309859155,0.0,0.0,-0.0028169014084507044,0.0,0.0
minimax,0.0,0.036619718309859155,0.0,0.0,-0.0028169014084507044,0.0,0.0
gtd,0.0028169014084507044,-0.02535211267605634,0.0028169014084507044,0.0028169014084507044,0.0,0.0028169014084507044,0.0028169014084507044
Schulze,0.0,0.036619718309859155,0.0,0.0,-0.0028169014084507044,0.0,0.0
IRV,0.0,0.036619718309859155,0.0,0.0,-0.0028169014084507044,0.0,0.0
