,Borda,plurality,gt,minimax,gtd,Schulze,IRV
Borda,0.0,0.06451612903225806,-0.004032258064516129,0.0,-0.004032258064516129,0.0,0.06451612903225806
plurality,-0.06451612903225806,0.0,0.004032258064516129,-0.06451612903225806,0.004032258064516129,-0.06451612903225806,0.0
gt,0.004032258064516129,-0.004032258064516129,0.0,0.004032258064516129,0.0,0.004032258064516129,-0.004032258064516129
minimax,0.0,0.06451612903225806,-0.004032258064516129,0.0,-0.004032258064516129,0.0,0.06451612903225806
gtd,0.004032258064516129,-0.004032258064516129,0.0,0.004032258064516129,0.0,0.004032258064516129,-0.004032258064516129
Schulze,0.0,0.06451612903225806,-0.004032258064516129,0.0,-0.004032258064516129,0.0,0.06451612903225806
IRV,-0.06451612903225806,0.0,0.004032258064516129,-0.06451612903225806,0.004032258064516129,-0.06451612903225806,0.0
