,Borda,plurality,gt,minimax,gtd,Schulze,IRV
Borda,0.0,-0.056910569105691054,0.04607046070460705,-0.056910569105691054,0.04607046070460705,-0.056910569105691054,0.04607046070460705
plurality,0.056910569105691054,0.0,-0.02981029810298103,0.0,-0.02981029810298103,0.0,-0.02981029810298103
gt,-0.04607046070460705,0.02981029810298103,0.0,0.02981029810298103,0.0,0.02981029810298103,0.0
minimax,0.056910569105691054,0.0,-0.02981029810298103,0.0,-0.02981029810298103,0.0,-0.02981029810298103
gtd,-0.04607046070460705,0.02981029810298103,0.0,0.02981029810298103,0.0,0.02981029810298103,0.0
Schulze,0.056910569105691054,0.0,-0.02981029810298103,0.0,-0.02981029810298103,0.0,-0.02981029810298103
IRV,-0.04607046070460705,0.02981029810298103,0.0,0.02981029810298103,0.0,0.02981029810298103,0.0
