,Borda,plurality,gt,minimax,gtd,Schulze,IRV
Borda,0.0,-0.002840909090909091,0.0,0.0,-0.002840909090909091,0.0,-0.002840909090909091
plurality,0.002840909090909091,0.0,0.002840909090909091,0.002840909090909091,0.0,0.002840909090909091,0.0
gt,0.0,-0.002840909090909091,0.0,0.0,-0.002840909090909091,0.0,-0.002840909090909091
minimax,0.0,-0.002840909090909091,0.0,0.0,-0.002840909090909091,0.0,-0.002840909090909091
gtd,0.002840909090909091,0.0,0.002840909090909091,0.002840909090909091,0.0,0.002840909090909091,0.0
Schulze,0.0,-0.002840909090909091,0.0,0.0,-0.002840909090909091,0.0,-0.002840909090909091
IRV,0.002840909090909091,0.0,0.002840909090909091,0.002840909090909091,0.0,0.002840909090909091,0.0
