,Borda,plurality,gt,minimax,gtd,Schulze,IRV
Borda,0.0,-0.05134474327628362,0.017114914425427872,0.017114914425427872,0.017114914425427872,0.017114914425427872,0.017114914425427872
plurality,0.05134474327628362,0.0,-0.04156479217603912,-0.04156479217603912,-0.04156479217603912,-0.04156479217603912,-0.04156479217603912
gt,-0.017114914425427872,0.04156479217603912,0.0,0.0,0.0,0.0,0.0
minimax,-0.017114914425427872,0.04156479217603912,0.0,0.0,0.0,0.0,0.0
gtd,-0.017114914425427872,0.04156479217603912,0.0,0.0,0.0,0.0,0.0
Schulze,-0.017114914425427872,0.04156479217603912,0.0,0.0,0.0,0.0,0.0
IRV,-0.017114914425427872,0.04156479217603912,0.0,0.0,0.0,0.0,0.0
