,Borda,plurality,gt,minimax,gtd,Schulze,IRV
Borda,0.0,-0.005319148936170213,-0.005319148936170213,0.0,-0.005319148936170213,0.0,0.0797872340425532
plurality,0.005319148936170213,0.0,0.0,0.005319148936170213,0.0,0.005319148936170213,-0.026595744680851064
gt,0.005319148936170213,0.0,0.0,0.005319148936170213,0.0,0.005319148936170213,-0.026595744680851064
minimax,0.0,-0.005319148936170213,-0.005319148936170213,0.0,-0.005319148936170213,0.0,0.0797872340425532
gtd,0.005319148936170213,0.0,0.0,0.005319148936170213,0.0,0.005319148936170213,-0.026595744680851064
Schulze,0.0,-0.005319148936170213,-0.005319148936170213,0.0,-0.005319148936170213,0.0,0.0797872340425532
IRV,-0.0797872340425532,0.026595744680851064,0.026595744680851064,-0.0797872340425532,0.026595744680851064,-0.0797872340425532,0.0
