,Borda,plurality,gt,minimax,gtd,Schulze,IRV
Borda,0.0,-0.005405405405405406,0.016216216216216217,-0.005405405405405406,-0.005405405405405406,-0.005405405405405406,0.016216216216216217
plurality,0.005405405405405406,0.0,-0.005405405405405406,0.0,0.0,0.0,-0.005405405405405406
gt,-0.016216216216216217,0.005405405405405406,0.0,0.005405405405405406,0.005405405405405406,0.005405405405405406,0.0
minimax,0.005405405405405406,0.0,-0.005405405405405406,0.0,0.0,0.0,-0.005405405405405406
gtd,0.005405405405405406,0.0,-0.005405405405405406,0.0,0.0,0.0,-0.005405405405405406
Schulze,0.005405405405405406,0.0,-0.005405405405405406,0.0,0.0,0.0,-0.005405405405405406
IRV,-0.016216216216216217,0.005405405405405406,0.0,0.005405405405405406,0.005405405405405406,0.005405405405405406,0.0
