,Borda,plurality,gt,minimax,gtd,Schulze,IRV
Borda,0.0,0.04139433551198257,0.015250544662309368,-0.010893246187363835,-0.010893246187363835,-0.010893246187363835,0.0
plurality,-0.04139433551198257,0.0,-0.037037037037037035,-0.037037037037037035,-0.037037037037037035,-0.037037037037037035,-0.04139433551198257
gt,-0.015250544662309368,0.037037037037037035,0.0,0.006535947712418301,0.006535947712418301,0.006535947712418301,-0.015250544662309368
minimax,0.010893246187363835,0.037037037037037035,-0.006535947712418301,0.0,0.0,0.0,0.010893246187363835
gtd,0.010893246187363835,0.037037037037037035,-0.006535947712418301,0.0,0.0,0.0,0.010893246187363835
Schulze,0.010893246187363835,0.037037037037037035,-0.006535947712418301,0.0,0.0,0.0,0.010893246187363835
IRV,0.0,0.04139433551198257,0.015250544662309368,-0.010893246187363835,-0.010893246187363835,-0.010893246187363835,0.0
