,Borda,plurality,gt,minimax,gtd,Schulze,IRV
Borda,0.0,-0.0010256410256410256,-0.0010256410256410256,0.0,-0.0010256410256410256,0.0,-0.0010256410256410256
plurality,0.0010256410256410256,0.0,0.0,0.0010256410256410256,0.0,0.0010256410256410256,0.0
gt,0.0010256410256410256,0.0,0.0,0.0010256410256410256,0.0,0.0010256410256410256,0.0
minimax,0.0,-0.0010256410256410256,-0.0010256410256410256,0.0,-0.0010256410256410256,0.0,-0.0010256410256410256
gtd,0.0010256410256410256,0.0,0.0,0.0010256410256410256,0.0,0.0010256410256410256,0.0
Schulze,0.0,-0.0010256410256410256,-0.0010256410256410256,0.0,-0.0010256410256410256,0.0,-0.0010256410256410256
IRV,0.0010256410256410256,0.0,0.0,0.0010256410256410256,0.0,0.0010256410256410256,0.0
