,Borda,plurality,gt,minimax,gtd,Schulze,IRV
Borda,0.0,-0.02865761689291101,0.0,-0.02865761689291101,-0.02865761689291101,-0.02865761689291101,-0.02865761689291101
plurality,0.02865761689291101,0.0,0.02865761689291101,0.0,0.0,0.0,0.0
gt,0.0,-0.02865761689291101,0.0,-0.02865761689291101,-0.02865761689291101,-0.02865761689291101,-0.02865761689291101
minimax,0.02865761689291101,0.0,0.02865761689291101,0.0,0.0,0.0,0.0
gtd,0.02865761689291101,0.0,0.02865761689291101,0.0,0.0,0.0,0.0
Schulze,0.02865761689291101,0.0,0.02865761689291101,0.0,0.0,0.0,0.0
IRV,0.02865761689291101,0.0,0.02865761689291101,0.0,0.0,0.0,0.0
