,Borda,plurality,gt,minimax,gtd,Schulze,IRV
Borda,0.0,-0.07253886010362694,0.023316062176165803,-0.07253886010362694,0.023316062176165803,-0.07253886010362694,-0.07253886010362694
plurality,0.07253886010362694,0.0,-0.010362694300518135,0.0,-0.010362694300518135,0.0,0.0
gt,-0.023316062176165803,0.010362694300518135,0.0,0.010362694300518135,0.0,0.010362694300518135,0.010362694300518135
minimax,0.07253886010362694,0.0,-0.010362694300518135,0.0,-0.010362694300518135,0.0,0.0
gtd,-0.023316062176165803,0.010362694300518135,0.0,0.010362694300518135,0.0,0.010362694300518135,0.010362694300518135
Schulze,0.07253886010362694,0.0,-0.010362694300518135,0.0,-0.010362694300518135,0.0,0.0
IRV,0.07253886010362694,0.0,-0.010362694300518135,0.0,-0.010362694300518135,0.0,0.0
