,Borda,plurality,gt,minimax,gtd,Schulze,IRV
Borda,0.0,-0.10192837465564739,0.013774104683195593,0.013774104683195593,0.013774104683195593,0.013774104683195593,-0.10192837465564739
plurality,0.10192837465564739,0.0,-0.024793388429752067,-0.024793388429752067,-0.024793388429752067,-0.024793388429752067,0.0
gt,-0.013774104683195593,0.024793388429752067,0.0,0.0,0.0,0.0,0.024793388429752067
minimax,-0.013774104683195593,0.024793388429752067,0.0,0.0,0.0,0.0,0.024793388429752067
gtd,-0.013774104683195593,0.024793388429752067,0.0,0.0,0.0,0.0,0.024793388429752067
Schulze,-0.013774104683195593,0.024793388429752067,0.0,0.0,0.0,0.0,0.024793388429752067
IRV,0.10192837465564739,0.0,-0.024793388429752067,-0.024793388429752067,-0.024793388429752067,-0.024793388429752067,0.0
