,Borda,plurality,gt,minimax,gtd,Schulze,IRV
Borda,0.0,0.0,-0.01160092807424594,-0.01160092807424594,-0.01160092807424594,-0.01160092807424594,0.0
plurality,0.0,0.0,-0.01160092807424594,-0.01160092807424594,-0.01160092807424594,-0.01160092807424594,0.0
gt,0.01160092807424594,0.01160092807424594,0.0,0.0,0.0,0.0,0.01160092807424594
minimax,0.01160092807424594,0.01160092807424594,0.0,0.0,0.0,0.0,0.01160092807424594
gtd,0.01160092807424594,0.01160092807424594,0.0,0.0,0.0,0.0,0.01160092807424594
Schulze,0.01160092807424594,0.01160092807424594,0.0,0.0,0.0,0.0,0.01160092807424594
IRV,0.0,0.0,-0.01160092807424594,-0.01160092807424594,-0.01160092807424594,-0.01160092807424594,0.0
