,Borda,plurality,gt,minimax,gtd,Schulze,IRV
Borda,0.0,0.0,0.0,0.0,0.0,0.0,0.049586776859504134
plurality,0.0,0.0,0.0,0.0,0.0,0.0,-0.028925619834710745
gt,0.0,0.0,0.0,0.0,0.0,0.0,-0.028925619834710745
minimax,0.0,0.0,0.0,0.0,0.0,0.0,0.049586776859504134
gtd,0.0,0.0,0.0,0.0,0.0,0.0,0.049586776859504134
Schulze,0.0,0.0,0.0,0.0,0.0,0.0,0.049586776859504134
IRV,-0.049586776859504134,0.028925619834710745,0.028925619834710745,-0.049586776859504134,-0.049586776859504134,-0.049586776859504134,0.0
