,Borda,plurality,gt,minimax,gtd,Schulze,IRV
Borda,0.0,-0.017142857142857144,-0.017142857142857144,0.0,-0.017142857142857144,0.0,0.08571428571428572
plurality,0.017142857142857144,0.0,0.0,0.017142857142857144,0.0,0.017142857142857144,-0.017142857142857144
gt,0.017142857142857144,0.0,0.0,0.017142857142857144,0.0,0.017142857142857144,-0.017142857142857144
minimax,0.0,-0.017142857142857144,-0.017142857142857144,0.0,-0.017142857142857144,0.0,0.08571428571428572
gtd,0.017142857142857144,0.0,0.0,0.017142857142857144,0.0,0.017142857142857144,-0.017142857142857144
Schulze,0.0,-0.017142857142857144,-0.017142857142857144,0.0,-0.017142857142857144,0.0,0.08571428571428572
IRV,-0.08571428571428572,0.017142857142857144,0.017142857142857144,-0.08571428571428572,0.017142857142857144,-0.08571428571428572,0.0
