,Borda,plurality,gt,minimax,gtd,Schulze,IRV
Borda,0.0,0.14457831325301204,0.0,0.0,0.0,0.0,0.0
plurality,-0.14457831325301204,0.0,-0.14457831325301204,-0.14457831325301204,-0.1536144578313253,-0.14457831325301204,-0.14457831325301204
gt,0.0,0.14457831325301204,0.0,0.0,0.0,0.0,0.0
minimax,0.0,0.14457831325301204,0.0,0.0,0.0,0.0,0.0
gtd,0.0,0.1536144578313253,0.0,0.0,0.0,0.0,0.0
Schulze,0.0,0.14457831325301204,0.0,0.0,0.0,0.0,0.0
IRV,0.0,0.14457831325301204,0.0,0.0,0.0,0.0,0.0
