,Borda,plurality,gt,minimax,gtd,Schulze,IRV
Borda,0.0,-0.02425876010781671,-0.02425876010781671,-0.02425876010781671,-0.02425876010781671,-0.02425876010781671,0.05121293800539083
plurality,0.02425876010781671,0.0,0.0,0.0,0.0,0.0,-0.0026954177897574125
gt,0.02425876010781671,0.0,0.0,0.0,0.0,0.0,-0.0026954177897574125
minimax,0.02425876010781671,0.0,0.0,0.0,0.0,0.0,-0.0026954177897574125
gtd,0.02425876010781671,0.0,0.0,0.0,0.0,0.0,-0.0026954177897574125
Schulze,0.02425876010781671,0.0,0.0,0.0,0.0,0.0,-0.0026954177897574125
IRV,-0.05121293800539083,0.0026954177897574125,0.0026954177897574125,0.0026954177897574125,0.0026954177897574125,0.0026954177897574125,0.0
