,Borda,plurality,gt,minimax,gtd,Schulze,IRV
Borda,0.0,-0.012285012285012284,-0.012285012285012284,-0.012285012285012284,-0.012285012285012284,-0.012285012285012284,0.06142506142506143
plurality,0.012285012285012284,0.0,0.0,0.0,0.0,0.0,-0.007371007371007371
gt,0.012285012285012284,0.0,0.0,0.0,0.0,0.0,-0.007371007371007371
minimax,0.012285012285012284,0.0,0.0,0.0,0.0,0.0,-0.007371007371007371
gtd,0.012285012285012284,0.0,0.0,0.0,0.0,0.0,-0.007371007371007371
Schulze,0.012285012285012284,0.0,0.0,0.0,0.0,0.0,-0.007371007371007371
IRV,-0.06142506142506143,0.007371007371007371,0.007371007371007371,0.007371007371007371,0.007371007371007371,0.007371007371007371,0.0
