,Borda,plurality,gt,minimax,gtd,Schulze,IRV
Borda,0.0,0.06698564593301436,0.0,0.0,0.0,0.0,0.0430622009569378
plurality,-0.06698564593301436,0.0,-0.06698564593301436,-0.06698564593301436,-0.06698564593301436,-0.06698564593301436,-0.06698564593301436
gt,0.0,0.06698564593301436,0.0,0.0,0.0,0.0,0.03827751196172249
minimax,0.0,0.06698564593301436,0.0,0.0,0.0,0.0,0.03827751196172249
gtd,0.0,0.06698564593301436,0.0,0.0,0.0,0.0,0.0430622009569378
Schulze,0.0,0.06698564593301436,0.0,0.0,0.0,0.0,0.03827751196172249
IRV,-0.0430622009569378,0.06698564593301436,-0.03827751196172249,-0.03827751196172249,-0.0430622009569378,-0.03827751196172249,0.0
