,Borda,plurality,gt,minimax,gtd,Schulze,IRV
Borda,0.0,0.014792899408284023,-0.0029585798816568047,0.0,0.0,0.0,0.0
plurality,-0.014792899408284023,0.0,0.03254437869822485,-0.014792899408284023,-0.014792899408284023,-0.014792899408284023,-0.014792899408284023
gt,0.0029585798816568047,-0.03254437869822485,0.0,0.0029585798816568047,0.0029585798816568047,0.0029585798816568047,0.0029585798816568047
minimax,0.0,0.014792899408284023,-0.0029585798816568047,0.0,0.0,0.0,0.0
gtd,0.0,0.014792899408284023,-0.0029585798816568047,0.0,0.0,0.0,0.0
Schulze,0.0,0.014792899408284023,-0.0029585798816568047,0.0,0.0,0.0,0.0
IRV,0.0,0.014792899408284023,-0.0029585798816568047,0.0,0.0,0.0,0.0
