,Borda,plurality,gt,minimax,gtd,Schulze,IRV
Borda,0.0,0.03926096997690531,-0.016166281755196306,-0.016166281755196306,-0.016166281755196306,-0.016166281755196306,0.03926096997690531
plurality,-0.03926096997690531,0.0,0.0023094688221709007,0.0023094688221709007,0.0023094688221709007,0.0023094688221709007,0.0
gt,0.016166281755196306,-0.0023094688221709007,0.0,0.0,0.0,0.0,-0.0023094688221709007
minimax,0.016166281755196306,-0.0023094688221709007,0.0,0.0,0.0,0.0,-0.0023094688221709007
gtd,0.016166281755196306,-0.0023094688221709007,0.0,0.0,0.0,0.0,-0.0023094688221709007
Schulze,0.016166281755196306,-0.0023094688221709007,0.0,0.0,0.0,0.0,-0.0023094688221709007
IRV,-0.03926096997690531,0.0,0.0023094688221709007,0.0023094688221709007,0.0023094688221709007,0.0023094688221709007,0.0
