,Borda,plurality,gt,minimax,gtd,Schulze,IRV
Borda,0.0,0.028132992327365727,-0.0025575447570332483,0.0,-0.0025575447570332483,0.0,0.028132992327365727
plurality,-0.028132992327365727,0.0,0.028132992327365727,-0.028132992327365727,0.028132992327365727,-0.028132992327365727,0.0
gt,0.0025575447570332483,-0.028132992327365727,0.0,0.0025575447570332483,0.0,0.0025575447570332483,-0.028132992327365727
minimax,0.0,0.028132992327365727,-0.0025575447570332483,0.0,-0.0025575447570332483,0.0,0.028132992327365727
gtd,0.0025575447570332483,-0.028132992327365727,0.0,0.0025575447570332483,0.0,0.0025575447570332483,-0.028132992327365727
Schulze,0.0,0.028132992327365727,-0.0025575447570332483,0.0,-0.0025575447570332483,0.0,0.028132992327365727
IRV,-0.028132992327365727,0.0,0.028132992327365727,-0.028132992327365727,0.028132992327365727,-0.028132992327365727,0.0
