,Borda,plurality,gt,minimax,gtd,Schulze,IRV
Borda,0.0,-0.053613053613053616,0.0,0.016317016317016316,0.016317016317016316,0.016317016317016316,0.016317016317016316
plurality,0.053613053613053616,0.0,0.053613053613053616,-0.02564102564102564,-0.02564102564102564,-0.02564102564102564,-0.02564102564102564
gt,0.0,-0.053613053613053616,0.0,0.016317016317016316,0.016317016317016316,0.016317016317016316,0.016317016317016316
minimax,-0.016317016317016316,0.02564102564102564,-0.016317016317016316,0.0,0.0,0.0,0.0
gtd,-0.016317016317016316,0.02564102564102564,-0.016317016317016316,0.0,0.0,0.0,0.0
Schulze,-0.016317016317016316,0.02564102564102564,-0.016317016317016316,0.0,0.0,0.0,0.0
IRV,-0.016317016317016316,0.02564102564102564,-0.016317016317016316,0.0,0.0,0.0,0.0
