,Borda,plurality,gt,minimax,gtd,Schulze,IRV
Borda,0.0,0.0,0.010141987829614604,0.010141987829614604,0.0,0.010141987829614604,-0.018255578093306288
plurality,0.0,0.0,0.010141987829614604,0.010141987829614604,0.0,0.010141987829614604,-0.018255578093306288
gt,-0.010141987829614604,-0.010141987829614604,0.0,0.0,-0.010141987829614604,0.0,0.038539553752535496
minimax,-0.010141987829614604,-0.010141987829614604,0.0,0.0,-0.010141987829614604,0.0,0.038539553752535496
gtd,0.0,0.0,0.010141987829614604,0.010141987829614604,0.0,0.010141987829614604,-0.018255578093306288
Schulze,-0.010141987829614604,-0.010141987829614604,0.0,0.0,-0.010141987829614604,0.0,0.038539553752535496
IRV,0.018255578093306288,0.018255578093306288,-0.038539553752535496,-0.038539553752535496,0.018255578093306288,-0.038539553752535496,0.0
