,Borda,plurality,gt,minimax,gtd,Schulze,IRV
Borda,0.0,-0.013157894736842105,-0.013157894736842105,0.0,0.0,0.0,-0.013157894736842105
plurality,0.013157894736842105,0.0,0.0,0.013157894736842105,0.013157894736842105,0.013157894736842105,0.0
gt,0.013157894736842105,0.0,0.0,0.013157894736842105,0.013157894736842105,0.013157894736842105,0.0
minimax,0.0,-0.013157894736842105,-0.013157894736842105,0.0,0.0,0.0,-0.013157894736842105
gtd,0.0,-0.013157894736842105,-0.013157894736842105,0.0,0.0,0.0,-0.013157894736842105
Schulze,0.0,-0.013157894736842105,-0.013157894736842105,0.0,0.0,0.0,-0.013157894736842105
IRV,0.013157894736842105,0.0,0.0,0.013157894736842105,0.013157894736842105,0.013157894736842105,0.0
