,Borda,plurality,gt,minimax,gtd,Schulze,IRV
Borda,0.0,-0.011111111111111112,-0.011111111111111112,0.0,-0.011111111111111112,0.0,0.05555555555555555
plurality,0.011111111111111112,0.0,0.0,0.011111111111111112,0.0,0.011111111111111112,-0.022222222222222223
gt,0.011111111111111112,0.0,0.0,0.011111111111111112,0.0,0.011111111111111112,-0.022222222222222223
minimax,0.0,-0.011111111111111112,-0.011111111111111112,0.0,-0.011111111111111112,0.0,0.05555555555555555
gtd,0.011111111111111112,0.0,0.0,0.011111111111111112,0.0,0.011111111111111112,-0.022222222222222223
Schulze,0.0,-0.011111111111111112,-0.011111111111111112,0.0,-0.011111111111111112,0.0,0.05555555555555555
IRV,-0.05555555555555555,0.022222222222222223,0.022222222222222223,-0.05555555555555555,0.022222222222222223,-0.05555555555555555,0.0
