,Borda,plurality,gt,minimax,gtd,Schulze,IRV
Borda,0.0,-0.0051813471502590676,-0.0051813471502590676,-0.0051813471502590676,-0.0051813471502590676,-0.0051813471502590676,0.05181347150259067
plurality,0.0051813471502590676,0.0,0.0,0.0,0.0,0.0,-0.0051813471502590676
gt,0.0051813471502590676,0.0,0.0,0.0,0.0,0.0,-0.0051813471502590676
minimax,0.0051813471502590676,0.0,0.0,0.0,0.0,0.0,-0.0051813471502590676
gtd,0.0051813471502590676,0.0,0.0,0.0,0.0,0.0,-0.0051813471502590676
Schulze,0.0051813471502590676,0.0,0.0,0.0,0.0,0.0,-0.0051813471502590676
IRV,-0.05181347150259067,0.0051813471502590676,0.0051813471502590676,0.0051813471502590676,0.0051813471502590676,0.0051813471502590676,0.0
