,Borda,plurality,gt,minimax,gtd,Schulze,IRV
Borda,0.0,0.07894736842105263,0.0,0.0,0.0,0.0,0.0
plurality,-0.07894736842105263,0.0,-0.07894736842105263,-0.07894736842105263,-0.06315789473684211,-0.07894736842105263,-0.06315789473684211
gt,0.0,0.07894736842105263,0.0,0.0,0.0,0.0,0.0
minimax,0.0,0.07894736842105263,0.0,0.0,0.0,0.0,0.0
gtd,0.0,0.06315789473684211,0.0,0.0,0.0,0.0,0.0
Schulze,0.0,0.07894736842105263,0.0,0.0,0.0,0.0,0.0
IRV,0.0,0.06315789473684211,0.0,0.0,0.0,0.0,0.0
