,Borda,plurality,gt,minimax,gtd,Schulze,IRV
Borda,0.0,0.031315240083507306,-0.006263048016701462,0.0,0.0,0.0,0.0
plurality,-0.031315240083507306,0.0,0.03549060542797495,-0.031315240083507306,-0.031315240083507306,-0.031315240083507306,-0.031315240083507306
gt,0.006263048016701462,-0.03549060542797495,0.0,0.006263048016701462,0.006263048016701462,0.006263048016701462,0.006263048016701462
minimax,0.0,0.031315240083507306,-0.006263048016701462,0.0,0.0,0.0,0.0
gtd,0.0,0.031315240083507306,-0.006263048016701462,0.0,0.0,0.0,0.0
Schulze,0.0,0.031315240083507306,-0.006263048016701462,0.0,0.0,0.0,0.0
IRV,0.0,0.031315240083507306,-0.006263048016701462,0.0,0.0,0.0,0.0
