,Borda,plurality,gt,minimax,gtd,Schulze,IRV
Borda,0.0,0.0,-0.03954802259887006,-0.03954802259887006,-0.03954802259887006,-0.03954802259887006,0.0
plurality,0.0,0.0,-0.03954802259887006,-0.03954802259887006,-0.03954802259887006,-0.03954802259887006,0.0
gt,0.03954802259887006,0.03954802259887006,0.0,0.0,0.0,0.0,0.03954802259887006
minimax,0.03954802259887006,0.03954802259887006,0.0,0.0,0.0,0.0,0.03954802259887006
gtd,0.03954802259887006,0.03954802259887006,0.0,0.0,0.0,0.0,0.03954802259887006
Schulze,0.03954802259887006,0.03954802259887006,0.0,0.0,0.0,0.0,0.03954802259887006
IRV,0.0,0.0,-0.03954802259887006,-0.03954802259887006,-0.03954802259887006,-0.03954802259887006,0.0
