,Borda,plurality,gt,minimax,gtd,Schulze,IRV
Borda,0.0,0.02214022140221402,0.0,0.0,0.0,0.0,0.02214022140221402
plurality,-0.02214022140221402,0.0,-0.02214022140221402,-0.02214022140221402,-0.02214022140221402,-0.02214022140221402,0.0
gt,0.0,0.02214022140221402,0.0,0.0,0.0,0.0,0.02214022140221402
minimax,0.0,0.02214022140221402,0.0,0.0,0.0,0.0,0.02214022140221402
gtd,0.0,0.02214022140221402,0.0,0.0,0.0,0.0,0.02214022140221402
Schulze,0.0,0.02214022140221402,0.0,0.0,0.0,0.0,0.02214022140221402
IRV,-0.02214022140221402,0.0,-0.02214022140221402,-0.02214022140221402,-0.02214022140221402,-0.02214022140221402,0.0
