,Borda,plurality,gt,minimax,gtd,Schulze,IRV
Borda,0.0,-0.008064516129032258,-0.008064516129032258,0.0,-0.008064516129032258,0.0,-0.008064516129032258
plurality,0.008064516129032258,0.0,0.0,0.008064516129032258,0.0,0.008064516129032258,0.0
gt,0.008064516129032258,0.0,0.0,0.008064516129032258,0.0,0.008064516129032258,0.0
minimax,0.0,-0.008064516129032258,-0.008064516129032258,0.0,-0.008064516129032258,0.0,-0.008064516129032258
gtd,0.008064516129032258,0.0,0.0,0.008064516129032258,0.0,0.008064516129032258,0.0
Schulze,0.0,-0.008064516129032258,-0.008064516129032258,0.0,-0.008064516129032258,0.0,-0.008064516129032258
IRV,0.008064516129032258,0.0,0.0,0.008064516129032258,0.0,0.008064516129032258,0.0
