,Borda,plurality,gt,minimax,gtd,Schulze,IRV
Borda,0.0,-0.0117096018735363,-0.0117096018735363,0.0,-0.0117096018735363,0.0,0.03044496487119438
plurality,0.0117096018735363,0.0,0.0,0.0117096018735363,0.0,0.0117096018735363,-0.02107728337236534
gt,0.0117096018735363,0.0,0.0,0.0117096018735363,0.0,0.0117096018735363,-0.02107728337236534
minimax,0.0,-0.0117096018735363,-0.0117096018735363,0.0,-0.0117096018735363,0.0,0.03044496487119438
gtd,0.0117096018735363,0.0,0.0,0.0117096018735363,0.0,0.0117096018735363,-0.02107728337236534
Schulze,0.0,-0.0117096018735363,-0.0117096018735363,0.0,-0.0117096018735363,0.0,0.03044496487119438
IRV,-0.03044496487119438,0.02107728337236534,0.02107728337236534,-0.03044496487119438,0.02107728337236534,-0.03044496487119438,0.0
