,Borda,plurality,gt,minimax,gtd,Schulze,IRV
Borda,0.0,0.01744186046511628,0.01744186046511628,-0.05232558139534884,0.01744186046511628,-0.05232558139534884,0.01744186046511628
plurality,-0.01744186046511628,0.0,0.0,0.00872093023255814,0.0,0.00872093023255814,0.0
gt,-0.01744186046511628,0.0,0.0,0.00872093023255814,0.0,0.00872093023255814,0.0
minimax,0.05232558139534884,-0.00872093023255814,-0.00872093023255814,0.0,-0.00872093023255814,0.0,-0.00872093023255814
gtd,-0.01744186046511628,0.0,0.0,0.00872093023255814,0.0,0.00872093023255814,0.0
Schulze,0.05232558139534884,-0.00872093023255814,-0.00872093023255814,0.0,-0.00872093023255814,0.0,-0.00872093023255814
IRV,-0.01744186046511628,0.0,0.0,0.00872093023255814,0.0,0.00872093023255814,0.0
