,Borda,plurality,gt,minimax,gtd,Schulze,IRV
Borda,0.0,0.058823529411764705,0.0,0.0,0.0,0.0,0.0
plurality,-0.058823529411764705,0.0,-0.06722689075630252,-0.058823529411764705,-0.06722689075630252,-0.058823529411764705,-0.058823529411764705
gt,0.0,0.06722689075630252,0.0,0.0,0.0,0.0,0.0
minimax,0.0,0.058823529411764705,0.0,0.0,0.0,0.0,0.0
gtd,0.0,0.06722689075630252,0.0,0.0,0.0,0.0,0.0
Schulze,0.0,0.058823529411764705,0.0,0.0,0.0,0.0,0.0
IRV,0.0,0.058823529411764705,0.0,0.0,0.0,0.0,0.0
