,Borda,plurality,gt,minimax,gtd,Schulze,IRV
Borda,0.0,-0.0027100271002710027,0.04607046070460705,0.0,-0.0027100271002710027,0.0,-0.0027100271002710027
plurality,0.0027100271002710027,0.0,-0.024390243902439025,0.0027100271002710027,0.0,0.0027100271002710027,0.0
gt,-0.04607046070460705,0.024390243902439025,0.0,-0.04607046070460705,0.024390243902439025,-0.04607046070460705,0.024390243902439025
minimax,0.0,-0.0027100271002710027,0.04607046070460705,0.0,-0.0027100271002710027,0.0,-0.0027100271002710027
gtd,0.0027100271002710027,0.0,-0.024390243902439025,0.0027100271002710027,0.0,0.0027100271002710027,0.0
Schulze,0.0,-0.0027100271002710027,0.04607046070460705,0.0,-0.0027100271002710027,0.0,-0.0027100271002710027
IRV,0.0027100271002710027,0.0,-0.024390243902439025,0.0027100271002710027,0.0,0.0027100271002710027,0.0
