,Borda,plurality,gt,minimax,gtd,Schulze,IRV
Borda,0.0,0.017921146953405017,0.0,0.0,0.0,0.0,0.0
plurality,-0.017921146953405017,0.0,-0.014336917562724014,-0.017921146953405017,-0.014336917562724014,-0.017921146953405017,-0.014336917562724014
gt,0.0,0.014336917562724014,0.0,0.0,0.0,0.0,0.0
minimax,0.0,0.017921146953405017,0.0,0.0,0.0,0.0,0.0
gtd,0.0,0.014336917562724014,0.0,0.0,0.0,0.0,0.0
Schulze,0.0,0.017921146953405017,0.0,0.0,0.0,0.0,0.0
IRV,0.0,0.014336917562724014,0.0,0.0,0.0,0.0,0.0
