,Borda,plurality,gt,minimax,gtd,Schulze,IRV
Borda,0.0,0.03485254691689008,-0.00804289544235925,-0.00804289544235925,-0.00804289544235925,-0.00804289544235925,0.0
plurality,-0.03485254691689008,0.0,0.002680965147453083,0.002680965147453083,0.002680965147453083,0.002680965147453083,-0.03485254691689008
gt,0.00804289544235925,-0.002680965147453083,0.0,0.0,0.0,0.0,0.00804289544235925
minimax,0.00804289544235925,-0.002680965147453083,0.0,0.0,0.0,0.0,0.00804289544235925
gtd,0.00804289544235925,-0.002680965147453083,0.0,0.0,0.0,0.0,0.00804289544235925
Schulze,0.00804289544235925,-0.002680965147453083,0.0,0.0,0.0,0.0,0.00804289544235925
IRV,0.0,0.03485254691689008,-0.00804289544235925,-0.00804289544235925,-0.00804289544235925,-0.00804289544235925,0.0
