,Borda,plurality,gt,minimax,gtd,Schulze,IRV
Borda,0.0,0.0,0.0425531914893617,-0.015957446808510637,-0.015957446808510637,-0.015957446808510637,0.0
plurality,0.0,0.0,0.0425531914893617,-0.015957446808510637,-0.015957446808510637,-0.015957446808510637,0.0
gt,-0.0425531914893617,-0.0425531914893617,0.0,0.015957446808510637,0.015957446808510637,0.015957446808510637,-0.0425531914893617
minimax,0.015957446808510637,0.015957446808510637,-0.015957446808510637,0.0,0.0,0.0,0.015957446808510637
gtd,0.015957446808510637,0.015957446808510637,-0.015957446808510637,0.0,0.0,0.0,0.015957446808510637
Schulze,0.015957446808510637,0.015957446808510637,-0.015957446808510637,0.0,0.0,0.0,0.015957446808510637
IRV,0.0,0.0,0.0425531914893617,-0.015957446808510637,-0.015957446808510637,-0.015957446808510637,0.0
