,Borda,plurality,gt,minimax,gtd,Schulze,IRV
Borda,0.0,0.027160493827160494,0.0,0.0,-0.007407407407407408,0.0,0.027160493827160494
plurality,-0.027160493827160494,0.0,-0.027160493827160494,-0.027160493827160494,0.01728395061728395,-0.027160493827160494,0.0
gt,0.0,0.027160493827160494,0.0,0.0,-0.007407407407407408,0.0,0.027160493827160494
minimax,0.0,0.027160493827160494,0.0,0.0,-0.007407407407407408,0.0,0.027160493827160494
gtd,0.007407407407407408,-0.01728395061728395,0.007407407407407408,0.007407407407407408,0.0,0.007407407407407408,-0.01728395061728395
Schulze,0.0,0.027160493827160494,0.0,0.0,-0.007407407407407408,0.0,0.027160493827160494
IRV,-0.027160493827160494,0.0,-0.027160493827160494,-0.027160493827160494,0.01728395061728395,-0.027160493827160494,0.0
