,Borda,plurality,gt,minimax,gtd,Schulze,IRV
Borda,0.0,-0.033112582781456956,-0.033112582781456956,-0.033112582781456956,-0.033112582781456956,-0.033112582781456956,0.046357615894039736
plurality,0.033112582781456956,0.0,0.0,0.0,0.0,0.0,-0.011037527593818985
gt,0.033112582781456956,0.0,0.0,0.0,0.0,0.0,-0.011037527593818985
minimax,0.033112582781456956,0.0,0.0,0.0,0.0,0.0,-0.011037527593818985
gtd,0.033112582781456956,0.0,0.0,0.0,0.0,0.0,-0.011037527593818985
Schulze,0.033112582781456956,0.0,0.0,0.0,0.0,0.0,-0.011037527593818985
IRV,-0.046357615894039736,0.011037527593818985,0.011037527593818985,0.011037527593818985,0.011037527593818985,0.011037527593818985,0.0
