,Borda,plurality,gt,minimax,gtd,Schulze,IRV
Borda,0.0,-0.02894736842105263,0.04473684210526316,-0.02894736842105263,-0.02894736842105263,-0.02894736842105263,-0.02894736842105263
plurality,0.02894736842105263,0.0,0.0,0.0,0.0,0.0,0.0
gt,-0.04473684210526316,0.0,0.0,0.0,0.0,0.0,0.0
minimax,0.02894736842105263,0.0,0.0,0.0,0.0,0.0,0.0
gtd,0.02894736842105263,0.0,0.0,0.0,0.0,0.0,0.0
Schulze,0.02894736842105263,0.0,0.0,0.0,0.0,0.0,0.0
IRV,0.02894736842105263,0.0,0.0,0.0,0.0,0.0,0.0
