,Borda,plurality,gt,minimax,gtd,Schulze,IRV
Borda,0.0,0.01272264631043257,-0.01272264631043257,-0.01272264631043257,-0.01272264631043257,-0.01272264631043257,0.0
plurality,-0.01272264631043257,0.0,0.002544529262086514,0.002544529262086514,0.002544529262086514,0.002544529262086514,-0.01272264631043257
gt,0.01272264631043257,-0.002544529262086514,0.0,0.0,0.0,0.0,0.01272264631043257
minimax,0.01272264631043257,-0.002544529262086514,0.0,0.0,0.0,0.0,0.01272264631043257
gtd,0.01272264631043257,-0.002544529262086514,0.0,0.0,0.0,0.0,0.01272264631043257
Schulze,0.01272264631043257,-0.002544529262086514,0.0,0.0,0.0,0.0,0.01272264631043257
IRV,0.0,0.01272264631043257,-0.01272264631043257,-0.01272264631043257,-0.01272264631043257,-0.01272264631043257,0.0
