,Borda,plurality,gt,minimax,gtd,Schulze,IRV
Borda,0.0,0.038560411311053984,-0.012853470437017995,0.0,0.0,0.0,0.0
plurality,-0.038560411311053984,0.0,0.06426735218508997,-0.038560411311053984,-0.038560411311053984,-0.038560411311053984,-0.038560411311053984
gt,0.012853470437017995,-0.06426735218508997,0.0,0.012853470437017995,0.012853470437017995,0.012853470437017995,0.012853470437017995
minimax,0.0,0.038560411311053984,-0.012853470437017995,0.0,0.0,0.0,0.0
gtd,0.0,0.038560411311053984,-0.012853470437017995,0.0,0.0,0.0,0.0
Schulze,0.0,0.038560411311053984,-0.012853470437017995,0.0,0.0,0.0,0.0
IRV,0.0,0.038560411311053984,-0.012853470437017995,0.0,0.0,0.0,0.0
