,Borda,plurality,gt,minimax,gtd,Schulze,IRV
Borda,0.0,0.02097902097902098,-0.011655011655011656,-0.011655011655011656,-0.011655011655011656,-0.011655011655011656,0.02097902097902098
plurality,-0.02097902097902098,0.0,0.002331002331002331,0.002331002331002331,0.002331002331002331,0.002331002331002331,0.0
gt,0.011655011655011656,-0.002331002331002331,0.0,0.0,0.0,0.0,-0.002331002331002331
minimax,0.011655011655011656,-0.002331002331002331,0.0,0.0,0.0,0.0,-0.002331002331002331
gtd,0.011655011655011656,-0.002331002331002331,0.0,0.0,0.0,0.0,-0.002331002331002331
Schulze,0.011655011655011656,-0.002331002331002331,0.0,0.0,0.0,0.0,-0.002331002331002331
IRV,-0.02097902097902098,0.0,0.002331002331002331,0.002331002331002331,0.002331002331002331,0.002331002331002331,0.0
