,Borda,plurality,gt,minimax,gtd,Schulze,IRV
Borda,0.0,0.01511879049676026,0.0,0.01511879049676026,0.0,0.01511879049676026,0.01511879049676026
plurality,-0.01511879049676026,0.0,-0.01511879049676026,0.0,-0.01511879049676026,0.0,0.0
gt,0.0,0.01511879049676026,0.0,0.01511879049676026,0.0,0.01511879049676026,0.01511879049676026
minimax,-0.01511879049676026,0.0,-0.01511879049676026,0.0,-0.01511879049676026,0.0,0.0
gtd,0.0,0.01511879049676026,0.0,0.01511879049676026,0.0,0.01511879049676026,0.01511879049676026
Schulze,-0.01511879049676026,0.0,-0.01511879049676026,0.0,-0.01511879049676026,0.0,0.0
IRV,-0.01511879049676026,0.0,-0.01511879049676026,0.0,-0.01511879049676026,0.0,0.0
