,Borda,plurality,gt,minimax,gtd,Schulze,IRV
Borda,0.0,-0.04564315352697095,-0.04564315352697095,-0.04564315352697095,0.04564315352697095,-0.04564315352697095,-0.04564315352697095
plurality,0.04564315352697095,0.0,0.0,0.0,-0.024896265560165973,0.0,0.0
gt,0.04564315352697095,0.0,0.0,0.0,-0.024896265560165973,0.0,0.0
minimax,0.04564315352697095,0.0,0.0,0.0,-0.024896265560165973,0.0,0.0
gtd,-0.04564315352697095,0.024896265560165973,0.024896265560165973,0.024896265560165973,0.0,0.024896265560165973,0.024896265560165973
Schulze,0.04564315352697095,0.0,0.0,0.0,-0.024896265560165973,0.0,0.0
IRV,0.04564315352697095,0.0,0.0,0.0,-0.024896265560165973,0.0,0.0
