,Borda,plurality,gt,minimax,gtd,Schulze,IRV
Borda,0.0,0.09973045822102426,-0.04043126684636118,-0.04043126684636118,-0.04043126684636118,-0.04043126684636118,0.09973045822102426
plurality,-0.09973045822102426,0.0,0.029649595687331536,0.029649595687331536,0.029649595687331536,0.029649595687331536,0.0
gt,0.04043126684636118,-0.029649595687331536,0.0,0.0,0.0,0.0,-0.029649595687331536
minimax,0.04043126684636118,-0.029649595687331536,0.0,0.0,0.0,0.0,-0.029649595687331536
gtd,0.04043126684636118,-0.029649595687331536,0.0,0.0,0.0,0.0,-0.029649595687331536
Schulze,0.04043126684636118,-0.029649595687331536,0.0,0.0,0.0,0.0,-0.029649595687331536
IRV,-0.09973045822102426,0.0,0.029649595687331536,0.029649595687331536,0.029649595687331536,0.029649595687331536,0.0
