,Borda,plurality,gt,minimax,gtd,Schulze,IRV
Borda,0.0,0.1323529411764706,0.0,0.0,-0.0196078431372549,0.0,0.09803921568627451
plurality,-0.1323529411764706,0.0,-0.1323529411764706,-0.1323529411764706,-0.1715686274509804,-0.1323529411764706,-0.14705882352941177
gt,0.0,0.1323529411764706,0.0,0.0,-0.0196078431372549,0.0,0.09803921568627451
minimax,0.0,0.1323529411764706,0.0,0.0,-0.0196078431372549,0.0,0.09803921568627451
gtd,0.0196078431372549,0.1715686274509804,0.0196078431372549,0.0196078431372549,0.0,0.0196078431372549,-0.06862745098039216
Schulze,0.0,0.1323529411764706,0.0,0.0,-0.0196078431372549,0.0,0.09803921568627451
IRV,-0.09803921568627451,0.14705882352941177,-0.09803921568627451,-0.09803921568627451,0.06862745098039216,-0.09803921568627451,0.0
