,Borda,plurality,gt,minimax,gtd,Schulze,IRV
Borda,0.0,0.02711864406779661,0.0,0.0,-0.003389830508474576,0.0,0.0
plurality,-0.02711864406779661,0.0,-0.02711864406779661,-0.02711864406779661,0.013559322033898305,-0.02711864406779661,-0.02711864406779661
gt,0.0,0.02711864406779661,0.0,0.0,-0.003389830508474576,0.0,0.0
minimax,0.0,0.02711864406779661,0.0,0.0,-0.003389830508474576,0.0,0.0
gtd,0.003389830508474576,-0.013559322033898305,0.003389830508474576,0.003389830508474576,0.0,0.003389830508474576,0.003389830508474576
Schulze,0.0,0.02711864406779661,0.0,0.0,-0.003389830508474576,0.0,0.0
IRV,0.0,0.02711864406779661,0.0,0.0,-0.003389830508474576,0.0,0.0
