,Borda,plurality,gt,minimax,gtd,Schulze,IRV
Borda,0.0,0.06958250497017893,-0.02186878727634195,0.0,-0.02186878727634195,0.0,0.06958250497017893
plurality,-0.06958250497017893,0.0,0.02584493041749503,-0.06958250497017893,0.02584493041749503,-0.06958250497017893,0.0
gt,0.02186878727634195,-0.02584493041749503,0.0,0.02186878727634195,0.0,0.02186878727634195,-0.02584493041749503
minimax,0.0,0.06958250497017893,-0.02186878727634195,0.0,-0.02186878727634195,0.0,0.06958250497017893
gtd,0.02186878727634195,-0.02584493041749503,0.0,0.02186878727634195,0.0,0.02186878727634195,-0.02584493041749503
Schulze,0.0,0.06958250497017893,-0.02186878727634195,0.0,-0.02186878727634195,0.0,0.06958250497017893
IRV,-0.06958250497017893,0.0,0.02584493041749503,-0.06958250497017893,0.02584493041749503,-0.06958250497017893,0.0
