,Borda,plurality,gt,minimax,gtd,Schulze,IRV
Borda,0.0,-0.007444168734491315,-0.007444168734491315,-0.007444168734491315,-0.007444168734491315,-0.007444168734491315,-0.007444168734491315
plurality,0.007444168734491315,0.0,0.0,0.0,0.0,0.0,0.0
gt,0.007444168734491315,0.0,0.0,0.0,0.0,0.0,0.0
minimax,0.007444168734491315,0.0,0.0,0.0,0.0,0.0,0.0
gtd,0.007444168734491315,0.0,0.0,0.0,0.0,0.0,0.0
Schulze,0.007444168734491315,0.0,0.0,0.0,0.0,0.0,0.0
IRV,0.007444168734491315,0.0,0.0,0.0,0.0,0.0,0.0
