,Borda,plurality,gt,minimax,gtd,Schulze,IRV
Borda,0.0,0.04582210242587601,0.0,0.0,-0.0026954177897574125,0.0,0.0
plurality,-0.04582210242587601,0.0,-0.04582210242587601,-0.04582210242587601,0.018867924528301886,-0.04582210242587601,-0.04582210242587601
gt,0.0,0.04582210242587601,0.0,0.0,-0.0026954177897574125,0.0,0.0
minimax,0.0,0.04582210242587601,0.0,0.0,-0.0026954177897574125,0.0,0.0
gtd,0.0026954177897574125,-0.018867924528301886,0.0026954177897574125,0.0026954177897574125,0.0,0.0026954177897574125,0.0026954177897574125
Schulze,0.0,0.04582210242587601,0.0,0.0,-0.0026954177897574125,0.0,0.0
IRV,0.0,0.04582210242587601,0.0,0.0,-0.0026954177897574125,0.0,0.0
