,Borda,plurality,gt,minimax,gtd,Schulze,IRV
Borda,0.0,0.04859335038363171,-0.0076726342710997444,0.0,-0.0076726342710997444,0.0,0.0
plurality,-0.04859335038363171,0.0,0.03324808184143223,-0.04859335038363171,0.03324808184143223,-0.04859335038363171,-0.04859335038363171
gt,0.0076726342710997444,-0.03324808184143223,0.0,0.0076726342710997444,0.0,0.0076726342710997444,0.0076726342710997444
minimax,0.0,0.04859335038363171,-0.0076726342710997444,0.0,-0.0076726342710997444,0.0,0.0
gtd,0.0076726342710997444,-0.03324808184143223,0.0,0.0076726342710997444,0.0,0.0076726342710997444,0.0076726342710997444
Schulze,0.0,0.04859335038363171,-0.0076726342710997444,0.0,-0.0076726342710997444,0.0,0.0
IRV,0.0,0.04859335038363171,-0.0076726342710997444,0.0,-0.0076726342710997444,0.0,0.0
