,Borda,plurality,gt,minimax,gtd,Schulze,IRV
Borda,0.0,0.23478260869565218,0.0,0.0,0.0,0.0,0.0
plurality,-0.23478260869565218,0.0,-0.21304347826086956,-0.23478260869565218,-0.21304347826086956,-0.23478260869565218,-0.21304347826086956
gt,0.0,0.21304347826086956,0.0,0.0,0.0,0.0,0.0
minimax,0.0,0.23478260869565218,0.0,0.0,0.0,0.0,0.0
gtd,0.0,0.21304347826086956,0.0,0.0,0.0,0.0,0.0
Schulze,0.0,0.23478260869565218,0.0,0.0,0.0,0.0,0.0
IRV,0.0,0.21304347826086956,0.0,0.0,0.0,0.0,0.0
