,Borda,plurality,gt,minimax,gtd,Schulze,IRV
Borda,0.0,-0.02717391304347826,0.059782608695652176,-0.02717391304347826,-0.02717391304347826,-0.02717391304347826,0.059782608695652176
plurality,0.02717391304347826,0.0,-0.016304347826086956,0.0,0.0,0.0,-0.016304347826086956
gt,-0.059782608695652176,0.016304347826086956,0.0,0.016304347826086956,0.016304347826086956,0.016304347826086956,0.0
minimax,0.02717391304347826,0.0,-0.016304347826086956,0.0,0.0,0.0,-0.016304347826086956
gtd,0.02717391304347826,0.0,-0.016304347826086956,0.0,0.0,0.0,-0.016304347826086956
Schulze,0.02717391304347826,0.0,-0.016304347826086956,0.0,0.0,0.0,-0.016304347826086956
IRV,-0.059782608695652176,0.016304347826086956,0.0,0.016304347826086956,0.016304347826086956,0.016304347826086956,0.0
