,Borda,plurality,gt,minimax,gtd,Schulze,IRV
Borda,0.0,0.02535211267605634,-0.0028169014084507044,0.0,0.0,0.0,0.0
plurality,-0.02535211267605634,0.0,0.030985915492957747,-0.02535211267605634,-0.02535211267605634,-0.02535211267605634,-0.02535211267605634
gt,0.0028169014084507044,-0.030985915492957747,0.0,0.0028169014084507044,0.0028169014084507044,0.0028169014084507044,0.0028169014084507044
minimax,0.0,0.02535211267605634,-0.0028169014084507044,0.0,0.0,0.0,0.0
gtd,0.0,0.02535211267605634,-0.0028169014084507044,0.0,0.0,0.0,0.0
Schulze,0.0,0.02535211267605634,-0.0028169014084507044,0.0,0.0,0.0,0.0
IRV,0.0,0.02535211267605634,-0.0028169014084507044,0.0,0.0,0.0,0.0
