,Borda,plurality,gt,minimax,gtd,Schulze,IRV
Borda,0.0,0.0,-0.039603960396039604,-0.039603960396039604,-0.039603960396039604,-0.039603960396039604,-0.039603960396039604
plurality,0.0,0.0,-0.039603960396039604,-0.039603960396039604,-0.039603960396039604,-0.039603960396039604,-0.039603960396039604
gt,0.039603960396039604,0.039603960396039604,0.0,0.0,0.0,0.0,0.0
minimax,0.039603960396039604,0.039603960396039604,0.0,0.0,0.0,0.0,0.0
gtd,0.039603960396039604,0.039603960396039604,0.0,0.0,0.0,0.0,0.0
Schulze,0.039603960396039604,0.039603960396039604,0.0,0.0,0.0,0.0,0.0
IRV,0.039603960396039604,0.039603960396039604,0.0,0.0,0.0,0.0,0.0
