,Borda,plurality,gt,minimax,gtd,Schulze,IRV
Borda,0.0,0.04878048780487805,-0.00975609756097561,0.0,-0.00975609756097561,0.0,0.04878048780487805
plurality,-0.04878048780487805,0.0,0.014634146341463415,-0.04878048780487805,0.014634146341463415,-0.04878048780487805,0.0
gt,0.00975609756097561,-0.014634146341463415,0.0,0.00975609756097561,0.0,0.00975609756097561,-0.014634146341463415
minimax,0.0,0.04878048780487805,-0.00975609756097561,0.0,-0.00975609756097561,0.0,0.04878048780487805
gtd,0.00975609756097561,-0.014634146341463415,0.0,0.00975609756097561,0.0,0.00975609756097561,-0.014634146341463415
Schulze,0.0,0.04878048780487805,-0.00975609756097561,0.0,-0.00975609756097561,0.0,0.04878048780487805
IRV,-0.04878048780487805,0.0,0.014634146341463415,-0.04878048780487805,0.014634146341463415,-0.04878048780487805,0.0
