,Borda,plurality,gt,minimax,gtd,Schulze,IRV
Borda,0.0,0.06217616580310881,0.0,0.0,0.0,0.0,0.06217616580310881
plurality,-0.06217616580310881,0.0,-0.06217616580310881,-0.06217616580310881,-0.06217616580310881,-0.06217616580310881,0.0
gt,0.0,0.06217616580310881,0.0,0.0,0.0,0.0,0.06217616580310881
minimax,0.0,0.06217616580310881,0.0,0.0,0.0,0.0,0.06217616580310881
gtd,0.0,0.06217616580310881,0.0,0.0,0.0,0.0,0.06217616580310881
Schulze,0.0,0.06217616580310881,0.0,0.0,0.0,0.0,0.06217616580310881
IRV,-0.06217616580310881,0.0,-0.06217616580310881,-0.06217616580310881,-0.06217616580310881,-0.06217616580310881,0.0
