,Borda,plurality,gt,minimax,gtd,Schulze,IRV
Borda,0.0,0.007125890736342043,0.007125890736342043,-0.021377672209026127,0.007125890736342043,-0.021377672209026127,0.0
plurality,-0.007125890736342043,0.0,0.0,0.007125890736342043,0.0,0.007125890736342043,-0.007125890736342043
gt,-0.007125890736342043,0.0,0.0,0.007125890736342043,0.0,0.007125890736342043,-0.007125890736342043
minimax,0.021377672209026127,-0.007125890736342043,-0.007125890736342043,0.0,-0.007125890736342043,0.0,0.021377672209026127
gtd,-0.007125890736342043,0.0,0.0,0.007125890736342043,0.0,0.007125890736342043,-0.007125890736342043
Schulze,0.021377672209026127,-0.007125890736342043,-0.007125890736342043,0.0,-0.007125890736342043,0.0,0.021377672209026127
IRV,0.0,0.007125890736342043,0.007125890736342043,-0.021377672209026127,0.007125890736342043,-0.021377672209026127,0.0
