,Borda,plurality,gt,minimax,gtd,Schulze,IRV
Borda,0.0,-0.005405405405405406,-0.005405405405405406,0.0,-0.005405405405405406,0.0,0.02702702702702703
plurality,0.005405405405405406,0.0,0.0,0.005405405405405406,0.0,0.005405405405405406,-0.016216216216216217
gt,0.005405405405405406,0.0,0.0,0.005405405405405406,0.0,0.005405405405405406,-0.016216216216216217
minimax,0.0,-0.005405405405405406,-0.005405405405405406,0.0,-0.005405405405405406,0.0,0.02702702702702703
gtd,0.005405405405405406,0.0,0.0,0.005405405405405406,0.0,0.005405405405405406,-0.016216216216216217
Schulze,0.0,-0.005405405405405406,-0.005405405405405406,0.0,-0.005405405405405406,0.0,0.02702702702702703
IRV,-0.02702702702702703,0.016216216216216217,0.016216216216216217,-0.02702702702702703,0.016216216216216217,-0.02702702702702703,0.0
