,Borda,plurality,gt,minimax,gtd,Schulze,IRV
Borda,0.0,-0.0028328611898017,-0.0028328611898017,-0.0028328611898017,-0.0028328611898017,-0.0028328611898017,0.0169971671388102
plurality,0.0028328611898017,0.0,0.0,0.0,0.0,0.0,0.0
gt,0.0028328611898017,0.0,0.0,0.0,0.0,0.0,0.0
minimax,0.0028328611898017,0.0,0.0,0.0,0.0,0.0,0.0
gtd,0.0028328611898017,0.0,0.0,0.0,0.0,0.0,0.0
Schulze,0.0028328611898017,0.0,0.0,0.0,0.0,0.0,0.0
IRV,-0.0169971671388102,0.0,0.0,0.0,0.0,0.0,0.0
