,Borda,plurality,gt,minimax,gtd,Schulze,IRV
Borda,0.0,-0.00510204081632653,0.05102040816326531,0.0,-0.00510204081632653,0.0,-0.00510204081632653
plurality,0.00510204081632653,0.0,-0.04591836734693878,0.00510204081632653,0.0,0.00510204081632653,0.0
gt,-0.05102040816326531,0.04591836734693878,0.0,-0.05102040816326531,0.04591836734693878,-0.05102040816326531,0.04591836734693878
minimax,0.0,-0.00510204081632653,0.05102040816326531,0.0,-0.00510204081632653,0.0,-0.00510204081632653
gtd,0.00510204081632653,0.0,-0.04591836734693878,0.00510204081632653,0.0,0.00510204081632653,0.0
Schulze,0.0,-0.00510204081632653,0.05102040816326531,0.0,-0.00510204081632653,0.0,-0.00510204081632653
IRV,0.00510204081632653,0.0,-0.04591836734693878,0.00510204081632653,0.0,0.00510204081632653,0.0
