,Borda,plurality,gt,minimax,gtd,Schulze,IRV
Borda,0.0,-0.004405286343612335,0.013215859030837005,-0.004405286343612335,-0.004405286343612335,-0.004405286343612335,0.013215859030837005
plurality,0.004405286343612335,0.0,0.0,0.0,0.0,0.0,0.0
gt,-0.013215859030837005,0.0,0.0,0.0,0.0,0.0,0.0
minimax,0.004405286343612335,0.0,0.0,0.0,0.0,0.0,0.0
gtd,0.004405286343612335,0.0,0.0,0.0,0.0,0.0,0.0
Schulze,0.004405286343612335,0.0,0.0,0.0,0.0,0.0,0.0
IRV,-0.013215859030837005,0.0,0.0,0.0,0.0,0.0,0.0
