,Borda,plurality,gt,minimax,gtd,Schulze,IRV
Borda,0.0,-0.0045045045045045045,0.0,0.0,-0.0045045045045045045,0.0,0.03153153153153153
plurality,0.0045045045045045045,0.0,0.0045045045045045045,0.0045045045045045045,0.0,0.0045045045045045045,-0.013513513513513514
gt,0.0,-0.0045045045045045045,0.0,0.0,-0.0045045045045045045,0.0,0.03153153153153153
minimax,0.0,-0.0045045045045045045,0.0,0.0,-0.0045045045045045045,0.0,0.03153153153153153
gtd,0.0045045045045045045,0.0,0.0045045045045045045,0.0045045045045045045,0.0,0.0045045045045045045,-0.013513513513513514
Schulze,0.0,-0.0045045045045045045,0.0,0.0,-0.0045045045045045045,0.0,0.03153153153153153
IRV,-0.03153153153153153,0.013513513513513514,-0.03153153153153153,-0.03153153153153153,0.013513513513513514,-0.03153153153153153,0.0
