,Borda,plurality,gt,minimax,gtd,Schulze,IRV
Borda,0.0,0.07131537242472266,-0.017432646592709985,-0.017432646592709985,-0.017432646592709985,-0.017432646592709985,0.030110935023771792
plurality,-0.07131537242472266,0.0,-0.07765451664025357,-0.07765451664025357,-0.07765451664025357,-0.07765451664025357,-0.02694136291600634
gt,0.017432646592709985,0.07765451664025357,0.0,0.0,0.0,0.0,-0.011093502377179081
minimax,0.017432646592709985,0.07765451664025357,0.0,0.0,0.0,0.0,-0.011093502377179081
gtd,0.017432646592709985,0.07765451664025357,0.0,0.0,0.0,0.0,-0.011093502377179081
Schulze,0.017432646592709985,0.07765451664025357,0.0,0.0,0.0,0.0,-0.011093502377179081
IRV,-0.030110935023771792,0.02694136291600634,0.011093502377179081,0.011093502377179081,0.011093502377179081,0.011093502377179081,0.0
