,Borda,plurality,gt,minimax,gtd,Schulze,IRV
Borda,0.0,-0.016216216216216217,0.0,-0.016216216216216217,-0.016216216216216217,-0.016216216216216217,0.03783783783783784
plurality,0.016216216216216217,0.0,0.016216216216216217,0.0,0.0,0.0,-0.005405405405405406
gt,0.0,-0.016216216216216217,0.0,-0.016216216216216217,-0.016216216216216217,-0.016216216216216217,0.03783783783783784
minimax,0.016216216216216217,0.0,0.016216216216216217,0.0,0.0,0.0,-0.005405405405405406
gtd,0.016216216216216217,0.0,0.016216216216216217,0.0,0.0,0.0,-0.005405405405405406
Schulze,0.016216216216216217,0.0,0.016216216216216217,0.0,0.0,0.0,-0.005405405405405406
IRV,-0.03783783783783784,0.005405405405405406,-0.03783783783783784,0.005405405405405406,0.005405405405405406,0.005405405405405406,0.0
