,Borda,plurality,gt,minimax,gtd,Schulze,IRV
Borda,0.0,0.0,-0.01289134438305709,0.0,-0.01289134438305709,0.0,0.0
plurality,0.0,0.0,-0.01289134438305709,0.0,-0.01289134438305709,0.0,0.0
gt,0.01289134438305709,0.01289134438305709,0.0,0.01289134438305709,0.0,0.01289134438305709,0.01289134438305709
minimax,0.0,0.0,-0.01289134438305709,0.0,-0.01289134438305709,0.0,0.0
gtd,0.01289134438305709,0.01289134438305709,0.0,0.01289134438305709,0.0,0.01289134438305709,0.01289134438305709
Schulze,0.0,0.0,-0.01289134438305709,0.0,-0.01289134438305709,0.0,0.0
IRV,0.0,0.0,-0.01289134438305709,0.0,-0.01289134438305709,0.0,0.0
