,Borda,plurality,gt,minimax,gtd,Schulze,IRV
Borda,0.0,0.038696537678207736,-0.018329938900203666,0.0,-0.018329938900203666,0.0,0.0
plurality,-0.038696537678207736,0.0,0.018329938900203666,-0.038696537678207736,0.018329938900203666,-0.038696537678207736,-0.038696537678207736
gt,0.018329938900203666,-0.018329938900203666,0.0,0.018329938900203666,0.0,0.018329938900203666,0.018329938900203666
minimax,0.0,0.038696537678207736,-0.018329938900203666,0.0,-0.018329938900203666,0.0,0.0
gtd,0.018329938900203666,-0.018329938900203666,0.0,0.018329938900203666,0.0,0.018329938900203666,0.018329938900203666
Schulze,0.0,0.038696537678207736,-0.018329938900203666,0.0,-0.018329938900203666,0.0,0.0
IRV,0.0,0.038696537678207736,-0.018329938900203666,0.0,-0.018329938900203666,0.0,0.0
