,Borda,plurality,gt,minimax,gtd,Schulze,IRV
Borda,0.0,0.02512562814070352,-0.06532663316582915,0.02512562814070352,0.02512562814070352,0.02512562814070352,0.0
plurality,-0.02512562814070352,0.0,0.035175879396984924,0.0,0.0,0.0,-0.02512562814070352
gt,0.06532663316582915,-0.035175879396984924,0.0,-0.035175879396984924,-0.035175879396984924,-0.035175879396984924,0.06532663316582915
minimax,-0.02512562814070352,0.0,0.035175879396984924,0.0,0.0,0.0,-0.02512562814070352
gtd,-0.02512562814070352,0.0,0.035175879396984924,0.0,0.0,0.0,-0.02512562814070352
Schulze,-0.02512562814070352,0.0,0.035175879396984924,0.0,0.0,0.0,-0.02512562814070352
IRV,0.0,0.02512562814070352,-0.06532663316582915,0.02512562814070352,0.02512562814070352,0.02512562814070352,0.0
