,Borda,plurality,gt,minimax,gtd,Schulze,IRV
Borda,0.0,0.011547344110854504,0.0,0.011547344110854504,0.0,0.011547344110854504,0.011547344110854504
plurality,-0.011547344110854504,0.0,-0.011547344110854504,0.0,-0.011547344110854504,0.0,0.0
gt,0.0,0.011547344110854504,0.0,0.011547344110854504,0.0,0.011547344110854504,0.011547344110854504
minimax,-0.011547344110854504,0.0,-0.011547344110854504,0.0,-0.011547344110854504,0.0,0.0
gtd,0.0,0.011547344110854504,0.0,0.011547344110854504,0.0,0.011547344110854504,0.011547344110854504
Schulze,-0.011547344110854504,0.0,-0.011547344110854504,0.0,-0.011547344110854504,0.0,0.0
IRV,-0.011547344110854504,0.0,-0.011547344110854504,0.0,-0.011547344110854504,0.0,0.0
