,Borda,plurality,gt,minimax,gtd,Schulze,IRV
Borda,0.0,0.06030150753768844,-0.005025125628140704,0.0,-0.005025125628140704,0.0,0.06030150753768844
plurality,-0.06030150753768844,0.0,0.04020100502512563,-0.06030150753768844,0.04020100502512563,-0.06030150753768844,0.0
gt,0.005025125628140704,-0.04020100502512563,0.0,0.005025125628140704,0.0,0.005025125628140704,-0.04020100502512563
minimax,0.0,0.06030150753768844,-0.005025125628140704,0.0,-0.005025125628140704,0.0,0.06030150753768844
gtd,0.005025125628140704,-0.04020100502512563,0.0,0.005025125628140704,0.0,0.005025125628140704,-0.04020100502512563
Schulze,0.0,0.06030150753768844,-0.005025125628140704,0.0,-0.005025125628140704,0.0,0.06030150753768844
IRV,-0.06030150753768844,0.0,0.04020100502512563,-0.06030150753768844,0.04020100502512563,-0.06030150753768844,0.0
