,Borda,plurality,gt,minimax,gtd,Schulze,IRV
Borda,0.0,0.02771855010660981,-0.0021321961620469083,0.0,-0.0021321961620469083,0.0,0.02771855010660981
plurality,-0.02771855010660981,0.0,0.006396588486140725,-0.02771855010660981,0.006396588486140725,-0.02771855010660981,0.0
gt,0.0021321961620469083,-0.006396588486140725,0.0,0.0021321961620469083,0.0,0.0021321961620469083,-0.006396588486140725
minimax,0.0,0.02771855010660981,-0.0021321961620469083,0.0,-0.0021321961620469083,0.0,0.02771855010660981
gtd,0.0021321961620469083,-0.006396588486140725,0.0,0.0021321961620469083,0.0,0.0021321961620469083,-0.006396588486140725
Schulze,0.0,0.02771855010660981,-0.0021321961620469083,0.0,-0.0021321961620469083,0.0,0.02771855010660981
IRV,-0.02771855010660981,0.0,0.006396588486140725,-0.02771855010660981,0.006396588486140725,-0.02771855010660981,0.0
