,Borda,plurality,gt,minimax,gtd,Schulze,IRV
Borda,0.0,0.07142857142857142,0.0,0.0,0.0,0.0,0.0
plurality,-0.07142857142857142,0.0,-0.07142857142857142,-0.046218487394957986,-0.07142857142857142,-0.046218487394957986,-0.046218487394957986
gt,0.0,0.07142857142857142,0.0,0.0,0.0,0.0,0.0
minimax,0.0,0.046218487394957986,0.0,0.0,0.0,0.0,0.0
gtd,0.0,0.07142857142857142,0.0,0.0,0.0,0.0,0.0
Schulze,0.0,0.046218487394957986,0.0,0.0,0.0,0.0,0.0
IRV,0.0,0.046218487394957986,0.0,0.0,0.0,0.0,0.0
