,Borda,plurality,gt,minimax,gtd,Schulze,IRV
Borda,0.0,-0.05649717514124294,0.011299435028248588,0.011299435028248588,0.011299435028248588,0.011299435028248588,0.011299435028248588
plurality,0.05649717514124294,0.0,-0.01694915254237288,-0.01694915254237288,-0.01694915254237288,-0.01694915254237288,-0.01694915254237288
gt,-0.011299435028248588,0.01694915254237288,0.0,0.0,0.0,0.0,0.0
minimax,-0.011299435028248588,0.01694915254237288,0.0,0.0,0.0,0.0,0.0
gtd,-0.011299435028248588,0.01694915254237288,0.0,0.0,0.0,0.0,0.0
Schulze,-0.011299435028248588,0.01694915254237288,0.0,0.0,0.0,0.0,0.0
IRV,-0.011299435028248588,0.01694915254237288,0.0,0.0,0.0,0.0,0.0
