,Borda,plurality,gt,minimax,gtd,Schulze,IRV
Borda,0.0,-0.008064516129032258,-0.008064516129032258,0.0,-0.008064516129032258,0.0,0.06854838709677419
plurality,0.008064516129032258,0.0,0.0,0.008064516129032258,0.0,0.008064516129032258,-0.036290322580645164
gt,0.008064516129032258,0.0,0.0,0.008064516129032258,0.0,0.008064516129032258,-0.036290322580645164
minimax,0.0,-0.008064516129032258,-0.008064516129032258,0.0,-0.008064516129032258,0.0,0.06854838709677419
gtd,0.008064516129032258,0.0,0.0,0.008064516129032258,0.0,0.008064516129032258,-0.036290322580645164
Schulze,0.0,-0.008064516129032258,-0.008064516129032258,0.0,-0.008064516129032258,0.0,0.06854838709677419
IRV,-0.06854838709677419,0.036290322580645164,0.036290322580645164,-0.06854838709677419,0.036290322580645164,-0.06854838709677419,0.0
