,Borda,plurality,gt,minimax,gtd,Schulze,IRV
Borda,0.0,-0.008787346221441126,-0.008787346221441126,0.0,-0.008787346221441126,0.0,-0.008787346221441126
plurality,0.008787346221441126,0.0,0.0,0.008787346221441126,0.0,0.008787346221441126,0.0
gt,0.008787346221441126,0.0,0.0,0.008787346221441126,0.0,0.008787346221441126,0.0
minimax,0.0,-0.008787346221441126,-0.008787346221441126,0.0,-0.008787346221441126,0.0,-0.008787346221441126
gtd,0.008787346221441126,0.0,0.0,0.008787346221441126,0.0,0.008787346221441126,0.0
Schulze,0.0,-0.008787346221441126,-0.008787346221441126,0.0,-0.008787346221441126,0.0,-0.008787346221441126
IRV,0.008787346221441126,0.0,0.0,0.008787346221441126,0.0,0.008787346221441126,0.0
