,Borda,plurality,gt,minimax,gtd,Schulze,IRV
Borda,0.0,0.07268170426065163,-0.007518796992481203,0.0,-0.007518796992481203,0.0,0.07268170426065163
plurality,-0.07268170426065163,0.0,0.012531328320802004,-0.07268170426065163,0.012531328320802004,-0.07268170426065163,0.0
gt,0.007518796992481203,-0.012531328320802004,0.0,0.007518796992481203,0.0,0.007518796992481203,-0.012531328320802004
minimax,0.0,0.07268170426065163,-0.007518796992481203,0.0,-0.007518796992481203,0.0,0.07268170426065163
gtd,0.007518796992481203,-0.012531328320802004,0.0,0.007518796992481203,0.0,0.007518796992481203,-0.012531328320802004
Schulze,0.0,0.07268170426065163,-0.007518796992481203,0.0,-0.007518796992481203,0.0,0.07268170426065163
IRV,-0.07268170426065163,0.0,0.012531328320802004,-0.07268170426065163,0.012531328320802004,-0.07268170426065163,0.0
