,Borda,plurality,gt,minimax,gtd,Schulze,IRV
Borda,0.0,0.0,0.0,0.0,0.0,0.0,0.07692307692307693
plurality,0.0,0.0,0.0,0.0,0.0,0.0,-0.02564102564102564
gt,0.0,0.0,0.0,0.0,0.0,0.0,0.07692307692307693
minimax,0.0,0.0,0.0,0.0,0.0,0.0,0.07692307692307693
gtd,0.0,0.0,0.0,0.0,0.0,0.0,0.07692307692307693
Schulze,0.0,0.0,0.0,0.0,0.0,0.0,0.07692307692307693
IRV,-0.07692307692307693,0.02564102564102564,-0.07692307692307693,-0.07692307692307693,-0.07692307692307693,-0.07692307692307693,0.0
