,Borda,plurality,gt,minimax,gtd,Schulze,IRV
Borda,0.0,0.020833333333333332,0.0,0.0,0.0,0.0,0.020833333333333332
plurality,-0.020833333333333332,0.0,0.008333333333333333,-0.020833333333333332,-0.020833333333333332,-0.020833333333333332,0.0
gt,0.0,-0.008333333333333333,0.0,0.0,0.0,0.0,-0.008333333333333333
minimax,0.0,0.020833333333333332,0.0,0.0,0.0,0.0,0.020833333333333332
gtd,0.0,0.020833333333333332,0.0,0.0,0.0,0.0,0.020833333333333332
Schulze,0.0,0.020833333333333332,0.0,0.0,0.0,0.0,0.020833333333333332
IRV,-0.020833333333333332,0.0,0.008333333333333333,-0.020833333333333332,-0.020833333333333332,-0.020833333333333332,0.0
