,Borda,plurality,gt,minimax,gtd,Schulze,IRV
Borda,0.0,0.02631578947368421,0.02631578947368421,0.02631578947368421,0.02631578947368421,0.02631578947368421,0.0
plurality,-0.02631578947368421,0.0,0.0,0.0,0.0,0.0,-0.02631578947368421
gt,-0.02631578947368421,0.0,0.0,0.0,0.0,0.0,-0.02631578947368421
minimax,-0.02631578947368421,0.0,0.0,0.0,0.0,0.0,-0.02631578947368421
gtd,-0.02631578947368421,0.0,0.0,0.0,0.0,0.0,-0.02631578947368421
Schulze,-0.02631578947368421,0.0,0.0,0.0,0.0,0.0,-0.02631578947368421
IRV,0.0,0.02631578947368421,0.02631578947368421,0.02631578947368421,0.02631578947368421,0.02631578947368421,0.0
