,Borda,plurality,gt,minimax,gtd,Schulze,IRV
Borda,0.0,0.0,0.039647577092511016,-0.02643171806167401,-0.02643171806167401,-0.02643171806167401,0.0
plurality,0.0,0.0,0.039647577092511016,-0.02643171806167401,-0.02643171806167401,-0.02643171806167401,0.0
gt,-0.039647577092511016,-0.039647577092511016,0.0,0.0,0.0,0.0,-0.039647577092511016
minimax,0.02643171806167401,0.02643171806167401,0.0,0.0,0.0,0.0,0.02643171806167401
gtd,0.02643171806167401,0.02643171806167401,0.0,0.0,0.0,0.0,0.02643171806167401
Schulze,0.02643171806167401,0.02643171806167401,0.0,0.0,0.0,0.0,0.02643171806167401
IRV,0.0,0.0,0.039647577092511016,-0.02643171806167401,-0.02643171806167401,-0.02643171806167401,0.0
