,Borda,plurality,gt,minimax,gtd,Schulze,IRV
Borda,0.0,-0.0021141649048625794,-0.0021141649048625794,0.0,0.0,0.0,0.03171247357293869
plurality,0.0021141649048625794,0.0,0.0,0.0021141649048625794,0.0021141649048625794,0.0021141649048625794,-0.040169133192389
gt,0.0021141649048625794,0.0,0.0,0.0021141649048625794,0.0021141649048625794,0.0021141649048625794,-0.040169133192389
minimax,0.0,-0.0021141649048625794,-0.0021141649048625794,0.0,0.0,0.0,0.03171247357293869
gtd,0.0,-0.0021141649048625794,-0.0021141649048625794,0.0,0.0,0.0,0.03171247357293869
Schulze,0.0,-0.0021141649048625794,-0.0021141649048625794,0.0,0.0,0.0,0.03171247357293869
IRV,-0.03171247357293869,0.040169133192389,0.040169133192389,-0.03171247357293869,-0.03171247357293869,-0.03171247357293869,0.0
