,Borda,plurality,gt,minimax,gtd,Schulze,IRV
Borda,0.0,-0.053604436229205174,0.0,0.005545286506469501,0.005545286506469501,0.005545286506469501,0.005545286506469501
plurality,0.053604436229205174,0.0,0.053604436229205174,-0.009242144177449169,-0.009242144177449169,-0.009242144177449169,-0.009242144177449169
gt,0.0,-0.053604436229205174,0.0,0.005545286506469501,0.005545286506469501,0.005545286506469501,0.005545286506469501
minimax,-0.005545286506469501,0.009242144177449169,-0.005545286506469501,0.0,0.0,0.0,0.0
gtd,-0.005545286506469501,0.009242144177449169,-0.005545286506469501,0.0,0.0,0.0,0.0
Schulze,-0.005545286506469501,0.009242144177449169,-0.005545286506469501,0.0,0.0,0.0,0.0
IRV,-0.005545286506469501,0.009242144177449169,-0.005545286506469501,0.0,0.0,0.0,0.0
