,Borda,plurality,gt,minimax,gtd,Schulze,IRV
Borda,0.0,0.03888888888888889,-0.011111111111111112,0.0,-0.011111111111111112,0.0,0.0
plurality,-0.03888888888888889,0.0,0.022222222222222223,-0.03888888888888889,0.022222222222222223,-0.03888888888888889,-0.03888888888888889
gt,0.011111111111111112,-0.022222222222222223,0.0,0.011111111111111112,0.0,0.011111111111111112,0.011111111111111112
minimax,0.0,0.03888888888888889,-0.011111111111111112,0.0,-0.011111111111111112,0.0,0.0
gtd,0.011111111111111112,-0.022222222222222223,0.0,0.011111111111111112,0.0,0.011111111111111112,0.011111111111111112
Schulze,0.0,0.03888888888888889,-0.011111111111111112,0.0,-0.011111111111111112,0.0,0.0
IRV,0.0,0.03888888888888889,-0.011111111111111112,0.0,-0.011111111111111112,0.0,0.0
