,Borda,plurality,gt,minimax,gtd,Schulze,IRV
Borda,0.0,0.016304347826086956,-0.03260869565217391,-0.03260869565217391,0.016304347826086956,-0.03260869565217391,0.016304347826086956
plurality,-0.016304347826086956,0.0,0.010869565217391304,0.010869565217391304,0.0,0.010869565217391304,0.0
gt,0.03260869565217391,-0.010869565217391304,0.0,0.0,-0.010869565217391304,0.0,-0.010869565217391304
minimax,0.03260869565217391,-0.010869565217391304,0.0,0.0,-0.010869565217391304,0.0,-0.010869565217391304
gtd,-0.016304347826086956,0.0,0.010869565217391304,0.010869565217391304,0.0,0.010869565217391304,0.0
Schulze,0.03260869565217391,-0.010869565217391304,0.0,0.0,-0.010869565217391304,0.0,-0.010869565217391304
IRV,-0.016304347826086956,0.0,0.010869565217391304,0.010869565217391304,0.0,0.010869565217391304,0.0
