,Borda,plurality,gt,minimax,gtd,Schulze,IRV
Borda,0.0,0.04878048780487805,0.0,0.0,0.0,0.0,0.0
plurality,-0.04878048780487805,0.0,-0.12601626016260162,-0.12601626016260162,-0.12601626016260162,-0.12601626016260162,-0.04878048780487805
gt,0.0,0.12601626016260162,0.0,0.0,0.0,0.0,0.0
minimax,0.0,0.12601626016260162,0.0,0.0,0.0,0.0,0.0
gtd,0.0,0.12601626016260162,0.0,0.0,0.0,0.0,0.0
Schulze,0.0,0.12601626016260162,0.0,0.0,0.0,0.0,0.0
IRV,0.0,0.04878048780487805,0.0,0.0,0.0,0.0,0.0
