,Borda,plurality,gt,minimax,gtd,Schulze,IRV
Borda,0.0,-0.045662100456621,0.0,0.0045662100456621,0.0045662100456621,0.0045662100456621,0.0045662100456621
plurality,0.045662100456621,0.0,0.045662100456621,-0.0091324200913242,-0.0091324200913242,-0.0091324200913242,-0.0091324200913242
gt,0.0,-0.045662100456621,0.0,0.0045662100456621,0.0045662100456621,0.0045662100456621,0.0045662100456621
minimax,-0.0045662100456621,0.0091324200913242,-0.0045662100456621,0.0,0.0,0.0,0.0
gtd,-0.0045662100456621,0.0091324200913242,-0.0045662100456621,0.0,0.0,0.0,0.0
Schulze,-0.0045662100456621,0.0091324200913242,-0.0045662100456621,0.0,0.0,0.0,0.0
IRV,-0.0045662100456621,0.0091324200913242,-0.0045662100456621,0.0,0.0,0.0,0.0
