,Borda,plurality,gt,minimax,gtd,Schulze,IRV
Borda,0.0,0.027522935779816515,0.027522935779816515,-0.013761467889908258,-0.013761467889908258,-0.013761467889908258,0.0
plurality,-0.027522935779816515,0.0,0.0,0.0045871559633027525,0.0045871559633027525,0.0045871559633027525,-0.027522935779816515
gt,-0.027522935779816515,0.0,0.0,0.0045871559633027525,0.0045871559633027525,0.0045871559633027525,-0.027522935779816515
minimax,0.013761467889908258,-0.0045871559633027525,-0.0045871559633027525,0.0,0.0,0.0,0.013761467889908258
gtd,0.013761467889908258,-0.0045871559633027525,-0.0045871559633027525,0.0,0.0,0.0,0.013761467889908258
Schulze,0.013761467889908258,-0.0045871559633027525,-0.0045871559633027525,0.0,0.0,0.0,0.013761467889908258
IRV,0.0,0.027522935779816515,0.027522935779816515,-0.013761467889908258,-0.013761467889908258,-0.013761467889908258,0.0
