,Borda,plurality,gt,minimax,gtd,Schulze,IRV
Borda,0.0,0.0821256038647343,0.0,0.0,0.0,0.0,0.0
plurality,-0.0821256038647343,0.0,-0.06763285024154589,-0.0821256038647343,-0.06763285024154589,-0.0821256038647343,-0.06763285024154589
gt,0.0,0.06763285024154589,0.0,0.0,0.0,0.0,0.0
minimax,0.0,0.0821256038647343,0.0,0.0,0.0,0.0,0.0
gtd,0.0,0.06763285024154589,0.0,0.0,0.0,0.0,0.0
Schulze,0.0,0.0821256038647343,0.0,0.0,0.0,0.0,0.0
IRV,0.0,0.06763285024154589,0.0,0.0,0.0,0.0,0.0
