,Borda,plurality,gt,minimax,gtd,Schulze,IRV
Borda,0.0,-0.017980636237897647,0.0,0.0,0.0,0.0,0.02074688796680498
plurality,0.017980636237897647,0.0,0.017980636237897647,0.017980636237897647,0.017980636237897647,0.017980636237897647,-0.0318118948824343
gt,0.0,-0.017980636237897647,0.0,0.0,0.0,0.0,0.02074688796680498
minimax,0.0,-0.017980636237897647,0.0,0.0,0.0,0.0,0.02074688796680498
gtd,0.0,-0.017980636237897647,0.0,0.0,0.0,0.0,0.02074688796680498
Schulze,0.0,-0.017980636237897647,0.0,0.0,0.0,0.0,0.02074688796680498
IRV,-0.02074688796680498,0.0318118948824343,-0.02074688796680498,-0.02074688796680498,-0.02074688796680498,-0.02074688796680498,0.0
