,Borda,plurality,gt,minimax,gtd,Schulze,IRV
Borda,0.0,-0.007874015748031496,-0.007874015748031496,-0.007874015748031496,-0.007874015748031496,-0.007874015748031496,0.06561679790026247
plurality,0.007874015748031496,0.0,0.0,0.0,0.0,0.0,-0.007874015748031496
gt,0.007874015748031496,0.0,0.0,0.0,0.0,0.0,-0.007874015748031496
minimax,0.007874015748031496,0.0,0.0,0.0,0.0,0.0,-0.007874015748031496
gtd,0.007874015748031496,0.0,0.0,0.0,0.0,0.0,-0.007874015748031496
Schulze,0.007874015748031496,0.0,0.0,0.0,0.0,0.0,-0.007874015748031496
IRV,-0.06561679790026247,0.007874015748031496,0.007874015748031496,0.007874015748031496,0.007874015748031496,0.007874015748031496,0.0
