,Borda,plurality,gt,minimax,gtd,Schulze,IRV
Borda,0.0,-0.06178489702517163,0.002288329519450801,0.002288329519450801,0.002288329519450801,0.002288329519450801,0.002288329519450801
plurality,0.06178489702517163,0.0,-0.006864988558352402,-0.006864988558352402,-0.006864988558352402,-0.006864988558352402,-0.006864988558352402
gt,-0.002288329519450801,0.006864988558352402,0.0,0.0,0.0,0.0,0.0
minimax,-0.002288329519450801,0.006864988558352402,0.0,0.0,0.0,0.0,0.0
gtd,-0.002288329519450801,0.006864988558352402,0.0,0.0,0.0,0.0,0.0
Schulze,-0.002288329519450801,0.006864988558352402,0.0,0.0,0.0,0.0,0.0
IRV,-0.002288329519450801,0.006864988558352402,0.0,0.0,0.0,0.0,0.0
