,Borda,plurality,gt,minimax,gtd,Schulze,IRV
Borda,0.0,-0.014539579967689823,0.0,0.0016155088852988692,0.0,0.0016155088852988692,-0.014539579967689823
plurality,0.014539579967689823,0.0,0.014539579967689823,-0.017770597738287562,0.014539579967689823,-0.017770597738287562,0.0
gt,0.0,-0.014539579967689823,0.0,0.0016155088852988692,0.0,0.0016155088852988692,-0.014539579967689823
minimax,-0.0016155088852988692,0.017770597738287562,-0.0016155088852988692,0.0,-0.0016155088852988692,0.0,0.017770597738287562
gtd,0.0,-0.014539579967689823,0.0,0.0016155088852988692,0.0,0.0016155088852988692,-0.014539579967689823
Schulze,-0.0016155088852988692,0.017770597738287562,-0.0016155088852988692,0.0,-0.0016155088852988692,0.0,0.017770597738287562
IRV,0.014539579967689823,0.0,0.014539579967689823,-0.017770597738287562,0.014539579967689823,-0.017770597738287562,0.0
