,Borda,plurality,gt,minimax,gtd,Schulze,IRV
Borda,0.0,0.0898876404494382,0.0,0.0,0.0,0.0,0.0
plurality,-0.0898876404494382,0.0,-0.0898876404494382,-0.0898876404494382,-0.02247191011235955,-0.0898876404494382,-0.0898876404494382
gt,0.0,0.0898876404494382,0.0,0.0,0.0,0.0,0.0
minimax,0.0,0.0898876404494382,0.0,0.0,0.0,0.0,0.0
gtd,0.0,0.02247191011235955,0.0,0.0,0.0,0.0,0.0
Schulze,0.0,0.0898876404494382,0.0,0.0,0.0,0.0,0.0
IRV,0.0,0.0898876404494382,0.0,0.0,0.0,0.0,0.0
