,Borda,plurality,gt,minimax,gtd,Schulze,IRV
Borda,0.0,0.04,-0.011428571428571429,0.0,-0.011428571428571429,0.0,0.0
plurality,-0.04,0.0,0.017142857142857144,-0.04,0.017142857142857144,-0.04,-0.04
gt,0.011428571428571429,-0.017142857142857144,0.0,0.011428571428571429,0.0,0.011428571428571429,0.011428571428571429
minimax,0.0,0.04,-0.011428571428571429,0.0,-0.011428571428571429,0.0,0.0
gtd,0.011428571428571429,-0.017142857142857144,0.0,0.011428571428571429,0.0,0.011428571428571429,0.011428571428571429
Schulze,0.0,0.04,-0.011428571428571429,0.0,-0.011428571428571429,0.0,0.0
IRV,0.0,0.04,-0.011428571428571429,0.0,-0.011428571428571429,0.0,0.0
