,Borda,plurality,gt,minimax,gtd,Schulze,IRV
Borda,0.0,-0.0029850746268656717,-0.0029850746268656717,0.0,-0.0029850746268656717,0.0,-0.0029850746268656717
plurality,0.0029850746268656717,0.0,0.0,0.0029850746268656717,0.0,0.0029850746268656717,0.0
gt,0.0029850746268656717,0.0,0.0,0.0029850746268656717,0.0,0.0029850746268656717,0.0
minimax,0.0,-0.0029850746268656717,-0.0029850746268656717,0.0,-0.0029850746268656717,0.0,-0.0029850746268656717
gtd,0.0029850746268656717,0.0,0.0,0.0029850746268656717,0.0,0.0029850746268656717,0.0
Schulze,0.0,-0.0029850746268656717,-0.0029850746268656717,0.0,-0.0029850746268656717,0.0,-0.0029850746268656717
IRV,0.0029850746268656717,0.0,0.0,0.0029850746268656717,0.0,0.0029850746268656717,0.0
