,Borda,plurality,gt,minimax,gtd,Schulze,IRV
Borda,0.0,0.038461538461538464,-0.005494505494505495,0.0,-0.005494505494505495,0.0,0.0
plurality,-0.038461538461538464,0.0,0.02197802197802198,-0.038461538461538464,0.02197802197802198,-0.038461538461538464,-0.038461538461538464
gt,0.005494505494505495,-0.02197802197802198,0.0,0.005494505494505495,0.0,0.005494505494505495,0.005494505494505495
minimax,0.0,0.038461538461538464,-0.005494505494505495,0.0,-0.005494505494505495,0.0,0.0
gtd,0.005494505494505495,-0.02197802197802198,0.0,0.005494505494505495,0.0,0.005494505494505495,0.005494505494505495
Schulze,0.0,0.038461538461538464,-0.005494505494505495,0.0,-0.005494505494505495,0.0,0.0
IRV,0.0,0.038461538461538464,-0.005494505494505495,0.0,-0.005494505494505495,0.0,0.0
