,Borda,plurality,gt,minimax,gtd,Schulze,IRV
Borda,0.0,0.05714285714285714,0.0,0.0,-0.03214285714285714,0.0,0.0
plurality,-0.05714285714285714,0.0,-0.05714285714285714,-0.05714285714285714,0.03214285714285714,-0.05714285714285714,-0.05714285714285714
gt,0.0,0.05714285714285714,0.0,0.0,-0.03214285714285714,0.0,0.0
minimax,0.0,0.05714285714285714,0.0,0.0,-0.03214285714285714,0.0,0.0
gtd,0.03214285714285714,-0.03214285714285714,0.03214285714285714,0.03214285714285714,0.0,0.03214285714285714,0.03214285714285714
Schulze,0.0,0.05714285714285714,0.0,0.0,-0.03214285714285714,0.0,0.0
IRV,0.0,0.05714285714285714,0.0,0.0,-0.03214285714285714,0.0,0.0
