,Borda,plurality,gt,minimax,gtd,Schulze,IRV
Borda,0.0,0.07412587412587412,-0.006993006993006993,0.0,-0.006993006993006993,0.0,0.0
plurality,-0.07412587412587412,0.0,0.01818181818181818,-0.07412587412587412,0.01818181818181818,-0.07412587412587412,-0.07412587412587412
gt,0.006993006993006993,-0.01818181818181818,0.0,0.006993006993006993,0.0,0.006993006993006993,0.006993006993006993
minimax,0.0,0.07412587412587412,-0.006993006993006993,0.0,-0.006993006993006993,0.0,0.0
gtd,0.006993006993006993,-0.01818181818181818,0.0,0.006993006993006993,0.0,0.006993006993006993,0.006993006993006993
Schulze,0.0,0.07412587412587412,-0.006993006993006993,0.0,-0.006993006993006993,0.0,0.0
IRV,0.0,0.07412587412587412,-0.006993006993006993,0.0,-0.006993006993006993,0.0,0.0
