,Borda,plurality,gt,minimax,gtd,Schulze,IRV
Borda,0.0,-0.014164305949008499,0.04815864022662889,-0.014164305949008499,-0.014164305949008499,-0.014164305949008499,-0.014164305949008499
plurality,0.014164305949008499,0.0,-0.014164305949008499,0.0,0.0,0.0,0.0
gt,-0.04815864022662889,0.014164305949008499,0.0,0.014164305949008499,0.014164305949008499,0.014164305949008499,0.014164305949008499
minimax,0.014164305949008499,0.0,-0.014164305949008499,0.0,0.0,0.0,0.0
gtd,0.014164305949008499,0.0,-0.014164305949008499,0.0,0.0,0.0,0.0
Schulze,0.014164305949008499,0.0,-0.014164305949008499,0.0,0.0,0.0,0.0
IRV,0.014164305949008499,0.0,-0.014164305949008499,0.0,0.0,0.0,0.0
