,Borda,plurality,gt,minimax,gtd,Schulze,IRV
Borda,0.0,0.0594059405940594,0.0,0.0,-0.009900990099009901,0.0,0.0594059405940594
plurality,-0.0594059405940594,0.0,-0.0594059405940594,-0.0594059405940594,0.01485148514851485,-0.0594059405940594,0.0
gt,0.0,0.0594059405940594,0.0,0.0,-0.009900990099009901,0.0,0.0594059405940594
minimax,0.0,0.0594059405940594,0.0,0.0,-0.009900990099009901,0.0,0.0594059405940594
gtd,0.009900990099009901,-0.01485148514851485,0.009900990099009901,0.009900990099009901,0.0,0.009900990099009901,-0.01485148514851485
Schulze,0.0,0.0594059405940594,0.0,0.0,-0.009900990099009901,0.0,0.0594059405940594
IRV,-0.0594059405940594,0.0,-0.0594059405940594,-0.0594059405940594,0.01485148514851485,-0.0594059405940594,0.0
