,Borda,plurality,gt,minimax,gtd,Schulze,IRV
Borda,0.0,0.29831932773109243,0.01680672268907563,0.0,-0.008403361344537815,0.0,0.01680672268907563
plurality,-0.29831932773109243,0.0,-0.23529411764705882,-0.29831932773109243,-0.28991596638655465,-0.29831932773109243,-0.23529411764705882
gt,-0.01680672268907563,0.23529411764705882,0.0,-0.01680672268907563,0.012605042016806723,-0.01680672268907563,0.0
minimax,0.0,0.29831932773109243,0.01680672268907563,0.0,-0.008403361344537815,0.0,0.01680672268907563
gtd,0.008403361344537815,0.28991596638655465,-0.012605042016806723,0.008403361344537815,0.0,0.008403361344537815,-0.012605042016806723
Schulze,0.0,0.29831932773109243,0.01680672268907563,0.0,-0.008403361344537815,0.0,0.01680672268907563
IRV,-0.01680672268907563,0.23529411764705882,0.0,-0.01680672268907563,0.012605042016806723,-0.01680672268907563,0.0
