,Borda,plurality,gt,minimax,gtd,Schulze,IRV
Borda,0.0,0.022598870056497175,-0.03954802259887006,-0.03954802259887006,0.022598870056497175,-0.03954802259887006,0.022598870056497175
plurality,-0.022598870056497175,0.0,0.01694915254237288,0.01694915254237288,0.0,0.01694915254237288,0.0
gt,0.03954802259887006,-0.01694915254237288,0.0,0.0,-0.01694915254237288,0.0,-0.01694915254237288
minimax,0.03954802259887006,-0.01694915254237288,0.0,0.0,-0.01694915254237288,0.0,-0.01694915254237288
gtd,-0.022598870056497175,0.0,0.01694915254237288,0.01694915254237288,0.0,0.01694915254237288,0.0
Schulze,0.03954802259887006,-0.01694915254237288,0.0,0.0,-0.01694915254237288,0.0,-0.01694915254237288
IRV,-0.022598870056497175,0.0,0.01694915254237288,0.01694915254237288,0.0,0.01694915254237288,0.0
