,Borda,plurality,gt,minimax,gtd,Schulze,IRV
Borda,0.0,0.029333333333333333,-0.0026666666666666666,0.0,-0.0026666666666666666,0.0,0.0
plurality,-0.029333333333333333,0.0,0.013333333333333334,-0.029333333333333333,0.013333333333333334,-0.029333333333333333,-0.029333333333333333
gt,0.0026666666666666666,-0.013333333333333334,0.0,0.0026666666666666666,0.0,0.0026666666666666666,0.0026666666666666666
minimax,0.0,0.029333333333333333,-0.0026666666666666666,0.0,-0.0026666666666666666,0.0,0.0
gtd,0.0026666666666666666,-0.013333333333333334,0.0,0.0026666666666666666,0.0,0.0026666666666666666,0.0026666666666666666
Schulze,0.0,0.029333333333333333,-0.0026666666666666666,0.0,-0.0026666666666666666,0.0,0.0
IRV,0.0,0.029333333333333333,-0.0026666666666666666,0.0,-0.0026666666666666666,0.0,0.0
