,Borda,plurality,gt,minimax,gtd,Schulze,IRV
Borda,0.0,0.021739130434782608,0.021739130434782608,0.0,0.0,0.0,0.0
plurality,-0.021739130434782608,0.0,0.0,-0.021739130434782608,-0.021739130434782608,-0.021739130434782608,-0.021739130434782608
gt,-0.021739130434782608,0.0,0.0,-0.021739130434782608,-0.021739130434782608,-0.021739130434782608,-0.021739130434782608
minimax,0.0,0.021739130434782608,0.021739130434782608,0.0,0.0,0.0,0.0
gtd,0.0,0.021739130434782608,0.021739130434782608,0.0,0.0,0.0,0.0
Schulze,0.0,0.021739130434782608,0.021739130434782608,0.0,0.0,0.0,0.0
IRV,0.0,0.021739130434782608,0.021739130434782608,0.0,0.0,0.0,0.0
