,Borda,plurality,gt,minimax,gtd,Schulze,IRV
Borda,0.0,0.05789473684210526,-0.02631578947368421,-0.02631578947368421,-0.02631578947368421,-0.02631578947368421,0.0
plurality,-0.05789473684210526,0.0,0.021052631578947368,0.021052631578947368,0.021052631578947368,0.021052631578947368,-0.05789473684210526
gt,0.02631578947368421,-0.021052631578947368,0.0,0.0,0.0,0.0,0.02631578947368421
minimax,0.02631578947368421,-0.021052631578947368,0.0,0.0,0.0,0.0,0.02631578947368421
gtd,0.02631578947368421,-0.021052631578947368,0.0,0.0,0.0,0.0,0.02631578947368421
Schulze,0.02631578947368421,-0.021052631578947368,0.0,0.0,0.0,0.0,0.02631578947368421
IRV,0.0,0.05789473684210526,-0.02631578947368421,-0.02631578947368421,-0.02631578947368421,-0.02631578947368421,0.0
