,Borda,plurality,gt,minimax,gtd,Schulze,IRV
Borda,0.0,0.06222222222222222,-0.008888888888888889,0.0,-0.008888888888888889,0.0,0.0
plurality,-0.06222222222222222,0.0,0.008888888888888889,-0.06222222222222222,0.008888888888888889,-0.06222222222222222,-0.06222222222222222
gt,0.008888888888888889,-0.008888888888888889,0.0,0.008888888888888889,0.0,0.008888888888888889,0.008888888888888889
minimax,0.0,0.06222222222222222,-0.008888888888888889,0.0,-0.008888888888888889,0.0,0.0
gtd,0.008888888888888889,-0.008888888888888889,0.0,0.008888888888888889,0.0,0.008888888888888889,0.008888888888888889
Schulze,0.0,0.06222222222222222,-0.008888888888888889,0.0,-0.008888888888888889,0.0,0.0
IRV,0.0,0.06222222222222222,-0.008888888888888889,0.0,-0.008888888888888889,0.0,0.0
