,Borda,plurality,gt,minimax,gtd,Schulze,IRV
Borda,0.0,0.01951219512195122,0.0,0.0,0.0,0.0,0.01951219512195122
plurality,-0.01951219512195122,0.0,-0.01951219512195122,-0.01951219512195122,-0.01951219512195122,-0.01951219512195122,0.0
gt,0.0,0.01951219512195122,0.0,0.0,0.0,0.0,0.01951219512195122
minimax,0.0,0.01951219512195122,0.0,0.0,0.0,0.0,0.01951219512195122
gtd,0.0,0.01951219512195122,0.0,0.0,0.0,0.0,0.01951219512195122
Schulze,0.0,0.01951219512195122,0.0,0.0,0.0,0.0,0.01951219512195122
IRV,-0.01951219512195122,0.0,-0.01951219512195122,-0.01951219512195122,-0.01951219512195122,-0.01951219512195122,0.0
