,Borda,plurality,gt,minimax,gtd,Schulze,IRV
Borda,0.0,-0.02018348623853211,0.027522935779816515,-0.02018348623853211,-0.02018348623853211,-0.02018348623853211,0.027522935779816515
plurality,0.02018348623853211,0.0,-0.005504587155963303,0.0,0.0,0.0,-0.005504587155963303
gt,-0.027522935779816515,0.005504587155963303,0.0,0.005504587155963303,0.005504587155963303,0.005504587155963303,0.0
minimax,0.02018348623853211,0.0,-0.005504587155963303,0.0,0.0,0.0,-0.005504587155963303
gtd,0.02018348623853211,0.0,-0.005504587155963303,0.0,0.0,0.0,-0.005504587155963303
Schulze,0.02018348623853211,0.0,-0.005504587155963303,0.0,0.0,0.0,-0.005504587155963303
IRV,-0.027522935779816515,0.005504587155963303,0.0,0.005504587155963303,0.005504587155963303,0.005504587155963303,0.0
