,Borda,plurality,gt,minimax,gtd,Schulze,IRV
Borda,0.0,0.015625,-0.005208333333333333,0.0,0.0,0.0,0.015625
plurality,-0.015625,0.0,0.020833333333333332,-0.015625,-0.015625,-0.015625,0.0
gt,0.005208333333333333,-0.020833333333333332,0.0,0.005208333333333333,0.005208333333333333,0.005208333333333333,-0.020833333333333332
minimax,0.0,0.015625,-0.005208333333333333,0.0,0.0,0.0,0.015625
gtd,0.0,0.015625,-0.005208333333333333,0.0,0.0,0.0,0.015625
Schulze,0.0,0.015625,-0.005208333333333333,0.0,0.0,0.0,0.015625
IRV,-0.015625,0.0,0.020833333333333332,-0.015625,-0.015625,-0.015625,0.0
