,Borda,plurality,gt,minimax,gtd,Schulze,IRV
Borda,0.0,0.08947368421052632,0.0,0.0,0.0,0.0,0.0
plurality,-0.08947368421052632,0.0,-0.08947368421052632,-0.08947368421052632,-0.14210526315789473,-0.08947368421052632,-0.08947368421052632
gt,0.0,0.08947368421052632,0.0,0.0,0.0,0.0,0.0
minimax,0.0,0.08947368421052632,0.0,0.0,0.0,0.0,0.0
gtd,0.0,0.14210526315789473,0.0,0.0,0.0,0.0,0.0
Schulze,0.0,0.08947368421052632,0.0,0.0,0.0,0.0,0.0
IRV,0.0,0.08947368421052632,0.0,0.0,0.0,0.0,0.0
