,Borda,plurality,gt,minimax,gtd,Schulze,IRV
Borda,0.0,0.028423772609819122,-0.01808785529715762,0.0,-0.01808785529715762,0.0,0.028423772609819122
plurality,-0.028423772609819122,0.0,0.01808785529715762,-0.028423772609819122,0.01808785529715762,-0.028423772609819122,0.0
gt,0.01808785529715762,-0.01808785529715762,0.0,0.01808785529715762,0.0,0.01808785529715762,-0.01808785529715762
minimax,0.0,0.028423772609819122,-0.01808785529715762,0.0,-0.01808785529715762,0.0,0.028423772609819122
gtd,0.01808785529715762,-0.01808785529715762,0.0,0.01808785529715762,0.0,0.01808785529715762,-0.01808785529715762
Schulze,0.0,0.028423772609819122,-0.01808785529715762,0.0,-0.01808785529715762,0.0,0.028423772609819122
IRV,-0.028423772609819122,0.0,0.01808785529715762,-0.028423772609819122,0.01808785529715762,-0.028423772609819122,0.0
