,Borda,plurality,gt,minimax,gtd,Schulze,IRV
Borda,0.0,0.04665314401622718,-0.006085192697768763,0.0,-0.006085192697768763,0.0,0.0
plurality,-0.04665314401622718,0.0,0.018255578093306288,-0.04665314401622718,0.018255578093306288,-0.04665314401622718,-0.04665314401622718
gt,0.006085192697768763,-0.018255578093306288,0.0,0.006085192697768763,0.0,0.006085192697768763,0.006085192697768763
minimax,0.0,0.04665314401622718,-0.006085192697768763,0.0,-0.006085192697768763,0.0,0.0
gtd,0.006085192697768763,-0.018255578093306288,0.0,0.006085192697768763,0.0,0.006085192697768763,0.006085192697768763
Schulze,0.0,0.04665314401622718,-0.006085192697768763,0.0,-0.006085192697768763,0.0,0.0
IRV,0.0,0.04665314401622718,-0.006085192697768763,0.0,-0.006085192697768763,0.0,0.0
