,Borda,plurality,gt,minimax,gtd,Schulze,IRV
Borda,0.0,-0.002331002331002331,-0.002331002331002331,0.0,-0.002331002331002331,0.0,0.07692307692307693
plurality,0.002331002331002331,0.0,0.0,0.002331002331002331,0.0,0.002331002331002331,-0.016317016317016316
gt,0.002331002331002331,0.0,0.0,0.002331002331002331,0.0,0.002331002331002331,-0.016317016317016316
minimax,0.0,-0.002331002331002331,-0.002331002331002331,0.0,-0.002331002331002331,0.0,0.07692307692307693
gtd,0.002331002331002331,0.0,0.0,0.002331002331002331,0.0,0.002331002331002331,-0.016317016317016316
Schulze,0.0,-0.002331002331002331,-0.002331002331002331,0.0,-0.002331002331002331,0.0,0.07692307692307693
IRV,-0.07692307692307693,0.016317016317016316,0.016317016317016316,-0.07692307692307693,0.016317016317016316,-0.07692307692307693,0.0
