,Borda,plurality,gt,minimax,gtd,Schulze,IRV
Borda,0.0,0.022004889975550123,0.0,-0.02689486552567237,0.022004889975550123,-0.02689486552567237,0.0
plurality,-0.022004889975550123,0.0,-0.022004889975550123,0.007334963325183374,0.0,0.007334963325183374,-0.022004889975550123
gt,0.0,0.022004889975550123,0.0,-0.02689486552567237,0.022004889975550123,-0.02689486552567237,0.0
minimax,0.02689486552567237,-0.007334963325183374,0.02689486552567237,0.0,-0.007334963325183374,0.0,0.02689486552567237
gtd,-0.022004889975550123,0.0,-0.022004889975550123,0.007334963325183374,0.0,0.007334963325183374,-0.022004889975550123
Schulze,0.02689486552567237,-0.007334963325183374,0.02689486552567237,0.0,-0.007334963325183374,0.0,0.02689486552567237
IRV,0.0,0.022004889975550123,0.0,-0.02689486552567237,0.022004889975550123,-0.02689486552567237,0.0
