,Borda,plurality,gt,minimax,gtd,Schulze,IRV
Borda,0.0,0.01943198804185351,0.0,0.0,0.0,0.0,0.01943198804185351
plurality,-0.01943198804185351,0.0,-0.01943198804185351,-0.01943198804185351,-0.01943198804185351,-0.01943198804185351,0.0
gt,0.0,0.01943198804185351,0.0,0.0,0.0,0.0,0.01943198804185351
minimax,0.0,0.01943198804185351,0.0,0.0,0.0,0.0,0.01943198804185351
gtd,0.0,0.01943198804185351,0.0,0.0,0.0,0.0,0.01943198804185351
Schulze,0.0,0.01943198804185351,0.0,0.0,0.0,0.0,0.01943198804185351
IRV,-0.01943198804185351,0.0,-0.01943198804185351,-0.01943198804185351,-0.01943198804185351,-0.01943198804185351,0.0
