,Borda,plurality,gt,minimax,gtd,Schulze,IRV
Borda,0.0,-0.024630541871921183,0.014778325123152709,0.014778325123152709,0.014778325123152709,0.014778325123152709,0.014778325123152709
plurality,0.024630541871921183,0.0,-0.019704433497536946,-0.019704433497536946,-0.019704433497536946,-0.019704433497536946,-0.019704433497536946
gt,-0.014778325123152709,0.019704433497536946,0.0,0.0,0.0,0.0,0.0
minimax,-0.014778325123152709,0.019704433497536946,0.0,0.0,0.0,0.0,0.0
gtd,-0.014778325123152709,0.019704433497536946,0.0,0.0,0.0,0.0,0.0
Schulze,-0.014778325123152709,0.019704433497536946,0.0,0.0,0.0,0.0,0.0
IRV,-0.014778325123152709,0.019704433497536946,0.0,0.0,0.0,0.0,0.0
