,Borda,plurality,gt,minimax,gtd,Schulze,IRV
Borda,0.0,0.020161290322580645,-0.012096774193548387,-0.012096774193548387,-0.012096774193548387,-0.012096774193548387,-0.012096774193548387
plurality,-0.020161290322580645,0.0,0.0,0.0,0.0,0.0,0.0
gt,0.012096774193548387,0.0,0.0,0.0,0.0,0.0,0.0
minimax,0.012096774193548387,0.0,0.0,0.0,0.0,0.0,0.0
gtd,0.012096774193548387,0.0,0.0,0.0,0.0,0.0,0.0
Schulze,0.012096774193548387,0.0,0.0,0.0,0.0,0.0,0.0
IRV,0.012096774193548387,0.0,0.0,0.0,0.0,0.0,0.0
