,Borda,plurality,gt,minimax,gtd,Schulze,IRV
Borda,0.0,-0.013084112149532711,-0.013084112149532711,-0.013084112149532711,-0.013084112149532711,-0.013084112149532711,0.08037383177570094
plurality,0.013084112149532711,0.0,0.0,0.0,0.0,0.0,-0.009345794392523364
gt,0.013084112149532711,0.0,0.0,0.0,0.0,0.0,-0.009345794392523364
minimax,0.013084112149532711,0.0,0.0,0.0,0.0,0.0,-0.009345794392523364
gtd,0.013084112149532711,0.0,0.0,0.0,0.0,0.0,-0.009345794392523364
Schulze,0.013084112149532711,0.0,0.0,0.0,0.0,0.0,-0.009345794392523364
IRV,-0.08037383177570094,0.009345794392523364,0.009345794392523364,0.009345794392523364,0.009345794392523364,0.009345794392523364,0.0
