,Borda,plurality,gt,minimax,gtd,Schulze,IRV
Borda,0.0,-0.021052631578947368,-0.021052631578947368,0.0,-0.021052631578947368,0.0,-0.021052631578947368
plurality,0.021052631578947368,0.0,0.0,0.021052631578947368,0.0,0.021052631578947368,0.0
gt,0.021052631578947368,0.0,0.0,0.021052631578947368,0.0,0.021052631578947368,0.0
minimax,0.0,-0.021052631578947368,-0.021052631578947368,0.0,-0.021052631578947368,0.0,-0.021052631578947368
gtd,0.021052631578947368,0.0,0.0,0.021052631578947368,0.0,0.021052631578947368,0.0
Schulze,0.0,-0.021052631578947368,-0.021052631578947368,0.0,-0.021052631578947368,0.0,-0.021052631578947368
IRV,0.021052631578947368,0.0,0.0,0.021052631578947368,0.0,0.021052631578947368,0.0
