,Borda,plurality,gt,minimax,gtd,Schulze,IRV
Borda,0.0,0.039603960396039604,-0.024752475247524754,-0.024752475247524754,-0.024752475247524754,-0.024752475247524754,0.039603960396039604
plurality,-0.039603960396039604,0.0,0.009900990099009901,0.009900990099009901,0.009900990099009901,0.009900990099009901,0.0
gt,0.024752475247524754,-0.009900990099009901,0.0,0.0,0.0,0.0,-0.009900990099009901
minimax,0.024752475247524754,-0.009900990099009901,0.0,0.0,0.0,0.0,-0.009900990099009901
gtd,0.024752475247524754,-0.009900990099009901,0.0,0.0,0.0,0.0,-0.009900990099009901
Schulze,0.024752475247524754,-0.009900990099009901,0.0,0.0,0.0,0.0,-0.009900990099009901
IRV,-0.039603960396039604,0.0,0.009900990099009901,0.009900990099009901,0.009900990099009901,0.009900990099009901,0.0
