,Borda,plurality,gt,minimax,gtd,Schulze,IRV
Borda,0.0,-0.015810276679841896,-0.015810276679841896,0.0,-0.015810276679841896,0.0,-0.015810276679841896
plurality,0.015810276679841896,0.0,0.0,0.015810276679841896,0.0,0.015810276679841896,0.0
gt,0.015810276679841896,0.0,0.0,0.015810276679841896,0.0,0.015810276679841896,0.0
minimax,0.0,-0.015810276679841896,-0.015810276679841896,0.0,-0.015810276679841896,0.0,-0.015810276679841896
gtd,0.015810276679841896,0.0,0.0,0.015810276679841896,0.0,0.015810276679841896,0.0
Schulze,0.0,-0.015810276679841896,-0.015810276679841896,0.0,-0.015810276679841896,0.0,-0.015810276679841896
IRV,0.015810276679841896,0.0,0.0,0.015810276679841896,0.0,0.015810276679841896,0.0
