,Borda,plurality,gt,minimax,gtd,Schulze,IRV
Borda,0.0,0.04040404040404041,0.0,0.0,-0.005050505050505051,0.0,0.04040404040404041
plurality,-0.04040404040404041,0.0,-0.04040404040404041,-0.04040404040404041,0.020202020202020204,-0.04040404040404041,0.0
gt,0.0,0.04040404040404041,0.0,0.0,-0.005050505050505051,0.0,0.04040404040404041
minimax,0.0,0.04040404040404041,0.0,0.0,-0.005050505050505051,0.0,0.04040404040404041
gtd,0.005050505050505051,-0.020202020202020204,0.005050505050505051,0.005050505050505051,0.0,0.005050505050505051,-0.020202020202020204
Schulze,0.0,0.04040404040404041,0.0,0.0,-0.005050505050505051,0.0,0.04040404040404041
IRV,-0.04040404040404041,0.0,-0.04040404040404041,-0.04040404040404041,0.020202020202020204,-0.04040404040404041,0.0
