,Borda,plurality,gt,minimax,gtd,Schulze,IRV
Borda,0.0,0.09433962264150944,0.0,0.0,0.0,0.0,0.0
plurality,-0.09433962264150944,0.0,-0.09433962264150944,-0.06132075471698113,-0.09433962264150944,-0.06132075471698113,-0.09433962264150944
gt,0.0,0.09433962264150944,0.0,0.0,0.0,0.0,0.0
minimax,0.0,0.06132075471698113,0.0,0.0,0.0,0.0,0.0
gtd,0.0,0.09433962264150944,0.0,0.0,0.0,0.0,0.0
Schulze,0.0,0.06132075471698113,0.0,0.0,0.0,0.0,0.0
IRV,0.0,0.09433962264150944,0.0,0.0,0.0,0.0,0.0
