,Borda,plurality,gt,minimax,gtd,Schulze,IRV
Borda,0.0,-0.01856763925729443,-0.01856763925729443,0.0,0.0,0.0,0.03978779840848806
plurality,0.01856763925729443,0.0,0.0,0.01856763925729443,0.01856763925729443,0.01856763925729443,-0.04509283819628647
gt,0.01856763925729443,0.0,0.0,0.01856763925729443,0.01856763925729443,0.01856763925729443,-0.04509283819628647
minimax,0.0,-0.01856763925729443,-0.01856763925729443,0.0,0.0,0.0,0.03978779840848806
gtd,0.0,-0.01856763925729443,-0.01856763925729443,0.0,0.0,0.0,0.03978779840848806
Schulze,0.0,-0.01856763925729443,-0.01856763925729443,0.0,0.0,0.0,0.03978779840848806
IRV,-0.03978779840848806,0.04509283819628647,0.04509283819628647,-0.03978779840848806,-0.03978779840848806,-0.03978779840848806,0.0
