,Borda,plurality,gt,minimax,gtd,Schulze,IRV
Borda,0.0,0.03597122302158273,0.0,0.0,-0.011990407673860911,0.0,0.03597122302158273
plurality,-0.03597122302158273,0.0,-0.03597122302158273,-0.03597122302158273,0.02158273381294964,-0.03597122302158273,0.0
gt,0.0,0.03597122302158273,0.0,0.0,-0.011990407673860911,0.0,0.03597122302158273
minimax,0.0,0.03597122302158273,0.0,0.0,-0.011990407673860911,0.0,0.03597122302158273
gtd,0.011990407673860911,-0.02158273381294964,0.011990407673860911,0.011990407673860911,0.0,0.011990407673860911,-0.02158273381294964
Schulze,0.0,0.03597122302158273,0.0,0.0,-0.011990407673860911,0.0,0.03597122302158273
IRV,-0.03597122302158273,0.0,-0.03597122302158273,-0.03597122302158273,0.02158273381294964,-0.03597122302158273,0.0
