,Borda,plurality,gt,minimax,gtd,Schulze,IRV
Borda,0.0,-0.034782608695652174,-0.034782608695652174,-0.034782608695652174,-0.034782608695652174,-0.034782608695652174,0.08260869565217391
plurality,0.034782608695652174,0.0,0.0,0.0,0.0,0.0,-0.004347826086956522
gt,0.034782608695652174,0.0,0.0,0.0,0.0,0.0,-0.004347826086956522
minimax,0.034782608695652174,0.0,0.0,0.0,0.0,0.0,-0.004347826086956522
gtd,0.034782608695652174,0.0,0.0,0.0,0.0,0.0,-0.004347826086956522
Schulze,0.034782608695652174,0.0,0.0,0.0,0.0,0.0,-0.004347826086956522
IRV,-0.08260869565217391,0.004347826086956522,0.004347826086956522,0.004347826086956522,0.004347826086956522,0.004347826086956522,0.0
