,Borda,plurality,gt,minimax,gtd,Schulze,IRV
Borda,0.0,-0.00847457627118644,0.00423728813559322,-0.00847457627118644,0.00423728813559322,-0.00847457627118644,-0.00847457627118644
plurality,0.00847457627118644,0.0,0.0,0.0,0.0,0.0,0.0
gt,-0.00423728813559322,0.0,0.0,0.0,0.0,0.0,0.0
minimax,0.00847457627118644,0.0,0.0,0.0,0.0,0.0,0.0
gtd,-0.00423728813559322,0.0,0.0,0.0,0.0,0.0,0.0
Schulze,0.00847457627118644,0.0,0.0,0.0,0.0,0.0,0.0
IRV,0.00847457627118644,0.0,0.0,0.0,0.0,0.0,0.0
