,Borda,plurality,gt,minimax,gtd,Schulze,IRV
Borda,0.0,-0.03359173126614987,0.05426356589147287,-0.03359173126614987,-0.03359173126614987,-0.03359173126614987,0.05426356589147287
plurality,0.03359173126614987,0.0,-0.002583979328165375,0.0,0.0,0.0,-0.002583979328165375
gt,-0.05426356589147287,0.002583979328165375,0.0,0.002583979328165375,0.002583979328165375,0.002583979328165375,0.0
minimax,0.03359173126614987,0.0,-0.002583979328165375,0.0,0.0,0.0,-0.002583979328165375
gtd,0.03359173126614987,0.0,-0.002583979328165375,0.0,0.0,0.0,-0.002583979328165375
Schulze,0.03359173126614987,0.0,-0.002583979328165375,0.0,0.0,0.0,-0.002583979328165375
IRV,-0.05426356589147287,0.002583979328165375,0.0,0.002583979328165375,0.002583979328165375,0.002583979328165375,0.0
