,Borda,plurality,gt,minimax,gtd,Schulze,IRV
Borda,0.0,0.0,-0.05025125628140704,-0.05025125628140704,-0.05025125628140704,-0.05025125628140704,-0.05025125628140704
plurality,0.0,0.0,-0.05025125628140704,-0.05025125628140704,-0.05025125628140704,-0.05025125628140704,-0.05025125628140704
gt,0.05025125628140704,0.05025125628140704,0.0,0.0,0.0,0.0,0.0
minimax,0.05025125628140704,0.05025125628140704,0.0,0.0,0.0,0.0,0.0
gtd,0.05025125628140704,0.05025125628140704,0.0,0.0,0.0,0.0,0.0
Schulze,0.05025125628140704,0.05025125628140704,0.0,0.0,0.0,0.0,0.0
IRV,0.05025125628140704,0.05025125628140704,0.0,0.0,0.0,0.0,0.0
