,Borda,plurality,gt,minimax,gtd,Schulze,IRV
Borda,0.0,0.005494505494505495,0.0,0.0,0.0,0.0,0.0
plurality,-0.005494505494505495,0.0,-0.005494505494505495,-0.016483516483516484,-0.016483516483516484,-0.016483516483516484,-0.016483516483516484
gt,0.0,0.005494505494505495,0.0,0.0,0.0,0.0,0.0
minimax,0.0,0.016483516483516484,0.0,0.0,0.0,0.0,0.0
gtd,0.0,0.016483516483516484,0.0,0.0,0.0,0.0,0.0
Schulze,0.0,0.016483516483516484,0.0,0.0,0.0,0.0,0.0
IRV,0.0,0.016483516483516484,0.0,0.0,0.0,0.0,0.0
