,Borda,plurality,gt,minimax,gtd,Schulze,IRV
Borda,0.0,-0.009868421052631578,-0.009868421052631578,-0.009868421052631578,-0.009868421052631578,-0.009868421052631578,0.07894736842105263
plurality,0.009868421052631578,0.0,0.0,0.0,0.0,0.0,-0.003289473684210526
gt,0.009868421052631578,0.0,0.0,0.0,0.0,0.0,-0.003289473684210526
minimax,0.009868421052631578,0.0,0.0,0.0,0.0,0.0,-0.003289473684210526
gtd,0.009868421052631578,0.0,0.0,0.0,0.0,0.0,-0.003289473684210526
Schulze,0.009868421052631578,0.0,0.0,0.0,0.0,0.0,-0.003289473684210526
IRV,-0.07894736842105263,0.003289473684210526,0.003289473684210526,0.003289473684210526,0.003289473684210526,0.003289473684210526,0.0
