,Borda,plurality,gt,minimax,gtd,Schulze,IRV
Borda,0.0,0.10232558139534884,-0.004651162790697674,-0.004651162790697674,-0.004651162790697674,-0.004651162790697674,0.037209302325581395
plurality,-0.10232558139534884,0.0,-0.11627906976744186,-0.11627906976744186,-0.11627906976744186,-0.11627906976744186,-0.07906976744186046
gt,0.004651162790697674,0.11627906976744186,0.0,0.0,0.0,0.0,-0.004651162790697674
minimax,0.004651162790697674,0.11627906976744186,0.0,0.0,0.0,0.0,-0.004651162790697674
gtd,0.004651162790697674,0.11627906976744186,0.0,0.0,0.0,0.0,-0.004651162790697674
Schulze,0.004651162790697674,0.11627906976744186,0.0,0.0,0.0,0.0,-0.004651162790697674
IRV,-0.037209302325581395,0.07906976744186046,0.004651162790697674,0.004651162790697674,0.004651162790697674,0.004651162790697674,0.0
