,Borda,plurality,gt,minimax,gtd,Schulze,IRV
Borda,0.0,0.057534246575342465,-0.030136986301369864,-0.030136986301369864,-0.030136986301369864,-0.030136986301369864,0.057534246575342465
plurality,-0.057534246575342465,0.0,0.0027397260273972603,0.0027397260273972603,0.0027397260273972603,0.0027397260273972603,0.0
gt,0.030136986301369864,-0.0027397260273972603,0.0,0.0,0.0,0.0,-0.0027397260273972603
minimax,0.030136986301369864,-0.0027397260273972603,0.0,0.0,0.0,0.0,-0.0027397260273972603
gtd,0.030136986301369864,-0.0027397260273972603,0.0,0.0,0.0,0.0,-0.0027397260273972603
Schulze,0.030136986301369864,-0.0027397260273972603,0.0,0.0,0.0,0.0,-0.0027397260273972603
IRV,-0.057534246575342465,0.0,0.0027397260273972603,0.0027397260273972603,0.0027397260273972603,0.0027397260273972603,0.0
