,Borda,plurality,gt,minimax,gtd,Schulze,IRV
Borda,0.0,0.0,0.0,0.0,0.0,0.0,0.056818181818181816
plurality,0.0,0.0,0.0,0.0,0.0,0.0,-0.017045454545454544
gt,0.0,0.0,0.0,0.0,0.0,0.0,0.056818181818181816
minimax,0.0,0.0,0.0,0.0,0.0,0.0,0.056818181818181816
gtd,0.0,0.0,0.0,0.0,0.0,0.0,0.056818181818181816
Schulze,0.0,0.0,0.0,0.0,0.0,0.0,0.056818181818181816
IRV,-0.056818181818181816,0.017045454545454544,-0.056818181818181816,-0.056818181818181816,-0.056818181818181816,-0.056818181818181816,0.0
