,Borda,plurality,gt,minimax,gtd,Schulze,IRV
Borda,0.0,-0.018867924528301886,0.0,0.013477088948787063,0.0,0.013477088948787063,0.013477088948787063
plurality,0.018867924528301886,0.0,0.018867924528301886,-0.04043126684636118,0.018867924528301886,-0.04043126684636118,-0.04043126684636118
gt,0.0,-0.018867924528301886,0.0,0.013477088948787063,0.0,0.013477088948787063,0.013477088948787063
minimax,-0.013477088948787063,0.04043126684636118,-0.013477088948787063,0.0,-0.013477088948787063,0.0,0.0
gtd,0.0,-0.018867924528301886,0.0,0.013477088948787063,0.0,0.013477088948787063,0.013477088948787063
Schulze,-0.013477088948787063,0.04043126684636118,-0.013477088948787063,0.0,-0.013477088948787063,0.0,0.0
IRV,-0.013477088948787063,0.04043126684636118,-0.013477088948787063,0.0,-0.013477088948787063,0.0,0.0
