,Borda,plurality,gt,minimax,gtd,Schulze,IRV
Borda,0.0,0.14133333333333334,0.0,0.0,0.0,0.0,-0.008
plurality,-0.14133333333333334,0.0,-0.14133333333333334,-0.14133333333333334,-0.14133333333333334,-0.14133333333333334,-0.11466666666666667
gt,0.0,0.14133333333333334,0.0,0.0,0.0,0.0,-0.008
minimax,0.0,0.14133333333333334,0.0,0.0,0.0,0.0,-0.008
gtd,0.0,0.14133333333333334,0.0,0.0,0.0,0.0,-0.008
Schulze,0.0,0.14133333333333334,0.0,0.0,0.0,0.0,-0.008
IRV,0.008,0.11466666666666667,0.008,0.008,0.008,0.008,0.0
