,Borda,plurality,gt,minimax,gtd,Schulze,IRV
Borda,0.0,-0.0027100271002710027,0.0,0.0,0.0,0.0,0.013550135501355014
plurality,0.0027100271002710027,0.0,0.0027100271002710027,0.0027100271002710027,0.0027100271002710027,0.0027100271002710027,-0.04607046070460705
gt,0.0,-0.0027100271002710027,0.0,0.0,0.0,0.0,0.013550135501355014
minimax,0.0,-0.0027100271002710027,0.0,0.0,0.0,0.0,0.013550135501355014
gtd,0.0,-0.0027100271002710027,0.0,0.0,0.0,0.0,0.013550135501355014
Schulze,0.0,-0.0027100271002710027,0.0,0.0,0.0,0.0,0.013550135501355014
IRV,-0.013550135501355014,0.04607046070460705,-0.013550135501355014,-0.013550135501355014,-0.013550135501355014,-0.013550135501355014,0.0
