,Borda,plurality,gt,minimax,gtd,Schulze,IRV
Borda,0.0,0.016494845360824743,0.016494845360824743,-0.010309278350515464,-0.010309278350515464,-0.010309278350515464,0.016494845360824743
plurality,-0.016494845360824743,0.0,0.0,0.008247422680412371,0.008247422680412371,0.008247422680412371,0.0
gt,-0.016494845360824743,0.0,0.0,0.008247422680412371,0.008247422680412371,0.008247422680412371,0.0
minimax,0.010309278350515464,-0.008247422680412371,-0.008247422680412371,0.0,0.0,0.0,-0.008247422680412371
gtd,0.010309278350515464,-0.008247422680412371,-0.008247422680412371,0.0,0.0,0.0,-0.008247422680412371
Schulze,0.010309278350515464,-0.008247422680412371,-0.008247422680412371,0.0,0.0,0.0,-0.008247422680412371
IRV,-0.016494845360824743,0.0,0.0,0.008247422680412371,0.008247422680412371,0.008247422680412371,0.0
