,Borda,plurality,gt,minimax,gtd,Schulze,IRV
Borda,0.0,0.043209876543209874,0.043209876543209874,0.0,-0.006172839506172839,0.0,0.043209876543209874
plurality,-0.043209876543209874,0.0,0.0,-0.043209876543209874,0.024691358024691357,-0.043209876543209874,0.0
gt,-0.043209876543209874,0.0,0.0,-0.043209876543209874,0.024691358024691357,-0.043209876543209874,0.0
minimax,0.0,0.043209876543209874,0.043209876543209874,0.0,-0.006172839506172839,0.0,0.043209876543209874
gtd,0.006172839506172839,-0.024691358024691357,-0.024691358024691357,0.006172839506172839,0.0,0.006172839506172839,-0.024691358024691357
Schulze,0.0,0.043209876543209874,0.043209876543209874,0.0,-0.006172839506172839,0.0,0.043209876543209874
IRV,-0.043209876543209874,0.0,0.0,-0.043209876543209874,0.024691358024691357,-0.043209876543209874,0.0
