,Borda,plurality,gt,minimax,gtd,Schulze,IRV
Borda,0.0,0.0,-0.018691588785046728,-0.018691588785046728,-0.018691588785046728,-0.018691588785046728,-0.018691588785046728
plurality,0.0,0.0,-0.018691588785046728,-0.018691588785046728,-0.018691588785046728,-0.018691588785046728,-0.018691588785046728
gt,0.018691588785046728,0.018691588785046728,0.0,0.0,0.0,0.0,0.0
minimax,0.018691588785046728,0.018691588785046728,0.0,0.0,0.0,0.0,0.0
gtd,0.018691588785046728,0.018691588785046728,0.0,0.0,0.0,0.0,0.0
Schulze,0.018691588785046728,0.018691588785046728,0.0,0.0,0.0,0.0,0.0
IRV,0.018691588785046728,0.018691588785046728,0.0,0.0,0.0,0.0,0.0
