,Borda,plurality,gt,minimax,gtd,Schulze,IRV
Borda,0.0,0.06751054852320675,-0.008438818565400843,-0.008438818565400843,-0.008438818565400843,-0.008438818565400843,-0.008438818565400843
plurality,-0.06751054852320675,0.0,-0.06329113924050633,-0.06329113924050633,-0.06329113924050633,-0.06329113924050633,-0.06329113924050633
gt,0.008438818565400843,0.06329113924050633,0.0,0.0,0.0,0.0,0.0
minimax,0.008438818565400843,0.06329113924050633,0.0,0.0,0.0,0.0,0.0
gtd,0.008438818565400843,0.06329113924050633,0.0,0.0,0.0,0.0,0.0
Schulze,0.008438818565400843,0.06329113924050633,0.0,0.0,0.0,0.0,0.0
IRV,0.008438818565400843,0.06329113924050633,0.0,0.0,0.0,0.0,0.0
