,Borda,plurality,gt,minimax,gtd,Schulze,IRV
Borda,0.0,-0.027548209366391185,0.030303030303030304,-0.027548209366391185,-0.027548209366391185,-0.027548209366391185,-0.027548209366391185
plurality,0.027548209366391185,0.0,-0.008264462809917356,0.0,0.0,0.0,0.0
gt,-0.030303030303030304,0.008264462809917356,0.0,0.008264462809917356,0.008264462809917356,0.008264462809917356,0.008264462809917356
minimax,0.027548209366391185,0.0,-0.008264462809917356,0.0,0.0,0.0,0.0
gtd,0.027548209366391185,0.0,-0.008264462809917356,0.0,0.0,0.0,0.0
Schulze,0.027548209366391185,0.0,-0.008264462809917356,0.0,0.0,0.0,0.0
IRV,0.027548209366391185,0.0,-0.008264462809917356,0.0,0.0,0.0,0.0
