,Borda,plurality,gt,minimax,gtd,Schulze,IRV
Borda,0.0,0.0,-0.021176470588235293,-0.021176470588235293,-0.021176470588235293,-0.021176470588235293,-0.021176470588235293
plurality,0.0,0.0,-0.021176470588235293,-0.021176470588235293,-0.021176470588235293,-0.021176470588235293,-0.021176470588235293
gt,0.021176470588235293,0.021176470588235293,0.0,0.0,0.0,0.0,0.0
minimax,0.021176470588235293,0.021176470588235293,0.0,0.0,0.0,0.0,0.0
gtd,0.021176470588235293,0.021176470588235293,0.0,0.0,0.0,0.0,0.0
Schulze,0.021176470588235293,0.021176470588235293,0.0,0.0,0.0,0.0,0.0
IRV,0.021176470588235293,0.021176470588235293,0.0,0.0,0.0,0.0,0.0
