,Borda,plurality,gt,minimax,gtd,Schulze,IRV
Borda,0.0,0.054466230936819175,-0.032679738562091505,0.0,0.0,0.0,0.054466230936819175
plurality,-0.054466230936819175,0.0,0.058823529411764705,-0.054466230936819175,-0.054466230936819175,-0.054466230936819175,0.0
gt,0.032679738562091505,-0.058823529411764705,0.0,0.032679738562091505,0.032679738562091505,0.032679738562091505,-0.058823529411764705
minimax,0.0,0.054466230936819175,-0.032679738562091505,0.0,0.0,0.0,0.054466230936819175
gtd,0.0,0.054466230936819175,-0.032679738562091505,0.0,0.0,0.0,0.054466230936819175
Schulze,0.0,0.054466230936819175,-0.032679738562091505,0.0,0.0,0.0,0.054466230936819175
IRV,-0.054466230936819175,0.0,0.058823529411764705,-0.054466230936819175,-0.054466230936819175,-0.054466230936819175,0.0
