,Borda,plurality,gt,minimax,gtd,Schulze,IRV
Borda,0.0,0.0,0.050397877984084884,0.0,-0.002652519893899204,0.0,-0.002652519893899204
plurality,0.0,0.0,0.050397877984084884,0.0,-0.002652519893899204,0.0,-0.002652519893899204
gt,-0.050397877984084884,-0.050397877984084884,0.0,-0.050397877984084884,0.007957559681697613,-0.050397877984084884,0.007957559681697613
minimax,0.0,0.0,0.050397877984084884,0.0,-0.002652519893899204,0.0,-0.002652519893899204
gtd,0.002652519893899204,0.002652519893899204,-0.007957559681697613,0.002652519893899204,0.0,0.002652519893899204,0.0
Schulze,0.0,0.0,0.050397877984084884,0.0,-0.002652519893899204,0.0,-0.002652519893899204
IRV,0.002652519893899204,0.002652519893899204,-0.007957559681697613,0.002652519893899204,0.0,0.002652519893899204,0.0
