,Borda,plurality,gt,minimax,gtd,Schulze,IRV
Borda,0.0,0.02066115702479339,0.0,0.0,-0.008264462809917356,0.0,0.0
plurality,-0.02066115702479339,0.0,-0.02066115702479339,-0.02066115702479339,0.01652892561983471,-0.02066115702479339,-0.02066115702479339
gt,0.0,0.02066115702479339,0.0,0.0,-0.008264462809917356,0.0,0.0
minimax,0.0,0.02066115702479339,0.0,0.0,-0.008264462809917356,0.0,0.0
gtd,0.008264462809917356,-0.01652892561983471,0.008264462809917356,0.008264462809917356,0.0,0.008264462809917356,0.008264462809917356
Schulze,0.0,0.02066115702479339,0.0,0.0,-0.008264462809917356,0.0,0.0
IRV,0.0,0.02066115702479339,0.0,0.0,-0.008264462809917356,0.0,0.0
