,Borda,plurality,gt,minimax,gtd,Schulze,IRV
Borda,0.0,0.028169014084507043,0.0,0.0,0.0,0.0,0.051643192488262914
plurality,-0.028169014084507043,0.0,-0.028169014084507043,-0.028169014084507043,-0.028169014084507043,-0.028169014084507043,-0.028169014084507043
gt,0.0,0.028169014084507043,0.0,0.0,0.0,0.0,0.051643192488262914
minimax,0.0,0.028169014084507043,0.0,0.0,0.0,0.0,0.051643192488262914
gtd,0.0,0.028169014084507043,0.0,0.0,0.0,0.0,0.051643192488262914
Schulze,0.0,0.028169014084507043,0.0,0.0,0.0,0.0,0.051643192488262914
IRV,-0.051643192488262914,0.028169014084507043,-0.051643192488262914,-0.051643192488262914,-0.051643192488262914,-0.051643192488262914,0.0
