,Borda,plurality,gt,minimax,gtd,Schulze,IRV
Borda,0.0,-0.0040650406504065045,-0.0040650406504065045,0.0,-0.0040650406504065045,0.0,0.07723577235772358
plurality,0.0040650406504065045,0.0,0.0,0.0040650406504065045,0.0,0.0040650406504065045,-0.0040650406504065045
gt,0.0040650406504065045,0.0,0.0,0.0040650406504065045,0.0,0.0040650406504065045,-0.0040650406504065045
minimax,0.0,-0.0040650406504065045,-0.0040650406504065045,0.0,-0.0040650406504065045,0.0,0.07723577235772358
gtd,0.0040650406504065045,0.0,0.0,0.0040650406504065045,0.0,0.0040650406504065045,-0.0040650406504065045
Schulze,0.0,-0.0040650406504065045,-0.0040650406504065045,0.0,-0.0040650406504065045,0.0,0.07723577235772358
IRV,-0.07723577235772358,0.0040650406504065045,0.0040650406504065045,-0.07723577235772358,0.0040650406504065045,-0.07723577235772358,0.0
