,Borda,plurality,gt,minimax,gtd,Schulze,IRV
Borda,0.0,0.03178484107579462,0.0,-0.017114914425427872,-0.017114914425427872,-0.017114914425427872,0.03178484107579462
plurality,-0.03178484107579462,0.0,-0.03178484107579462,0.007334963325183374,0.007334963325183374,0.007334963325183374,0.0
gt,0.0,0.03178484107579462,0.0,-0.017114914425427872,-0.017114914425427872,-0.017114914425427872,0.03178484107579462
minimax,0.017114914425427872,-0.007334963325183374,0.017114914425427872,0.0,0.0,0.0,-0.007334963325183374
gtd,0.017114914425427872,-0.007334963325183374,0.017114914425427872,0.0,0.0,0.0,-0.007334963325183374
Schulze,0.017114914425427872,-0.007334963325183374,0.017114914425427872,0.0,0.0,0.0,-0.007334963325183374
IRV,-0.03178484107579462,0.0,-0.03178484107579462,0.007334963325183374,0.007334963325183374,0.007334963325183374,0.0
