,Borda,plurality,gt,minimax,gtd,Schulze,IRV
Borda,0.0,0.03664921465968586,0.0,-0.031413612565445025,-0.031413612565445025,-0.031413612565445025,0.03664921465968586
plurality,-0.03664921465968586,0.0,-0.03664921465968586,0.015706806282722512,0.015706806282722512,0.015706806282722512,0.0
gt,0.0,0.03664921465968586,0.0,-0.031413612565445025,-0.031413612565445025,-0.031413612565445025,0.03664921465968586
minimax,0.031413612565445025,-0.015706806282722512,0.031413612565445025,0.0,0.0,0.0,-0.015706806282722512
gtd,0.031413612565445025,-0.015706806282722512,0.031413612565445025,0.0,0.0,0.0,-0.015706806282722512
Schulze,0.031413612565445025,-0.015706806282722512,0.031413612565445025,0.0,0.0,0.0,-0.015706806282722512
IRV,-0.03664921465968586,0.0,-0.03664921465968586,0.015706806282722512,0.015706806282722512,0.015706806282722512,0.0
