,Borda,plurality,gt,minimax,gtd,Schulze,IRV
Borda,0.0,-0.018970189701897018,-0.018970189701897018,-0.018970189701897018,-0.018970189701897018,-0.018970189701897018,0.11653116531165311
plurality,0.018970189701897018,0.0,0.0,0.0,0.0,0.0,-0.0027100271002710027
gt,0.018970189701897018,0.0,0.0,0.0,0.0,0.0,-0.0027100271002710027
minimax,0.018970189701897018,0.0,0.0,0.0,0.0,0.0,-0.0027100271002710027
gtd,0.018970189701897018,0.0,0.0,0.0,0.0,0.0,-0.0027100271002710027
Schulze,0.018970189701897018,0.0,0.0,0.0,0.0,0.0,-0.0027100271002710027
IRV,-0.11653116531165311,0.0027100271002710027,0.0027100271002710027,0.0027100271002710027,0.0027100271002710027,0.0027100271002710027,0.0
