,Borda,plurality,gt,minimax,gtd,Schulze,IRV
Borda,0.0,-0.004914004914004914,0.0,0.0,-0.004914004914004914,0.0,0.03931203931203931
plurality,0.004914004914004914,0.0,0.004914004914004914,0.004914004914004914,0.0,0.004914004914004914,-0.022113022113022112
gt,0.0,-0.004914004914004914,0.0,0.0,-0.004914004914004914,0.0,0.03931203931203931
minimax,0.0,-0.004914004914004914,0.0,0.0,-0.004914004914004914,0.0,0.03931203931203931
gtd,0.004914004914004914,0.0,0.004914004914004914,0.004914004914004914,0.0,0.004914004914004914,-0.022113022113022112
Schulze,0.0,-0.004914004914004914,0.0,0.0,-0.004914004914004914,0.0,0.03931203931203931
IRV,-0.03931203931203931,0.022113022113022112,-0.03931203931203931,-0.03931203931203931,0.022113022113022112,-0.03931203931203931,0.0
