,Borda,plurality,gt,minimax,gtd,Schulze,IRV
Borda,0.0,0.04700854700854701,-0.01282051282051282,-0.01282051282051282,-0.01282051282051282,-0.01282051282051282,0.0
plurality,-0.04700854700854701,0.0,0.004273504273504274,0.004273504273504274,0.004273504273504274,0.004273504273504274,-0.04700854700854701
gt,0.01282051282051282,-0.004273504273504274,0.0,0.0,0.0,0.0,0.01282051282051282
minimax,0.01282051282051282,-0.004273504273504274,0.0,0.0,0.0,0.0,0.01282051282051282
gtd,0.01282051282051282,-0.004273504273504274,0.0,0.0,0.0,0.0,0.01282051282051282
Schulze,0.01282051282051282,-0.004273504273504274,0.0,0.0,0.0,0.0,0.01282051282051282
IRV,0.0,0.04700854700854701,-0.01282051282051282,-0.01282051282051282,-0.01282051282051282,-0.01282051282051282,0.0
