,Borda,plurality,gt,minimax,gtd,Schulze,IRV
Borda,0.0,0.012853470437017995,-0.033419023136246784,-0.033419023136246784,0.012853470437017995,-0.033419023136246784,0.012853470437017995
plurality,-0.012853470437017995,0.0,0.007712082262210797,0.007712082262210797,0.0,0.007712082262210797,0.0
gt,0.033419023136246784,-0.007712082262210797,0.0,0.0,-0.007712082262210797,0.0,-0.007712082262210797
minimax,0.033419023136246784,-0.007712082262210797,0.0,0.0,-0.007712082262210797,0.0,-0.007712082262210797
gtd,-0.012853470437017995,0.0,0.007712082262210797,0.007712082262210797,0.0,0.007712082262210797,0.0
Schulze,0.033419023136246784,-0.007712082262210797,0.0,0.0,-0.007712082262210797,0.0,-0.007712082262210797
IRV,-0.012853470437017995,0.0,0.007712082262210797,0.007712082262210797,0.0,0.007712082262210797,0.0
