,Borda,plurality,gt,minimax,gtd,Schulze,IRV
Borda,0.0,-0.00821917808219178,0.0,0.0,-0.00821917808219178,0.0,0.0684931506849315
plurality,0.00821917808219178,0.0,0.00821917808219178,0.00821917808219178,0.0,0.00821917808219178,-0.0136986301369863
gt,0.0,-0.00821917808219178,0.0,0.0,-0.00821917808219178,0.0,0.0684931506849315
minimax,0.0,-0.00821917808219178,0.0,0.0,-0.00821917808219178,0.0,0.0684931506849315
gtd,0.00821917808219178,0.0,0.00821917808219178,0.00821917808219178,0.0,0.00821917808219178,-0.0136986301369863
Schulze,0.0,-0.00821917808219178,0.0,0.0,-0.00821917808219178,0.0,0.0684931506849315
IRV,-0.0684931506849315,0.0136986301369863,-0.0684931506849315,-0.0684931506849315,0.0136986301369863,-0.0684931506849315,0.0
