,Borda,plurality,gt,minimax,gtd,Schulze,IRV
Borda,0.0,-0.01859799713876967,0.027181688125894134,-0.01859799713876967,-0.01859799713876967,-0.01859799713876967,-0.01859799713876967
plurality,0.01859799713876967,0.0,-0.00715307582260372,0.0,0.0,0.0,0.0
gt,-0.027181688125894134,0.00715307582260372,0.0,0.00715307582260372,0.00715307582260372,0.00715307582260372,0.00715307582260372
minimax,0.01859799713876967,0.0,-0.00715307582260372,0.0,0.0,0.0,0.0
gtd,0.01859799713876967,0.0,-0.00715307582260372,0.0,0.0,0.0,0.0
Schulze,0.01859799713876967,0.0,-0.00715307582260372,0.0,0.0,0.0,0.0
IRV,0.01859799713876967,0.0,-0.00715307582260372,0.0,0.0,0.0,0.0
