,Borda,plurality,gt,minimax,gtd,Schulze,IRV
Borda,0.0,0.10670731707317073,-0.03048780487804878,-0.03048780487804878,-0.03048780487804878,-0.03048780487804878,0.10670731707317073
plurality,-0.10670731707317073,0.0,0.012195121951219513,0.012195121951219513,0.012195121951219513,0.012195121951219513,0.0
gt,0.03048780487804878,-0.012195121951219513,0.0,0.0,0.0,0.0,-0.012195121951219513
minimax,0.03048780487804878,-0.012195121951219513,0.0,0.0,0.0,0.0,-0.012195121951219513
gtd,0.03048780487804878,-0.012195121951219513,0.0,0.0,0.0,0.0,-0.012195121951219513
Schulze,0.03048780487804878,-0.012195121951219513,0.0,0.0,0.0,0.0,-0.012195121951219513
IRV,-0.10670731707317073,0.0,0.012195121951219513,0.012195121951219513,0.012195121951219513,0.012195121951219513,0.0
