,Borda,plurality,gt,minimax,gtd,Schulze,IRV
Borda,0.0,-0.04909560723514212,0.0,-0.04909560723514212,-0.04909560723514212,-0.04909560723514212,-0.04909560723514212
plurality,0.04909560723514212,0.0,0.04909560723514212,0.0,0.0,0.0,0.0
gt,0.0,-0.04909560723514212,0.0,-0.04909560723514212,-0.04909560723514212,-0.04909560723514212,-0.04909560723514212
minimax,0.04909560723514212,0.0,0.04909560723514212,0.0,0.0,0.0,0.0
gtd,0.04909560723514212,0.0,0.04909560723514212,0.0,0.0,0.0,0.0
Schulze,0.04909560723514212,0.0,0.04909560723514212,0.0,0.0,0.0,0.0
IRV,0.04909560723514212,0.0,0.04909560723514212,0.0,0.0,0.0,0.0
