,Borda,plurality,gt,minimax,gtd,Schulze,IRV
Borda,0.0,0.05573080967402734,0.05573080967402734,0.0,-0.019978969505783387,0.0,0.05573080967402734
plurality,-0.05573080967402734,0.0,0.0,-0.05573080967402734,0.04100946372239748,-0.05573080967402734,0.0
gt,-0.05573080967402734,0.0,0.0,-0.05573080967402734,0.04100946372239748,-0.05573080967402734,0.0
minimax,0.0,0.05573080967402734,0.05573080967402734,0.0,-0.019978969505783387,0.0,0.05573080967402734
gtd,0.019978969505783387,-0.04100946372239748,-0.04100946372239748,0.019978969505783387,0.0,0.019978969505783387,-0.04100946372239748
Schulze,0.0,0.05573080967402734,0.05573080967402734,0.0,-0.019978969505783387,0.0,0.05573080967402734
IRV,-0.05573080967402734,0.0,0.0,-0.05573080967402734,0.04100946372239748,-0.05573080967402734,0.0
