,Borda,plurality,gt,minimax,gtd,Schulze,IRV
Borda,0.0,-0.01240694789081886,0.04714640198511166,0.0,-0.01240694789081886,0.0,-0.01240694789081886
plurality,0.01240694789081886,0.0,-0.03722084367245657,0.01240694789081886,0.0,0.01240694789081886,0.0
gt,-0.04714640198511166,0.03722084367245657,0.0,-0.04714640198511166,0.03722084367245657,-0.04714640198511166,0.03722084367245657
minimax,0.0,-0.01240694789081886,0.04714640198511166,0.0,-0.01240694789081886,0.0,-0.01240694789081886
gtd,0.01240694789081886,0.0,-0.03722084367245657,0.01240694789081886,0.0,0.01240694789081886,0.0
Schulze,0.0,-0.01240694789081886,0.04714640198511166,0.0,-0.01240694789081886,0.0,-0.01240694789081886
IRV,0.01240694789081886,0.0,-0.03722084367245657,0.01240694789081886,0.0,0.01240694789081886,0.0
