,Borda,plurality,gt,minimax,gtd,Schulze,IRV
Borda,0.0,0.007194244604316547,-0.016786570743405275,-0.016786570743405275,0.007194244604316547,-0.016786570743405275,0.0
plurality,-0.007194244604316547,0.0,0.002398081534772182,0.002398081534772182,0.0,0.002398081534772182,-0.007194244604316547
gt,0.016786570743405275,-0.002398081534772182,0.0,0.0,-0.002398081534772182,0.0,0.016786570743405275
minimax,0.016786570743405275,-0.002398081534772182,0.0,0.0,-0.002398081534772182,0.0,0.016786570743405275
gtd,-0.007194244604316547,0.0,0.002398081534772182,0.002398081534772182,0.0,0.002398081534772182,-0.007194244604316547
Schulze,0.016786570743405275,-0.002398081534772182,0.0,0.0,-0.002398081534772182,0.0,0.016786570743405275
IRV,0.0,0.007194244604316547,-0.016786570743405275,-0.016786570743405275,0.007194244604316547,-0.016786570743405275,0.0
