,Borda,plurality,gt,minimax,gtd,Schulze,IRV
Borda,0.0,-0.004511278195488722,-0.004511278195488722,0.0,-0.004511278195488722,0.0,0.055639097744360905
plurality,0.004511278195488722,0.0,0.0,0.004511278195488722,0.0,0.004511278195488722,-0.013533834586466165
gt,0.004511278195488722,0.0,0.0,0.004511278195488722,0.0,0.004511278195488722,-0.013533834586466165
minimax,0.0,-0.004511278195488722,-0.004511278195488722,0.0,-0.004511278195488722,0.0,0.055639097744360905
gtd,0.004511278195488722,0.0,0.0,0.004511278195488722,0.0,0.004511278195488722,-0.013533834586466165
Schulze,0.0,-0.004511278195488722,-0.004511278195488722,0.0,-0.004511278195488722,0.0,0.055639097744360905
IRV,-0.055639097744360905,0.013533834586466165,0.013533834586466165,-0.055639097744360905,0.013533834586466165,-0.055639097744360905,0.0
