,Borda,plurality,gt,minimax,gtd,Schulze,IRV
Borda,0.0,-0.05263157894736842,0.036011080332409975,-0.05263157894736842,0.036011080332409975,-0.05263157894736842,0.036011080332409975
plurality,0.05263157894736842,0.0,-0.013850415512465374,0.0,-0.013850415512465374,0.0,-0.013850415512465374
gt,-0.036011080332409975,0.013850415512465374,0.0,0.013850415512465374,0.0,0.013850415512465374,0.0
minimax,0.05263157894736842,0.0,-0.013850415512465374,0.0,-0.013850415512465374,0.0,-0.013850415512465374
gtd,-0.036011080332409975,0.013850415512465374,0.0,0.013850415512465374,0.0,0.013850415512465374,0.0
Schulze,0.05263157894736842,0.0,-0.013850415512465374,0.0,-0.013850415512465374,0.0,-0.013850415512465374
IRV,-0.036011080332409975,0.013850415512465374,0.0,0.013850415512465374,0.0,0.013850415512465374,0.0
