,Borda,plurality,gt,minimax,gtd,Schulze,IRV
Borda,0.0,-0.022123893805309734,0.0,0.0,-0.022123893805309734,0.0,0.05309734513274336
plurality,0.022123893805309734,0.0,0.022123893805309734,0.022123893805309734,0.0,0.022123893805309734,-0.03982300884955752
gt,0.0,-0.022123893805309734,0.0,0.0,-0.022123893805309734,0.0,0.05309734513274336
minimax,0.0,-0.022123893805309734,0.0,0.0,-0.022123893805309734,0.0,0.05309734513274336
gtd,0.022123893805309734,0.0,0.022123893805309734,0.022123893805309734,0.0,0.022123893805309734,-0.03982300884955752
Schulze,0.0,-0.022123893805309734,0.0,0.0,-0.022123893805309734,0.0,0.05309734513274336
IRV,-0.05309734513274336,0.03982300884955752,-0.05309734513274336,-0.05309734513274336,0.03982300884955752,-0.05309734513274336,0.0
