,Borda,plurality,gt,minimax,gtd,Schulze,IRV
Borda,0.0,0.0,-0.005970149253731343,0.0,-0.005970149253731343,0.0,-0.005970149253731343
plurality,0.0,0.0,-0.005970149253731343,0.0,-0.005970149253731343,0.0,-0.005970149253731343
gt,0.005970149253731343,0.005970149253731343,0.0,0.005970149253731343,0.0,0.005970149253731343,0.0
minimax,0.0,0.0,-0.005970149253731343,0.0,-0.005970149253731343,0.0,-0.005970149253731343
gtd,0.005970149253731343,0.005970149253731343,0.0,0.005970149253731343,0.0,0.005970149253731343,0.0
Schulze,0.0,0.0,-0.005970149253731343,0.0,-0.005970149253731343,0.0,-0.005970149253731343
IRV,0.005970149253731343,0.005970149253731343,0.0,0.005970149253731343,0.0,0.005970149253731343,0.0
