,Borda,plurality,gt,minimax,gtd,Schulze,IRV
Borda,0.0,0.0,0.0,0.0,-0.025510204081632654,0.0,-0.025510204081632654
plurality,0.0,0.0,0.0,0.0,-0.025510204081632654,0.0,-0.025510204081632654
gt,0.0,0.0,0.0,0.0,-0.025510204081632654,0.0,-0.025510204081632654
minimax,0.0,0.0,0.0,0.0,-0.025510204081632654,0.0,-0.025510204081632654
gtd,0.025510204081632654,0.025510204081632654,0.025510204081632654,0.025510204081632654,0.0,0.025510204081632654,0.0
Schulze,0.0,0.0,0.0,0.0,-0.025510204081632654,0.0,-0.025510204081632654
IRV,0.025510204081632654,0.025510204081632654,0.025510204081632654,0.025510204081632654,0.0,0.025510204081632654,0.0
