,Borda,plurality,gt,minimax,gtd,Schulze,IRV
Borda,0.0,-0.0056925996204933585,-0.0056925996204933585,0.0,-0.0056925996204933585,0.0,-0.0056925996204933585
plurality,0.0056925996204933585,0.0,0.0,0.0056925996204933585,0.0,0.0056925996204933585,0.0
gt,0.0056925996204933585,0.0,0.0,0.0056925996204933585,0.0,0.0056925996204933585,0.0
minimax,0.0,-0.0056925996204933585,-0.0056925996204933585,0.0,-0.0056925996204933585,0.0,-0.0056925996204933585
gtd,0.0056925996204933585,0.0,0.0,0.0056925996204933585,0.0,0.0056925996204933585,0.0
Schulze,0.0,-0.0056925996204933585,-0.0056925996204933585,0.0,-0.0056925996204933585,0.0,-0.0056925996204933585
IRV,0.0056925996204933585,0.0,0.0,0.0056925996204933585,0.0,0.0056925996204933585,0.0
