,Borda,plurality,gt,minimax,gtd,Schulze,IRV
Borda,0.0,0.045563549160671464,0.045563549160671464,-0.02158273381294964,-0.02158273381294964,-0.02158273381294964,0.045563549160671464
plurality,-0.045563549160671464,0.0,0.0,0.011990407673860911,0.011990407673860911,0.011990407673860911,0.0
gt,-0.045563549160671464,0.0,0.0,0.011990407673860911,0.011990407673860911,0.011990407673860911,0.0
minimax,0.02158273381294964,-0.011990407673860911,-0.011990407673860911,0.0,0.0,0.0,-0.011990407673860911
gtd,0.02158273381294964,-0.011990407673860911,-0.011990407673860911,0.0,0.0,0.0,-0.011990407673860911
Schulze,0.02158273381294964,-0.011990407673860911,-0.011990407673860911,0.0,0.0,0.0,-0.011990407673860911
IRV,-0.045563549160671464,0.0,0.0,0.011990407673860911,0.011990407673860911,0.011990407673860911,0.0
