,Borda,plurality,gt,minimax,gtd,Schulze,IRV
Borda,0.0,-0.021479713603818614,0.0,0.0,-0.021479713603818614,0.0,-0.021479713603818614
plurality,0.021479713603818614,0.0,0.021479713603818614,0.021479713603818614,0.0,0.021479713603818614,0.0
gt,0.0,-0.021479713603818614,0.0,0.0,-0.021479713603818614,0.0,-0.021479713603818614
minimax,0.0,-0.021479713603818614,0.0,0.0,-0.021479713603818614,0.0,-0.021479713603818614
gtd,0.021479713603818614,0.0,0.021479713603818614,0.021479713603818614,0.0,0.021479713603818614,0.0
Schulze,0.0,-0.021479713603818614,0.0,0.0,-0.021479713603818614,0.0,-0.021479713603818614
IRV,0.021479713603818614,0.0,0.021479713603818614,0.021479713603818614,0.0,0.021479713603818614,0.0
