,Borda,plurality,gt,minimax,gtd,Schulze,IRV
Borda,0.0,0.0,-0.005494505494505495,0.0,-0.005494505494505495,0.0,-0.005494505494505495
plurality,0.0,0.0,-0.005494505494505495,0.0,-0.005494505494505495,0.0,-0.005494505494505495
gt,0.005494505494505495,0.005494505494505495,0.0,0.005494505494505495,0.0,0.005494505494505495,0.0
minimax,0.0,0.0,-0.005494505494505495,0.0,-0.005494505494505495,0.0,-0.005494505494505495
gtd,0.005494505494505495,0.005494505494505495,0.0,0.005494505494505495,0.0,0.005494505494505495,0.0
Schulze,0.0,0.0,-0.005494505494505495,0.0,-0.005494505494505495,0.0,-0.005494505494505495
IRV,0.005494505494505495,0.005494505494505495,0.0,0.005494505494505495,0.0,0.005494505494505495,0.0
