,Borda,plurality,gt,minimax,gtd,Schulze,IRV
Borda,0.0,0.013192612137203167,0.013192612137203167,-0.013192612137203167,0.013192612137203167,-0.013192612137203167,0.013192612137203167
plurality,-0.013192612137203167,0.0,0.0,0.002638522427440633,0.0,0.002638522427440633,0.0
gt,-0.013192612137203167,0.0,0.0,0.002638522427440633,0.0,0.002638522427440633,0.0
minimax,0.013192612137203167,-0.002638522427440633,-0.002638522427440633,0.0,-0.002638522427440633,0.0,-0.002638522427440633
gtd,-0.013192612137203167,0.0,0.0,0.002638522427440633,0.0,0.002638522427440633,0.0
Schulze,0.013192612137203167,-0.002638522427440633,-0.002638522427440633,0.0,-0.002638522427440633,0.0,-0.002638522427440633
IRV,-0.013192612137203167,0.0,0.0,0.002638522427440633,0.0,0.002638522427440633,0.0
