,Borda,plurality,gt,minimax,gtd,Schulze,IRV
Borda,0.0,-0.03225806451612903,0.0,0.0,0.0,0.0,0.06451612903225806
plurality,0.03225806451612903,0.0,0.03225806451612903,0.03225806451612903,0.03225806451612903,0.03225806451612903,-0.10215053763440861
gt,0.0,-0.03225806451612903,0.0,0.0,0.0,0.0,0.06451612903225806
minimax,0.0,-0.03225806451612903,0.0,0.0,0.0,0.0,0.06451612903225806
gtd,0.0,-0.03225806451612903,0.0,0.0,0.0,0.0,0.06451612903225806
Schulze,0.0,-0.03225806451612903,0.0,0.0,0.0,0.0,0.06451612903225806
IRV,-0.06451612903225806,0.10215053763440861,-0.06451612903225806,-0.06451612903225806,-0.06451612903225806,-0.06451612903225806,0.0
