,Borda,plurality,gt,minimax,gtd,Schulze,IRV
Borda,0.0,0.0,0.05263157894736842,-0.01364522417153996,-0.01364522417153996,-0.01364522417153996,-0.01364522417153996
plurality,0.0,0.0,0.05263157894736842,-0.01364522417153996,-0.01364522417153996,-0.01364522417153996,-0.01364522417153996
gt,-0.05263157894736842,-0.05263157894736842,0.0,0.001949317738791423,0.001949317738791423,0.001949317738791423,0.001949317738791423
minimax,0.01364522417153996,0.01364522417153996,-0.001949317738791423,0.0,0.0,0.0,0.0
gtd,0.01364522417153996,0.01364522417153996,-0.001949317738791423,0.0,0.0,0.0,0.0
Schulze,0.01364522417153996,0.01364522417153996,-0.001949317738791423,0.0,0.0,0.0,0.0
IRV,0.01364522417153996,0.01364522417153996,-0.001949317738791423,0.0,0.0,0.0,0.0
