,Borda,plurality,gt,minimax,gtd,Schulze,IRV
Borda,0.0,0.06951871657754011,-0.026737967914438502,-0.026737967914438502,-0.026737967914438502,-0.026737967914438502,0.06951871657754011
plurality,-0.06951871657754011,0.0,0.0106951871657754,0.0106951871657754,0.0106951871657754,0.0106951871657754,0.0
gt,0.026737967914438502,-0.0106951871657754,0.0,0.0,0.0,0.0,-0.0106951871657754
minimax,0.026737967914438502,-0.0106951871657754,0.0,0.0,0.0,0.0,-0.0106951871657754
gtd,0.026737967914438502,-0.0106951871657754,0.0,0.0,0.0,0.0,-0.0106951871657754
Schulze,0.026737967914438502,-0.0106951871657754,0.0,0.0,0.0,0.0,-0.0106951871657754
IRV,-0.06951871657754011,0.0,0.0106951871657754,0.0106951871657754,0.0106951871657754,0.0106951871657754,0.0
