,Borda,plurality,gt,minimax,gtd,Schulze,IRV
Borda,0.0,0.04892367906066536,0.04892367906066536,0.0,-0.0019569471624266144,0.0,0.0
plurality,-0.04892367906066536,0.0,0.0,-0.04892367906066536,0.029354207436399216,-0.04892367906066536,-0.04892367906066536
gt,-0.04892367906066536,0.0,0.0,-0.04892367906066536,0.029354207436399216,-0.04892367906066536,-0.04892367906066536
minimax,0.0,0.04892367906066536,0.04892367906066536,0.0,-0.0019569471624266144,0.0,0.0
gtd,0.0019569471624266144,-0.029354207436399216,-0.029354207436399216,0.0019569471624266144,0.0,0.0019569471624266144,0.0019569471624266144
Schulze,0.0,0.04892367906066536,0.04892367906066536,0.0,-0.0019569471624266144,0.0,0.0
IRV,0.0,0.04892367906066536,0.04892367906066536,0.0,-0.0019569471624266144,0.0,0.0
