,Borda,plurality,gt,minimax,gtd,Schulze,IRV
Borda,0.0,0.012594458438287154,0.0,0.012594458438287154,0.0,0.012594458438287154,0.0
plurality,-0.012594458438287154,0.0,-0.012594458438287154,0.0,-0.012594458438287154,0.0,-0.012594458438287154
gt,0.0,0.012594458438287154,0.0,0.012594458438287154,0.0,0.012594458438287154,0.0
minimax,-0.012594458438287154,0.0,-0.012594458438287154,0.0,-0.012594458438287154,0.0,-0.012594458438287154
gtd,0.0,0.012594458438287154,0.0,0.012594458438287154,0.0,0.012594458438287154,0.0
Schulze,-0.012594458438287154,0.0,-0.012594458438287154,0.0,-0.012594458438287154,0.0,-0.012594458438287154
IRV,0.0,0.012594458438287154,0.0,0.012594458438287154,0.0,0.012594458438287154,0.0
