,Borda,plurality,gt,minimax,gtd,Schulze,IRV
Borda,0.0,-0.025925925925925925,-0.025925925925925925,-0.025925925925925925,-0.025925925925925925,-0.025925925925925925,0.06296296296296296
plurality,0.025925925925925925,0.0,0.0,0.0,0.0,0.0,0.0
gt,0.025925925925925925,0.0,0.0,0.0,0.0,0.0,0.0
minimax,0.025925925925925925,0.0,0.0,0.0,0.0,0.0,0.0
gtd,0.025925925925925925,0.0,0.0,0.0,0.0,0.0,0.0
Schulze,0.025925925925925925,0.0,0.0,0.0,0.0,0.0,0.0
IRV,-0.06296296296296296,0.0,0.0,0.0,0.0,0.0,0.0
