,Borda,plurality,gt,minimax,gtd,Schulze,IRV
Borda,0.0,-0.05343511450381679,0.05343511450381679,-0.05343511450381679,0.05343511450381679,-0.05343511450381679,-0.05343511450381679
plurality,0.05343511450381679,0.0,-0.016793893129770993,0.0,-0.016793893129770993,0.0,0.0
gt,-0.05343511450381679,0.016793893129770993,0.0,0.016793893129770993,0.0,0.016793893129770993,0.016793893129770993
minimax,0.05343511450381679,0.0,-0.016793893129770993,0.0,-0.016793893129770993,0.0,0.0
gtd,-0.05343511450381679,0.016793893129770993,0.0,0.016793893129770993,0.0,0.016793893129770993,0.016793893129770993
Schulze,0.05343511450381679,0.0,-0.016793893129770993,0.0,-0.016793893129770993,0.0,0.0
IRV,0.05343511450381679,0.0,-0.016793893129770993,0.0,-0.016793893129770993,0.0,0.0
