,Borda,plurality,gt,minimax,gtd,Schulze,IRV
Borda,0.0,0.040145985401459854,-0.014598540145985401,0.0,0.0,0.0,0.0
plurality,-0.040145985401459854,0.0,0.06569343065693431,-0.040145985401459854,-0.040145985401459854,-0.040145985401459854,-0.040145985401459854
gt,0.014598540145985401,-0.06569343065693431,0.0,0.014598540145985401,0.014598540145985401,0.014598540145985401,0.014598540145985401
minimax,0.0,0.040145985401459854,-0.014598540145985401,0.0,0.0,0.0,0.0
gtd,0.0,0.040145985401459854,-0.014598540145985401,0.0,0.0,0.0,0.0
Schulze,0.0,0.040145985401459854,-0.014598540145985401,0.0,0.0,0.0,0.0
IRV,0.0,0.040145985401459854,-0.014598540145985401,0.0,0.0,0.0,0.0
