,Borda,plurality,gt,minimax,gtd,Schulze,IRV
Borda,0.0,0.0,0.07479224376731301,-0.04155124653739612,-0.04155124653739612,-0.04155124653739612,-0.04155124653739612
plurality,0.0,0.0,0.07479224376731301,-0.04155124653739612,-0.04155124653739612,-0.04155124653739612,-0.04155124653739612
gt,-0.07479224376731301,-0.07479224376731301,0.0,0.024930747922437674,0.024930747922437674,0.024930747922437674,0.024930747922437674
minimax,0.04155124653739612,0.04155124653739612,-0.024930747922437674,0.0,0.0,0.0,0.0
gtd,0.04155124653739612,0.04155124653739612,-0.024930747922437674,0.0,0.0,0.0,0.0
Schulze,0.04155124653739612,0.04155124653739612,-0.024930747922437674,0.0,0.0,0.0,0.0
IRV,0.04155124653739612,0.04155124653739612,-0.024930747922437674,0.0,0.0,0.0,0.0
