,Borda,plurality,gt,minimax,gtd,Schulze,IRV
Borda,0.0,-0.006993006993006993,0.0,0.0,0.0,0.0,0.04428904428904429
plurality,0.006993006993006993,0.0,0.006993006993006993,0.006993006993006993,0.006993006993006993,0.006993006993006993,-0.0675990675990676
gt,0.0,-0.006993006993006993,0.0,0.0,0.0,0.0,0.04428904428904429
minimax,0.0,-0.006993006993006993,0.0,0.0,0.0,0.0,0.04428904428904429
gtd,0.0,-0.006993006993006993,0.0,0.0,0.0,0.0,0.04428904428904429
Schulze,0.0,-0.006993006993006993,0.0,0.0,0.0,0.0,0.04428904428904429
IRV,-0.04428904428904429,0.0675990675990676,-0.04428904428904429,-0.04428904428904429,-0.04428904428904429,-0.04428904428904429,0.0
