,Borda,plurality,gt,minimax,gtd,Schulze,IRV
Borda,0.0,0.0327455919395466,0.0,0.0,0.0,0.0,0.0327455919395466
plurality,-0.0327455919395466,0.0,-0.0327455919395466,-0.0327455919395466,-0.0327455919395466,-0.0327455919395466,0.0
gt,0.0,0.0327455919395466,0.0,0.0,0.0,0.0,0.0327455919395466
minimax,0.0,0.0327455919395466,0.0,0.0,0.0,0.0,0.0327455919395466
gtd,0.0,0.0327455919395466,0.0,0.0,0.0,0.0,0.0327455919395466
Schulze,0.0,0.0327455919395466,0.0,0.0,0.0,0.0,0.0327455919395466
IRV,-0.0327455919395466,0.0,-0.0327455919395466,-0.0327455919395466,-0.0327455919395466,-0.0327455919395466,0.0
