,Borda,plurality,gt,minimax,gtd,Schulze,IRV
Borda,0.0,0.0,0.0,0.0,0.0,0.0,-0.008928571428571428
plurality,0.0,0.0,0.0,0.0,0.0,0.0,-0.008928571428571428
gt,0.0,0.0,0.0,0.0,0.0,0.0,-0.008928571428571428
minimax,0.0,0.0,0.0,0.0,0.0,0.0,-0.008928571428571428
gtd,0.0,0.0,0.0,0.0,0.0,0.0,-0.008928571428571428
Schulze,0.0,0.0,0.0,0.0,0.0,0.0,-0.008928571428571428
IRV,0.008928571428571428,0.008928571428571428,0.008928571428571428,0.008928571428571428,0.008928571428571428,0.008928571428571428,0.0
