,Borda,plurality,gt,minimax,gtd,Schulze,IRV
Borda,0.0,0.022641509433962263,-0.011320754716981131,0.0,0.0,0.0,0.022641509433962263
plurality,-0.022641509433962263,0.0,0.03018867924528302,-0.022641509433962263,-0.022641509433962263,-0.022641509433962263,0.0
gt,0.011320754716981131,-0.03018867924528302,0.0,0.011320754716981131,0.011320754716981131,0.011320754716981131,-0.03018867924528302
minimax,0.0,0.022641509433962263,-0.011320754716981131,0.0,0.0,0.0,0.022641509433962263
gtd,0.0,0.022641509433962263,-0.011320754716981131,0.0,0.0,0.0,0.022641509433962263
Schulze,0.0,0.022641509433962263,-0.011320754716981131,0.0,0.0,0.0,0.022641509433962263
IRV,-0.022641509433962263,0.0,0.03018867924528302,-0.022641509433962263,-0.022641509433962263,-0.022641509433962263,0.0
