,Borda,plurality,gt,minimax,gtd,Schulze,IRV
Borda,0.0,0.0,0.06111111111111111,-0.06666666666666667,0.06111111111111111,-0.06666666666666667,0.0
plurality,0.0,0.0,0.06111111111111111,-0.06666666666666667,0.06111111111111111,-0.06666666666666667,0.0
gt,-0.06111111111111111,-0.06111111111111111,0.0,0.016666666666666666,0.0,0.016666666666666666,-0.06111111111111111
minimax,0.06666666666666667,0.06666666666666667,-0.016666666666666666,0.0,-0.016666666666666666,0.0,0.06666666666666667
gtd,-0.06111111111111111,-0.06111111111111111,0.0,0.016666666666666666,0.0,0.016666666666666666,-0.06111111111111111
Schulze,0.06666666666666667,0.06666666666666667,-0.016666666666666666,0.0,-0.016666666666666666,0.0,0.06666666666666667
IRV,0.0,0.0,0.06111111111111111,-0.06666666666666667,0.06111111111111111,-0.06666666666666667,0.0
