,Borda,plurality,gt,minimax,gtd,Schulze,IRV
Borda,0.0,-0.008605851979345954,0.012048192771084338,-0.008605851979345954,-0.008605851979345954,-0.008605851979345954,0.012048192771084338
plurality,0.008605851979345954,0.0,-0.0051635111876075735,0.0,0.0,0.0,-0.0051635111876075735
gt,-0.012048192771084338,0.0051635111876075735,0.0,0.0051635111876075735,0.0051635111876075735,0.0051635111876075735,0.0
minimax,0.008605851979345954,0.0,-0.0051635111876075735,0.0,0.0,0.0,-0.0051635111876075735
gtd,0.008605851979345954,0.0,-0.0051635111876075735,0.0,0.0,0.0,-0.0051635111876075735
Schulze,0.008605851979345954,0.0,-0.0051635111876075735,0.0,0.0,0.0,-0.0051635111876075735
IRV,-0.012048192771084338,0.0051635111876075735,0.0,0.0051635111876075735,0.0051635111876075735,0.0051635111876075735,0.0
