,Borda,plurality,gt,minimax,gtd,Schulze,IRV
Borda,0.0,-0.007228915662650603,0.05060240963855422,0.0,-0.007228915662650603,0.0,-0.007228915662650603
plurality,0.007228915662650603,0.0,-0.02650602409638554,0.007228915662650603,0.0,0.007228915662650603,0.0
gt,-0.05060240963855422,0.02650602409638554,0.0,-0.05060240963855422,0.02650602409638554,-0.05060240963855422,0.02650602409638554
minimax,0.0,-0.007228915662650603,0.05060240963855422,0.0,-0.007228915662650603,0.0,-0.007228915662650603
gtd,0.007228915662650603,0.0,-0.02650602409638554,0.007228915662650603,0.0,0.007228915662650603,0.0
Schulze,0.0,-0.007228915662650603,0.05060240963855422,0.0,-0.007228915662650603,0.0,-0.007228915662650603
IRV,0.007228915662650603,0.0,-0.02650602409638554,0.007228915662650603,0.0,0.007228915662650603,0.0
