,Borda,plurality,gt,minimax,gtd,Schulze,IRV
Borda,0.0,0.15083798882681565,0.0,0.0,0.0,0.0,0.0
plurality,-0.15083798882681565,0.0,-0.055865921787709494,-0.15083798882681565,-0.15083798882681565,-0.15083798882681565,-0.055865921787709494
gt,0.0,0.055865921787709494,0.0,0.0,0.0,0.0,0.0
minimax,0.0,0.15083798882681565,0.0,0.0,0.0,0.0,0.0
gtd,0.0,0.15083798882681565,0.0,0.0,0.0,0.0,0.0
Schulze,0.0,0.15083798882681565,0.0,0.0,0.0,0.0,0.0
IRV,0.0,0.055865921787709494,0.0,0.0,0.0,0.0,0.0
