,Borda,plurality,gt,minimax,gtd,Schulze,IRV
Borda,0.0,0.019815059445178335,-0.017173051519154558,-0.017173051519154558,-0.017173051519154558,-0.017173051519154558,0.0
plurality,-0.019815059445178335,0.0,0.009247027741083224,0.009247027741083224,0.009247027741083224,0.009247027741083224,-0.019815059445178335
gt,0.017173051519154558,-0.009247027741083224,0.0,0.0,0.0,0.0,0.017173051519154558
minimax,0.017173051519154558,-0.009247027741083224,0.0,0.0,0.0,0.0,0.017173051519154558
gtd,0.017173051519154558,-0.009247027741083224,0.0,0.0,0.0,0.0,0.017173051519154558
Schulze,0.017173051519154558,-0.009247027741083224,0.0,0.0,0.0,0.0,0.017173051519154558
IRV,0.0,0.019815059445178335,-0.017173051519154558,-0.017173051519154558,-0.017173051519154558,-0.017173051519154558,0.0
