,Borda,plurality,gt,minimax,gtd,Schulze,IRV
Borda,0.0,0.06914893617021277,-0.026595744680851064,-0.026595744680851064,-0.026595744680851064,-0.026595744680851064,0.0
plurality,-0.06914893617021277,0.0,-0.11702127659574468,-0.11702127659574468,-0.11702127659574468,-0.11702127659574468,-0.06914893617021277
gt,0.026595744680851064,0.11702127659574468,0.0,0.0,0.0,0.0,0.026595744680851064
minimax,0.026595744680851064,0.11702127659574468,0.0,0.0,0.0,0.0,0.026595744680851064
gtd,0.026595744680851064,0.11702127659574468,0.0,0.0,0.0,0.0,0.026595744680851064
Schulze,0.026595744680851064,0.11702127659574468,0.0,0.0,0.0,0.0,0.026595744680851064
IRV,0.0,0.06914893617021277,-0.026595744680851064,-0.026595744680851064,-0.026595744680851064,-0.026595744680851064,0.0
