,Borda,plurality,gt,minimax,gtd,Schulze,IRV
Borda,0.0,-0.005025125628140704,0.0,0.0,0.0,0.0,0.06197654941373534
plurality,0.005025125628140704,0.0,0.005025125628140704,0.005025125628140704,0.005025125628140704,0.005025125628140704,-0.011725293132328308
gt,0.0,-0.005025125628140704,0.0,0.0,0.0,0.0,0.06197654941373534
minimax,0.0,-0.005025125628140704,0.0,0.0,0.0,0.0,0.06197654941373534
gtd,0.0,-0.005025125628140704,0.0,0.0,0.0,0.0,0.06197654941373534
Schulze,0.0,-0.005025125628140704,0.0,0.0,0.0,0.0,0.06197654941373534
IRV,-0.06197654941373534,0.011725293132328308,-0.06197654941373534,-0.06197654941373534,-0.06197654941373534,-0.06197654941373534,0.0
