,Borda,plurality,gt,minimax,gtd,Schulze,IRV
Borda,0.0,-0.052083333333333336,-0.052083333333333336,-0.052083333333333336,0.052083333333333336,-0.052083333333333336,0.057291666666666664
plurality,0.052083333333333336,0.0,0.0,0.0,-0.036458333333333336,0.0,-0.0026041666666666665
gt,0.052083333333333336,0.0,0.0,0.0,-0.036458333333333336,0.0,-0.0026041666666666665
minimax,0.052083333333333336,0.0,0.0,0.0,-0.036458333333333336,0.0,-0.0026041666666666665
gtd,-0.052083333333333336,0.036458333333333336,0.036458333333333336,0.036458333333333336,0.0,0.036458333333333336,0.036458333333333336
Schulze,0.052083333333333336,0.0,0.0,0.0,-0.036458333333333336,0.0,-0.0026041666666666665
IRV,-0.057291666666666664,0.0026041666666666665,0.0026041666666666665,0.0026041666666666665,-0.036458333333333336,0.0026041666666666665,0.0
