,Borda,plurality,gt,minimax,gtd,Schulze,IRV
Borda,0.0,0.0,-0.013592233009708738,0.0,-0.013592233009708738,0.0,-0.013592233009708738
plurality,0.0,0.0,-0.013592233009708738,0.0,-0.013592233009708738,0.0,-0.013592233009708738
gt,0.013592233009708738,0.013592233009708738,0.0,0.013592233009708738,0.0,0.013592233009708738,0.0
minimax,0.0,0.0,-0.013592233009708738,0.0,-0.013592233009708738,0.0,-0.013592233009708738
gtd,0.013592233009708738,0.013592233009708738,0.0,0.013592233009708738,0.0,0.013592233009708738,0.0
Schulze,0.0,0.0,-0.013592233009708738,0.0,-0.013592233009708738,0.0,-0.013592233009708738
IRV,0.013592233009708738,0.013592233009708738,0.0,0.013592233009708738,0.0,0.013592233009708738,0.0
