,Borda,plurality,gt,minimax,gtd,Schulze,IRV
Borda,0.0,0.039627039627039624,-0.002331002331002331,0.0,-0.002331002331002331,0.0,0.0
plurality,-0.039627039627039624,0.0,0.006993006993006993,-0.039627039627039624,0.006993006993006993,-0.039627039627039624,-0.039627039627039624
gt,0.002331002331002331,-0.006993006993006993,0.0,0.002331002331002331,0.0,0.002331002331002331,0.002331002331002331
minimax,0.0,0.039627039627039624,-0.002331002331002331,0.0,-0.002331002331002331,0.0,0.0
gtd,0.002331002331002331,-0.006993006993006993,0.0,0.002331002331002331,0.0,0.002331002331002331,0.002331002331002331
Schulze,0.0,0.039627039627039624,-0.002331002331002331,0.0,-0.002331002331002331,0.0,0.0
IRV,0.0,0.039627039627039624,-0.002331002331002331,0.0,-0.002331002331002331,0.0,0.0
