,Borda,plurality,gt,minimax,gtd,Schulze,IRV
Borda,0.0,-0.02689486552567237,0.0,-0.02689486552567237,-0.02689486552567237,-0.02689486552567237,0.04156479217603912
plurality,0.02689486552567237,0.0,0.02689486552567237,0.0,0.0,0.0,-0.017114914425427872
gt,0.0,-0.02689486552567237,0.0,-0.02689486552567237,-0.02689486552567237,-0.02689486552567237,0.04156479217603912
minimax,0.02689486552567237,0.0,0.02689486552567237,0.0,0.0,0.0,-0.017114914425427872
gtd,0.02689486552567237,0.0,0.02689486552567237,0.0,0.0,0.0,-0.017114914425427872
Schulze,0.02689486552567237,0.0,0.02689486552567237,0.0,0.0,0.0,-0.017114914425427872
IRV,-0.04156479217603912,0.017114914425427872,-0.04156479217603912,0.017114914425427872,0.017114914425427872,0.017114914425427872,0.0
