,Borda,plurality,gt,minimax,gtd,Schulze,IRV
Borda,0.0,-0.0022371364653243847,-0.0022371364653243847,0.0,-0.0022371364653243847,0.0,0.05145413870246085
plurality,0.0022371364653243847,0.0,0.0,0.0022371364653243847,0.0,0.0022371364653243847,-0.011185682326621925
gt,0.0022371364653243847,0.0,0.0,0.0022371364653243847,0.0,0.0022371364653243847,-0.011185682326621925
minimax,0.0,-0.0022371364653243847,-0.0022371364653243847,0.0,-0.0022371364653243847,0.0,0.05145413870246085
gtd,0.0022371364653243847,0.0,0.0,0.0022371364653243847,0.0,0.0022371364653243847,-0.011185682326621925
Schulze,0.0,-0.0022371364653243847,-0.0022371364653243847,0.0,-0.0022371364653243847,0.0,0.05145413870246085
IRV,-0.05145413870246085,0.011185682326621925,0.011185682326621925,-0.05145413870246085,0.011185682326621925,-0.05145413870246085,0.0
