,Borda,plurality,gt,minimax,gtd,Schulze,IRV
Borda,0.0,-0.033419023136246784,-0.033419023136246784,-0.033419023136246784,-0.033419023136246784,-0.033419023136246784,0.005141388174807198
plurality,0.033419023136246784,0.0,0.0,0.0,0.0,0.0,0.0
gt,0.033419023136246784,0.0,0.0,0.0,0.0,0.0,0.0
minimax,0.033419023136246784,0.0,0.0,0.0,0.0,0.0,0.0
gtd,0.033419023136246784,0.0,0.0,0.0,0.0,0.0,0.0
Schulze,0.033419023136246784,0.0,0.0,0.0,0.0,0.0,0.0
IRV,-0.005141388174807198,0.0,0.0,0.0,0.0,0.0,0.0
