,Borda,plurality,gt,minimax,gtd,Schulze,IRV
Borda,0.0,0.03671071953010279,0.0,0.0,0.0,0.0,0.03671071953010279
plurality,-0.03671071953010279,0.0,-0.03671071953010279,-0.03671071953010279,-0.03671071953010279,-0.03671071953010279,0.0
gt,0.0,0.03671071953010279,0.0,0.0,0.0,0.0,0.03671071953010279
minimax,0.0,0.03671071953010279,0.0,0.0,0.0,0.0,0.03671071953010279
gtd,0.0,0.03671071953010279,0.0,0.0,0.0,0.0,0.03671071953010279
Schulze,0.0,0.03671071953010279,0.0,0.0,0.0,0.0,0.03671071953010279
IRV,-0.03671071953010279,0.0,-0.03671071953010279,-0.03671071953010279,-0.03671071953010279,-0.03671071953010279,0.0
