,Borda,plurality,gt,minimax,gtd,Schulze,IRV
Borda,0.0,-0.019955654101995565,-0.019955654101995565,-0.019955654101995565,-0.019955654101995565,-0.019955654101995565,-0.019955654101995565
plurality,0.019955654101995565,0.0,0.0,0.0,0.0,0.0,0.0
gt,0.019955654101995565,0.0,0.0,0.0,0.0,0.0,0.0
minimax,0.019955654101995565,0.0,0.0,0.0,0.0,0.0,0.0
gtd,0.019955654101995565,0.0,0.0,0.0,0.0,0.0,0.0
Schulze,0.019955654101995565,0.0,0.0,0.0,0.0,0.0,0.0
IRV,0.019955654101995565,0.0,0.0,0.0,0.0,0.0,0.0
