,Borda,plurality,gt,minimax,gtd,Schulze,IRV
Borda,0.0,0.0392156862745098,0.0,0.0,0.0,0.0,0.0
plurality,-0.0392156862745098,0.0,-0.0392156862745098,-0.047058823529411764,-0.047058823529411764,-0.047058823529411764,-0.047058823529411764
gt,0.0,0.0392156862745098,0.0,0.0,0.0,0.0,0.0
minimax,0.0,0.047058823529411764,0.0,0.0,0.0,0.0,0.0
gtd,0.0,0.047058823529411764,0.0,0.0,0.0,0.0,0.0
Schulze,0.0,0.047058823529411764,0.0,0.0,0.0,0.0,0.0
IRV,0.0,0.047058823529411764,0.0,0.0,0.0,0.0,0.0
