,Borda,plurality,gt,minimax,gtd,Schulze,IRV
Borda,0.0,-0.040776699029126215,-0.040776699029126215,-0.040776699029126215,-0.040776699029126215,-0.040776699029126215,0.04466019417475728
plurality,0.040776699029126215,0.0,0.0,0.0,0.0,0.0,-0.017475728155339806
gt,0.040776699029126215,0.0,0.0,0.0,0.0,0.0,-0.017475728155339806
minimax,0.040776699029126215,0.0,0.0,0.0,0.0,0.0,-0.017475728155339806
gtd,0.040776699029126215,0.0,0.0,0.0,0.0,0.0,-0.017475728155339806
Schulze,0.040776699029126215,0.0,0.0,0.0,0.0,0.0,-0.017475728155339806
IRV,-0.04466019417475728,0.017475728155339806,0.017475728155339806,0.017475728155339806,0.017475728155339806,0.017475728155339806,0.0
