,Borda,plurality,gt,minimax,gtd,Schulze,IRV
Borda,0.0,0.05188679245283019,0.0,0.0,0.0,0.0,0.05188679245283019
plurality,-0.05188679245283019,0.0,-0.05188679245283019,-0.05188679245283019,-0.05188679245283019,-0.05188679245283019,0.0
gt,0.0,0.05188679245283019,0.0,0.0,0.0,0.0,0.05188679245283019
minimax,0.0,0.05188679245283019,0.0,0.0,0.0,0.0,0.05188679245283019
gtd,0.0,0.05188679245283019,0.0,0.0,0.0,0.0,0.05188679245283019
Schulze,0.0,0.05188679245283019,0.0,0.0,0.0,0.0,0.05188679245283019
IRV,-0.05188679245283019,0.0,-0.05188679245283019,-0.05188679245283019,-0.05188679245283019,-0.05188679245283019,0.0
