,Borda,plurality,gt,minimax,gtd,Schulze,IRV
Borda,0.0,-0.03535353535353535,-0.03535353535353535,-0.03535353535353535,-0.03535353535353535,-0.03535353535353535,0.025252525252525252
plurality,0.03535353535353535,0.0,0.0,0.0,0.0,0.0,0.0
gt,0.03535353535353535,0.0,0.0,0.0,0.0,0.0,0.0
minimax,0.03535353535353535,0.0,0.0,0.0,0.0,0.0,0.0
gtd,0.03535353535353535,0.0,0.0,0.0,0.0,0.0,0.0
Schulze,0.03535353535353535,0.0,0.0,0.0,0.0,0.0,0.0
IRV,-0.025252525252525252,0.0,0.0,0.0,0.0,0.0,0.0
