,Borda,plurality,gt,minimax,gtd,Schulze,IRV
Borda,0.0,-0.02528735632183908,0.006896551724137931,0.006896551724137931,0.006896551724137931,0.006896551724137931,-0.02528735632183908
plurality,0.02528735632183908,0.0,-0.016091954022988506,-0.016091954022988506,-0.016091954022988506,-0.016091954022988506,0.0
gt,-0.006896551724137931,0.016091954022988506,0.0,0.0,0.0,0.0,0.016091954022988506
minimax,-0.006896551724137931,0.016091954022988506,0.0,0.0,0.0,0.0,0.016091954022988506
gtd,-0.006896551724137931,0.016091954022988506,0.0,0.0,0.0,0.0,0.016091954022988506
Schulze,-0.006896551724137931,0.016091954022988506,0.0,0.0,0.0,0.0,0.016091954022988506
IRV,0.02528735632183908,0.0,-0.016091954022988506,-0.016091954022988506,-0.016091954022988506,-0.016091954022988506,0.0
