,Borda,plurality,gt,minimax,gtd,Schulze,IRV
Borda,0.0,0.0,0.02107728337236534,0.0,-0.00702576112412178,0.0,0.0
plurality,0.0,0.0,0.02107728337236534,0.0,-0.00702576112412178,0.0,0.0
gt,-0.02107728337236534,-0.02107728337236534,0.0,-0.02107728337236534,0.0117096018735363,-0.02107728337236534,-0.02107728337236534
minimax,0.0,0.0,0.02107728337236534,0.0,-0.00702576112412178,0.0,0.0
gtd,0.00702576112412178,0.00702576112412178,-0.0117096018735363,0.00702576112412178,0.0,0.00702576112412178,0.00702576112412178
Schulze,0.0,0.0,0.02107728337236534,0.0,-0.00702576112412178,0.0,0.0
IRV,0.0,0.0,0.02107728337236534,0.0,-0.00702576112412178,0.0,0.0
