,Borda,plurality,gt,minimax,gtd,Schulze,IRV
Borda,0.0,0.0,0.05411764705882353,-0.02588235294117647,-0.02588235294117647,-0.02588235294117647,-0.02588235294117647
plurality,0.0,0.0,0.05411764705882353,-0.02588235294117647,-0.02588235294117647,-0.02588235294117647,-0.02588235294117647
gt,-0.05411764705882353,-0.05411764705882353,0.0,0.021176470588235293,0.021176470588235293,0.021176470588235293,0.021176470588235293
minimax,0.02588235294117647,0.02588235294117647,-0.021176470588235293,0.0,0.0,0.0,0.0
gtd,0.02588235294117647,0.02588235294117647,-0.021176470588235293,0.0,0.0,0.0,0.0
Schulze,0.02588235294117647,0.02588235294117647,-0.021176470588235293,0.0,0.0,0.0,0.0
IRV,0.02588235294117647,0.02588235294117647,-0.021176470588235293,0.0,0.0,0.0,0.0
