,Borda,plurality,gt,minimax,gtd,Schulze,IRV
Borda,0.0,-0.010570824524312896,0.0,0.0,0.0,0.0,0.02748414376321353
plurality,0.010570824524312896,0.0,0.010570824524312896,0.010570824524312896,0.010570824524312896,0.010570824524312896,-0.035940803382663845
gt,0.0,-0.010570824524312896,0.0,0.0,0.0,0.0,0.02748414376321353
minimax,0.0,-0.010570824524312896,0.0,0.0,0.0,0.0,0.02748414376321353
gtd,0.0,-0.010570824524312896,0.0,0.0,0.0,0.0,0.02748414376321353
Schulze,0.0,-0.010570824524312896,0.0,0.0,0.0,0.0,0.02748414376321353
IRV,-0.02748414376321353,0.035940803382663845,-0.02748414376321353,-0.02748414376321353,-0.02748414376321353,-0.02748414376321353,0.0
