,Borda,plurality,gt,minimax,gtd,Schulze,IRV
Borda,0.0,-0.019417475728155338,-0.019417475728155338,-0.019417475728155338,-0.019417475728155338,-0.019417475728155338,0.05825242718446602
plurality,0.019417475728155338,0.0,0.0,0.0,0.0,0.0,0.0
gt,0.019417475728155338,0.0,0.0,0.0,0.0,0.0,0.0
minimax,0.019417475728155338,0.0,0.0,0.0,0.0,0.0,0.0
gtd,0.019417475728155338,0.0,0.0,0.0,0.0,0.0,0.0
Schulze,0.019417475728155338,0.0,0.0,0.0,0.0,0.0,0.0
IRV,-0.05825242718446602,0.0,0.0,0.0,0.0,0.0,0.0
