,Borda,plurality,gt,minimax,gtd,Schulze,IRV
Borda,0.0,0.17098445595854922,0.0,0.0,-0.0051813471502590676,0.0,0.08290155440414508
plurality,-0.17098445595854922,0.0,-0.17098445595854922,-0.17098445595854922,-0.09844559585492228,-0.17098445595854922,-0.14507772020725387
gt,0.0,0.17098445595854922,0.0,0.0,-0.0051813471502590676,0.0,0.08290155440414508
minimax,0.0,0.17098445595854922,0.0,0.0,-0.0051813471502590676,0.0,0.08290155440414508
gtd,0.0051813471502590676,0.09844559585492228,0.0051813471502590676,0.0051813471502590676,0.0,0.0051813471502590676,-0.05181347150259067
Schulze,0.0,0.17098445595854922,0.0,0.0,-0.0051813471502590676,0.0,0.08290155440414508
IRV,-0.08290155440414508,0.14507772020725387,-0.08290155440414508,-0.08290155440414508,0.05181347150259067,-0.08290155440414508,0.0
