,Borda,plurality,gt,minimax,gtd,Schulze,IRV
Borda,0.0,0.04225352112676056,-0.0028169014084507044,0.0,-0.0028169014084507044,0.0,0.04225352112676056
plurality,-0.04225352112676056,0.0,0.014084507042253521,-0.04225352112676056,0.014084507042253521,-0.04225352112676056,0.0
gt,0.0028169014084507044,-0.014084507042253521,0.0,0.0028169014084507044,0.0,0.0028169014084507044,-0.014084507042253521
minimax,0.0,0.04225352112676056,-0.0028169014084507044,0.0,-0.0028169014084507044,0.0,0.04225352112676056
gtd,0.0028169014084507044,-0.014084507042253521,0.0,0.0028169014084507044,0.0,0.0028169014084507044,-0.014084507042253521
Schulze,0.0,0.04225352112676056,-0.0028169014084507044,0.0,-0.0028169014084507044,0.0,0.04225352112676056
IRV,-0.04225352112676056,0.0,0.014084507042253521,-0.04225352112676056,0.014084507042253521,-0.04225352112676056,0.0
