,Borda,plurality,gt,minimax,gtd,Schulze,IRV
Borda,0.0,0.08298755186721991,-0.004149377593360996,0.0,-0.004149377593360996,0.0,0.0
plurality,-0.08298755186721991,0.0,-0.07053941908713693,-0.08298755186721991,-0.07053941908713693,-0.08298755186721991,-0.08298755186721991
gt,0.004149377593360996,0.07053941908713693,0.0,0.004149377593360996,0.0,0.004149377593360996,0.004149377593360996
minimax,0.0,0.08298755186721991,-0.004149377593360996,0.0,-0.004149377593360996,0.0,0.0
gtd,0.004149377593360996,0.07053941908713693,0.0,0.004149377593360996,0.0,0.004149377593360996,0.004149377593360996
Schulze,0.0,0.08298755186721991,-0.004149377593360996,0.0,-0.004149377593360996,0.0,0.0
IRV,0.0,0.08298755186721991,-0.004149377593360996,0.0,-0.004149377593360996,0.0,0.0
