,Borda,plurality,gt,minimax,gtd,Schulze,IRV
Borda,0.0,-0.010351966873706004,0.0,0.0,0.0,0.0,-0.010351966873706004
plurality,0.010351966873706004,0.0,0.010351966873706004,0.010351966873706004,0.010351966873706004,0.010351966873706004,0.0
gt,0.0,-0.010351966873706004,0.0,0.0,0.0,0.0,-0.010351966873706004
minimax,0.0,-0.010351966873706004,0.0,0.0,0.0,0.0,-0.010351966873706004
gtd,0.0,-0.010351966873706004,0.0,0.0,0.0,0.0,-0.010351966873706004
Schulze,0.0,-0.010351966873706004,0.0,0.0,0.0,0.0,-0.010351966873706004
IRV,0.010351966873706004,0.0,0.010351966873706004,0.010351966873706004,0.010351966873706004,0.010351966873706004,0.0
