,Borda,plurality,gt,minimax,gtd,Schulze,IRV
Borda,0.0,-0.026804123711340205,-0.026804123711340205,-0.026804123711340205,-0.026804123711340205,-0.026804123711340205,0.030927835051546393
plurality,0.026804123711340205,0.0,0.0,0.0,0.0,0.0,-0.006185567010309278
gt,0.026804123711340205,0.0,0.0,0.0,0.0,0.0,-0.006185567010309278
minimax,0.026804123711340205,0.0,0.0,0.0,0.0,0.0,-0.006185567010309278
gtd,0.026804123711340205,0.0,0.0,0.0,0.0,0.0,-0.006185567010309278
Schulze,0.026804123711340205,0.0,0.0,0.0,0.0,0.0,-0.006185567010309278
IRV,-0.030927835051546393,0.006185567010309278,0.006185567010309278,0.006185567010309278,0.006185567010309278,0.006185567010309278,0.0
