,Borda,plurality,gt,minimax,gtd,Schulze,IRV
Borda,0.0,0.07859078590785908,-0.0027100271002710027,0.0,-0.0027100271002710027,0.0,0.0
plurality,-0.07859078590785908,0.0,0.051490514905149054,-0.07859078590785908,0.051490514905149054,-0.07859078590785908,-0.07859078590785908
gt,0.0027100271002710027,-0.051490514905149054,0.0,0.0027100271002710027,0.0,0.0027100271002710027,0.0027100271002710027
minimax,0.0,0.07859078590785908,-0.0027100271002710027,0.0,-0.0027100271002710027,0.0,0.0
gtd,0.0027100271002710027,-0.051490514905149054,0.0,0.0027100271002710027,0.0,0.0027100271002710027,0.0027100271002710027
Schulze,0.0,0.07859078590785908,-0.0027100271002710027,0.0,-0.0027100271002710027,0.0,0.0
IRV,0.0,0.07859078590785908,-0.0027100271002710027,0.0,-0.0027100271002710027,0.0,0.0
