,Borda,plurality,gt,minimax,gtd,Schulze,IRV
Borda,0.0,0.03125,0.03125,0.0,-0.003472222222222222,0.0,0.03125
plurality,-0.03125,0.0,0.0,-0.03125,0.024305555555555556,-0.03125,0.0
gt,-0.03125,0.0,0.0,-0.03125,0.024305555555555556,-0.03125,0.0
minimax,0.0,0.03125,0.03125,0.0,-0.003472222222222222,0.0,0.03125
gtd,0.003472222222222222,-0.024305555555555556,-0.024305555555555556,0.003472222222222222,0.0,0.003472222222222222,-0.024305555555555556
Schulze,0.0,0.03125,0.03125,0.0,-0.003472222222222222,0.0,0.03125
IRV,-0.03125,0.0,0.0,-0.03125,0.024305555555555556,-0.03125,0.0
