,Borda,plurality,gt,minimax,gtd,Schulze,IRV
Borda,0.0,-0.01818181818181818,-0.01818181818181818,0.004545454545454545,0.004545454545454545,0.004545454545454545,0.004545454545454545
plurality,0.01818181818181818,0.0,0.0,-0.004545454545454545,-0.004545454545454545,-0.004545454545454545,-0.004545454545454545
gt,0.01818181818181818,0.0,0.0,-0.004545454545454545,-0.004545454545454545,-0.004545454545454545,-0.004545454545454545
minimax,-0.004545454545454545,0.004545454545454545,0.004545454545454545,0.0,0.0,0.0,0.0
gtd,-0.004545454545454545,0.004545454545454545,0.004545454545454545,0.0,0.0,0.0,0.0
Schulze,-0.004545454545454545,0.004545454545454545,0.004545454545454545,0.0,0.0,0.0,0.0
IRV,-0.004545454545454545,0.004545454545454545,0.004545454545454545,0.0,0.0,0.0,0.0
