,Borda,plurality,gt,minimax,gtd,Schulze,IRV
Borda,0.0,0.10077519379844961,0.03359173126614987,-0.01808785529715762,-0.01808785529715762,-0.01808785529715762,0.03359173126614987
plurality,-0.10077519379844961,0.0,-0.07493540051679587,-0.09560723514211886,-0.09560723514211886,-0.09560723514211886,-0.07493540051679587
gt,-0.03359173126614987,0.07493540051679587,0.0,0.012919896640826873,0.012919896640826873,0.012919896640826873,0.0
minimax,0.01808785529715762,0.09560723514211886,-0.012919896640826873,0.0,0.0,0.0,-0.012919896640826873
gtd,0.01808785529715762,0.09560723514211886,-0.012919896640826873,0.0,0.0,0.0,-0.012919896640826873
Schulze,0.01808785529715762,0.09560723514211886,-0.012919896640826873,0.0,0.0,0.0,-0.012919896640826873
IRV,-0.03359173126614987,0.07493540051679587,0.0,0.012919896640826873,0.012919896640826873,0.012919896640826873,0.0
