,Borda,plurality,gt,minimax,gtd,Schulze,IRV
Borda,0.0,-0.010471204188481676,0.05235602094240838,-0.010471204188481676,-0.010471204188481676,-0.010471204188481676,0.05235602094240838
plurality,0.010471204188481676,0.0,-0.005235602094240838,0.0,0.0,0.0,-0.005235602094240838
gt,-0.05235602094240838,0.005235602094240838,0.0,0.005235602094240838,0.005235602094240838,0.005235602094240838,0.0
minimax,0.010471204188481676,0.0,-0.005235602094240838,0.0,0.0,0.0,-0.005235602094240838
gtd,0.010471204188481676,0.0,-0.005235602094240838,0.0,0.0,0.0,-0.005235602094240838
Schulze,0.010471204188481676,0.0,-0.005235602094240838,0.0,0.0,0.0,-0.005235602094240838
IRV,-0.05235602094240838,0.005235602094240838,0.0,0.005235602094240838,0.005235602094240838,0.005235602094240838,0.0
