,Borda,plurality,gt,minimax,gtd,Schulze,IRV
Borda,0.0,0.11822660098522167,0.08374384236453201,-0.04926108374384237,-0.04926108374384237,-0.04926108374384237,-0.04926108374384237
plurality,-0.11822660098522167,0.0,-0.034482758620689655,-0.08374384236453201,-0.08374384236453201,-0.08374384236453201,-0.08374384236453201
gt,-0.08374384236453201,0.034482758620689655,0.0,0.0,0.0,0.0,0.0
minimax,0.04926108374384237,0.08374384236453201,0.0,0.0,0.0,0.0,0.0
gtd,0.04926108374384237,0.08374384236453201,0.0,0.0,0.0,0.0,0.0
Schulze,0.04926108374384237,0.08374384236453201,0.0,0.0,0.0,0.0,0.0
IRV,0.04926108374384237,0.08374384236453201,0.0,0.0,0.0,0.0,0.0
