,Borda,plurality,gt,minimax,gtd,Schulze,IRV
Borda,0.0,0.0,-0.025341130604288498,-0.025341130604288498,-0.025341130604288498,-0.025341130604288498,-0.025341130604288498
plurality,0.0,0.0,-0.025341130604288498,-0.025341130604288498,-0.025341130604288498,-0.025341130604288498,-0.025341130604288498
gt,0.025341130604288498,0.025341130604288498,0.0,0.0,0.0,0.0,0.0
minimax,0.025341130604288498,0.025341130604288498,0.0,0.0,0.0,0.0,0.0
gtd,0.025341130604288498,0.025341130604288498,0.0,0.0,0.0,0.0,0.0
Schulze,0.025341130604288498,0.025341130604288498,0.0,0.0,0.0,0.0,0.0
IRV,0.025341130604288498,0.025341130604288498,0.0,0.0,0.0,0.0,0.0
