,Borda,plurality,gt,minimax,gtd,Schulze,IRV
Borda,0.0,-0.01694915254237288,0.0,0.0,0.0,0.0,0.0211864406779661
plurality,0.01694915254237288,0.0,0.01694915254237288,0.01694915254237288,0.01694915254237288,0.01694915254237288,-0.025423728813559324
gt,0.0,-0.01694915254237288,0.0,0.0,0.0,0.0,0.0211864406779661
minimax,0.0,-0.01694915254237288,0.0,0.0,0.0,0.0,0.0211864406779661
gtd,0.0,-0.01694915254237288,0.0,0.0,0.0,0.0,0.0211864406779661
Schulze,0.0,-0.01694915254237288,0.0,0.0,0.0,0.0,0.0211864406779661
IRV,-0.0211864406779661,0.025423728813559324,-0.0211864406779661,-0.0211864406779661,-0.0211864406779661,-0.0211864406779661,0.0
