,Borda,plurality,gt,minimax,gtd,Schulze,IRV
Borda,0.0,0.025078369905956112,0.025078369905956112,-0.012539184952978056,-0.012539184952978056,-0.012539184952978056,0.025078369905956112
plurality,-0.025078369905956112,0.0,0.0,0.006269592476489028,0.006269592476489028,0.006269592476489028,0.0
gt,-0.025078369905956112,0.0,0.0,0.006269592476489028,0.006269592476489028,0.006269592476489028,0.0
minimax,0.012539184952978056,-0.006269592476489028,-0.006269592476489028,0.0,0.0,0.0,-0.006269592476489028
gtd,0.012539184952978056,-0.006269592476489028,-0.006269592476489028,0.0,0.0,0.0,-0.006269592476489028
Schulze,0.012539184952978056,-0.006269592476489028,-0.006269592476489028,0.0,0.0,0.0,-0.006269592476489028
IRV,-0.025078369905956112,0.0,0.0,0.006269592476489028,0.006269592476489028,0.006269592476489028,0.0
