,Borda,plurality,gt,minimax,gtd,Schulze,IRV
Borda,0.0,0.008064516129032258,-0.020161290322580645,0.008064516129032258,0.0,0.008064516129032258,0.0
plurality,-0.008064516129032258,0.0,0.028225806451612902,0.0,-0.008064516129032258,0.0,-0.008064516129032258
gt,0.020161290322580645,-0.028225806451612902,0.0,-0.028225806451612902,0.020161290322580645,-0.028225806451612902,0.020161290322580645
minimax,-0.008064516129032258,0.0,0.028225806451612902,0.0,-0.008064516129032258,0.0,-0.008064516129032258
gtd,0.0,0.008064516129032258,-0.020161290322580645,0.008064516129032258,0.0,0.008064516129032258,0.0
Schulze,-0.008064516129032258,0.0,0.028225806451612902,0.0,-0.008064516129032258,0.0,-0.008064516129032258
IRV,0.0,0.008064516129032258,-0.020161290322580645,0.008064516129032258,0.0,0.008064516129032258,0.0
