,Borda,plurality,gt,minimax,gtd,Schulze,IRV
Borda,0.0,0.017456359102244388,0.0,0.017456359102244388,0.017456359102244388,0.017456359102244388,0.017456359102244388
plurality,-0.017456359102244388,0.0,-0.017456359102244388,0.0,0.0,0.0,0.0
gt,0.0,0.017456359102244388,0.0,0.017456359102244388,0.017456359102244388,0.017456359102244388,0.017456359102244388
minimax,-0.017456359102244388,0.0,-0.017456359102244388,0.0,0.0,0.0,0.0
gtd,-0.017456359102244388,0.0,-0.017456359102244388,0.0,0.0,0.0,0.0
Schulze,-0.017456359102244388,0.0,-0.017456359102244388,0.0,0.0,0.0,0.0
IRV,-0.017456359102244388,0.0,-0.017456359102244388,0.0,0.0,0.0,0.0
