,Borda,plurality,gt,minimax,gtd,Schulze,IRV
Borda,0.0,0.015184381778741865,0.0,0.0,0.0,0.0,0.015184381778741865
plurality,-0.015184381778741865,0.0,-0.015184381778741865,-0.015184381778741865,-0.015184381778741865,-0.015184381778741865,0.0
gt,0.0,0.015184381778741865,0.0,0.0,0.0,0.0,0.015184381778741865
minimax,0.0,0.015184381778741865,0.0,0.0,0.0,0.0,0.015184381778741865
gtd,0.0,0.015184381778741865,0.0,0.0,0.0,0.0,0.015184381778741865
Schulze,0.0,0.015184381778741865,0.0,0.0,0.0,0.0,0.015184381778741865
IRV,-0.015184381778741865,0.0,-0.015184381778741865,-0.015184381778741865,-0.015184381778741865,-0.015184381778741865,0.0
