,Borda,plurality,gt,minimax,gtd,Schulze,IRV
Borda,0.0,0.07029478458049887,0.07029478458049887,-0.02947845804988662,-0.02947845804988662,-0.02947845804988662,0.07029478458049887
plurality,-0.07029478458049887,0.0,0.0,0.011337868480725623,0.011337868480725623,0.011337868480725623,0.0
gt,-0.07029478458049887,0.0,0.0,0.011337868480725623,0.011337868480725623,0.011337868480725623,0.0
minimax,0.02947845804988662,-0.011337868480725623,-0.011337868480725623,0.0,0.0,0.0,-0.011337868480725623
gtd,0.02947845804988662,-0.011337868480725623,-0.011337868480725623,0.0,0.0,0.0,-0.011337868480725623
Schulze,0.02947845804988662,-0.011337868480725623,-0.011337868480725623,0.0,0.0,0.0,-0.011337868480725623
IRV,-0.07029478458049887,0.0,0.0,0.011337868480725623,0.011337868480725623,0.011337868480725623,0.0
