,Borda,plurality,gt,minimax,gtd,Schulze,IRV
Borda,0.0,-0.01928374655647383,0.024793388429752067,-0.01928374655647383,-0.01928374655647383,-0.01928374655647383,0.024793388429752067
plurality,0.01928374655647383,0.0,-0.013774104683195593,0.0,0.0,0.0,-0.013774104683195593
gt,-0.024793388429752067,0.013774104683195593,0.0,0.013774104683195593,0.013774104683195593,0.013774104683195593,0.0
minimax,0.01928374655647383,0.0,-0.013774104683195593,0.0,0.0,0.0,-0.013774104683195593
gtd,0.01928374655647383,0.0,-0.013774104683195593,0.0,0.0,0.0,-0.013774104683195593
Schulze,0.01928374655647383,0.0,-0.013774104683195593,0.0,0.0,0.0,-0.013774104683195593
IRV,-0.024793388429752067,0.013774104683195593,0.0,0.013774104683195593,0.013774104683195593,0.013774104683195593,0.0
