,Borda,plurality,gt,minimax,gtd,Schulze,IRV
Borda,0.0,0.010731707317073172,-0.024390243902439025,0.010731707317073172,0.010731707317073172,0.010731707317073172,0.010731707317073172
plurality,-0.010731707317073172,0.0,0.014634146341463415,0.0,0.0,0.0,0.0
gt,0.024390243902439025,-0.014634146341463415,0.0,-0.014634146341463415,-0.014634146341463415,-0.014634146341463415,-0.014634146341463415
minimax,-0.010731707317073172,0.0,0.014634146341463415,0.0,0.0,0.0,0.0
gtd,-0.010731707317073172,0.0,0.014634146341463415,0.0,0.0,0.0,0.0
Schulze,-0.010731707317073172,0.0,0.014634146341463415,0.0,0.0,0.0,0.0
IRV,-0.010731707317073172,0.0,0.014634146341463415,0.0,0.0,0.0,0.0
