,Borda,plurality,gt,minimax,gtd,Schulze,IRV
Borda,0.0,0.0,0.0,0.0,0.0,0.0,-0.05426356589147287
plurality,0.0,0.0,0.0,0.0,0.0,0.0,-0.05426356589147287
gt,0.0,0.0,0.0,0.0,0.0,0.0,0.027131782945736434
minimax,0.0,0.0,0.0,0.0,0.0,0.0,0.027131782945736434
gtd,0.0,0.0,0.0,0.0,0.0,0.0,0.027131782945736434
Schulze,0.0,0.0,0.0,0.0,0.0,0.0,0.027131782945736434
IRV,0.05426356589147287,0.05426356589147287,-0.027131782945736434,-0.027131782945736434,-0.027131782945736434,-0.027131782945736434,0.0
