,Borda,plurality,gt,minimax,gtd,Schulze,IRV
Borda,0.0,0.02456140350877193,-0.0035087719298245615,0.0,0.0,0.0,0.0
plurality,-0.02456140350877193,0.0,0.031578947368421054,-0.02456140350877193,-0.02456140350877193,-0.02456140350877193,-0.02456140350877193
gt,0.0035087719298245615,-0.031578947368421054,0.0,0.0035087719298245615,0.0035087719298245615,0.0035087719298245615,0.0035087719298245615
minimax,0.0,0.02456140350877193,-0.0035087719298245615,0.0,0.0,0.0,0.0
gtd,0.0,0.02456140350877193,-0.0035087719298245615,0.0,0.0,0.0,0.0
Schulze,0.0,0.02456140350877193,-0.0035087719298245615,0.0,0.0,0.0,0.0
IRV,0.0,0.02456140350877193,-0.0035087719298245615,0.0,0.0,0.0,0.0
