,Borda,plurality,gt,minimax,gtd,Schulze,IRV
Borda,0.0,0.07066381156316917,-0.010706638115631691,-0.010706638115631691,-0.010706638115631691,-0.010706638115631691,0.07066381156316917
plurality,-0.07066381156316917,0.0,0.008565310492505354,0.008565310492505354,0.008565310492505354,0.008565310492505354,0.0
gt,0.010706638115631691,-0.008565310492505354,0.0,0.0,0.0,0.0,-0.008565310492505354
minimax,0.010706638115631691,-0.008565310492505354,0.0,0.0,0.0,0.0,-0.008565310492505354
gtd,0.010706638115631691,-0.008565310492505354,0.0,0.0,0.0,0.0,-0.008565310492505354
Schulze,0.010706638115631691,-0.008565310492505354,0.0,0.0,0.0,0.0,-0.008565310492505354
IRV,-0.07066381156316917,0.0,0.008565310492505354,0.008565310492505354,0.008565310492505354,0.008565310492505354,0.0
