,Borda,plurality,gt,minimax,gtd,Schulze,IRV
Borda,0.0,0.024930747922437674,-0.024930747922437674,-0.024930747922437674,0.024930747922437674,-0.024930747922437674,0.024930747922437674
plurality,-0.024930747922437674,0.0,0.013850415512465374,0.013850415512465374,0.0,0.013850415512465374,0.0
gt,0.024930747922437674,-0.013850415512465374,0.0,0.0,-0.013850415512465374,0.0,-0.013850415512465374
minimax,0.024930747922437674,-0.013850415512465374,0.0,0.0,-0.013850415512465374,0.0,-0.013850415512465374
gtd,-0.024930747922437674,0.0,0.013850415512465374,0.013850415512465374,0.0,0.013850415512465374,0.0
Schulze,0.024930747922437674,-0.013850415512465374,0.0,0.0,-0.013850415512465374,0.0,-0.013850415512465374
IRV,-0.024930747922437674,0.0,0.013850415512465374,0.013850415512465374,0.0,0.013850415512465374,0.0
