,Borda,plurality,gt,minimax,gtd,Schulze,IRV
Borda,0.0,0.0,0.051893408134642355,-0.009817671809256662,-0.009817671809256662,-0.009817671809256662,-0.009817671809256662
plurality,0.0,0.0,0.051893408134642355,-0.009817671809256662,-0.009817671809256662,-0.009817671809256662,-0.009817671809256662
gt,-0.051893408134642355,-0.051893408134642355,0.0,0.001402524544179523,0.001402524544179523,0.001402524544179523,0.001402524544179523
minimax,0.009817671809256662,0.009817671809256662,-0.001402524544179523,0.0,0.0,0.0,0.0
gtd,0.009817671809256662,0.009817671809256662,-0.001402524544179523,0.0,0.0,0.0,0.0
Schulze,0.009817671809256662,0.009817671809256662,-0.001402524544179523,0.0,0.0,0.0,0.0
IRV,0.009817671809256662,0.009817671809256662,-0.001402524544179523,0.0,0.0,0.0,0.0
