,Borda,plurality,gt,minimax,gtd,Schulze,IRV
Borda,0.0,-0.04632152588555858,0.035422343324250684,-0.04632152588555858,0.035422343324250684,-0.04632152588555858,0.035422343324250684
plurality,0.04632152588555858,0.0,-0.0027247956403269754,0.0,-0.0027247956403269754,0.0,-0.0027247956403269754
gt,-0.035422343324250684,0.0027247956403269754,0.0,0.0027247956403269754,0.0,0.0027247956403269754,0.0
minimax,0.04632152588555858,0.0,-0.0027247956403269754,0.0,-0.0027247956403269754,0.0,-0.0027247956403269754
gtd,-0.035422343324250684,0.0027247956403269754,0.0,0.0027247956403269754,0.0,0.0027247956403269754,0.0
Schulze,0.04632152588555858,0.0,-0.0027247956403269754,0.0,-0.0027247956403269754,0.0,-0.0027247956403269754
IRV,-0.035422343324250684,0.0027247956403269754,0.0,0.0027247956403269754,0.0,0.0027247956403269754,0.0
