,Borda,plurality,gt,minimax,gtd,Schulze,IRV
Borda,0.0,-0.03587443946188341,-0.03587443946188341,-0.004484304932735426,-0.004484304932735426,-0.004484304932735426,-0.03587443946188341
plurality,0.03587443946188341,0.0,0.0,0.0,0.0,0.0,0.0
gt,0.03587443946188341,0.0,0.0,0.0,0.0,0.0,0.0
minimax,0.004484304932735426,0.0,0.0,0.0,0.0,0.0,0.0
gtd,0.004484304932735426,0.0,0.0,0.0,0.0,0.0,0.0
Schulze,0.004484304932735426,0.0,0.0,0.0,0.0,0.0,0.0
IRV,0.03587443946188341,0.0,0.0,0.0,0.0,0.0,0.0
