,Borda,plurality,gt,minimax,gtd,Schulze,IRV
Borda,0.0,-0.021739130434782608,-0.021739130434782608,-0.021739130434782608,0.016304347826086956,-0.021739130434782608,-0.021739130434782608
plurality,0.021739130434782608,0.0,0.0,0.0,-0.005434782608695652,0.0,0.0
gt,0.021739130434782608,0.0,0.0,0.0,-0.005434782608695652,0.0,0.0
minimax,0.021739130434782608,0.0,0.0,0.0,-0.005434782608695652,0.0,0.0
gtd,-0.016304347826086956,0.005434782608695652,0.005434782608695652,0.005434782608695652,0.0,0.005434782608695652,0.005434782608695652
Schulze,0.021739130434782608,0.0,0.0,0.0,-0.005434782608695652,0.0,0.0
IRV,0.021739130434782608,0.0,0.0,0.0,-0.005434782608695652,0.0,0.0
