,Borda,plurality,gt,minimax,gtd,Schulze,IRV
Borda,0.0,-0.044854881266490766,0.013192612137203167,0.013192612137203167,0.013192612137203167,0.013192612137203167,-0.044854881266490766
plurality,0.044854881266490766,0.0,-0.029023746701846966,-0.029023746701846966,-0.029023746701846966,-0.029023746701846966,0.0
gt,-0.013192612137203167,0.029023746701846966,0.0,0.0,0.0,0.0,0.029023746701846966
minimax,-0.013192612137203167,0.029023746701846966,0.0,0.0,0.0,0.0,0.029023746701846966
gtd,-0.013192612137203167,0.029023746701846966,0.0,0.0,0.0,0.0,0.029023746701846966
Schulze,-0.013192612137203167,0.029023746701846966,0.0,0.0,0.0,0.0,0.029023746701846966
IRV,0.044854881266490766,0.0,-0.029023746701846966,-0.029023746701846966,-0.029023746701846966,-0.029023746701846966,0.0
