,Borda,plurality,gt,minimax,gtd,Schulze,IRV
Borda,0.0,0.03044496487119438,0.0,0.0,0.0,0.0,0.0
plurality,-0.03044496487119438,0.0,-0.00234192037470726,-0.00234192037470726,-0.03044496487119438,-0.00234192037470726,-0.03044496487119438
gt,0.0,0.00234192037470726,0.0,0.0,0.0,0.0,0.0
minimax,0.0,0.00234192037470726,0.0,0.0,0.0,0.0,0.0
gtd,0.0,0.03044496487119438,0.0,0.0,0.0,0.0,0.0
Schulze,0.0,0.00234192037470726,0.0,0.0,0.0,0.0,0.0
IRV,0.0,0.03044496487119438,0.0,0.0,0.0,0.0,0.0
