,Borda,plurality,gt,minimax,gtd,Schulze,IRV
Borda,0.0,0.029649595687331536,0.0,-0.03504043126684636,0.029649595687331536,-0.03504043126684636,0.0
plurality,-0.029649595687331536,0.0,-0.029649595687331536,0.0026954177897574125,0.0,0.0026954177897574125,-0.029649595687331536
gt,0.0,0.029649595687331536,0.0,-0.03504043126684636,0.029649595687331536,-0.03504043126684636,0.0
minimax,0.03504043126684636,-0.0026954177897574125,0.03504043126684636,0.0,-0.0026954177897574125,0.0,0.03504043126684636
gtd,-0.029649595687331536,0.0,-0.029649595687331536,0.0026954177897574125,0.0,0.0026954177897574125,-0.029649595687331536
Schulze,0.03504043126684636,-0.0026954177897574125,0.03504043126684636,0.0,-0.0026954177897574125,0.0,0.03504043126684636
IRV,0.0,0.029649595687331536,0.0,-0.03504043126684636,0.029649595687331536,-0.03504043126684636,0.0
