,Borda,plurality,gt,minimax,gtd,Schulze,IRV
Borda,0.0,0.02981029810298103,0.0,-0.03523035230352303,0.02981029810298103,-0.03523035230352303,0.02981029810298103
plurality,-0.02981029810298103,0.0,-0.02981029810298103,0.02981029810298103,0.0,0.02981029810298103,0.0
gt,0.0,0.02981029810298103,0.0,-0.03523035230352303,0.02981029810298103,-0.03523035230352303,0.02981029810298103
minimax,0.03523035230352303,-0.02981029810298103,0.03523035230352303,0.0,-0.02981029810298103,0.0,-0.02981029810298103
gtd,-0.02981029810298103,0.0,-0.02981029810298103,0.02981029810298103,0.0,0.02981029810298103,0.0
Schulze,0.03523035230352303,-0.02981029810298103,0.03523035230352303,0.0,-0.02981029810298103,0.0,-0.02981029810298103
IRV,-0.02981029810298103,0.0,-0.02981029810298103,0.02981029810298103,0.0,0.02981029810298103,0.0
