,Borda,plurality,gt,minimax,gtd,Schulze,IRV
Borda,0.0,0.030303030303030304,-0.0027548209366391185,0.0,0.0,0.0,0.07988980716253444
plurality,-0.030303030303030304,0.0,0.12396694214876033,-0.030303030303030304,-0.030303030303030304,-0.030303030303030304,-0.013774104683195593
gt,0.0027548209366391185,-0.12396694214876033,0.0,0.0027548209366391185,0.0027548209366391185,0.0027548209366391185,0.046831955922865015
minimax,0.0,0.030303030303030304,-0.0027548209366391185,0.0,0.0,0.0,0.07988980716253444
gtd,0.0,0.030303030303030304,-0.0027548209366391185,0.0,0.0,0.0,0.07988980716253444
Schulze,0.0,0.030303030303030304,-0.0027548209366391185,0.0,0.0,0.0,0.07988980716253444
IRV,-0.07988980716253444,0.013774104683195593,-0.046831955922865015,-0.07988980716253444,-0.07988980716253444,-0.07988980716253444,0.0
