,Borda,plurality,gt,minimax,gtd,Schulze,IRV
Borda,0.0,0.21296296296296297,0.0,0.0,0.0,0.0,0.0
plurality,-0.21296296296296297,0.0,-0.1712962962962963,-0.1712962962962963,-0.1712962962962963,-0.1712962962962963,-0.1712962962962963
gt,0.0,0.1712962962962963,0.0,0.0,0.0,0.0,0.0
minimax,0.0,0.1712962962962963,0.0,0.0,0.0,0.0,0.0
gtd,0.0,0.1712962962962963,0.0,0.0,0.0,0.0,0.0
Schulze,0.0,0.1712962962962963,0.0,0.0,0.0,0.0,0.0
IRV,0.0,0.1712962962962963,0.0,0.0,0.0,0.0,0.0
