,Borda,plurality,gt,minimax,gtd,Schulze,IRV
Borda,0.0,0.039634146341463415,0.0,0.0,0.0,0.0,0.0
plurality,-0.039634146341463415,0.0,-0.039634146341463415,-0.039634146341463415,-0.07621951219512195,-0.039634146341463415,-0.07621951219512195
gt,0.0,0.039634146341463415,0.0,0.0,0.0,0.0,0.0
minimax,0.0,0.039634146341463415,0.0,0.0,0.0,0.0,0.0
gtd,0.0,0.07621951219512195,0.0,0.0,0.0,0.0,0.0
Schulze,0.0,0.039634146341463415,0.0,0.0,0.0,0.0,0.0
IRV,0.0,0.07621951219512195,0.0,0.0,0.0,0.0,0.0
