,Borda,plurality,gt,minimax,gtd,Schulze,IRV
Borda,0.0,0.03260869565217391,-0.005434782608695652,0.0,0.0,0.0,0.03260869565217391
plurality,-0.03260869565217391,0.0,0.04891304347826087,-0.03260869565217391,-0.03260869565217391,-0.03260869565217391,0.0
gt,0.005434782608695652,-0.04891304347826087,0.0,0.005434782608695652,0.005434782608695652,0.005434782608695652,-0.04891304347826087
minimax,0.0,0.03260869565217391,-0.005434782608695652,0.0,0.0,0.0,0.03260869565217391
gtd,0.0,0.03260869565217391,-0.005434782608695652,0.0,0.0,0.0,0.03260869565217391
Schulze,0.0,0.03260869565217391,-0.005434782608695652,0.0,0.0,0.0,0.03260869565217391
IRV,-0.03260869565217391,0.0,0.04891304347826087,-0.03260869565217391,-0.03260869565217391,-0.03260869565217391,0.0
