,Borda,plurality,gt,minimax,gtd,Schulze,IRV
Borda,0.0,0.00631578947368421,-0.00631578947368421,-0.00631578947368421,-0.00631578947368421,-0.00631578947368421,0.00631578947368421
plurality,-0.00631578947368421,0.0,0.002105263157894737,0.002105263157894737,0.002105263157894737,0.002105263157894737,0.0
gt,0.00631578947368421,-0.002105263157894737,0.0,0.0,0.0,0.0,-0.002105263157894737
minimax,0.00631578947368421,-0.002105263157894737,0.0,0.0,0.0,0.0,-0.002105263157894737
gtd,0.00631578947368421,-0.002105263157894737,0.0,0.0,0.0,0.0,-0.002105263157894737
Schulze,0.00631578947368421,-0.002105263157894737,0.0,0.0,0.0,0.0,-0.002105263157894737
IRV,-0.00631578947368421,0.0,0.002105263157894737,0.002105263157894737,0.002105263157894737,0.002105263157894737,0.0
