,Borda,plurality,gt,minimax,gtd,Schulze,IRV
Borda,0.0,0.037037037037037035,-0.015873015873015872,0.0,-0.015873015873015872,0.0,0.037037037037037035
plurality,-0.037037037037037035,0.0,-0.005291005291005291,-0.037037037037037035,-0.005291005291005291,-0.037037037037037035,0.0
gt,0.015873015873015872,0.005291005291005291,0.0,0.015873015873015872,0.0,0.015873015873015872,0.005291005291005291
minimax,0.0,0.037037037037037035,-0.015873015873015872,0.0,-0.015873015873015872,0.0,0.037037037037037035
gtd,0.015873015873015872,0.005291005291005291,0.0,0.015873015873015872,0.0,0.015873015873015872,0.005291005291005291
Schulze,0.0,0.037037037037037035,-0.015873015873015872,0.0,-0.015873015873015872,0.0,0.037037037037037035
IRV,-0.037037037037037035,0.0,-0.005291005291005291,-0.037037037037037035,-0.005291005291005291,-0.037037037037037035,0.0
