,Borda,plurality,gt,minimax,gtd,Schulze,IRV
Borda,0.0,-0.027649769585253458,-0.027649769585253458,-0.027649769585253458,-0.027649769585253458,-0.027649769585253458,-0.027649769585253458
plurality,0.027649769585253458,0.0,0.0,0.0,0.0,0.0,0.0
gt,0.027649769585253458,0.0,0.0,0.0,0.0,0.0,0.0
minimax,0.027649769585253458,0.0,0.0,0.0,0.0,0.0,0.0
gtd,0.027649769585253458,0.0,0.0,0.0,0.0,0.0,0.0
Schulze,0.027649769585253458,0.0,0.0,0.0,0.0,0.0,0.0
IRV,0.027649769585253458,0.0,0.0,0.0,0.0,0.0,0.0
