,Borda,plurality,gt,minimax,gtd,Schulze,IRV
Borda,0.0,0.03296703296703297,-0.04945054945054945,0.03296703296703297,0.038461538461538464,0.03296703296703297,0.03296703296703297
plurality,-0.03296703296703297,0.0,0.038461538461538464,0.0,-0.016483516483516484,0.0,0.0
gt,0.04945054945054945,-0.038461538461538464,0.0,-0.038461538461538464,-0.03296703296703297,-0.038461538461538464,-0.038461538461538464
minimax,-0.03296703296703297,0.0,0.038461538461538464,0.0,-0.016483516483516484,0.0,0.0
gtd,-0.038461538461538464,0.016483516483516484,0.03296703296703297,0.016483516483516484,0.0,0.016483516483516484,0.016483516483516484
Schulze,-0.03296703296703297,0.0,0.038461538461538464,0.0,-0.016483516483516484,0.0,0.0
IRV,-0.03296703296703297,0.0,0.038461538461538464,0.0,-0.016483516483516484,0.0,0.0
