,Borda,plurality,gt,minimax,gtd,Schulze,IRV
Borda,0.0,0.011049723756906077,0.011049723756906077,0.011049723756906077,0.0,0.011049723756906077,0.011049723756906077
plurality,-0.011049723756906077,0.0,0.0,0.0,-0.011049723756906077,0.0,0.0
gt,-0.011049723756906077,0.0,0.0,0.0,-0.011049723756906077,0.0,0.0
minimax,-0.011049723756906077,0.0,0.0,0.0,-0.011049723756906077,0.0,0.0
gtd,0.0,0.011049723756906077,0.011049723756906077,0.011049723756906077,0.0,0.011049723756906077,0.011049723756906077
Schulze,-0.011049723756906077,0.0,0.0,0.0,-0.011049723756906077,0.0,0.0
IRV,-0.011049723756906077,0.0,0.0,0.0,-0.011049723756906077,0.0,0.0
