,Borda,plurality,gt,minimax,gtd,Schulze,IRV
Borda,0.0,0.029661016949152543,-0.00211864406779661,0.0,0.0,0.0,0.0
plurality,-0.029661016949152543,0.0,0.05508474576271186,-0.029661016949152543,-0.029661016949152543,-0.029661016949152543,-0.029661016949152543
gt,0.00211864406779661,-0.05508474576271186,0.0,0.00211864406779661,0.00211864406779661,0.00211864406779661,0.00211864406779661
minimax,0.0,0.029661016949152543,-0.00211864406779661,0.0,0.0,0.0,0.0
gtd,0.0,0.029661016949152543,-0.00211864406779661,0.0,0.0,0.0,0.0
Schulze,0.0,0.029661016949152543,-0.00211864406779661,0.0,0.0,0.0,0.0
IRV,0.0,0.029661016949152543,-0.00211864406779661,0.0,0.0,0.0,0.0
