,Borda,plurality,gt,minimax,gtd,Schulze,IRV
Borda,0.0,0.08262108262108261,-0.008547008547008548,-0.008547008547008548,-0.008547008547008548,-0.008547008547008548,0.08262108262108261
plurality,-0.08262108262108261,0.0,0.002849002849002849,0.002849002849002849,0.002849002849002849,0.002849002849002849,0.0
gt,0.008547008547008548,-0.002849002849002849,0.0,0.0,0.0,0.0,-0.002849002849002849
minimax,0.008547008547008548,-0.002849002849002849,0.0,0.0,0.0,0.0,-0.002849002849002849
gtd,0.008547008547008548,-0.002849002849002849,0.0,0.0,0.0,0.0,-0.002849002849002849
Schulze,0.008547008547008548,-0.002849002849002849,0.0,0.0,0.0,0.0,-0.002849002849002849
IRV,-0.08262108262108261,0.0,0.002849002849002849,0.002849002849002849,0.002849002849002849,0.002849002849002849,0.0
