,Borda,plurality,gt,minimax,gtd,Schulze,IRV
Borda,0.0,0.0,-0.041884816753926704,-0.041884816753926704,-0.041884816753926704,-0.041884816753926704,-0.041884816753926704
plurality,0.0,0.0,-0.041884816753926704,-0.041884816753926704,-0.041884816753926704,-0.041884816753926704,-0.041884816753926704
gt,0.041884816753926704,0.041884816753926704,0.0,0.0,0.0,0.0,0.0
minimax,0.041884816753926704,0.041884816753926704,0.0,0.0,0.0,0.0,0.0
gtd,0.041884816753926704,0.041884816753926704,0.0,0.0,0.0,0.0,0.0
Schulze,0.041884816753926704,0.041884816753926704,0.0,0.0,0.0,0.0,0.0
IRV,0.041884816753926704,0.041884816753926704,0.0,0.0,0.0,0.0,0.0
