,Borda,plurality,gt,minimax,gtd,Schulze,IRV
Borda,0.0,-0.0368763557483731,-0.0368763557483731,-0.0368763557483731,-0.0368763557483731,-0.0368763557483731,0.0455531453362256
plurality,0.0368763557483731,0.0,0.0,0.0,0.0,0.0,-0.019522776572668113
gt,0.0368763557483731,0.0,0.0,0.0,0.0,0.0,-0.019522776572668113
minimax,0.0368763557483731,0.0,0.0,0.0,0.0,0.0,-0.019522776572668113
gtd,0.0368763557483731,0.0,0.0,0.0,0.0,0.0,-0.019522776572668113
Schulze,0.0368763557483731,0.0,0.0,0.0,0.0,0.0,-0.019522776572668113
IRV,-0.0455531453362256,0.019522776572668113,0.019522776572668113,0.019522776572668113,0.019522776572668113,0.019522776572668113,0.0
