,Borda,plurality,gt,minimax,gtd,Schulze,IRV
Borda,0.0,0.050505050505050504,-0.015151515151515152,0.0,-0.015151515151515152,0.0,0.0
plurality,-0.050505050505050504,0.0,0.015151515151515152,-0.050505050505050504,0.015151515151515152,-0.050505050505050504,-0.050505050505050504
gt,0.015151515151515152,-0.015151515151515152,0.0,0.015151515151515152,0.0,0.015151515151515152,0.015151515151515152
minimax,0.0,0.050505050505050504,-0.015151515151515152,0.0,-0.015151515151515152,0.0,0.0
gtd,0.015151515151515152,-0.015151515151515152,0.0,0.015151515151515152,0.0,0.015151515151515152,0.015151515151515152
Schulze,0.0,0.050505050505050504,-0.015151515151515152,0.0,-0.015151515151515152,0.0,0.0
IRV,0.0,0.050505050505050504,-0.015151515151515152,0.0,-0.015151515151515152,0.0,0.0
