,Borda,plurality,gt,minimax,gtd,Schulze,IRV
Borda,0.0,0.05583756345177665,0.05583756345177665,-0.030456852791878174,-0.030456852791878174,-0.030456852791878174,0.05583756345177665
plurality,-0.05583756345177665,0.0,0.0,0.005076142131979695,0.005076142131979695,0.005076142131979695,0.0
gt,-0.05583756345177665,0.0,0.0,0.005076142131979695,0.005076142131979695,0.005076142131979695,0.0
minimax,0.030456852791878174,-0.005076142131979695,-0.005076142131979695,0.0,0.0,0.0,-0.005076142131979695
gtd,0.030456852791878174,-0.005076142131979695,-0.005076142131979695,0.0,0.0,0.0,-0.005076142131979695
Schulze,0.030456852791878174,-0.005076142131979695,-0.005076142131979695,0.0,0.0,0.0,-0.005076142131979695
IRV,-0.05583756345177665,0.0,0.0,0.005076142131979695,0.005076142131979695,0.005076142131979695,0.0
