,Borda,plurality,gt,minimax,gtd,Schulze,IRV
Borda,0.0,-0.04,-0.04,0.02095238095238095,0.02095238095238095,0.02095238095238095,-0.04
plurality,0.04,0.0,0.0,-0.03238095238095238,-0.03238095238095238,-0.03238095238095238,0.0
gt,0.04,0.0,0.0,-0.03238095238095238,-0.03238095238095238,-0.03238095238095238,0.0
minimax,-0.02095238095238095,0.03238095238095238,0.03238095238095238,0.0,0.0,0.0,0.03238095238095238
gtd,-0.02095238095238095,0.03238095238095238,0.03238095238095238,0.0,0.0,0.0,0.03238095238095238
Schulze,-0.02095238095238095,0.03238095238095238,0.03238095238095238,0.0,0.0,0.0,0.03238095238095238
IRV,0.04,0.0,0.0,-0.03238095238095238,-0.03238095238095238,-0.03238095238095238,0.0
