,Borda,plurality,gt,minimax,gtd,Schulze,IRV
Borda,0.0,0.0,-0.003246753246753247,0.0,-0.003246753246753247,0.0,-0.003246753246753247
plurality,0.0,0.0,-0.003246753246753247,0.0,-0.003246753246753247,0.0,-0.003246753246753247
gt,0.003246753246753247,0.003246753246753247,0.0,0.003246753246753247,0.0,0.003246753246753247,0.0
minimax,0.0,0.0,-0.003246753246753247,0.0,-0.003246753246753247,0.0,-0.003246753246753247
gtd,0.003246753246753247,0.003246753246753247,0.0,0.003246753246753247,0.0,0.003246753246753247,0.0
Schulze,0.0,0.0,-0.003246753246753247,0.0,-0.003246753246753247,0.0,-0.003246753246753247
IRV,0.003246753246753247,0.003246753246753247,0.0,0.003246753246753247,0.0,0.003246753246753247,0.0
