,Borda,plurality,gt,minimax,gtd,Schulze,IRV
Borda,0.0,0.04477611940298507,-0.004975124378109453,0.0,0.0,0.0,0.0
plurality,-0.04477611940298507,0.0,0.06467661691542288,-0.04477611940298507,-0.04477611940298507,-0.04477611940298507,-0.04477611940298507
gt,0.004975124378109453,-0.06467661691542288,0.0,0.004975124378109453,0.004975124378109453,0.004975124378109453,0.004975124378109453
minimax,0.0,0.04477611940298507,-0.004975124378109453,0.0,0.0,0.0,0.0
gtd,0.0,0.04477611940298507,-0.004975124378109453,0.0,0.0,0.0,0.0
Schulze,0.0,0.04477611940298507,-0.004975124378109453,0.0,0.0,0.0,0.0
IRV,0.0,0.04477611940298507,-0.004975124378109453,0.0,0.0,0.0,0.0
