,Borda,plurality,gt,minimax,gtd,Schulze,IRV
Borda,0.0,-0.036848792884371026,-0.036848792884371026,0.0,-0.036848792884371026,0.0,-0.036848792884371026
plurality,0.036848792884371026,0.0,0.0,0.036848792884371026,0.0,0.036848792884371026,0.0
gt,0.036848792884371026,0.0,0.0,0.036848792884371026,0.0,0.036848792884371026,0.0
minimax,0.0,-0.036848792884371026,-0.036848792884371026,0.0,-0.036848792884371026,0.0,-0.036848792884371026
gtd,0.036848792884371026,0.0,0.0,0.036848792884371026,0.0,0.036848792884371026,0.0
Schulze,0.0,-0.036848792884371026,-0.036848792884371026,0.0,-0.036848792884371026,0.0,-0.036848792884371026
IRV,0.036848792884371026,0.0,0.0,0.036848792884371026,0.0,0.036848792884371026,0.0
