,Borda,plurality,gt,minimax,gtd,Schulze,IRV
Borda,0.0,-0.0024813895781637717,-0.0024813895781637717,0.0,-0.0024813895781637717,0.0,0.02729528535980149
plurality,0.0024813895781637717,0.0,0.0,0.0024813895781637717,0.0,0.0024813895781637717,-0.007444168734491315
gt,0.0024813895781637717,0.0,0.0,0.0024813895781637717,0.0,0.0024813895781637717,-0.007444168734491315
minimax,0.0,-0.0024813895781637717,-0.0024813895781637717,0.0,-0.0024813895781637717,0.0,0.02729528535980149
gtd,0.0024813895781637717,0.0,0.0,0.0024813895781637717,0.0,0.0024813895781637717,-0.007444168734491315
Schulze,0.0,-0.0024813895781637717,-0.0024813895781637717,0.0,-0.0024813895781637717,0.0,0.02729528535980149
IRV,-0.02729528535980149,0.007444168734491315,0.007444168734491315,-0.02729528535980149,0.007444168734491315,-0.02729528535980149,0.0
