,Borda,plurality,gt,minimax,gtd,Schulze,IRV
Borda,0.0,0.033846153846153845,-0.018461538461538463,-0.018461538461538463,-0.018461538461538463,-0.018461538461538463,0.033846153846153845
plurality,-0.033846153846153845,0.0,0.012307692307692308,0.012307692307692308,0.012307692307692308,0.012307692307692308,0.0
gt,0.018461538461538463,-0.012307692307692308,0.0,0.0,0.0,0.0,-0.012307692307692308
minimax,0.018461538461538463,-0.012307692307692308,0.0,0.0,0.0,0.0,-0.012307692307692308
gtd,0.018461538461538463,-0.012307692307692308,0.0,0.0,0.0,0.0,-0.012307692307692308
Schulze,0.018461538461538463,-0.012307692307692308,0.0,0.0,0.0,0.0,-0.012307692307692308
IRV,-0.033846153846153845,0.0,0.012307692307692308,0.012307692307692308,0.012307692307692308,0.012307692307692308,0.0
