,Borda,plurality,gt,minimax,gtd,Schulze,IRV
Borda,0.0,0.050359712230215826,-0.0035971223021582736,0.0,0.0,0.0,0.0
plurality,-0.050359712230215826,0.0,0.07553956834532374,-0.050359712230215826,-0.050359712230215826,-0.050359712230215826,-0.050359712230215826
gt,0.0035971223021582736,-0.07553956834532374,0.0,0.0035971223021582736,0.0035971223021582736,0.0035971223021582736,0.0035971223021582736
minimax,0.0,0.050359712230215826,-0.0035971223021582736,0.0,0.0,0.0,0.0
gtd,0.0,0.050359712230215826,-0.0035971223021582736,0.0,0.0,0.0,0.0
Schulze,0.0,0.050359712230215826,-0.0035971223021582736,0.0,0.0,0.0,0.0
IRV,0.0,0.050359712230215826,-0.0035971223021582736,0.0,0.0,0.0,0.0
