,Borda,plurality,gt,minimax,gtd,Schulze,IRV
Borda,0.0,-0.018779342723004695,-0.018779342723004695,0.0,-0.018779342723004695,0.0,0.07511737089201878
plurality,0.018779342723004695,0.0,0.0,0.018779342723004695,0.0,0.018779342723004695,-0.028169014084507043
gt,0.018779342723004695,0.0,0.0,0.018779342723004695,0.0,0.018779342723004695,-0.028169014084507043
minimax,0.0,-0.018779342723004695,-0.018779342723004695,0.0,-0.018779342723004695,0.0,0.07511737089201878
gtd,0.018779342723004695,0.0,0.0,0.018779342723004695,0.0,0.018779342723004695,-0.028169014084507043
Schulze,0.0,-0.018779342723004695,-0.018779342723004695,0.0,-0.018779342723004695,0.0,0.07511737089201878
IRV,-0.07511737089201878,0.028169014084507043,0.028169014084507043,-0.07511737089201878,0.028169014084507043,-0.07511737089201878,0.0
