,Borda,plurality,gt,minimax,gtd,Schulze,IRV
Borda,0.0,-0.026402640264026403,0.1353135313531353,-0.026402640264026403,-0.026402640264026403,-0.026402640264026403,-0.026402640264026403
plurality,0.026402640264026403,0.0,-0.013201320132013201,0.0,0.0,0.0,0.0
gt,-0.1353135313531353,0.013201320132013201,0.0,0.013201320132013201,0.013201320132013201,0.013201320132013201,0.013201320132013201
minimax,0.026402640264026403,0.0,-0.013201320132013201,0.0,0.0,0.0,0.0
gtd,0.026402640264026403,0.0,-0.013201320132013201,0.0,0.0,0.0,0.0
Schulze,0.026402640264026403,0.0,-0.013201320132013201,0.0,0.0,0.0,0.0
IRV,0.026402640264026403,0.0,-0.013201320132013201,0.0,0.0,0.0,0.0
