,Borda,plurality,gt,minimax,gtd,Schulze,IRV
Borda,0.0,0.0,0.0,0.0,0.0,0.0,0.1111111111111111
plurality,0.0,0.0,0.0,0.0,0.0,0.0,0.0
gt,0.0,0.0,0.0,0.0,0.0,0.0,0.1111111111111111
minimax,0.0,0.0,0.0,0.0,0.0,0.0,0.1111111111111111
gtd,0.0,0.0,0.0,0.0,0.0,0.0,0.1111111111111111
Schulze,0.0,0.0,0.0,0.0,0.0,0.0,0.1111111111111111
IRV,-0.1111111111111111,0.0,-0.1111111111111111,-0.1111111111111111,-0.1111111111111111,-0.1111111111111111,0.0
