,Borda,plurality,gt,minimax,gtd,Schulze,IRV
Borda,0.0,0.06422018348623854,-0.0045871559633027525,0.0,-0.0045871559633027525,0.0,0.0
plurality,-0.06422018348623854,0.0,0.05504587155963303,-0.06422018348623854,0.05504587155963303,-0.06422018348623854,-0.06422018348623854
gt,0.0045871559633027525,-0.05504587155963303,0.0,0.0045871559633027525,0.0,0.0045871559633027525,0.0045871559633027525
minimax,0.0,0.06422018348623854,-0.0045871559633027525,0.0,-0.0045871559633027525,0.0,0.0
gtd,0.0045871559633027525,-0.05504587155963303,0.0,0.0045871559633027525,0.0,0.0045871559633027525,0.0045871559633027525
Schulze,0.0,0.06422018348623854,-0.0045871559633027525,0.0,-0.0045871559633027525,0.0,0.0
IRV,0.0,0.06422018348623854,-0.0045871559633027525,0.0,-0.0045871559633027525,0.0,0.0
