,Borda,plurality,gt,minimax,gtd,Schulze,IRV
Borda,0.0,0.0,0.0,-0.04040404040404041,-0.04040404040404041,-0.04040404040404041,0.0
plurality,0.0,0.0,0.0,-0.04040404040404041,-0.04040404040404041,-0.04040404040404041,0.0
gt,0.0,0.0,0.0,-0.04040404040404041,-0.04040404040404041,-0.04040404040404041,0.0
minimax,0.04040404040404041,0.04040404040404041,0.04040404040404041,0.0,0.0,0.0,0.04040404040404041
gtd,0.04040404040404041,0.04040404040404041,0.04040404040404041,0.0,0.0,0.0,0.04040404040404041
Schulze,0.04040404040404041,0.04040404040404041,0.04040404040404041,0.0,0.0,0.0,0.04040404040404041
IRV,0.0,0.0,0.0,-0.04040404040404041,-0.04040404040404041,-0.04040404040404041,0.0
