,Borda,plurality,gt,minimax,gtd,Schulze,IRV
Borda,0.0,0.10886075949367088,-0.017721518987341773,-0.017721518987341773,-0.017721518987341773,-0.017721518987341773,0.10886075949367088
plurality,-0.10886075949367088,0.0,0.002531645569620253,0.002531645569620253,0.002531645569620253,0.002531645569620253,0.0
gt,0.017721518987341773,-0.002531645569620253,0.0,0.0,0.0,0.0,-0.002531645569620253
minimax,0.017721518987341773,-0.002531645569620253,0.0,0.0,0.0,0.0,-0.002531645569620253
gtd,0.017721518987341773,-0.002531645569620253,0.0,0.0,0.0,0.0,-0.002531645569620253
Schulze,0.017721518987341773,-0.002531645569620253,0.0,0.0,0.0,0.0,-0.002531645569620253
IRV,-0.10886075949367088,0.0,0.002531645569620253,0.002531645569620253,0.002531645569620253,0.002531645569620253,0.0
