,Borda,plurality,gt,minimax,gtd,Schulze,IRV
Borda,0.0,0.06699751861042183,-0.0024813895781637717,0.0,-0.0024813895781637717,0.0,0.06699751861042183
plurality,-0.06699751861042183,0.0,0.01240694789081886,-0.06699751861042183,0.01240694789081886,-0.06699751861042183,0.0
gt,0.0024813895781637717,-0.01240694789081886,0.0,0.0024813895781637717,0.0,0.0024813895781637717,-0.01240694789081886
minimax,0.0,0.06699751861042183,-0.0024813895781637717,0.0,-0.0024813895781637717,0.0,0.06699751861042183
gtd,0.0024813895781637717,-0.01240694789081886,0.0,0.0024813895781637717,0.0,0.0024813895781637717,-0.01240694789081886
Schulze,0.0,0.06699751861042183,-0.0024813895781637717,0.0,-0.0024813895781637717,0.0,0.06699751861042183
IRV,-0.06699751861042183,0.0,0.01240694789081886,-0.06699751861042183,0.01240694789081886,-0.06699751861042183,0.0
