,Borda,plurality,gt,minimax,gtd,Schulze,IRV
Borda,0.0,0.0,0.0,0.0,-0.013740458015267175,0.0,-0.013740458015267175
plurality,0.0,0.0,0.0,0.0,-0.013740458015267175,0.0,-0.013740458015267175
gt,0.0,0.0,0.0,0.0,-0.013740458015267175,0.0,-0.013740458015267175
minimax,0.0,0.0,0.0,0.0,-0.013740458015267175,0.0,-0.013740458015267175
gtd,0.013740458015267175,0.013740458015267175,0.013740458015267175,0.013740458015267175,0.0,0.013740458015267175,0.0
Schulze,0.0,0.0,0.0,0.0,-0.013740458015267175,0.0,-0.013740458015267175
IRV,0.013740458015267175,0.013740458015267175,0.013740458015267175,0.013740458015267175,0.0,0.013740458015267175,0.0
