,Borda,plurality,gt,minimax,gtd,Schulze,IRV
Borda,0.0,0.01084010840108401,0.0,0.0,0.0,0.0,0.0
plurality,-0.01084010840108401,0.0,-0.01084010840108401,-0.01084010840108401,-0.01084010840108401,-0.01084010840108401,-0.01084010840108401
gt,0.0,0.01084010840108401,0.0,0.0,0.0,0.0,0.0
minimax,0.0,0.01084010840108401,0.0,0.0,0.0,0.0,0.0
gtd,0.0,0.01084010840108401,0.0,0.0,0.0,0.0,0.0
Schulze,0.0,0.01084010840108401,0.0,0.0,0.0,0.0,0.0
IRV,0.0,0.01084010840108401,0.0,0.0,0.0,0.0,0.0
