,Borda,plurality,gt,minimax,gtd,Schulze,IRV
Borda,0.0,-0.0078125,0.0,0.0,-0.0078125,0.0,0.05859375
plurality,0.0078125,0.0,0.0078125,0.0078125,0.0,0.0078125,-0.0234375
gt,0.0,-0.0078125,0.0,0.0,-0.0078125,0.0,0.05859375
minimax,0.0,-0.0078125,0.0,0.0,-0.0078125,0.0,0.05859375
gtd,0.0078125,0.0,0.0078125,0.0078125,0.0,0.0078125,-0.0234375
Schulze,0.0,-0.0078125,0.0,0.0,-0.0078125,0.0,0.05859375
IRV,-0.05859375,0.0234375,-0.05859375,-0.05859375,0.0234375,-0.05859375,0.0
