,Borda,plurality,gt,minimax,gtd,Schulze,IRV
Borda,0.0,-0.029649595687331536,0.0,0.029649595687331536,0.0,0.029649595687331536,-0.029649595687331536
plurality,0.029649595687331536,0.0,0.029649595687331536,-0.04582210242587601,0.029649595687331536,-0.04582210242587601,0.0
gt,0.0,-0.029649595687331536,0.0,0.029649595687331536,0.0,0.029649595687331536,-0.029649595687331536
minimax,-0.029649595687331536,0.04582210242587601,-0.029649595687331536,0.0,-0.029649595687331536,0.0,0.04582210242587601
gtd,0.0,-0.029649595687331536,0.0,0.029649595687331536,0.0,0.029649595687331536,-0.029649595687331536
Schulze,-0.029649595687331536,0.04582210242587601,-0.029649595687331536,0.0,-0.029649595687331536,0.0,0.04582210242587601
IRV,0.029649595687331536,0.0,0.029649595687331536,-0.04582210242587601,0.029649595687331536,-0.04582210242587601,0.0
