,Borda,plurality,gt,minimax,gtd,Schulze,IRV
Borda,0.0,0.05322128851540616,0.0,0.0,0.0,0.0,0.05322128851540616
plurality,-0.05322128851540616,0.0,-0.05322128851540616,-0.05322128851540616,-0.05322128851540616,-0.05322128851540616,0.0
gt,0.0,0.05322128851540616,0.0,0.0,0.0,0.0,0.05322128851540616
minimax,0.0,0.05322128851540616,0.0,0.0,0.0,0.0,0.05322128851540616
gtd,0.0,0.05322128851540616,0.0,0.0,0.0,0.0,0.05322128851540616
Schulze,0.0,0.05322128851540616,0.0,0.0,0.0,0.0,0.05322128851540616
IRV,-0.05322128851540616,0.0,-0.05322128851540616,-0.05322128851540616,-0.05322128851540616,-0.05322128851540616,0.0
