,Borda,plurality,gt,minimax,gtd,Schulze,IRV
Borda,0.0,-0.014336917562724014,-0.014336917562724014,-0.014336917562724014,-0.014336917562724014,-0.014336917562724014,0.04659498207885305
plurality,0.014336917562724014,0.0,0.0,0.0,0.0,0.0,-0.010752688172043012
gt,0.014336917562724014,0.0,0.0,0.0,0.0,0.0,-0.010752688172043012
minimax,0.014336917562724014,0.0,0.0,0.0,0.0,0.0,-0.010752688172043012
gtd,0.014336917562724014,0.0,0.0,0.0,0.0,0.0,-0.010752688172043012
Schulze,0.014336917562724014,0.0,0.0,0.0,0.0,0.0,-0.010752688172043012
IRV,-0.04659498207885305,0.010752688172043012,0.010752688172043012,0.010752688172043012,0.010752688172043012,0.010752688172043012,0.0
