,Borda,plurality,gt,minimax,gtd,Schulze,IRV
Borda,0.0,-0.0023492560689115116,0.01644479248238058,-0.0023492560689115116,-0.0023492560689115116,-0.0023492560689115116,0.01644479248238058
plurality,0.0023492560689115116,0.0,-0.0007830853563038371,0.0,0.0,0.0,-0.0007830853563038371
gt,-0.01644479248238058,0.0007830853563038371,0.0,0.0007830853563038371,0.0007830853563038371,0.0007830853563038371,0.0
minimax,0.0023492560689115116,0.0,-0.0007830853563038371,0.0,0.0,0.0,-0.0007830853563038371
gtd,0.0023492560689115116,0.0,-0.0007830853563038371,0.0,0.0,0.0,-0.0007830853563038371
Schulze,0.0023492560689115116,0.0,-0.0007830853563038371,0.0,0.0,0.0,-0.0007830853563038371
IRV,-0.01644479248238058,0.0007830853563038371,0.0,0.0007830853563038371,0.0007830853563038371,0.0007830853563038371,0.0
