,Borda,plurality,gt,minimax,gtd,Schulze,IRV
Borda,0.0,0.037037037037037035,0.037037037037037035,-0.06584362139917696,0.037037037037037035,-0.06584362139917696,0.037037037037037035
plurality,-0.037037037037037035,0.0,0.0,0.037037037037037035,0.0,0.037037037037037035,0.0
gt,-0.037037037037037035,0.0,0.0,0.037037037037037035,0.0,0.037037037037037035,0.0
minimax,0.06584362139917696,-0.037037037037037035,-0.037037037037037035,0.0,-0.037037037037037035,0.0,-0.037037037037037035
gtd,-0.037037037037037035,0.0,0.0,0.037037037037037035,0.0,0.037037037037037035,0.0
Schulze,0.06584362139917696,-0.037037037037037035,-0.037037037037037035,0.0,-0.037037037037037035,0.0,-0.037037037037037035
IRV,-0.037037037037037035,0.0,0.0,0.037037037037037035,0.0,0.037037037037037035,0.0
