,Borda,plurality,gt,minimax,gtd,Schulze,IRV
Borda,0.0,0.022556390977443608,0.022556390977443608,-0.02756892230576441,0.022556390977443608,-0.02756892230576441,0.022556390977443608
plurality,-0.022556390977443608,0.0,0.0,0.017543859649122806,0.0,0.017543859649122806,0.0
gt,-0.022556390977443608,0.0,0.0,0.017543859649122806,0.0,0.017543859649122806,0.0
minimax,0.02756892230576441,-0.017543859649122806,-0.017543859649122806,0.0,-0.017543859649122806,0.0,-0.017543859649122806
gtd,-0.022556390977443608,0.0,0.0,0.017543859649122806,0.0,0.017543859649122806,0.0
Schulze,0.02756892230576441,-0.017543859649122806,-0.017543859649122806,0.0,-0.017543859649122806,0.0,-0.017543859649122806
IRV,-0.022556390977443608,0.0,0.0,0.017543859649122806,0.0,0.017543859649122806,0.0
