,Borda,plurality,gt,minimax,gtd,Schulze,IRV
Borda,0.0,0.0,0.0,0.0,0.0,0.0,0.04932735426008968
plurality,0.0,0.0,0.0,0.0,0.0,0.0,-0.013452914798206279
gt,0.0,0.0,0.0,0.0,0.0,0.0,-0.013452914798206279
minimax,0.0,0.0,0.0,0.0,0.0,0.0,0.04932735426008968
gtd,0.0,0.0,0.0,0.0,0.0,0.0,0.04932735426008968
Schulze,0.0,0.0,0.0,0.0,0.0,0.0,0.04932735426008968
IRV,-0.04932735426008968,0.013452914798206279,0.013452914798206279,-0.04932735426008968,-0.04932735426008968,-0.04932735426008968,0.0
