,Borda,plurality,gt,minimax,gtd,Schulze,IRV
Borda,0.0,-0.008717310087173101,-0.008717310087173101,0.0,-0.008717310087173101,0.0,-0.008717310087173101
plurality,0.008717310087173101,0.0,0.0,0.008717310087173101,0.0,0.008717310087173101,0.0
gt,0.008717310087173101,0.0,0.0,0.008717310087173101,0.0,0.008717310087173101,0.0
minimax,0.0,-0.008717310087173101,-0.008717310087173101,0.0,-0.008717310087173101,0.0,-0.008717310087173101
gtd,0.008717310087173101,0.0,0.0,0.008717310087173101,0.0,0.008717310087173101,0.0
Schulze,0.0,-0.008717310087173101,-0.008717310087173101,0.0,-0.008717310087173101,0.0,-0.008717310087173101
IRV,0.008717310087173101,0.0,0.0,0.008717310087173101,0.0,0.008717310087173101,0.0
