,Borda,plurality,gt,minimax,gtd,Schulze,IRV
Borda,0.0,0.041379310344827586,0.0,0.0,0.0,0.0,0.0
plurality,-0.041379310344827586,0.0,-0.006896551724137931,-0.006896551724137931,-0.041379310344827586,-0.006896551724137931,-0.041379310344827586
gt,0.0,0.006896551724137931,0.0,0.0,0.0,0.0,0.0
minimax,0.0,0.006896551724137931,0.0,0.0,0.0,0.0,0.0
gtd,0.0,0.041379310344827586,0.0,0.0,0.0,0.0,0.0
Schulze,0.0,0.006896551724137931,0.0,0.0,0.0,0.0,0.0
IRV,0.0,0.041379310344827586,0.0,0.0,0.0,0.0,0.0
