,Borda,plurality,gt,minimax,gtd,Schulze,IRV
Borda,0.0,0.0,0.0,0.0,0.0,0.0,-0.014446227929373997
plurality,0.0,0.0,0.0,0.0,0.0,0.0,-0.014446227929373997
gt,0.0,0.0,0.0,0.0,0.0,0.0,-0.014446227929373997
minimax,0.0,0.0,0.0,0.0,0.0,0.0,-0.014446227929373997
gtd,0.0,0.0,0.0,0.0,0.0,0.0,-0.014446227929373997
Schulze,0.0,0.0,0.0,0.0,0.0,0.0,-0.014446227929373997
IRV,0.014446227929373997,0.014446227929373997,0.014446227929373997,0.014446227929373997,0.014446227929373997,0.014446227929373997,0.0
