,Borda,plurality,gt,minimax,gtd,Schulze,IRV
Borda,0.0,0.02857142857142857,0.02857142857142857,-0.08051948051948052,0.02857142857142857,-0.08051948051948052,0.02857142857142857
plurality,-0.02857142857142857,0.0,0.0,0.01818181818181818,0.0,0.01818181818181818,0.0
gt,-0.02857142857142857,0.0,0.0,0.01818181818181818,0.0,0.01818181818181818,0.0
minimax,0.08051948051948052,-0.01818181818181818,-0.01818181818181818,0.0,-0.01818181818181818,0.0,-0.01818181818181818
gtd,-0.02857142857142857,0.0,0.0,0.01818181818181818,0.0,0.01818181818181818,0.0
Schulze,0.08051948051948052,-0.01818181818181818,-0.01818181818181818,0.0,-0.01818181818181818,0.0,-0.01818181818181818
IRV,-0.02857142857142857,0.0,0.0,0.01818181818181818,0.0,0.01818181818181818,0.0
