,Borda,plurality,gt,minimax,gtd,Schulze,IRV
Borda,0.0,-0.03900709219858156,-0.03900709219858156,-0.03900709219858156,-0.03900709219858156,-0.03900709219858156,0.0
plurality,0.03900709219858156,0.0,0.0,0.0,0.0,0.0,0.03900709219858156
gt,0.03900709219858156,0.0,0.0,0.0,0.0,0.0,0.03900709219858156
minimax,0.03900709219858156,0.0,0.0,0.0,0.0,0.0,0.03900709219858156
gtd,0.03900709219858156,0.0,0.0,0.0,0.0,0.0,0.03900709219858156
Schulze,0.03900709219858156,0.0,0.0,0.0,0.0,0.0,0.03900709219858156
IRV,0.0,-0.03900709219858156,-0.03900709219858156,-0.03900709219858156,-0.03900709219858156,-0.03900709219858156,0.0
