,Borda,plurality,gt,minimax,gtd,Schulze,IRV
Borda,0.0,-0.030985915492957747,-0.030985915492957747,-0.030985915492957747,-0.030985915492957747,-0.030985915492957747,0.059154929577464786
plurality,0.030985915492957747,0.0,0.0,0.0,0.0,0.0,-0.014084507042253521
gt,0.030985915492957747,0.0,0.0,0.0,0.0,0.0,-0.014084507042253521
minimax,0.030985915492957747,0.0,0.0,0.0,0.0,0.0,-0.014084507042253521
gtd,0.030985915492957747,0.0,0.0,0.0,0.0,0.0,-0.014084507042253521
Schulze,0.030985915492957747,0.0,0.0,0.0,0.0,0.0,-0.014084507042253521
IRV,-0.059154929577464786,0.014084507042253521,0.014084507042253521,0.014084507042253521,0.014084507042253521,0.014084507042253521,0.0
