,Borda,plurality,gt,minimax,gtd,Schulze,IRV
Borda,0.0,0.1111111111111111,-0.031446540880503145,0.027253668763102725,0.0,0.027253668763102725,0.0
plurality,-0.1111111111111111,0.0,-0.04821802935010482,-0.07337526205450734,-0.1111111111111111,-0.07337526205450734,-0.1111111111111111
gt,0.031446540880503145,0.04821802935010482,0.0,-0.0440251572327044,0.031446540880503145,-0.0440251572327044,0.031446540880503145
minimax,-0.027253668763102725,0.07337526205450734,0.0440251572327044,0.0,-0.027253668763102725,0.0,-0.027253668763102725
gtd,0.0,0.1111111111111111,-0.031446540880503145,0.027253668763102725,0.0,0.027253668763102725,0.0
Schulze,-0.027253668763102725,0.07337526205450734,0.0440251572327044,0.0,-0.027253668763102725,0.0,-0.027253668763102725
IRV,0.0,0.1111111111111111,-0.031446540880503145,0.027253668763102725,0.0,0.027253668763102725,0.0
