,Borda,plurality,gt,minimax,gtd,Schulze,IRV
Borda,0.0,0.022151898734177215,0.022151898734177215,0.022151898734177215,0.0,0.022151898734177215,0.0
plurality,-0.022151898734177215,0.0,0.0,0.0,-0.022151898734177215,0.0,-0.022151898734177215
gt,-0.022151898734177215,0.0,0.0,0.0,-0.022151898734177215,0.0,-0.022151898734177215
minimax,-0.022151898734177215,0.0,0.0,0.0,-0.022151898734177215,0.0,-0.022151898734177215
gtd,0.0,0.022151898734177215,0.022151898734177215,0.022151898734177215,0.0,0.022151898734177215,0.0
Schulze,-0.022151898734177215,0.0,0.0,0.0,-0.022151898734177215,0.0,-0.022151898734177215
IRV,0.0,0.022151898734177215,0.022151898734177215,0.022151898734177215,0.0,0.022151898734177215,0.0
