,Borda,plurality,gt,minimax,gtd,Schulze,IRV
Borda,0.0,-0.015730337078651686,-0.015730337078651686,-0.015730337078651686,-0.015730337078651686,-0.015730337078651686,0.033707865168539325
plurality,0.015730337078651686,0.0,0.0,0.0,0.0,0.0,-0.011235955056179775
gt,0.015730337078651686,0.0,0.0,0.0,0.0,0.0,-0.011235955056179775
minimax,0.015730337078651686,0.0,0.0,0.0,0.0,0.0,-0.011235955056179775
gtd,0.015730337078651686,0.0,0.0,0.0,0.0,0.0,-0.011235955056179775
Schulze,0.015730337078651686,0.0,0.0,0.0,0.0,0.0,-0.011235955056179775
IRV,-0.033707865168539325,0.011235955056179775,0.011235955056179775,0.011235955056179775,0.011235955056179775,0.011235955056179775,0.0
