,Borda,plurality,gt,minimax,gtd,Schulze,IRV
Borda,0.0,0.048576214405360134,-0.0016750418760469012,0.0,-0.0016750418760469012,0.0,0.048576214405360134
plurality,-0.048576214405360134,0.0,0.04187604690117253,-0.048576214405360134,0.04187604690117253,-0.048576214405360134,0.0
gt,0.0016750418760469012,-0.04187604690117253,0.0,0.0016750418760469012,0.0,0.0016750418760469012,-0.04187604690117253
minimax,0.0,0.048576214405360134,-0.0016750418760469012,0.0,-0.0016750418760469012,0.0,0.048576214405360134
gtd,0.0016750418760469012,-0.04187604690117253,0.0,0.0016750418760469012,0.0,0.0016750418760469012,-0.04187604690117253
Schulze,0.0,0.048576214405360134,-0.0016750418760469012,0.0,-0.0016750418760469012,0.0,0.048576214405360134
IRV,-0.048576214405360134,0.0,0.04187604690117253,-0.048576214405360134,0.04187604690117253,-0.048576214405360134,0.0
