,Borda,plurality,gt,minimax,gtd,Schulze,IRV
Borda,0.0,0.11428571428571428,-0.017142857142857144,0.0,-0.017142857142857144,0.0,0.11428571428571428
plurality,-0.11428571428571428,0.0,0.022857142857142857,-0.11428571428571428,0.022857142857142857,-0.11428571428571428,0.0
gt,0.017142857142857144,-0.022857142857142857,0.0,0.017142857142857144,0.0,0.017142857142857144,-0.022857142857142857
minimax,0.0,0.11428571428571428,-0.017142857142857144,0.0,-0.017142857142857144,0.0,0.11428571428571428
gtd,0.017142857142857144,-0.022857142857142857,0.0,0.017142857142857144,0.0,0.017142857142857144,-0.022857142857142857
Schulze,0.0,0.11428571428571428,-0.017142857142857144,0.0,-0.017142857142857144,0.0,0.11428571428571428
IRV,-0.11428571428571428,0.0,0.022857142857142857,-0.11428571428571428,0.022857142857142857,-0.11428571428571428,0.0
