,Borda,plurality,gt,minimax,gtd,Schulze,IRV
Borda,0.0,0.022935779816513763,0.022935779816513763,0.0,0.0,0.0,0.022935779816513763
plurality,-0.022935779816513763,0.0,0.0,-0.022935779816513763,-0.022935779816513763,-0.022935779816513763,0.0
gt,-0.022935779816513763,0.0,0.0,-0.022935779816513763,-0.022935779816513763,-0.022935779816513763,0.0
minimax,0.0,0.022935779816513763,0.022935779816513763,0.0,0.0,0.0,0.022935779816513763
gtd,0.0,0.022935779816513763,0.022935779816513763,0.0,0.0,0.0,0.022935779816513763
Schulze,0.0,0.022935779816513763,0.022935779816513763,0.0,0.0,0.0,0.022935779816513763
IRV,-0.022935779816513763,0.0,0.0,-0.022935779816513763,-0.022935779816513763,-0.022935779816513763,0.0
