,Borda,plurality,gt,minimax,gtd,Schulze,IRV
Borda,0.0,0.037914691943127965,0.037914691943127965,-0.02843601895734597,-0.02843601895734597,-0.02843601895734597,0.037914691943127965
plurality,-0.037914691943127965,0.0,0.0,0.026066350710900472,0.026066350710900472,0.026066350710900472,0.0
gt,-0.037914691943127965,0.0,0.0,0.026066350710900472,0.026066350710900472,0.026066350710900472,0.0
minimax,0.02843601895734597,-0.026066350710900472,-0.026066350710900472,0.0,0.0,0.0,-0.026066350710900472
gtd,0.02843601895734597,-0.026066350710900472,-0.026066350710900472,0.0,0.0,0.0,-0.026066350710900472
Schulze,0.02843601895734597,-0.026066350710900472,-0.026066350710900472,0.0,0.0,0.0,-0.026066350710900472
IRV,-0.037914691943127965,0.0,0.0,0.026066350710900472,0.026066350710900472,0.026066350710900472,0.0
