,Borda,plurality,gt,minimax,gtd,Schulze,IRV
Borda,0.0,0.03862660944206009,0.03862660944206009,-0.055793991416309016,0.03862660944206009,-0.055793991416309016,0.0
plurality,-0.03862660944206009,0.0,0.0,0.02145922746781116,0.0,0.02145922746781116,-0.03862660944206009
gt,-0.03862660944206009,0.0,0.0,0.02145922746781116,0.0,0.02145922746781116,-0.03862660944206009
minimax,0.055793991416309016,-0.02145922746781116,-0.02145922746781116,0.0,-0.02145922746781116,0.0,0.055793991416309016
gtd,-0.03862660944206009,0.0,0.0,0.02145922746781116,0.0,0.02145922746781116,-0.03862660944206009
Schulze,0.055793991416309016,-0.02145922746781116,-0.02145922746781116,0.0,-0.02145922746781116,0.0,0.055793991416309016
IRV,0.0,0.03862660944206009,0.03862660944206009,-0.055793991416309016,0.03862660944206009,-0.055793991416309016,0.0
