,Borda,plurality,gt,minimax,gtd,Schulze,IRV
Borda,0.0,0.03262955854126679,-0.0019193857965451055,0.0,-0.0019193857965451055,0.0,0.03262955854126679
plurality,-0.03262955854126679,0.0,0.005758157389635317,-0.03262955854126679,0.005758157389635317,-0.03262955854126679,0.0
gt,0.0019193857965451055,-0.005758157389635317,0.0,0.0019193857965451055,0.0,0.0019193857965451055,-0.005758157389635317
minimax,0.0,0.03262955854126679,-0.0019193857965451055,0.0,-0.0019193857965451055,0.0,0.03262955854126679
gtd,0.0019193857965451055,-0.005758157389635317,0.0,0.0019193857965451055,0.0,0.0019193857965451055,-0.005758157389635317
Schulze,0.0,0.03262955854126679,-0.0019193857965451055,0.0,-0.0019193857965451055,0.0,0.03262955854126679
IRV,-0.03262955854126679,0.0,0.005758157389635317,-0.03262955854126679,0.005758157389635317,-0.03262955854126679,0.0
