,Borda,plurality,gt,minimax,gtd,Schulze,IRV
Borda,0.0,-0.008522727272727272,-0.008522727272727272,-0.008522727272727272,-0.008522727272727272,-0.008522727272727272,0.03977272727272727
plurality,0.008522727272727272,0.0,0.0,0.0,0.0,0.0,0.0
gt,0.008522727272727272,0.0,0.0,0.0,0.0,0.0,0.0
minimax,0.008522727272727272,0.0,0.0,0.0,0.0,0.0,0.0
gtd,0.008522727272727272,0.0,0.0,0.0,0.0,0.0,0.0
Schulze,0.008522727272727272,0.0,0.0,0.0,0.0,0.0,0.0
IRV,-0.03977272727272727,0.0,0.0,0.0,0.0,0.0,0.0
