,Borda,plurality,gt,minimax,gtd,Schulze,IRV
Borda,0.0,0.0,-0.04043126684636118,-0.04043126684636118,-0.04043126684636118,-0.04043126684636118,-0.04043126684636118
plurality,0.0,0.0,-0.04043126684636118,-0.04043126684636118,-0.04043126684636118,-0.04043126684636118,-0.04043126684636118
gt,0.04043126684636118,0.04043126684636118,0.0,0.0,0.0,0.0,0.0
minimax,0.04043126684636118,0.04043126684636118,0.0,0.0,0.0,0.0,0.0
gtd,0.04043126684636118,0.04043126684636118,0.0,0.0,0.0,0.0,0.0
Schulze,0.04043126684636118,0.04043126684636118,0.0,0.0,0.0,0.0,0.0
IRV,0.04043126684636118,0.04043126684636118,0.0,0.0,0.0,0.0,0.0
