,Borda,plurality,gt,minimax,gtd,Schulze,IRV
Borda,0.0,0.028089887640449437,0.0,0.0,0.0,0.0,0.0
plurality,-0.028089887640449437,0.0,-0.06179775280898876,-0.028089887640449437,-0.06179775280898876,-0.028089887640449437,-0.028089887640449437
gt,0.0,0.06179775280898876,0.0,0.0,0.0,0.0,0.0
minimax,0.0,0.028089887640449437,0.0,0.0,0.0,0.0,0.0
gtd,0.0,0.06179775280898876,0.0,0.0,0.0,0.0,0.0
Schulze,0.0,0.028089887640449437,0.0,0.0,0.0,0.0,0.0
IRV,0.0,0.028089887640449437,0.0,0.0,0.0,0.0,0.0
