,Borda,plurality,gt,minimax,gtd,Schulze,IRV
Borda,0.0,-0.03435114503816794,0.0,0.0,0.0,0.0,0.0
plurality,0.03435114503816794,0.0,-0.015267175572519083,-0.015267175572519083,-0.015267175572519083,-0.015267175572519083,-0.015267175572519083
gt,0.0,0.015267175572519083,0.0,0.0,0.0,0.0,0.0
minimax,0.0,0.015267175572519083,0.0,0.0,0.0,0.0,0.0
gtd,0.0,0.015267175572519083,0.0,0.0,0.0,0.0,0.0
Schulze,0.0,0.015267175572519083,0.0,0.0,0.0,0.0,0.0
IRV,0.0,0.015267175572519083,0.0,0.0,0.0,0.0,0.0
