,Borda,plurality,gt,minimax,gtd,Schulze,IRV
Borda,0.0,-0.002150537634408602,-0.002150537634408602,0.0,-0.002150537634408602,0.0,-0.002150537634408602
plurality,0.002150537634408602,0.0,0.0,0.002150537634408602,0.0,0.002150537634408602,0.0
gt,0.002150537634408602,0.0,0.0,0.002150537634408602,0.0,0.002150537634408602,0.0
minimax,0.0,-0.002150537634408602,-0.002150537634408602,0.0,-0.002150537634408602,0.0,-0.002150537634408602
gtd,0.002150537634408602,0.0,0.0,0.002150537634408602,0.0,0.002150537634408602,0.0
Schulze,0.0,-0.002150537634408602,-0.002150537634408602,0.0,-0.002150537634408602,0.0,-0.002150537634408602
IRV,0.002150537634408602,0.0,0.0,0.002150537634408602,0.0,0.002150537634408602,0.0
