,Borda,plurality,gt,minimax,gtd,Schulze,IRV
Borda,0.0,0.002638522427440633,0.0,0.002638522427440633,0.0,0.002638522427440633,-0.013192612137203167
plurality,-0.002638522427440633,0.0,-0.002638522427440633,0.0,-0.002638522427440633,0.0,0.023746701846965697
gt,0.0,0.002638522427440633,0.0,0.002638522427440633,0.0,0.002638522427440633,-0.013192612137203167
minimax,-0.002638522427440633,0.0,-0.002638522427440633,0.0,-0.002638522427440633,0.0,0.023746701846965697
gtd,0.0,0.002638522427440633,0.0,0.002638522427440633,0.0,0.002638522427440633,-0.013192612137203167
Schulze,-0.002638522427440633,0.0,-0.002638522427440633,0.0,-0.002638522427440633,0.0,0.023746701846965697
IRV,0.013192612137203167,-0.023746701846965697,0.013192612137203167,-0.023746701846965697,0.013192612137203167,-0.023746701846965697,0.0
