,Borda,plurality,gt,minimax,gtd,Schulze,IRV
Borda,0.0,-0.051771117166212535,-0.051771117166212535,-0.051771117166212535,-0.051771117166212535,-0.051771117166212535,-0.051771117166212535
plurality,0.051771117166212535,0.0,0.0,0.0,0.0,0.0,0.0
gt,0.051771117166212535,0.0,0.0,0.0,0.0,0.0,0.0
minimax,0.051771117166212535,0.0,0.0,0.0,0.0,0.0,0.0
gtd,0.051771117166212535,0.0,0.0,0.0,0.0,0.0,0.0
Schulze,0.051771117166212535,0.0,0.0,0.0,0.0,0.0,0.0
IRV,0.051771117166212535,0.0,0.0,0.0,0.0,0.0,0.0
