,Borda,plurality,gt,minimax,gtd,Schulze,IRV
Borda,0.0,0.0,0.05263157894736842,0.0,-0.004048582995951417,0.0,-0.004048582995951417
plurality,0.0,0.0,0.05263157894736842,0.0,-0.004048582995951417,0.0,-0.004048582995951417
gt,-0.05263157894736842,-0.05263157894736842,0.0,-0.05263157894736842,0.016194331983805668,-0.05263157894736842,0.016194331983805668
minimax,0.0,0.0,0.05263157894736842,0.0,-0.004048582995951417,0.0,-0.004048582995951417
gtd,0.004048582995951417,0.004048582995951417,-0.016194331983805668,0.004048582995951417,0.0,0.004048582995951417,0.0
Schulze,0.0,0.0,0.05263157894736842,0.0,-0.004048582995951417,0.0,-0.004048582995951417
IRV,0.004048582995951417,0.004048582995951417,-0.016194331983805668,0.004048582995951417,0.0,0.004048582995951417,0.0
