,Borda,plurality,gt,minimax,gtd,Schulze,IRV
Borda,0.0,0.0,-0.0017452006980802793,0.0,-0.0017452006980802793,0.0,-0.0017452006980802793
plurality,0.0,0.0,-0.0017452006980802793,0.0,-0.0017452006980802793,0.0,-0.0017452006980802793
gt,0.0017452006980802793,0.0017452006980802793,0.0,0.0017452006980802793,0.0,0.0017452006980802793,0.0
minimax,0.0,0.0,-0.0017452006980802793,0.0,-0.0017452006980802793,0.0,-0.0017452006980802793
gtd,0.0017452006980802793,0.0017452006980802793,0.0,0.0017452006980802793,0.0,0.0017452006980802793,0.0
Schulze,0.0,0.0,-0.0017452006980802793,0.0,-0.0017452006980802793,0.0,-0.0017452006980802793
IRV,0.0017452006980802793,0.0017452006980802793,0.0,0.0017452006980802793,0.0,0.0017452006980802793,0.0
