,Borda,plurality,gt,minimax,gtd,Schulze,IRV
Borda,0.0,-0.007326007326007326,-0.014652014652014652,-0.014652014652014652,-0.014652014652014652,-0.014652014652014652,-0.007326007326007326
plurality,0.007326007326007326,0.0,0.0,0.0,0.0,0.0,0.0
gt,0.014652014652014652,0.0,0.0,0.0,0.0,0.0,0.0
minimax,0.014652014652014652,0.0,0.0,0.0,0.0,0.0,0.0
gtd,0.014652014652014652,0.0,0.0,0.0,0.0,0.0,0.0
Schulze,0.014652014652014652,0.0,0.0,0.0,0.0,0.0,0.0
IRV,0.007326007326007326,0.0,0.0,0.0,0.0,0.0,0.0
