,Borda,plurality,gt,minimax,gtd,Schulze,IRV
Borda,0.0,0.0,0.002197802197802198,0.002197802197802198,0.002197802197802198,0.002197802197802198,0.0
plurality,0.0,0.0,0.002197802197802198,0.002197802197802198,0.002197802197802198,0.002197802197802198,0.0
gt,-0.002197802197802198,-0.002197802197802198,0.0,0.0,0.0,0.0,-0.002197802197802198
minimax,-0.002197802197802198,-0.002197802197802198,0.0,0.0,0.0,0.0,-0.002197802197802198
gtd,-0.002197802197802198,-0.002197802197802198,0.0,0.0,0.0,0.0,-0.002197802197802198
Schulze,-0.002197802197802198,-0.002197802197802198,0.0,0.0,0.0,0.0,-0.002197802197802198
IRV,0.0,0.0,0.002197802197802198,0.002197802197802198,0.002197802197802198,0.002197802197802198,0.0
