,Borda,plurality,gt,minimax,gtd,Schulze,IRV
Borda,0.0,-0.010452961672473868,-0.010452961672473868,-0.010452961672473868,-0.010452961672473868,-0.010452961672473868,0.07665505226480836
plurality,0.010452961672473868,0.0,0.0,0.0,0.0,0.0,-0.006968641114982578
gt,0.010452961672473868,0.0,0.0,0.0,0.0,0.0,-0.006968641114982578
minimax,0.010452961672473868,0.0,0.0,0.0,0.0,0.0,-0.006968641114982578
gtd,0.010452961672473868,0.0,0.0,0.0,0.0,0.0,-0.006968641114982578
Schulze,0.010452961672473868,0.0,0.0,0.0,0.0,0.0,-0.006968641114982578
IRV,-0.07665505226480836,0.006968641114982578,0.006968641114982578,0.006968641114982578,0.006968641114982578,0.006968641114982578,0.0
