,Borda,plurality,gt,minimax,gtd,Schulze,IRV
Borda,0.0,0.0391304347826087,-0.013043478260869565,0.0,-0.013043478260869565,0.0,0.0391304347826087
plurality,-0.0391304347826087,0.0,0.034782608695652174,-0.0391304347826087,0.034782608695652174,-0.0391304347826087,0.0
gt,0.013043478260869565,-0.034782608695652174,0.0,0.013043478260869565,0.0,0.013043478260869565,-0.034782608695652174
minimax,0.0,0.0391304347826087,-0.013043478260869565,0.0,-0.013043478260869565,0.0,0.0391304347826087
gtd,0.013043478260869565,-0.034782608695652174,0.0,0.013043478260869565,0.0,0.013043478260869565,-0.034782608695652174
Schulze,0.0,0.0391304347826087,-0.013043478260869565,0.0,-0.013043478260869565,0.0,0.0391304347826087
IRV,-0.0391304347826087,0.0,0.034782608695652174,-0.0391304347826087,0.034782608695652174,-0.0391304347826087,0.0
