,Borda,plurality,gt,minimax,gtd,Schulze,IRV
Borda,0.0,0.0807799442896936,0.0807799442896936,-0.03064066852367688,-0.03064066852367688,-0.03064066852367688,0.0807799442896936
plurality,-0.0807799442896936,0.0,0.0,0.019498607242339833,0.019498607242339833,0.019498607242339833,0.0
gt,-0.0807799442896936,0.0,0.0,0.019498607242339833,0.019498607242339833,0.019498607242339833,0.0
minimax,0.03064066852367688,-0.019498607242339833,-0.019498607242339833,0.0,0.0,0.0,-0.019498607242339833
gtd,0.03064066852367688,-0.019498607242339833,-0.019498607242339833,0.0,0.0,0.0,-0.019498607242339833
Schulze,0.03064066852367688,-0.019498607242339833,-0.019498607242339833,0.0,0.0,0.0,-0.019498607242339833
IRV,-0.0807799442896936,0.0,0.0,0.019498607242339833,0.019498607242339833,0.019498607242339833,0.0
