,Borda,plurality,gt,minimax,gtd,Schulze,IRV
Borda,0.0,0.0,-0.002785515320334262,0.0,-0.002785515320334262,0.0,-0.002785515320334262
plurality,0.0,0.0,-0.002785515320334262,0.0,-0.002785515320334262,0.0,-0.002785515320334262
gt,0.002785515320334262,0.002785515320334262,0.0,0.002785515320334262,0.0,0.002785515320334262,0.0
minimax,0.0,0.0,-0.002785515320334262,0.0,-0.002785515320334262,0.0,-0.002785515320334262
gtd,0.002785515320334262,0.002785515320334262,0.0,0.002785515320334262,0.0,0.002785515320334262,0.0
Schulze,0.0,0.0,-0.002785515320334262,0.0,-0.002785515320334262,0.0,-0.002785515320334262
IRV,0.002785515320334262,0.002785515320334262,0.0,0.002785515320334262,0.0,0.002785515320334262,0.0
