,Borda,plurality,gt,minimax,gtd,Schulze,IRV
Borda,0.0,0.0,0.006211180124223602,-0.022774327122153208,0.006211180124223602,-0.022774327122153208,0.0
plurality,0.0,0.0,0.006211180124223602,-0.022774327122153208,0.006211180124223602,-0.022774327122153208,0.0
gt,-0.006211180124223602,-0.006211180124223602,0.0,0.006211180124223602,0.0,0.006211180124223602,-0.006211180124223602
minimax,0.022774327122153208,0.022774327122153208,-0.006211180124223602,0.0,-0.006211180124223602,0.0,0.022774327122153208
gtd,-0.006211180124223602,-0.006211180124223602,0.0,0.006211180124223602,0.0,0.006211180124223602,-0.006211180124223602
Schulze,0.022774327122153208,0.022774327122153208,-0.006211180124223602,0.0,-0.006211180124223602,0.0,0.022774327122153208
IRV,0.0,0.0,0.006211180124223602,-0.022774327122153208,0.006211180124223602,-0.022774327122153208,0.0
