,Borda,plurality,gt,minimax,gtd,Schulze,IRV
Borda,0.0,0.0,0.0,0.0,-0.021551724137931036,0.0,-0.021551724137931036
plurality,0.0,0.0,0.0,0.0,-0.021551724137931036,0.0,-0.021551724137931036
gt,0.0,0.0,0.0,0.0,-0.021551724137931036,0.0,-0.021551724137931036
minimax,0.0,0.0,0.0,0.0,-0.021551724137931036,0.0,-0.021551724137931036
gtd,0.021551724137931036,0.021551724137931036,0.021551724137931036,0.021551724137931036,0.0,0.021551724137931036,0.0
Schulze,0.0,0.0,0.0,0.0,-0.021551724137931036,0.0,-0.021551724137931036
IRV,0.021551724137931036,0.021551724137931036,0.021551724137931036,0.021551724137931036,0.0,0.021551724137931036,0.0
