,Borda,plurality,gt,minimax,gtd,Schulze,IRV
Borda,0.0,0.02707581227436823,-0.010830324909747292,0.0,0.0,0.0,0.02707581227436823
plurality,-0.02707581227436823,0.0,0.04151624548736462,-0.02707581227436823,-0.02707581227436823,-0.02707581227436823,0.0
gt,0.010830324909747292,-0.04151624548736462,0.0,0.010830324909747292,0.010830324909747292,0.010830324909747292,-0.04151624548736462
minimax,0.0,0.02707581227436823,-0.010830324909747292,0.0,0.0,0.0,0.02707581227436823
gtd,0.0,0.02707581227436823,-0.010830324909747292,0.0,0.0,0.0,0.02707581227436823
Schulze,0.0,0.02707581227436823,-0.010830324909747292,0.0,0.0,0.0,0.02707581227436823
IRV,-0.02707581227436823,0.0,0.04151624548736462,-0.02707581227436823,-0.02707581227436823,-0.02707581227436823,0.0
