,Borda,plurality,gt,minimax,gtd,Schulze,IRV
Borda,0.0,-0.0019193857965451055,0.0,0.0,0.0,0.0,0.028790786948176585
plurality,0.0019193857965451055,0.0,0.0019193857965451055,0.0019193857965451055,0.0019193857965451055,0.0019193857965451055,-0.044145873320537425
gt,0.0,-0.0019193857965451055,0.0,0.0,0.0,0.0,0.028790786948176585
minimax,0.0,-0.0019193857965451055,0.0,0.0,0.0,0.0,0.028790786948176585
gtd,0.0,-0.0019193857965451055,0.0,0.0,0.0,0.0,0.028790786948176585
Schulze,0.0,-0.0019193857965451055,0.0,0.0,0.0,0.0,0.028790786948176585
IRV,-0.028790786948176585,0.044145873320537425,-0.028790786948176585,-0.028790786948176585,-0.028790786948176585,-0.028790786948176585,0.0
