,Borda,plurality,gt,minimax,gtd,Schulze,IRV
Borda,0.0,0.09166666666666666,-0.004166666666666667,0.0,-0.004166666666666667,0.0,0.07083333333333333
plurality,-0.09166666666666666,0.0,-0.041666666666666664,-0.09166666666666666,-0.041666666666666664,-0.09166666666666666,-0.075
gt,0.004166666666666667,0.041666666666666664,0.0,0.004166666666666667,0.0,0.004166666666666667,-0.029166666666666667
minimax,0.0,0.09166666666666666,-0.004166666666666667,0.0,-0.004166666666666667,0.0,0.07083333333333333
gtd,0.004166666666666667,0.041666666666666664,0.0,0.004166666666666667,0.0,0.004166666666666667,-0.029166666666666667
Schulze,0.0,0.09166666666666666,-0.004166666666666667,0.0,-0.004166666666666667,0.0,0.07083333333333333
IRV,-0.07083333333333333,0.075,0.029166666666666667,-0.07083333333333333,0.029166666666666667,-0.07083333333333333,0.0
