,Borda,plurality,gt,minimax,gtd,Schulze,IRV
Borda,0.0,0.0,-0.02574257425742574,0.0,0.0,0.0,-0.02574257425742574
plurality,0.0,0.0,-0.02574257425742574,0.0,0.0,0.0,-0.02574257425742574
gt,0.02574257425742574,0.02574257425742574,0.0,0.02574257425742574,0.02574257425742574,0.02574257425742574,0.0
minimax,0.0,0.0,-0.02574257425742574,0.0,0.0,0.0,-0.02574257425742574
gtd,0.0,0.0,-0.02574257425742574,0.0,0.0,0.0,-0.02574257425742574
Schulze,0.0,0.0,-0.02574257425742574,0.0,0.0,0.0,-0.02574257425742574
IRV,0.02574257425742574,0.02574257425742574,0.0,0.02574257425742574,0.02574257425742574,0.02574257425742574,0.0
