,Borda,plurality,gt,minimax,gtd,Schulze,IRV
Borda,0.0,-0.014705882352941176,-0.014705882352941176,0.0,-0.014705882352941176,0.0,0.0625
plurality,0.014705882352941176,0.0,0.0,0.014705882352941176,0.0,0.014705882352941176,-0.01838235294117647
gt,0.014705882352941176,0.0,0.0,0.014705882352941176,0.0,0.014705882352941176,-0.01838235294117647
minimax,0.0,-0.014705882352941176,-0.014705882352941176,0.0,-0.014705882352941176,0.0,0.0625
gtd,0.014705882352941176,0.0,0.0,0.014705882352941176,0.0,0.014705882352941176,-0.01838235294117647
Schulze,0.0,-0.014705882352941176,-0.014705882352941176,0.0,-0.014705882352941176,0.0,0.0625
IRV,-0.0625,0.01838235294117647,0.01838235294117647,-0.0625,0.01838235294117647,-0.0625,0.0
