,Borda,plurality,gt,minimax,gtd,Schulze,IRV
Borda,0.0,-0.03428571428571429,0.022857142857142857,-0.03428571428571429,0.022857142857142857,-0.03428571428571429,-0.03428571428571429
plurality,0.03428571428571429,0.0,-0.011428571428571429,0.0,-0.011428571428571429,0.0,0.0
gt,-0.022857142857142857,0.011428571428571429,0.0,0.011428571428571429,0.0,0.011428571428571429,0.011428571428571429
minimax,0.03428571428571429,0.0,-0.011428571428571429,0.0,-0.011428571428571429,0.0,0.0
gtd,-0.022857142857142857,0.011428571428571429,0.0,0.011428571428571429,0.0,0.011428571428571429,0.011428571428571429
Schulze,0.03428571428571429,0.0,-0.011428571428571429,0.0,-0.011428571428571429,0.0,0.0
IRV,0.03428571428571429,0.0,-0.011428571428571429,0.0,-0.011428571428571429,0.0,0.0
