,Borda,plurality,gt,minimax,gtd,Schulze,IRV
Borda,0.0,0.04591836734693878,-0.01020408163265306,-0.01020408163265306,-0.01020408163265306,-0.01020408163265306,0.0
plurality,-0.04591836734693878,0.0,0.0,0.0,0.0,0.0,-0.04591836734693878
gt,0.01020408163265306,0.0,0.0,0.0,0.0,0.0,0.01020408163265306
minimax,0.01020408163265306,0.0,0.0,0.0,0.0,0.0,0.01020408163265306
gtd,0.01020408163265306,0.0,0.0,0.0,0.0,0.0,0.01020408163265306
Schulze,0.01020408163265306,0.0,0.0,0.0,0.0,0.0,0.01020408163265306
IRV,0.0,0.04591836734693878,-0.01020408163265306,-0.01020408163265306,-0.01020408163265306,-0.01020408163265306,0.0
