,Borda,plurality,gt,minimax,gtd,Schulze,IRV
Borda,0.0,-0.01928374655647383,0.008264462809917356,-0.01928374655647383,0.008264462809917356,-0.01928374655647383,-0.01928374655647383
plurality,0.01928374655647383,0.0,-0.0027548209366391185,0.0,-0.0027548209366391185,0.0,0.0
gt,-0.008264462809917356,0.0027548209366391185,0.0,0.0027548209366391185,0.0,0.0027548209366391185,0.0027548209366391185
minimax,0.01928374655647383,0.0,-0.0027548209366391185,0.0,-0.0027548209366391185,0.0,0.0
gtd,-0.008264462809917356,0.0027548209366391185,0.0,0.0027548209366391185,0.0,0.0027548209366391185,0.0027548209366391185
Schulze,0.01928374655647383,0.0,-0.0027548209366391185,0.0,-0.0027548209366391185,0.0,0.0
IRV,0.01928374655647383,0.0,-0.0027548209366391185,0.0,-0.0027548209366391185,0.0,0.0
