,Borda,plurality,gt,minimax,gtd,Schulze,IRV
Borda,0.0,0.03317535545023697,-0.04265402843601896,0.03317535545023697,0.0,0.03317535545023697,0.0
plurality,-0.03317535545023697,0.0,0.04739336492890995,0.0,-0.03317535545023697,0.0,-0.03317535545023697
gt,0.04265402843601896,-0.04739336492890995,0.0,-0.04739336492890995,0.04265402843601896,-0.04739336492890995,0.04265402843601896
minimax,-0.03317535545023697,0.0,0.04739336492890995,0.0,-0.03317535545023697,0.0,-0.03317535545023697
gtd,0.0,0.03317535545023697,-0.04265402843601896,0.03317535545023697,0.0,0.03317535545023697,0.0
Schulze,-0.03317535545023697,0.0,0.04739336492890995,0.0,-0.03317535545023697,0.0,-0.03317535545023697
IRV,0.0,0.03317535545023697,-0.04265402843601896,0.03317535545023697,0.0,0.03317535545023697,0.0
