,Borda,plurality,gt,minimax,gtd,Schulze,IRV
Borda,0.0,-0.023622047244094488,-0.023622047244094488,-0.023622047244094488,-0.023622047244094488,-0.023622047244094488,0.07874015748031496
plurality,0.023622047244094488,0.0,0.0,0.0,0.0,0.0,-0.011811023622047244
gt,0.023622047244094488,0.0,0.0,0.0,0.0,0.0,-0.011811023622047244
minimax,0.023622047244094488,0.0,0.0,0.0,0.0,0.0,-0.011811023622047244
gtd,0.023622047244094488,0.0,0.0,0.0,0.0,0.0,-0.011811023622047244
Schulze,0.023622047244094488,0.0,0.0,0.0,0.0,0.0,-0.011811023622047244
IRV,-0.07874015748031496,0.011811023622047244,0.011811023622047244,0.011811023622047244,0.011811023622047244,0.011811023622047244,0.0
