,Borda,plurality,gt,minimax,gtd,Schulze,IRV
Borda,0.0,-0.02702702702702703,0.0,0.005405405405405406,0.005405405405405406,0.005405405405405406,0.005405405405405406
plurality,0.02702702702702703,0.0,0.02702702702702703,-0.021621621621621623,-0.021621621621621623,-0.021621621621621623,-0.021621621621621623
gt,0.0,-0.02702702702702703,0.0,0.005405405405405406,0.005405405405405406,0.005405405405405406,0.005405405405405406
minimax,-0.005405405405405406,0.021621621621621623,-0.005405405405405406,0.0,0.0,0.0,0.0
gtd,-0.005405405405405406,0.021621621621621623,-0.005405405405405406,0.0,0.0,0.0,0.0
Schulze,-0.005405405405405406,0.021621621621621623,-0.005405405405405406,0.0,0.0,0.0,0.0
IRV,-0.005405405405405406,0.021621621621621623,-0.005405405405405406,0.0,0.0,0.0,0.0
