,Borda,plurality,gt,minimax,gtd,Schulze,IRV
Borda,0.0,-0.00202020202020202,0.010101010101010102,0.0,-0.00202020202020202,0.0,0.010101010101010102
plurality,0.00202020202020202,0.0,-0.00202020202020202,0.00202020202020202,0.0,0.00202020202020202,-0.00202020202020202
gt,-0.010101010101010102,0.00202020202020202,0.0,-0.010101010101010102,0.00202020202020202,-0.010101010101010102,0.0
minimax,0.0,-0.00202020202020202,0.010101010101010102,0.0,-0.00202020202020202,0.0,0.010101010101010102
gtd,0.00202020202020202,0.0,-0.00202020202020202,0.00202020202020202,0.0,0.00202020202020202,-0.00202020202020202
Schulze,0.0,-0.00202020202020202,0.010101010101010102,0.0,-0.00202020202020202,0.0,0.010101010101010102
IRV,-0.010101010101010102,0.00202020202020202,0.0,-0.010101010101010102,0.00202020202020202,-0.010101010101010102,0.0
