,Borda,plurality,gt,minimax,gtd,Schulze,IRV
Borda,0.0,0.0,-0.00425531914893617,0.0,-0.00425531914893617,0.0,-0.00425531914893617
plurality,0.0,0.0,-0.00425531914893617,0.0,-0.00425531914893617,0.0,-0.00425531914893617
gt,0.00425531914893617,0.00425531914893617,0.0,0.00425531914893617,0.0,0.00425531914893617,0.0
minimax,0.0,0.0,-0.00425531914893617,0.0,-0.00425531914893617,0.0,-0.00425531914893617
gtd,0.00425531914893617,0.00425531914893617,0.0,0.00425531914893617,0.0,0.00425531914893617,0.0
Schulze,0.0,0.0,-0.00425531914893617,0.0,-0.00425531914893617,0.0,-0.00425531914893617
IRV,0.00425531914893617,0.00425531914893617,0.0,0.00425531914893617,0.0,0.00425531914893617,0.0
