,Borda,plurality,gt,minimax,gtd,Schulze,IRV
Borda,0.0,-0.005291005291005291,-0.005291005291005291,0.0,-0.005291005291005291,0.0,0.07936507936507936
plurality,0.005291005291005291,0.0,0.0,0.005291005291005291,0.0,0.005291005291005291,-0.031746031746031744
gt,0.005291005291005291,0.0,0.0,0.005291005291005291,0.0,0.005291005291005291,-0.031746031746031744
minimax,0.0,-0.005291005291005291,-0.005291005291005291,0.0,-0.005291005291005291,0.0,0.07936507936507936
gtd,0.005291005291005291,0.0,0.0,0.005291005291005291,0.0,0.005291005291005291,-0.031746031746031744
Schulze,0.0,-0.005291005291005291,-0.005291005291005291,0.0,-0.005291005291005291,0.0,0.07936507936507936
IRV,-0.07936507936507936,0.031746031746031744,0.031746031746031744,-0.07936507936507936,0.031746031746031744,-0.07936507936507936,0.0
