,Borda,plurality,gt,minimax,gtd,Schulze,IRV
Borda,0.0,-0.016042780748663103,-0.016042780748663103,0.0,-0.016042780748663103,0.0,0.026737967914438502
plurality,0.016042780748663103,0.0,0.0,0.016042780748663103,0.0,0.016042780748663103,-0.01871657754010695
gt,0.016042780748663103,0.0,0.0,0.016042780748663103,0.0,0.016042780748663103,-0.01871657754010695
minimax,0.0,-0.016042780748663103,-0.016042780748663103,0.0,-0.016042780748663103,0.0,0.026737967914438502
gtd,0.016042780748663103,0.0,0.0,0.016042780748663103,0.0,0.016042780748663103,-0.01871657754010695
Schulze,0.0,-0.016042780748663103,-0.016042780748663103,0.0,-0.016042780748663103,0.0,0.026737967914438502
IRV,-0.026737967914438502,0.01871657754010695,0.01871657754010695,-0.026737967914438502,0.01871657754010695,-0.026737967914438502,0.0
