,Borda,plurality,gt,minimax,gtd,Schulze,IRV
Borda,0.0,-0.06940874035989718,0.012853470437017995,-0.06940874035989718,0.012853470437017995,-0.06940874035989718,-0.06940874035989718
plurality,0.06940874035989718,0.0,-0.007712082262210797,0.0,-0.007712082262210797,0.0,0.0
gt,-0.012853470437017995,0.007712082262210797,0.0,0.007712082262210797,0.0,0.007712082262210797,0.007712082262210797
minimax,0.06940874035989718,0.0,-0.007712082262210797,0.0,-0.007712082262210797,0.0,0.0
gtd,-0.012853470437017995,0.007712082262210797,0.0,0.007712082262210797,0.0,0.007712082262210797,0.007712082262210797
Schulze,0.06940874035989718,0.0,-0.007712082262210797,0.0,-0.007712082262210797,0.0,0.0
IRV,0.06940874035989718,0.0,-0.007712082262210797,0.0,-0.007712082262210797,0.0,0.0
