,Borda,plurality,gt,minimax,gtd,Schulze,IRV
Borda,0.0,-0.052083333333333336,0.04513888888888889,0.020833333333333332,0.04513888888888889,-0.052083333333333336,-0.052083333333333336
plurality,0.052083333333333336,0.0,-0.03819444444444445,-0.010416666666666666,-0.03819444444444445,0.0,0.0
gt,-0.04513888888888889,0.03819444444444445,0.0,0.013888888888888888,0.0,0.03819444444444445,0.03819444444444445
minimax,-0.020833333333333332,0.010416666666666666,-0.013888888888888888,0.0,-0.013888888888888888,0.010416666666666666,0.010416666666666666
gtd,-0.04513888888888889,0.03819444444444445,0.0,0.013888888888888888,0.0,0.03819444444444445,0.03819444444444445
Schulze,0.052083333333333336,0.0,-0.03819444444444445,-0.010416666666666666,-0.03819444444444445,0.0,0.0
IRV,0.052083333333333336,0.0,-0.03819444444444445,-0.010416666666666666,-0.03819444444444445,0.0,0.0
