,Borda,plurality,gt,minimax,gtd,Schulze,IRV
Borda,0.0,-0.025906735751295335,-0.025906735751295335,0.0,-0.025906735751295335,0.0,0.07253886010362694
plurality,0.025906735751295335,0.0,0.0,0.025906735751295335,0.0,0.025906735751295335,-0.05181347150259067
gt,0.025906735751295335,0.0,0.0,0.025906735751295335,0.0,0.025906735751295335,-0.05181347150259067
minimax,0.0,-0.025906735751295335,-0.025906735751295335,0.0,-0.025906735751295335,0.0,0.07253886010362694
gtd,0.025906735751295335,0.0,0.0,0.025906735751295335,0.0,0.025906735751295335,-0.05181347150259067
Schulze,0.0,-0.025906735751295335,-0.025906735751295335,0.0,-0.025906735751295335,0.0,0.07253886010362694
IRV,-0.07253886010362694,0.05181347150259067,0.05181347150259067,-0.07253886010362694,0.05181347150259067,-0.07253886010362694,0.0
