,Borda,plurality,gt,minimax,gtd,Schulze,IRV
Borda,0.0,-0.0072992700729927005,-0.0072992700729927005,-0.0072992700729927005,-0.0072992700729927005,-0.0072992700729927005,0.040145985401459854
plurality,0.0072992700729927005,0.0,0.0,0.0,0.0,0.0,-0.0072992700729927005
gt,0.0072992700729927005,0.0,0.0,0.0,0.0,0.0,-0.0072992700729927005
minimax,0.0072992700729927005,0.0,0.0,0.0,0.0,0.0,-0.0072992700729927005
gtd,0.0072992700729927005,0.0,0.0,0.0,0.0,0.0,-0.0072992700729927005
Schulze,0.0072992700729927005,0.0,0.0,0.0,0.0,0.0,-0.0072992700729927005
IRV,-0.040145985401459854,0.0072992700729927005,0.0072992700729927005,0.0072992700729927005,0.0072992700729927005,0.0072992700729927005,0.0
