,Borda,plurality,gt,minimax,gtd,Schulze,IRV
Borda,0.0,0.0,-0.029177718832891247,-0.029177718832891247,-0.029177718832891247,-0.029177718832891247,0.0
plurality,0.0,0.0,-0.029177718832891247,-0.029177718832891247,-0.029177718832891247,-0.029177718832891247,0.0
gt,0.029177718832891247,0.029177718832891247,0.0,0.0,0.0,0.0,0.029177718832891247
minimax,0.029177718832891247,0.029177718832891247,0.0,0.0,0.0,0.0,0.029177718832891247
gtd,0.029177718832891247,0.029177718832891247,0.0,0.0,0.0,0.0,0.029177718832891247
Schulze,0.029177718832891247,0.029177718832891247,0.0,0.0,0.0,0.0,0.029177718832891247
IRV,0.0,0.0,-0.029177718832891247,-0.029177718832891247,-0.029177718832891247,-0.029177718832891247,0.0
