,Borda,plurality,gt,minimax,gtd,Schulze,IRV
Borda,0.0,0.036211699164345405,0.0,0.0,-0.002785515320334262,0.0,0.036211699164345405
plurality,-0.036211699164345405,0.0,-0.036211699164345405,-0.036211699164345405,0.025069637883008356,-0.036211699164345405,0.0
gt,0.0,0.036211699164345405,0.0,0.0,-0.002785515320334262,0.0,0.036211699164345405
minimax,0.0,0.036211699164345405,0.0,0.0,-0.002785515320334262,0.0,0.036211699164345405
gtd,0.002785515320334262,-0.025069637883008356,0.002785515320334262,0.002785515320334262,0.0,0.002785515320334262,-0.025069637883008356
Schulze,0.0,0.036211699164345405,0.0,0.0,-0.002785515320334262,0.0,0.036211699164345405
IRV,-0.036211699164345405,0.0,-0.036211699164345405,-0.036211699164345405,0.025069637883008356,-0.036211699164345405,0.0
