,Borda,plurality,gt,minimax,gtd,Schulze,IRV
Borda,0.0,-0.029940119760479042,-0.029940119760479042,0.0,-0.029940119760479042,0.0,-0.029940119760479042
plurality,0.029940119760479042,0.0,0.0,0.029940119760479042,0.0,0.029940119760479042,0.0
gt,0.029940119760479042,0.0,0.0,0.029940119760479042,0.0,0.029940119760479042,0.0
minimax,0.0,-0.029940119760479042,-0.029940119760479042,0.0,-0.029940119760479042,0.0,-0.029940119760479042
gtd,0.029940119760479042,0.0,0.0,0.029940119760479042,0.0,0.029940119760479042,0.0
Schulze,0.0,-0.029940119760479042,-0.029940119760479042,0.0,-0.029940119760479042,0.0,-0.029940119760479042
IRV,0.029940119760479042,0.0,0.0,0.029940119760479042,0.0,0.029940119760479042,0.0
