,Borda,plurality,gt,minimax,gtd,Schulze,IRV
Borda,0.0,-0.016042780748663103,0.0,0.0,0.0,0.0,0.0196078431372549
plurality,0.016042780748663103,0.0,0.016042780748663103,0.016042780748663103,0.016042780748663103,0.016042780748663103,-0.0338680926916221
gt,0.0,-0.016042780748663103,0.0,0.0,0.0,0.0,0.0196078431372549
minimax,0.0,-0.016042780748663103,0.0,0.0,0.0,0.0,0.0196078431372549
gtd,0.0,-0.016042780748663103,0.0,0.0,0.0,0.0,0.0196078431372549
Schulze,0.0,-0.016042780748663103,0.0,0.0,0.0,0.0,0.0196078431372549
IRV,-0.0196078431372549,0.0338680926916221,-0.0196078431372549,-0.0196078431372549,-0.0196078431372549,-0.0196078431372549,0.0
