,Borda,plurality,gt,minimax,gtd,Schulze,IRV
Borda,0.0,0.017045454545454544,0.017045454545454544,-0.0625,0.017045454545454544,-0.0625,0.017045454545454544
plurality,-0.017045454545454544,0.0,0.0,0.005681818181818182,0.0,0.005681818181818182,0.0
gt,-0.017045454545454544,0.0,0.0,0.005681818181818182,0.0,0.005681818181818182,0.0
minimax,0.0625,-0.005681818181818182,-0.005681818181818182,0.0,-0.005681818181818182,0.0,-0.005681818181818182
gtd,-0.017045454545454544,0.0,0.0,0.005681818181818182,0.0,0.005681818181818182,0.0
Schulze,0.0625,-0.005681818181818182,-0.005681818181818182,0.0,-0.005681818181818182,0.0,-0.005681818181818182
IRV,-0.017045454545454544,0.0,0.0,0.005681818181818182,0.0,0.005681818181818182,0.0
