,Borda,plurality,gt,minimax,gtd,Schulze,IRV
Borda,0.0,0.013605442176870748,0.0,0.0,0.0,0.0,0.0
plurality,-0.013605442176870748,0.0,-0.02040816326530612,-0.013605442176870748,-0.013605442176870748,-0.013605442176870748,-0.02040816326530612
gt,0.0,0.02040816326530612,0.0,0.0,0.0,0.0,0.0
minimax,0.0,0.013605442176870748,0.0,0.0,0.0,0.0,0.0
gtd,0.0,0.013605442176870748,0.0,0.0,0.0,0.0,0.0
Schulze,0.0,0.013605442176870748,0.0,0.0,0.0,0.0,0.0
IRV,0.0,0.02040816326530612,0.0,0.0,0.0,0.0,0.0
