,Borda,plurality,gt,minimax,gtd,Schulze,IRV
Borda,0.0,0.0691358024691358,-0.014814814814814815,-0.014814814814814815,-0.014814814814814815,-0.014814814814814815,0.0
plurality,-0.0691358024691358,0.0,0.012345679012345678,0.012345679012345678,0.012345679012345678,0.012345679012345678,-0.0691358024691358
gt,0.014814814814814815,-0.012345679012345678,0.0,0.0,0.0,0.0,0.014814814814814815
minimax,0.014814814814814815,-0.012345679012345678,0.0,0.0,0.0,0.0,0.014814814814814815
gtd,0.014814814814814815,-0.012345679012345678,0.0,0.0,0.0,0.0,0.014814814814814815
Schulze,0.014814814814814815,-0.012345679012345678,0.0,0.0,0.0,0.0,0.014814814814814815
IRV,0.0,0.0691358024691358,-0.014814814814814815,-0.014814814814814815,-0.014814814814814815,-0.014814814814814815,0.0
