,Borda,plurality,gt,minimax,gtd,Schulze,IRV
Borda,0.0,0.018556701030927835,0.018556701030927835,0.018556701030927835,0.018556701030927835,0.018556701030927835,0.018556701030927835
plurality,-0.018556701030927835,0.0,0.0,0.0,0.0,0.0,0.0
gt,-0.018556701030927835,0.0,0.0,0.0,0.0,0.0,0.0
minimax,-0.018556701030927835,0.0,0.0,0.0,0.0,0.0,0.0
gtd,-0.018556701030927835,0.0,0.0,0.0,0.0,0.0,0.0
Schulze,-0.018556701030927835,0.0,0.0,0.0,0.0,0.0,0.0
IRV,-0.018556701030927835,0.0,0.0,0.0,0.0,0.0,0.0
