,Borda,plurality,gt,minimax,gtd,Schulze,IRV
Borda,0.0,0.05065666041275797,0.0,0.0,0.0,0.0,0.0
plurality,-0.05065666041275797,0.0,-0.05065666041275797,-0.06941838649155722,-0.06941838649155722,-0.06941838649155722,-0.06941838649155722
gt,0.0,0.05065666041275797,0.0,0.0,0.0,0.0,0.0
minimax,0.0,0.06941838649155722,0.0,0.0,0.0,0.0,0.0
gtd,0.0,0.06941838649155722,0.0,0.0,0.0,0.0,0.0
Schulze,0.0,0.06941838649155722,0.0,0.0,0.0,0.0,0.0
IRV,0.0,0.06941838649155722,0.0,0.0,0.0,0.0,0.0
