,Borda,plurality,gt,minimax,gtd,Schulze,IRV
Borda,0.0,0.03667481662591687,0.0,0.0,-0.017114914425427872,0.0,0.03667481662591687
plurality,-0.03667481662591687,0.0,-0.03667481662591687,-0.03667481662591687,0.03178484107579462,-0.03667481662591687,0.0
gt,0.0,0.03667481662591687,0.0,0.0,-0.017114914425427872,0.0,0.03667481662591687
minimax,0.0,0.03667481662591687,0.0,0.0,-0.017114914425427872,0.0,0.03667481662591687
gtd,0.017114914425427872,-0.03178484107579462,0.017114914425427872,0.017114914425427872,0.0,0.017114914425427872,-0.03178484107579462
Schulze,0.0,0.03667481662591687,0.0,0.0,-0.017114914425427872,0.0,0.03667481662591687
IRV,-0.03667481662591687,0.0,-0.03667481662591687,-0.03667481662591687,0.03178484107579462,-0.03667481662591687,0.0
