,Borda,plurality,gt,minimax,gtd,Schulze,IRV
Borda,0.0,-0.024630541871921183,0.05172413793103448,-0.024630541871921183,-0.024630541871921183,-0.024630541871921183,-0.024630541871921183
plurality,0.024630541871921183,0.0,-0.007389162561576354,0.0,0.0,0.0,0.0
gt,-0.05172413793103448,0.007389162561576354,0.0,0.007389162561576354,0.007389162561576354,0.007389162561576354,0.007389162561576354
minimax,0.024630541871921183,0.0,-0.007389162561576354,0.0,0.0,0.0,0.0
gtd,0.024630541871921183,0.0,-0.007389162561576354,0.0,0.0,0.0,0.0
Schulze,0.024630541871921183,0.0,-0.007389162561576354,0.0,0.0,0.0,0.0
IRV,0.024630541871921183,0.0,-0.007389162561576354,0.0,0.0,0.0,0.0
