,Borda,plurality,gt,minimax,gtd,Schulze,IRV
Borda,0.0,0.037209302325581395,0.037209302325581395,-0.027906976744186046,-0.027906976744186046,-0.027906976744186046,0.037209302325581395
plurality,-0.037209302325581395,0.0,0.0,0.023255813953488372,0.023255813953488372,0.023255813953488372,0.0
gt,-0.037209302325581395,0.0,0.0,0.023255813953488372,0.023255813953488372,0.023255813953488372,0.0
minimax,0.027906976744186046,-0.023255813953488372,-0.023255813953488372,0.0,0.0,0.0,-0.023255813953488372
gtd,0.027906976744186046,-0.023255813953488372,-0.023255813953488372,0.0,0.0,0.0,-0.023255813953488372
Schulze,0.027906976744186046,-0.023255813953488372,-0.023255813953488372,0.0,0.0,0.0,-0.023255813953488372
IRV,-0.037209302325581395,0.0,0.0,0.023255813953488372,0.023255813953488372,0.023255813953488372,0.0
