,Borda,plurality,gt,minimax,gtd,Schulze,IRV
Borda,0.0,-0.04956268221574344,-0.04956268221574344,0.01749271137026239,0.01749271137026239,0.01749271137026239,-0.04956268221574344
plurality,0.04956268221574344,0.0,0.0,-0.026239067055393587,-0.026239067055393587,-0.026239067055393587,0.0
gt,0.04956268221574344,0.0,0.0,-0.026239067055393587,-0.026239067055393587,-0.026239067055393587,0.0
minimax,-0.01749271137026239,0.026239067055393587,0.026239067055393587,0.0,0.0,0.0,0.026239067055393587
gtd,-0.01749271137026239,0.026239067055393587,0.026239067055393587,0.0,0.0,0.0,0.026239067055393587
Schulze,-0.01749271137026239,0.026239067055393587,0.026239067055393587,0.0,0.0,0.0,0.026239067055393587
IRV,0.04956268221574344,0.0,0.0,-0.026239067055393587,-0.026239067055393587,-0.026239067055393587,0.0
