,Borda,plurality,gt,minimax,gtd,Schulze,IRV
Borda,0.0,-0.017094017094017096,0.0,0.0,0.0,0.0,0.029914529914529916
plurality,0.017094017094017096,0.0,0.017094017094017096,0.017094017094017096,0.017094017094017096,0.017094017094017096,-0.042735042735042736
gt,0.0,-0.017094017094017096,0.0,0.0,0.0,0.0,0.029914529914529916
minimax,0.0,-0.017094017094017096,0.0,0.0,0.0,0.0,0.029914529914529916
gtd,0.0,-0.017094017094017096,0.0,0.0,0.0,0.0,0.029914529914529916
Schulze,0.0,-0.017094017094017096,0.0,0.0,0.0,0.0,0.029914529914529916
IRV,-0.029914529914529916,0.042735042735042736,-0.029914529914529916,-0.029914529914529916,-0.029914529914529916,-0.029914529914529916,0.0
