,Borda,plurality,gt,minimax,gtd,Schulze,IRV
Borda,0.0,-0.020637898686679174,-0.020637898686679174,-0.020637898686679174,-0.020637898686679174,-0.020637898686679174,0.09943714821763602
plurality,0.020637898686679174,0.0,0.0,0.0,0.0,0.0,-0.016885553470919325
gt,0.020637898686679174,0.0,0.0,0.0,0.0,0.0,-0.016885553470919325
minimax,0.020637898686679174,0.0,0.0,0.0,0.0,0.0,-0.016885553470919325
gtd,0.020637898686679174,0.0,0.0,0.0,0.0,0.0,-0.016885553470919325
Schulze,0.020637898686679174,0.0,0.0,0.0,0.0,0.0,-0.016885553470919325
IRV,-0.09943714821763602,0.016885553470919325,0.016885553470919325,0.016885553470919325,0.016885553470919325,0.016885553470919325,0.0
