,Borda,plurality,gt,minimax,gtd,Schulze,IRV
Borda,0.0,-0.044854881266490766,-0.044854881266490766,-0.044854881266490766,-0.044854881266490766,-0.044854881266490766,0.10290237467018469
plurality,0.044854881266490766,0.0,0.0,0.0,0.0,0.0,-0.018469656992084433
gt,0.044854881266490766,0.0,0.0,0.0,0.0,0.0,-0.018469656992084433
minimax,0.044854881266490766,0.0,0.0,0.0,0.0,0.0,-0.018469656992084433
gtd,0.044854881266490766,0.0,0.0,0.0,0.0,0.0,-0.018469656992084433
Schulze,0.044854881266490766,0.0,0.0,0.0,0.0,0.0,-0.018469656992084433
IRV,-0.10290237467018469,0.018469656992084433,0.018469656992084433,0.018469656992084433,0.018469656992084433,0.018469656992084433,0.0
