,Borda,plurality,gt,minimax,gtd,Schulze,IRV
Borda,0.0,0.0,-0.024070021881838075,-0.024070021881838075,-0.024070021881838075,-0.024070021881838075,0.0
plurality,0.0,0.0,-0.024070021881838075,-0.024070021881838075,-0.024070021881838075,-0.024070021881838075,0.0
gt,0.024070021881838075,0.024070021881838075,0.0,0.0,0.0,0.0,0.024070021881838075
minimax,0.024070021881838075,0.024070021881838075,0.0,0.0,0.0,0.0,0.024070021881838075
gtd,0.024070021881838075,0.024070021881838075,0.0,0.0,0.0,0.0,0.024070021881838075
Schulze,0.024070021881838075,0.024070021881838075,0.0,0.0,0.0,0.0,0.024070021881838075
IRV,0.0,0.0,-0.024070021881838075,-0.024070021881838075,-0.024070021881838075,-0.024070021881838075,0.0
