,Borda,plurality,gt,minimax,gtd,Schulze,IRV
Borda,0.0,0.045454545454545456,0.045454545454545456,-0.015151515151515152,-0.015151515151515152,-0.015151515151515152,0.0
plurality,-0.045454545454545456,0.0,0.0,0.015151515151515152,0.015151515151515152,0.015151515151515152,-0.045454545454545456
gt,-0.045454545454545456,0.0,0.0,0.015151515151515152,0.015151515151515152,0.015151515151515152,-0.045454545454545456
minimax,0.015151515151515152,-0.015151515151515152,-0.015151515151515152,0.0,0.0,0.0,0.015151515151515152
gtd,0.015151515151515152,-0.015151515151515152,-0.015151515151515152,0.0,0.0,0.0,0.015151515151515152
Schulze,0.015151515151515152,-0.015151515151515152,-0.015151515151515152,0.0,0.0,0.0,0.015151515151515152
IRV,0.0,0.045454545454545456,0.045454545454545456,-0.015151515151515152,-0.015151515151515152,-0.015151515151515152,0.0
