,Borda,plurality,gt,minimax,gtd,Schulze,IRV
Borda,0.0,-0.023622047244094488,0.0,-0.023622047244094488,0.007874015748031496,-0.023622047244094488,0.007874015748031496
plurality,0.023622047244094488,0.0,0.023622047244094488,0.0,-0.007874015748031496,0.0,-0.007874015748031496
gt,0.0,-0.023622047244094488,0.0,-0.023622047244094488,0.007874015748031496,-0.023622047244094488,0.007874015748031496
minimax,0.023622047244094488,0.0,0.023622047244094488,0.0,-0.007874015748031496,0.0,-0.007874015748031496
gtd,-0.007874015748031496,0.007874015748031496,-0.007874015748031496,0.007874015748031496,0.0,0.007874015748031496,0.0
Schulze,0.023622047244094488,0.0,0.023622047244094488,0.0,-0.007874015748031496,0.0,-0.007874015748031496
IRV,-0.007874015748031496,0.007874015748031496,-0.007874015748031496,0.007874015748031496,0.0,0.007874015748031496,0.0
