,Borda,plurality,gt,minimax,gtd,Schulze,IRV
Borda,0.0,0.031578947368421054,-0.01263157894736842,-0.01263157894736842,-0.01263157894736842,-0.01263157894736842,0.0
plurality,-0.031578947368421054,0.0,0.002105263157894737,0.002105263157894737,0.002105263157894737,0.002105263157894737,-0.031578947368421054
gt,0.01263157894736842,-0.002105263157894737,0.0,0.0,0.0,0.0,0.01263157894736842
minimax,0.01263157894736842,-0.002105263157894737,0.0,0.0,0.0,0.0,0.01263157894736842
gtd,0.01263157894736842,-0.002105263157894737,0.0,0.0,0.0,0.0,0.01263157894736842
Schulze,0.01263157894736842,-0.002105263157894737,0.0,0.0,0.0,0.0,0.01263157894736842
IRV,0.0,0.031578947368421054,-0.01263157894736842,-0.01263157894736842,-0.01263157894736842,-0.01263157894736842,0.0
