,Borda,plurality,gt,minimax,gtd,Schulze,IRV
Borda,0.0,-0.05392156862745098,0.0,0.03431372549019608,0.03431372549019608,0.03431372549019608,0.03431372549019608
plurality,0.05392156862745098,0.0,0.05392156862745098,-0.0392156862745098,-0.0392156862745098,-0.0392156862745098,-0.0392156862745098
gt,0.0,-0.05392156862745098,0.0,0.03431372549019608,0.03431372549019608,0.03431372549019608,0.03431372549019608
minimax,-0.03431372549019608,0.0392156862745098,-0.03431372549019608,0.0,0.0,0.0,0.0
gtd,-0.03431372549019608,0.0392156862745098,-0.03431372549019608,0.0,0.0,0.0,0.0
Schulze,-0.03431372549019608,0.0392156862745098,-0.03431372549019608,0.0,0.0,0.0,0.0
IRV,-0.03431372549019608,0.0392156862745098,-0.03431372549019608,0.0,0.0,0.0,0.0
