,Borda,plurality,gt,minimax,gtd,Schulze,IRV
Borda,0.0,0.013774104683195593,0.0,0.0,0.0,0.0,0.05234159779614325
plurality,-0.013774104683195593,0.0,-0.013774104683195593,-0.013774104683195593,-0.013774104683195593,-0.013774104683195593,-0.024793388429752067
gt,0.0,0.013774104683195593,0.0,0.0,0.0,0.0,0.05234159779614325
minimax,0.0,0.013774104683195593,0.0,0.0,0.0,0.0,0.05234159779614325
gtd,0.0,0.013774104683195593,0.0,0.0,0.0,0.0,0.05234159779614325
Schulze,0.0,0.013774104683195593,0.0,0.0,0.0,0.0,0.05234159779614325
IRV,-0.05234159779614325,0.024793388429752067,-0.05234159779614325,-0.05234159779614325,-0.05234159779614325,-0.05234159779614325,0.0
