,Borda,plurality,gt,minimax,gtd,Schulze,IRV
Borda,0.0,-0.007142857142857143,0.0,0.0035714285714285713,0.0,0.0035714285714285713,-0.007142857142857143
plurality,0.007142857142857143,0.0,0.007142857142857143,-0.014285714285714285,0.007142857142857143,-0.014285714285714285,0.0
gt,0.0,-0.007142857142857143,0.0,0.0035714285714285713,0.0,0.0035714285714285713,-0.007142857142857143
minimax,-0.0035714285714285713,0.014285714285714285,-0.0035714285714285713,0.0,-0.0035714285714285713,0.0,0.014285714285714285
gtd,0.0,-0.007142857142857143,0.0,0.0035714285714285713,0.0,0.0035714285714285713,-0.007142857142857143
Schulze,-0.0035714285714285713,0.014285714285714285,-0.0035714285714285713,0.0,-0.0035714285714285713,0.0,0.014285714285714285
IRV,0.007142857142857143,0.0,0.007142857142857143,-0.014285714285714285,0.007142857142857143,-0.014285714285714285,0.0
