,Borda,plurality,gt,minimax,gtd,Schulze,IRV
Borda,0.0,-0.02689486552567237,-0.02689486552567237,0.0,-0.02689486552567237,0.0,0.06601466992665037
plurality,0.02689486552567237,0.0,0.0,0.02689486552567237,0.0,0.02689486552567237,-0.04156479217603912
gt,0.02689486552567237,0.0,0.0,0.02689486552567237,0.0,0.02689486552567237,-0.04156479217603912
minimax,0.0,-0.02689486552567237,-0.02689486552567237,0.0,-0.02689486552567237,0.0,0.06601466992665037
gtd,0.02689486552567237,0.0,0.0,0.02689486552567237,0.0,0.02689486552567237,-0.04156479217603912
Schulze,0.0,-0.02689486552567237,-0.02689486552567237,0.0,-0.02689486552567237,0.0,0.06601466992665037
IRV,-0.06601466992665037,0.04156479217603912,0.04156479217603912,-0.06601466992665037,0.04156479217603912,-0.06601466992665037,0.0
