,Borda,plurality,gt,minimax,gtd,Schulze,IRV
Borda,0.0,-0.008310249307479225,0.002770083102493075,0.002770083102493075,0.0,0.002770083102493075,0.002770083102493075
plurality,0.008310249307479225,0.0,-0.013850415512465374,-0.013850415512465374,0.008310249307479225,-0.013850415512465374,-0.013850415512465374
gt,-0.002770083102493075,0.013850415512465374,0.0,0.0,-0.002770083102493075,0.0,0.0
minimax,-0.002770083102493075,0.013850415512465374,0.0,0.0,-0.002770083102493075,0.0,0.0
gtd,0.0,-0.008310249307479225,0.002770083102493075,0.002770083102493075,0.0,0.002770083102493075,0.002770083102493075
Schulze,-0.002770083102493075,0.013850415512465374,0.0,0.0,-0.002770083102493075,0.0,0.0
IRV,-0.002770083102493075,0.013850415512465374,0.0,0.0,-0.002770083102493075,0.0,0.0
