,Borda,plurality,gt,minimax,gtd,Schulze,IRV
Borda,0.0,0.004728132387706856,-0.009456264775413711,-0.009456264775413711,0.004728132387706856,-0.009456264775413711,0.004728132387706856
plurality,-0.004728132387706856,0.0,0.002364066193853428,0.002364066193853428,0.0,0.002364066193853428,0.0
gt,0.009456264775413711,-0.002364066193853428,0.0,0.0,-0.002364066193853428,0.0,-0.002364066193853428
minimax,0.009456264775413711,-0.002364066193853428,0.0,0.0,-0.002364066193853428,0.0,-0.002364066193853428
gtd,-0.004728132387706856,0.0,0.002364066193853428,0.002364066193853428,0.0,0.002364066193853428,0.0
Schulze,0.009456264775413711,-0.002364066193853428,0.0,0.0,-0.002364066193853428,0.0,-0.002364066193853428
IRV,-0.004728132387706856,0.0,0.002364066193853428,0.002364066193853428,0.0,0.002364066193853428,0.0
