,Borda,plurality,gt,minimax,gtd,Schulze,IRV
Borda,0.0,0.05979381443298969,-0.006185567010309278,0.0,-0.006185567010309278,0.0,0.0
plurality,-0.05979381443298969,0.0,0.010309278350515464,-0.05979381443298969,0.010309278350515464,-0.05979381443298969,-0.05979381443298969
gt,0.006185567010309278,-0.010309278350515464,0.0,0.006185567010309278,0.0,0.006185567010309278,0.006185567010309278
minimax,0.0,0.05979381443298969,-0.006185567010309278,0.0,-0.006185567010309278,0.0,0.0
gtd,0.006185567010309278,-0.010309278350515464,0.0,0.006185567010309278,0.0,0.006185567010309278,0.006185567010309278
Schulze,0.0,0.05979381443298969,-0.006185567010309278,0.0,-0.006185567010309278,0.0,0.0
IRV,0.0,0.05979381443298969,-0.006185567010309278,0.0,-0.006185567010309278,0.0,0.0
