,Borda,plurality,gt,minimax,gtd,Schulze,IRV
Borda,0.0,0.11547911547911548,-0.007371007371007371,0.0,-0.007371007371007371,0.0,0.11547911547911548
plurality,-0.11547911547911548,0.0,0.0171990171990172,-0.11547911547911548,0.0171990171990172,-0.11547911547911548,0.0
gt,0.007371007371007371,-0.0171990171990172,0.0,0.007371007371007371,0.0,0.007371007371007371,-0.0171990171990172
minimax,0.0,0.11547911547911548,-0.007371007371007371,0.0,-0.007371007371007371,0.0,0.11547911547911548
gtd,0.007371007371007371,-0.0171990171990172,0.0,0.007371007371007371,0.0,0.007371007371007371,-0.0171990171990172
Schulze,0.0,0.11547911547911548,-0.007371007371007371,0.0,-0.007371007371007371,0.0,0.11547911547911548
IRV,-0.11547911547911548,0.0,0.0171990171990172,-0.11547911547911548,0.0171990171990172,-0.11547911547911548,0.0
