,Borda,plurality,gt,minimax,gtd,Schulze,IRV
Borda,0.0,0.07211538461538461,0.0,0.0,0.0,0.0,0.0
plurality,-0.07211538461538461,0.0,-0.07211538461538461,-0.07211538461538461,-0.0673076923076923,-0.07211538461538461,-0.0673076923076923
gt,0.0,0.07211538461538461,0.0,0.0,0.0,0.0,0.0
minimax,0.0,0.07211538461538461,0.0,0.0,0.0,0.0,0.0
gtd,0.0,0.0673076923076923,0.0,0.0,0.0,0.0,0.0
Schulze,0.0,0.07211538461538461,0.0,0.0,0.0,0.0,0.0
IRV,0.0,0.0673076923076923,0.0,0.0,0.0,0.0,0.0
