,Borda,plurality,gt,minimax,gtd,Schulze,IRV
Borda,0.0,0.061124694376528114,-0.03178484107579462,0.0,-0.03178484107579462,0.0,0.0
plurality,-0.061124694376528114,0.0,0.04156479217603912,-0.061124694376528114,0.04156479217603912,-0.061124694376528114,-0.061124694376528114
gt,0.03178484107579462,-0.04156479217603912,0.0,0.03178484107579462,0.0,0.03178484107579462,0.03178484107579462
minimax,0.0,0.061124694376528114,-0.03178484107579462,0.0,-0.03178484107579462,0.0,0.0
gtd,0.03178484107579462,-0.04156479217603912,0.0,0.03178484107579462,0.0,0.03178484107579462,0.03178484107579462
Schulze,0.0,0.061124694376528114,-0.03178484107579462,0.0,-0.03178484107579462,0.0,0.0
IRV,0.0,0.061124694376528114,-0.03178484107579462,0.0,-0.03178484107579462,0.0,0.0
