,Borda,plurality,gt,minimax,gtd,Schulze,IRV
Borda,0.0,0.004791238877481177,0.004791238877481177,0.004791238877481177,0.004791238877481177,0.004791238877481177,0.004791238877481177
plurality,-0.004791238877481177,0.0,0.0,0.0,0.0,0.0,0.0
gt,-0.004791238877481177,0.0,0.0,0.0,0.0,0.0,0.0
minimax,-0.004791238877481177,0.0,0.0,0.0,0.0,0.0,0.0
gtd,-0.004791238877481177,0.0,0.0,0.0,0.0,0.0,0.0
Schulze,-0.004791238877481177,0.0,0.0,0.0,0.0,0.0,0.0
IRV,-0.004791238877481177,0.0,0.0,0.0,0.0,0.0,0.0
