,Borda,plurality,gt,minimax,gtd,Schulze,IRV
Borda,0.0,-0.002061855670103093,-0.002061855670103093,0.0,0.0,0.0,0.01443298969072165
plurality,0.002061855670103093,0.0,0.0,0.002061855670103093,0.002061855670103093,0.002061855670103093,-0.018556701030927835
gt,0.002061855670103093,0.0,0.0,0.002061855670103093,0.002061855670103093,0.002061855670103093,-0.018556701030927835
minimax,0.0,-0.002061855670103093,-0.002061855670103093,0.0,0.0,0.0,0.01443298969072165
gtd,0.0,-0.002061855670103093,-0.002061855670103093,0.0,0.0,0.0,0.01443298969072165
Schulze,0.0,-0.002061855670103093,-0.002061855670103093,0.0,0.0,0.0,0.01443298969072165
IRV,-0.01443298969072165,0.018556701030927835,0.018556701030927835,-0.01443298969072165,-0.01443298969072165,-0.01443298969072165,0.0
