,Borda,plurality,gt,minimax,gtd,Schulze,IRV
Borda,0.0,-0.030136986301369864,0.00821917808219178,0.00821917808219178,0.0,0.00821917808219178,0.00821917808219178
plurality,0.030136986301369864,0.0,-0.030136986301369864,-0.030136986301369864,0.030136986301369864,-0.030136986301369864,-0.030136986301369864
gt,-0.00821917808219178,0.030136986301369864,0.0,0.0,-0.00821917808219178,0.0,0.0
minimax,-0.00821917808219178,0.030136986301369864,0.0,0.0,-0.00821917808219178,0.0,0.0
gtd,0.0,-0.030136986301369864,0.00821917808219178,0.00821917808219178,0.0,0.00821917808219178,0.00821917808219178
Schulze,-0.00821917808219178,0.030136986301369864,0.0,0.0,-0.00821917808219178,0.0,0.0
IRV,-0.00821917808219178,0.030136986301369864,0.0,0.0,-0.00821917808219178,0.0,0.0
