,Borda,plurality,gt,minimax,gtd,Schulze,IRV
Borda,0.0,0.0,0.0,0.0,0.0,0.0,-0.01948051948051948
plurality,0.0,0.0,0.0,0.0,0.0,0.0,-0.01948051948051948
gt,0.0,0.0,0.0,0.0,0.0,0.0,-0.01948051948051948
minimax,0.0,0.0,0.0,0.0,0.0,0.0,-0.01948051948051948
gtd,0.0,0.0,0.0,0.0,0.0,0.0,-0.01948051948051948
Schulze,0.0,0.0,0.0,0.0,0.0,0.0,-0.01948051948051948
IRV,0.01948051948051948,0.01948051948051948,0.01948051948051948,0.01948051948051948,0.01948051948051948,0.01948051948051948,0.0
