,Borda,plurality,gt,minimax,gtd,Schulze,IRV
Borda,0.0,-0.015037593984962405,-0.015037593984962405,0.0,-0.015037593984962405,0.0,0.07518796992481203
plurality,0.015037593984962405,0.0,0.0,0.015037593984962405,0.0,0.015037593984962405,-0.03383458646616541
gt,0.015037593984962405,0.0,0.0,0.015037593984962405,0.0,0.015037593984962405,-0.03383458646616541
minimax,0.0,-0.015037593984962405,-0.015037593984962405,0.0,-0.015037593984962405,0.0,0.07518796992481203
gtd,0.015037593984962405,0.0,0.0,0.015037593984962405,0.0,0.015037593984962405,-0.03383458646616541
Schulze,0.0,-0.015037593984962405,-0.015037593984962405,0.0,-0.015037593984962405,0.0,0.07518796992481203
IRV,-0.07518796992481203,0.03383458646616541,0.03383458646616541,-0.07518796992481203,0.03383458646616541,-0.07518796992481203,0.0
