,Borda,plurality,gt,minimax,gtd,Schulze,IRV
Borda,0.0,-0.039301310043668124,0.048034934497816595,-0.039301310043668124,-0.039301310043668124,-0.039301310043668124,-0.039301310043668124
plurality,0.039301310043668124,0.0,0.0,0.0,0.0,0.0,0.0
gt,-0.048034934497816595,0.0,0.0,0.0,0.0,0.0,0.0
minimax,0.039301310043668124,0.0,0.0,0.0,0.0,0.0,0.0
gtd,0.039301310043668124,0.0,0.0,0.0,0.0,0.0,0.0
Schulze,0.039301310043668124,0.0,0.0,0.0,0.0,0.0,0.0
IRV,0.039301310043668124,0.0,0.0,0.0,0.0,0.0,0.0
