,Borda,plurality,gt,minimax,gtd,Schulze,IRV
Borda,0.0,-0.00234192037470726,-0.00234192037470726,0.0,-0.00234192037470726,0.0,-0.00234192037470726
plurality,0.00234192037470726,0.0,0.0,0.00234192037470726,0.0,0.00234192037470726,0.0
gt,0.00234192037470726,0.0,0.0,0.00234192037470726,0.0,0.00234192037470726,0.0
minimax,0.0,-0.00234192037470726,-0.00234192037470726,0.0,-0.00234192037470726,0.0,-0.00234192037470726
gtd,0.00234192037470726,0.0,0.0,0.00234192037470726,0.0,0.00234192037470726,0.0
Schulze,0.0,-0.00234192037470726,-0.00234192037470726,0.0,-0.00234192037470726,0.0,-0.00234192037470726
IRV,0.00234192037470726,0.0,0.0,0.00234192037470726,0.0,0.00234192037470726,0.0
