,Borda,plurality,gt,minimax,gtd,Schulze,IRV
Borda,0.0,0.0226628895184136,0.0,0.0,0.0,0.0,0.0226628895184136
plurality,-0.0226628895184136,0.0,0.0906515580736544,-0.0226628895184136,-0.0226628895184136,-0.0226628895184136,0.0
gt,0.0,-0.0906515580736544,0.0,0.0,0.0,0.0,-0.0906515580736544
minimax,0.0,0.0226628895184136,0.0,0.0,0.0,0.0,0.0226628895184136
gtd,0.0,0.0226628895184136,0.0,0.0,0.0,0.0,0.0226628895184136
Schulze,0.0,0.0226628895184136,0.0,0.0,0.0,0.0,0.0226628895184136
IRV,-0.0226628895184136,0.0,0.0906515580736544,-0.0226628895184136,-0.0226628895184136,-0.0226628895184136,0.0
