,Borda,plurality,gt,minimax,gtd,Schulze,IRV
Borda,0.0,0.02203856749311295,0.0,0.0,-0.0027548209366391185,0.0,0.0
plurality,-0.02203856749311295,0.0,-0.02203856749311295,-0.02203856749311295,0.01652892561983471,-0.02203856749311295,-0.02203856749311295
gt,0.0,0.02203856749311295,0.0,0.0,-0.0027548209366391185,0.0,0.0
minimax,0.0,0.02203856749311295,0.0,0.0,-0.0027548209366391185,0.0,0.0
gtd,0.0027548209366391185,-0.01652892561983471,0.0027548209366391185,0.0027548209366391185,0.0,0.0027548209366391185,0.0027548209366391185
Schulze,0.0,0.02203856749311295,0.0,0.0,-0.0027548209366391185,0.0,0.0
IRV,0.0,0.02203856749311295,0.0,0.0,-0.0027548209366391185,0.0,0.0
