,Borda,plurality,gt,minimax,gtd,Schulze,IRV
Borda,0.0,-0.0084985835694051,-0.0084985835694051,-0.0084985835694051,-0.0084985835694051,-0.0084985835694051,0.025495750708215296
plurality,0.0084985835694051,0.0,0.0,0.0,0.0,0.0,-0.0028328611898017
gt,0.0084985835694051,0.0,0.0,0.0,0.0,0.0,-0.0028328611898017
minimax,0.0084985835694051,0.0,0.0,0.0,0.0,0.0,-0.0028328611898017
gtd,0.0084985835694051,0.0,0.0,0.0,0.0,0.0,-0.0028328611898017
Schulze,0.0084985835694051,0.0,0.0,0.0,0.0,0.0,-0.0028328611898017
IRV,-0.025495750708215296,0.0028328611898017,0.0028328611898017,0.0028328611898017,0.0028328611898017,0.0028328611898017,0.0
