,Borda,plurality,gt,minimax,gtd,Schulze,IRV
Borda,0.0,0.0,-0.014492753623188406,-0.014492753623188406,-0.014492753623188406,-0.014492753623188406,-0.014492753623188406
plurality,0.0,0.0,-0.014492753623188406,-0.014492753623188406,-0.014492753623188406,-0.014492753623188406,-0.014492753623188406
gt,0.014492753623188406,0.014492753623188406,0.0,0.0,0.0,0.0,0.0
minimax,0.014492753623188406,0.014492753623188406,0.0,0.0,0.0,0.0,0.0
gtd,0.014492753623188406,0.014492753623188406,0.0,0.0,0.0,0.0,0.0
Schulze,0.014492753623188406,0.014492753623188406,0.0,0.0,0.0,0.0,0.0
IRV,0.014492753623188406,0.014492753623188406,0.0,0.0,0.0,0.0,0.0
