,Borda,plurality,gt,minimax,gtd,Schulze,IRV
Borda,0.0,0.03325942350332594,-0.019955654101995565,0.0,0.0,0.0,0.03325942350332594
plurality,-0.03325942350332594,0.0,0.05543237250554324,-0.03325942350332594,-0.03325942350332594,-0.03325942350332594,0.0
gt,0.019955654101995565,-0.05543237250554324,0.0,0.019955654101995565,0.019955654101995565,0.019955654101995565,-0.05543237250554324
minimax,0.0,0.03325942350332594,-0.019955654101995565,0.0,0.0,0.0,0.03325942350332594
gtd,0.0,0.03325942350332594,-0.019955654101995565,0.0,0.0,0.0,0.03325942350332594
Schulze,0.0,0.03325942350332594,-0.019955654101995565,0.0,0.0,0.0,0.03325942350332594
IRV,-0.03325942350332594,0.0,0.05543237250554324,-0.03325942350332594,-0.03325942350332594,-0.03325942350332594,0.0
