,Borda,plurality,gt,minimax,gtd,Schulze,IRV
Borda,0.0,-0.03756708407871199,-0.03756708407871199,-0.03756708407871199,-0.03756708407871199,-0.03756708407871199,-0.03756708407871199
plurality,0.03756708407871199,0.0,0.0,0.0,0.0,0.0,0.0
gt,0.03756708407871199,0.0,0.0,0.0,0.0,0.0,0.0
minimax,0.03756708407871199,0.0,0.0,0.0,0.0,0.0,0.0
gtd,0.03756708407871199,0.0,0.0,0.0,0.0,0.0,0.0
Schulze,0.03756708407871199,0.0,0.0,0.0,0.0,0.0,0.0
IRV,0.03756708407871199,0.0,0.0,0.0,0.0,0.0,0.0
