,Borda,plurality,gt,minimax,gtd,Schulze,IRV
Borda,0.0,-0.034324942791762014,-0.034324942791762014,-0.034324942791762014,-0.034324942791762014,-0.034324942791762014,-0.034324942791762014
plurality,0.034324942791762014,0.0,0.0,0.0,0.0,0.0,0.0
gt,0.034324942791762014,0.0,0.0,0.0,0.0,0.0,0.0
minimax,0.034324942791762014,0.0,0.0,0.0,0.0,0.0,0.0
gtd,0.034324942791762014,0.0,0.0,0.0,0.0,0.0,0.0
Schulze,0.034324942791762014,0.0,0.0,0.0,0.0,0.0,0.0
IRV,0.034324942791762014,0.0,0.0,0.0,0.0,0.0,0.0
