,Borda,plurality,gt,minimax,gtd,Schulze,IRV
Borda,0.0,0.0,-0.020905923344947737,-0.020905923344947737,-0.020905923344947737,-0.020905923344947737,0.0
plurality,0.0,0.0,-0.020905923344947737,-0.020905923344947737,-0.020905923344947737,-0.020905923344947737,0.0
gt,0.020905923344947737,0.020905923344947737,0.0,0.0,0.0,0.0,0.020905923344947737
minimax,0.020905923344947737,0.020905923344947737,0.0,0.0,0.0,0.0,0.020905923344947737
gtd,0.020905923344947737,0.020905923344947737,0.0,0.0,0.0,0.0,0.020905923344947737
Schulze,0.020905923344947737,0.020905923344947737,0.0,0.0,0.0,0.0,0.020905923344947737
IRV,0.0,0.0,-0.020905923344947737,-0.020905923344947737,-0.020905923344947737,-0.020905923344947737,0.0
