,Borda,plurality,gt,minimax,gtd,Schulze,IRV
Borda,0.0,-0.030303030303030304,0.04040404040404041,-0.030303030303030304,-0.030303030303030304,-0.030303030303030304,0.04040404040404041
plurality,0.030303030303030304,0.0,-0.005050505050505051,0.0,0.0,0.0,-0.005050505050505051
gt,-0.04040404040404041,0.005050505050505051,0.0,0.005050505050505051,0.005050505050505051,0.005050505050505051,0.0
minimax,0.030303030303030304,0.0,-0.005050505050505051,0.0,0.0,0.0,-0.005050505050505051
gtd,0.030303030303030304,0.0,-0.005050505050505051,0.0,0.0,0.0,-0.005050505050505051
Schulze,0.030303030303030304,0.0,-0.005050505050505051,0.0,0.0,0.0,-0.005050505050505051
IRV,-0.04040404040404041,0.005050505050505051,0.0,0.005050505050505051,0.005050505050505051,0.005050505050505051,0.0
