,Borda,plurality,gt,minimax,gtd,Schulze,IRV
Borda,0.0,0.0,0.0,0.02356902356902357,0.0,0.02356902356902357,-0.026936026936026935
plurality,0.0,0.0,0.0,0.02356902356902357,0.0,0.02356902356902357,-0.026936026936026935
gt,0.0,0.0,0.0,0.02356902356902357,0.0,0.02356902356902357,-0.026936026936026935
minimax,-0.02356902356902357,-0.02356902356902357,-0.02356902356902357,0.0,-0.02356902356902357,0.0,0.04377104377104377
gtd,0.0,0.0,0.0,0.02356902356902357,0.0,0.02356902356902357,-0.026936026936026935
Schulze,-0.02356902356902357,-0.02356902356902357,-0.02356902356902357,0.0,-0.02356902356902357,0.0,0.04377104377104377
IRV,0.026936026936026935,0.026936026936026935,0.026936026936026935,-0.04377104377104377,0.026936026936026935,-0.04377104377104377,0.0
