,Borda,plurality,gt,minimax,gtd,Schulze,IRV
Borda,0.0,-0.042735042735042736,0.0,-0.042735042735042736,-0.042735042735042736,-0.042735042735042736,0.06552706552706553
plurality,0.042735042735042736,0.0,0.042735042735042736,0.0,0.0,0.0,-0.008547008547008548
gt,0.0,-0.042735042735042736,0.0,-0.042735042735042736,-0.042735042735042736,-0.042735042735042736,0.06552706552706553
minimax,0.042735042735042736,0.0,0.042735042735042736,0.0,0.0,0.0,-0.008547008547008548
gtd,0.042735042735042736,0.0,0.042735042735042736,0.0,0.0,0.0,-0.008547008547008548
Schulze,0.042735042735042736,0.0,0.042735042735042736,0.0,0.0,0.0,-0.008547008547008548
IRV,-0.06552706552706553,0.008547008547008548,-0.06552706552706553,0.008547008547008548,0.008547008547008548,0.008547008547008548,0.0
