,Borda,plurality,gt,minimax,gtd,Schulze,IRV
Borda,0.0,-0.005500550055005501,0.0,0.0011001100110011,0.0,0.0011001100110011,0.0011001100110011
plurality,0.005500550055005501,0.0,0.005500550055005501,-0.0121012101210121,0.005500550055005501,-0.0121012101210121,-0.0121012101210121
gt,0.0,-0.005500550055005501,0.0,0.0011001100110011,0.0,0.0011001100110011,0.0011001100110011
minimax,-0.0011001100110011,0.0121012101210121,-0.0011001100110011,0.0,-0.0011001100110011,0.0,0.0
gtd,0.0,-0.005500550055005501,0.0,0.0011001100110011,0.0,0.0011001100110011,0.0011001100110011
Schulze,-0.0011001100110011,0.0121012101210121,-0.0011001100110011,0.0,-0.0011001100110011,0.0,0.0
IRV,-0.0011001100110011,0.0121012101210121,-0.0011001100110011,0.0,-0.0011001100110011,0.0,0.0
