,Borda,plurality,gt,minimax,gtd,Schulze,IRV
Borda,0.0,0.0,0.0859375,-0.03515625,-0.03515625,-0.03515625,-0.03515625
plurality,0.0,0.0,0.0859375,-0.03515625,-0.03515625,-0.03515625,-0.03515625
gt,-0.0859375,-0.0859375,0.0,0.01171875,0.01171875,0.01171875,0.01171875
minimax,0.03515625,0.03515625,-0.01171875,0.0,0.0,0.0,0.0
gtd,0.03515625,0.03515625,-0.01171875,0.0,0.0,0.0,0.0
Schulze,0.03515625,0.03515625,-0.01171875,0.0,0.0,0.0,0.0
IRV,0.03515625,0.03515625,-0.01171875,0.0,0.0,0.0,0.0
