,Borda,plurality,gt,minimax,gtd,Schulze,IRV
Borda,0.0,-0.019027484143763214,-0.019027484143763214,-0.019027484143763214,-0.019027484143763214,-0.019027484143763214,0.04439746300211417
plurality,0.019027484143763214,0.0,0.0,0.0,0.0,0.0,-0.006342494714587738
gt,0.019027484143763214,0.0,0.0,0.0,0.0,0.0,-0.006342494714587738
minimax,0.019027484143763214,0.0,0.0,0.0,0.0,0.0,-0.006342494714587738
gtd,0.019027484143763214,0.0,0.0,0.0,0.0,0.0,-0.006342494714587738
Schulze,0.019027484143763214,0.0,0.0,0.0,0.0,0.0,-0.006342494714587738
IRV,-0.04439746300211417,0.006342494714587738,0.006342494714587738,0.006342494714587738,0.006342494714587738,0.006342494714587738,0.0
