,Borda,plurality,gt,minimax,gtd,Schulze,IRV
Borda,0.0,-0.013333333333333334,-0.034666666666666665,-0.034666666666666665,-0.013333333333333334,-0.034666666666666665,-0.013333333333333334
plurality,0.013333333333333334,0.0,0.0026666666666666666,0.0026666666666666666,0.0,0.0026666666666666666,0.0
gt,0.034666666666666665,-0.0026666666666666666,0.0,0.0,-0.0026666666666666666,0.0,-0.0026666666666666666
minimax,0.034666666666666665,-0.0026666666666666666,0.0,0.0,-0.0026666666666666666,0.0,-0.0026666666666666666
gtd,0.013333333333333334,0.0,0.0026666666666666666,0.0026666666666666666,0.0,0.0026666666666666666,0.0
Schulze,0.034666666666666665,-0.0026666666666666666,0.0,0.0,-0.0026666666666666666,0.0,-0.0026666666666666666
IRV,0.013333333333333334,0.0,0.0026666666666666666,0.0026666666666666666,0.0,0.0026666666666666666,0.0
