,Borda,plurality,gt,minimax,gtd,Schulze,IRV
Borda,0.0,-0.008733624454148471,0.0,0.0,-0.008733624454148471,0.0,-0.008733624454148471
plurality,0.008733624454148471,0.0,0.008733624454148471,0.008733624454148471,0.0,0.008733624454148471,0.0
gt,0.0,-0.008733624454148471,0.0,0.0,-0.008733624454148471,0.0,-0.008733624454148471
minimax,0.0,-0.008733624454148471,0.0,0.0,-0.008733624454148471,0.0,-0.008733624454148471
gtd,0.008733624454148471,0.0,0.008733624454148471,0.008733624454148471,0.0,0.008733624454148471,0.0
Schulze,0.0,-0.008733624454148471,0.0,0.0,-0.008733624454148471,0.0,-0.008733624454148471
IRV,0.008733624454148471,0.0,0.008733624454148471,0.008733624454148471,0.0,0.008733624454148471,0.0
