,Borda,plurality,gt,minimax,gtd,Schulze,IRV
Borda,0.0,0.0029498525073746312,0.0,0.0029498525073746312,0.0,0.0029498525073746312,0.0
plurality,-0.0029498525073746312,0.0,-0.0029498525073746312,0.0,-0.0029498525073746312,0.0,-0.0029498525073746312
gt,0.0,0.0029498525073746312,0.0,0.0029498525073746312,0.0,0.0029498525073746312,0.0
minimax,-0.0029498525073746312,0.0,-0.0029498525073746312,0.0,-0.0029498525073746312,0.0,-0.0029498525073746312
gtd,0.0,0.0029498525073746312,0.0,0.0029498525073746312,0.0,0.0029498525073746312,0.0
Schulze,-0.0029498525073746312,0.0,-0.0029498525073746312,0.0,-0.0029498525073746312,0.0,-0.0029498525073746312
IRV,0.0,0.0029498525073746312,0.0,0.0029498525073746312,0.0,0.0029498525073746312,0.0
