,Borda,plurality,gt,minimax,gtd,Schulze,IRV
Borda,0.0,-0.05789473684210526,0.015789473684210527,0.015789473684210527,0.015789473684210527,0.015789473684210527,0.015789473684210527
plurality,0.05789473684210526,0.0,-0.031578947368421054,-0.031578947368421054,-0.031578947368421054,-0.031578947368421054,-0.031578947368421054
gt,-0.015789473684210527,0.031578947368421054,0.0,0.0,0.0,0.0,0.0
minimax,-0.015789473684210527,0.031578947368421054,0.0,0.0,0.0,0.0,0.0
gtd,-0.015789473684210527,0.031578947368421054,0.0,0.0,0.0,0.0,0.0
Schulze,-0.015789473684210527,0.031578947368421054,0.0,0.0,0.0,0.0,0.0
IRV,-0.015789473684210527,0.031578947368421054,0.0,0.0,0.0,0.0,0.0
