,Borda,plurality,gt,minimax,gtd,Schulze,IRV
Borda,0.0,0.0,-0.04509283819628647,-0.04509283819628647,-0.04509283819628647,-0.04509283819628647,-0.04509283819628647
plurality,0.0,0.0,-0.04509283819628647,-0.04509283819628647,-0.04509283819628647,-0.04509283819628647,-0.04509283819628647
gt,0.04509283819628647,0.04509283819628647,0.0,0.0,0.0,0.0,0.0
minimax,0.04509283819628647,0.04509283819628647,0.0,0.0,0.0,0.0,0.0
gtd,0.04509283819628647,0.04509283819628647,0.0,0.0,0.0,0.0,0.0
Schulze,0.04509283819628647,0.04509283819628647,0.0,0.0,0.0,0.0,0.0
IRV,0.04509283819628647,0.04509283819628647,0.0,0.0,0.0,0.0,0.0
