,Borda,plurality,gt,minimax,gtd,Schulze,IRV
Borda,0.0,-0.03910614525139665,0.0,-0.03910614525139665,0.027932960893854747,-0.03910614525139665,-0.03910614525139665
plurality,0.03910614525139665,0.0,0.03910614525139665,0.0,-0.0223463687150838,0.0,0.0
gt,0.0,-0.03910614525139665,0.0,-0.03910614525139665,0.027932960893854747,-0.03910614525139665,-0.03910614525139665
minimax,0.03910614525139665,0.0,0.03910614525139665,0.0,-0.0223463687150838,0.0,0.0
gtd,-0.027932960893854747,0.0223463687150838,-0.027932960893854747,0.0223463687150838,0.0,0.0223463687150838,0.0223463687150838
Schulze,0.03910614525139665,0.0,0.03910614525139665,0.0,-0.0223463687150838,0.0,0.0
IRV,0.03910614525139665,0.0,0.03910614525139665,0.0,-0.0223463687150838,0.0,0.0
