,Borda,plurality,gt,minimax,gtd,Schulze,IRV
Borda,0.0,0.0,-0.01837270341207349,-0.01837270341207349,-0.01837270341207349,-0.01837270341207349,0.0
plurality,0.0,0.0,-0.01837270341207349,-0.01837270341207349,-0.01837270341207349,-0.01837270341207349,0.0
gt,0.01837270341207349,0.01837270341207349,0.0,0.0,0.0,0.0,0.01837270341207349
minimax,0.01837270341207349,0.01837270341207349,0.0,0.0,0.0,0.0,0.01837270341207349
gtd,0.01837270341207349,0.01837270341207349,0.0,0.0,0.0,0.0,0.01837270341207349
Schulze,0.01837270341207349,0.01837270341207349,0.0,0.0,0.0,0.0,0.01837270341207349
IRV,0.0,0.0,-0.01837270341207349,-0.01837270341207349,-0.01837270341207349,-0.01837270341207349,0.0
