,Borda,plurality,gt,minimax,gtd,Schulze,IRV
Borda,0.0,0.03064066852367688,-0.002785515320334262,0.0,-0.002785515320334262,0.0,0.03064066852367688
plurality,-0.03064066852367688,0.0,0.025069637883008356,-0.03064066852367688,0.025069637883008356,-0.03064066852367688,0.0
gt,0.002785515320334262,-0.025069637883008356,0.0,0.002785515320334262,0.0,0.002785515320334262,-0.025069637883008356
minimax,0.0,0.03064066852367688,-0.002785515320334262,0.0,-0.002785515320334262,0.0,0.03064066852367688
gtd,0.002785515320334262,-0.025069637883008356,0.0,0.002785515320334262,0.0,0.002785515320334262,-0.025069637883008356
Schulze,0.0,0.03064066852367688,-0.002785515320334262,0.0,-0.002785515320334262,0.0,0.03064066852367688
IRV,-0.03064066852367688,0.0,0.025069637883008356,-0.03064066852367688,0.025069637883008356,-0.03064066852367688,0.0
