,Borda,plurality,gt,minimax,gtd,Schulze,IRV
Borda,0.0,0.052924791086350974,-0.008356545961002786,0.0,0.0,0.0,0.0
plurality,-0.052924791086350974,0.0,0.06406685236768803,-0.052924791086350974,-0.052924791086350974,-0.052924791086350974,-0.052924791086350974
gt,0.008356545961002786,-0.06406685236768803,0.0,0.008356545961002786,0.008356545961002786,0.008356545961002786,0.008356545961002786
minimax,0.0,0.052924791086350974,-0.008356545961002786,0.0,0.0,0.0,0.0
gtd,0.0,0.052924791086350974,-0.008356545961002786,0.0,0.0,0.0,0.0
Schulze,0.0,0.052924791086350974,-0.008356545961002786,0.0,0.0,0.0,0.0
IRV,0.0,0.052924791086350974,-0.008356545961002786,0.0,0.0,0.0,0.0
