,Borda,plurality,gt,minimax,gtd,Schulze,IRV
Borda,0.0,0.03153153153153153,0.0,0.03153153153153153,0.0,0.03153153153153153,0.0
plurality,-0.03153153153153153,0.0,-0.03153153153153153,0.0,-0.03153153153153153,0.0,-0.03153153153153153
gt,0.0,0.03153153153153153,0.0,0.03153153153153153,0.0,0.03153153153153153,0.0
minimax,-0.03153153153153153,0.0,-0.03153153153153153,0.0,-0.03153153153153153,0.0,-0.03153153153153153
gtd,0.0,0.03153153153153153,0.0,0.03153153153153153,0.0,0.03153153153153153,0.0
Schulze,-0.03153153153153153,0.0,-0.03153153153153153,0.0,-0.03153153153153153,0.0,-0.03153153153153153
IRV,0.0,0.03153153153153153,0.0,0.03153153153153153,0.0,0.03153153153153153,0.0
