,Borda,plurality,gt,minimax,gtd,Schulze,IRV
Borda,0.0,0.08636363636363636,-0.004545454545454545,0.0,-0.004545454545454545,0.0,0.0
plurality,-0.08636363636363636,0.0,0.04090909090909091,-0.08636363636363636,0.04090909090909091,-0.08636363636363636,-0.08636363636363636
gt,0.004545454545454545,-0.04090909090909091,0.0,0.004545454545454545,0.0,0.004545454545454545,0.004545454545454545
minimax,0.0,0.08636363636363636,-0.004545454545454545,0.0,-0.004545454545454545,0.0,0.0
gtd,0.004545454545454545,-0.04090909090909091,0.0,0.004545454545454545,0.0,0.004545454545454545,0.004545454545454545
Schulze,0.0,0.08636363636363636,-0.004545454545454545,0.0,-0.004545454545454545,0.0,0.0
IRV,0.0,0.08636363636363636,-0.004545454545454545,0.0,-0.004545454545454545,0.0,0.0
