,Borda,plurality,gt,minimax,gtd,Schulze,IRV
Borda,0.0,0.027472527472527472,-0.04395604395604396,0.027472527472527472,0.027472527472527472,0.027472527472527472,0.0
plurality,-0.027472527472527472,0.0,0.027472527472527472,0.0,0.0,0.0,-0.027472527472527472
gt,0.04395604395604396,-0.027472527472527472,0.0,-0.027472527472527472,-0.027472527472527472,-0.027472527472527472,0.04395604395604396
minimax,-0.027472527472527472,0.0,0.027472527472527472,0.0,0.0,0.0,-0.027472527472527472
gtd,-0.027472527472527472,0.0,0.027472527472527472,0.0,0.0,0.0,-0.027472527472527472
Schulze,-0.027472527472527472,0.0,0.027472527472527472,0.0,0.0,0.0,-0.027472527472527472
IRV,0.0,0.027472527472527472,-0.04395604395604396,0.027472527472527472,0.027472527472527472,0.027472527472527472,0.0
