,Borda,plurality,gt,minimax,gtd,Schulze,IRV
Borda,0.0,0.0,-0.034482758620689655,-0.034482758620689655,-0.034482758620689655,-0.034482758620689655,0.0
plurality,0.0,0.0,-0.034482758620689655,-0.034482758620689655,-0.034482758620689655,-0.034482758620689655,0.0
gt,0.034482758620689655,0.034482758620689655,0.0,0.0,0.0,0.0,0.034482758620689655
minimax,0.034482758620689655,0.034482758620689655,0.0,0.0,0.0,0.0,0.034482758620689655
gtd,0.034482758620689655,0.034482758620689655,0.0,0.0,0.0,0.0,0.034482758620689655
Schulze,0.034482758620689655,0.034482758620689655,0.0,0.0,0.0,0.0,0.034482758620689655
IRV,0.0,0.0,-0.034482758620689655,-0.034482758620689655,-0.034482758620689655,-0.034482758620689655,0.0
