,Borda,plurality,gt,minimax,gtd,Schulze,IRV
Borda,0.0,-0.013477088948787063,-0.013477088948787063,-0.013477088948787063,-0.013477088948787063,-0.013477088948787063,0.04582210242587601
plurality,0.013477088948787063,0.0,0.0,0.0,0.0,0.0,-0.0026954177897574125
gt,0.013477088948787063,0.0,0.0,0.0,0.0,0.0,-0.0026954177897574125
minimax,0.013477088948787063,0.0,0.0,0.0,0.0,0.0,-0.0026954177897574125
gtd,0.013477088948787063,0.0,0.0,0.0,0.0,0.0,-0.0026954177897574125
Schulze,0.013477088948787063,0.0,0.0,0.0,0.0,0.0,-0.0026954177897574125
IRV,-0.04582210242587601,0.0026954177897574125,0.0026954177897574125,0.0026954177897574125,0.0026954177897574125,0.0026954177897574125,0.0
