,Borda,plurality,gt,minimax,gtd,Schulze,IRV
Borda,0.0,-0.0330188679245283,-0.0330188679245283,-0.0330188679245283,0.02830188679245283,-0.0330188679245283,-0.0330188679245283
plurality,0.0330188679245283,0.0,0.0,0.0,-0.018867924528301886,0.0,0.0
gt,0.0330188679245283,0.0,0.0,0.0,-0.018867924528301886,0.0,0.0
minimax,0.0330188679245283,0.0,0.0,0.0,-0.018867924528301886,0.0,0.0
gtd,-0.02830188679245283,0.018867924528301886,0.018867924528301886,0.018867924528301886,0.0,0.018867924528301886,0.018867924528301886
Schulze,0.0330188679245283,0.0,0.0,0.0,-0.018867924528301886,0.0,0.0
IRV,0.0330188679245283,0.0,0.0,0.0,-0.018867924528301886,0.0,0.0
