,Borda,plurality,gt,minimax,gtd,Schulze,IRV
Borda,0.0,0.04932735426008968,-0.017937219730941704,0.0,0.0,0.0,0.0
plurality,-0.04932735426008968,0.0,0.07174887892376682,-0.04932735426008968,-0.04932735426008968,-0.04932735426008968,-0.04932735426008968
gt,0.017937219730941704,-0.07174887892376682,0.0,0.017937219730941704,0.017937219730941704,0.017937219730941704,0.017937219730941704
minimax,0.0,0.04932735426008968,-0.017937219730941704,0.0,0.0,0.0,0.0
gtd,0.0,0.04932735426008968,-0.017937219730941704,0.0,0.0,0.0,0.0
Schulze,0.0,0.04932735426008968,-0.017937219730941704,0.0,0.0,0.0,0.0
IRV,0.0,0.04932735426008968,-0.017937219730941704,0.0,0.0,0.0,0.0
