,Borda,plurality,gt,minimax,gtd,Schulze,IRV
Borda,0.0,-0.01092896174863388,0.0,0.0,0.0,0.0,-0.01092896174863388
plurality,0.01092896174863388,0.0,0.01092896174863388,0.01092896174863388,0.01092896174863388,0.01092896174863388,0.0
gt,0.0,-0.01092896174863388,0.0,0.0,0.0,0.0,-0.01092896174863388
minimax,0.0,-0.01092896174863388,0.0,0.0,0.0,0.0,-0.01092896174863388
gtd,0.0,-0.01092896174863388,0.0,0.0,0.0,0.0,-0.01092896174863388
Schulze,0.0,-0.01092896174863388,0.0,0.0,0.0,0.0,-0.01092896174863388
IRV,0.01092896174863388,0.0,0.01092896174863388,0.01092896174863388,0.01092896174863388,0.01092896174863388,0.0
