,Borda,plurality,gt,minimax,gtd,Schulze,IRV
Borda,0.0,0.011122345803842264,0.0,0.011122345803842264,0.011122345803842264,0.011122345803842264,0.011122345803842264
plurality,-0.011122345803842264,0.0,-0.011122345803842264,0.0,0.0,0.0,0.0
gt,0.0,0.011122345803842264,0.0,0.011122345803842264,0.011122345803842264,0.011122345803842264,0.011122345803842264
minimax,-0.011122345803842264,0.0,-0.011122345803842264,0.0,0.0,0.0,0.0
gtd,-0.011122345803842264,0.0,-0.011122345803842264,0.0,0.0,0.0,0.0
Schulze,-0.011122345803842264,0.0,-0.011122345803842264,0.0,0.0,0.0,0.0
IRV,-0.011122345803842264,0.0,-0.011122345803842264,0.0,0.0,0.0,0.0
