,Borda,plurality,gt,minimax,gtd,Schulze,IRV
Borda,0.0,0.04578313253012048,-0.007228915662650603,-0.007228915662650603,-0.007228915662650603,-0.007228915662650603,0.04578313253012048
plurality,-0.04578313253012048,0.0,0.0024096385542168677,0.0024096385542168677,0.0024096385542168677,0.0024096385542168677,0.0
gt,0.007228915662650603,-0.0024096385542168677,0.0,0.0,0.0,0.0,-0.0024096385542168677
minimax,0.007228915662650603,-0.0024096385542168677,0.0,0.0,0.0,0.0,-0.0024096385542168677
gtd,0.007228915662650603,-0.0024096385542168677,0.0,0.0,0.0,0.0,-0.0024096385542168677
Schulze,0.007228915662650603,-0.0024096385542168677,0.0,0.0,0.0,0.0,-0.0024096385542168677
IRV,-0.04578313253012048,0.0,0.0024096385542168677,0.0024096385542168677,0.0024096385542168677,0.0024096385542168677,0.0
