,Borda,plurality,gt,minimax,gtd,Schulze,IRV
Borda,0.0,0.13505747126436782,0.0,0.0,0.0,0.0,0.0
plurality,-0.13505747126436782,0.0,-0.10919540229885058,-0.13505747126436782,-0.10919540229885058,-0.13505747126436782,-0.13505747126436782
gt,0.0,0.10919540229885058,0.0,0.0,0.0,0.0,0.0
minimax,0.0,0.13505747126436782,0.0,0.0,0.0,0.0,0.0
gtd,0.0,0.10919540229885058,0.0,0.0,0.0,0.0,0.0
Schulze,0.0,0.13505747126436782,0.0,0.0,0.0,0.0,0.0
IRV,0.0,0.13505747126436782,0.0,0.0,0.0,0.0,0.0
