,Borda,plurality,gt,minimax,gtd,Schulze,IRV
Borda,0.0,-0.0625,0.09895833333333333,-0.0625,-0.0625,-0.0625,0.09895833333333333
plurality,0.0625,0.0,0.0,0.0,0.0,0.0,0.0
gt,-0.09895833333333333,0.0,0.0,0.0,0.0,0.0,0.0
minimax,0.0625,0.0,0.0,0.0,0.0,0.0,0.0
gtd,0.0625,0.0,0.0,0.0,0.0,0.0,0.0
Schulze,0.0625,0.0,0.0,0.0,0.0,0.0,0.0
IRV,-0.09895833333333333,0.0,0.0,0.0,0.0,0.0,0.0
