,Borda,plurality,gt,minimax,gtd,Schulze,IRV
Borda,0.0,-0.030425963488843813,-0.030425963488843813,0.0,-0.030425963488843813,0.0,-0.030425963488843813
plurality,0.030425963488843813,0.0,0.0,0.030425963488843813,0.0,0.030425963488843813,0.0
gt,0.030425963488843813,0.0,0.0,0.030425963488843813,0.0,0.030425963488843813,0.0
minimax,0.0,-0.030425963488843813,-0.030425963488843813,0.0,-0.030425963488843813,0.0,-0.030425963488843813
gtd,0.030425963488843813,0.0,0.0,0.030425963488843813,0.0,0.030425963488843813,0.0
Schulze,0.0,-0.030425963488843813,-0.030425963488843813,0.0,-0.030425963488843813,0.0,-0.030425963488843813
IRV,0.030425963488843813,0.0,0.0,0.030425963488843813,0.0,0.030425963488843813,0.0
