,Borda,plurality,gt,minimax,gtd,Schulze,IRV
Borda,0.0,0.044096728307254626,-0.05263157894736842,-0.05263157894736842,0.044096728307254626,-0.05263157894736842,0.0
plurality,-0.044096728307254626,0.0,0.02418207681365576,0.02418207681365576,0.0,0.02418207681365576,-0.044096728307254626
gt,0.05263157894736842,-0.02418207681365576,0.0,0.0,-0.02418207681365576,0.0,0.05263157894736842
minimax,0.05263157894736842,-0.02418207681365576,0.0,0.0,-0.02418207681365576,0.0,0.05263157894736842
gtd,-0.044096728307254626,0.0,0.02418207681365576,0.02418207681365576,0.0,0.02418207681365576,-0.044096728307254626
Schulze,0.05263157894736842,-0.02418207681365576,0.0,0.0,-0.02418207681365576,0.0,0.05263157894736842
IRV,0.0,0.044096728307254626,-0.05263157894736842,-0.05263157894736842,0.044096728307254626,-0.05263157894736842,0.0
