,Borda,plurality,gt,minimax,gtd,Schulze,IRV
Borda,0.0,-0.03314917127071823,0.03867403314917127,0.027624309392265192,0.0,0.0,0.027624309392265192
plurality,0.03314917127071823,0.0,-0.049723756906077346,0.0,0.03314917127071823,0.03314917127071823,0.0
gt,-0.03867403314917127,0.049723756906077346,0.0,0.0055248618784530384,-0.03867403314917127,-0.03867403314917127,0.0055248618784530384
minimax,-0.027624309392265192,0.0,-0.0055248618784530384,0.0,-0.027624309392265192,-0.027624309392265192,0.0
gtd,0.0,-0.03314917127071823,0.03867403314917127,0.027624309392265192,0.0,0.0,0.027624309392265192
Schulze,0.0,-0.03314917127071823,0.03867403314917127,0.027624309392265192,0.0,0.0,0.027624309392265192
IRV,-0.027624309392265192,0.0,-0.0055248618784530384,0.0,-0.027624309392265192,-0.027624309392265192,0.0
