,Borda,plurality,gt,minimax,gtd,Schulze,IRV
Borda,0.0,0.010752688172043012,0.0,0.010752688172043012,0.0,0.010752688172043012,0.0
plurality,-0.010752688172043012,0.0,-0.010752688172043012,0.0,-0.010752688172043012,0.0,-0.010752688172043012
gt,0.0,0.010752688172043012,0.0,0.010752688172043012,0.0,0.010752688172043012,0.0
minimax,-0.010752688172043012,0.0,-0.010752688172043012,0.0,-0.010752688172043012,0.0,-0.010752688172043012
gtd,0.0,0.010752688172043012,0.0,0.010752688172043012,0.0,0.010752688172043012,0.0
Schulze,-0.010752688172043012,0.0,-0.010752688172043012,0.0,-0.010752688172043012,0.0,-0.010752688172043012
IRV,0.0,0.010752688172043012,0.0,0.010752688172043012,0.0,0.010752688172043012,0.0
