,Borda,plurality,gt,minimax,gtd,Schulze,IRV
Borda,0.0,-0.02702702702702703,0.031185031185031187,-0.02702702702702703,-0.02702702702702703,-0.02702702702702703,-0.02702702702702703
plurality,0.02702702702702703,0.0,-0.006237006237006237,0.0,0.0,0.0,0.0
gt,-0.031185031185031187,0.006237006237006237,0.0,0.006237006237006237,0.006237006237006237,0.006237006237006237,0.006237006237006237
minimax,0.02702702702702703,0.0,-0.006237006237006237,0.0,0.0,0.0,0.0
gtd,0.02702702702702703,0.0,-0.006237006237006237,0.0,0.0,0.0,0.0
Schulze,0.02702702702702703,0.0,-0.006237006237006237,0.0,0.0,0.0,0.0
IRV,0.02702702702702703,0.0,-0.006237006237006237,0.0,0.0,0.0,0.0
