,Borda,plurality,gt,minimax,gtd,Schulze,IRV
Borda,0.0,-0.02650602409638554,0.04578313253012048,-0.02650602409638554,-0.02650602409638554,-0.02650602409638554,0.04578313253012048
plurality,0.02650602409638554,0.0,-0.016867469879518072,0.0,0.0,0.0,-0.016867469879518072
gt,-0.04578313253012048,0.016867469879518072,0.0,0.016867469879518072,0.016867469879518072,0.016867469879518072,0.0
minimax,0.02650602409638554,0.0,-0.016867469879518072,0.0,0.0,0.0,-0.016867469879518072
gtd,0.02650602409638554,0.0,-0.016867469879518072,0.0,0.0,0.0,-0.016867469879518072
Schulze,0.02650602409638554,0.0,-0.016867469879518072,0.0,0.0,0.0,-0.016867469879518072
IRV,-0.04578313253012048,0.016867469879518072,0.0,0.016867469879518072,0.016867469879518072,0.016867469879518072,0.0
