,Borda,plurality,gt,minimax,gtd,Schulze,IRV
Borda,0.0,0.018666666666666668,-0.013333333333333334,0.0,0.0,0.0,0.0
plurality,-0.018666666666666668,0.0,0.034666666666666665,-0.018666666666666668,-0.018666666666666668,-0.018666666666666668,-0.018666666666666668
gt,0.013333333333333334,-0.034666666666666665,0.0,0.013333333333333334,0.013333333333333334,0.013333333333333334,0.013333333333333334
minimax,0.0,0.018666666666666668,-0.013333333333333334,0.0,0.0,0.0,0.0
gtd,0.0,0.018666666666666668,-0.013333333333333334,0.0,0.0,0.0,0.0
Schulze,0.0,0.018666666666666668,-0.013333333333333334,0.0,0.0,0.0,0.0
IRV,0.0,0.018666666666666668,-0.013333333333333334,0.0,0.0,0.0,0.0
