,Borda,plurality,gt,minimax,gtd,Schulze,IRV
Borda,0.0,-0.013100436681222707,0.0,0.0,0.0,0.0,0.0
plurality,0.013100436681222707,0.0,0.013100436681222707,-0.017467248908296942,-0.017467248908296942,-0.017467248908296942,-0.017467248908296942
gt,0.0,-0.013100436681222707,0.0,0.0,0.0,0.0,0.0
minimax,0.0,0.017467248908296942,0.0,0.0,0.0,0.0,0.0
gtd,0.0,0.017467248908296942,0.0,0.0,0.0,0.0,0.0
Schulze,0.0,0.017467248908296942,0.0,0.0,0.0,0.0,0.0
IRV,0.0,0.017467248908296942,0.0,0.0,0.0,0.0,0.0
