,Borda,plurality,gt,minimax,gtd,Schulze,IRV
Borda,0.0,0.023872679045092837,-0.013262599469496022,0.0,0.0,0.0,0.023872679045092837
plurality,-0.023872679045092837,0.0,0.029177718832891247,-0.023872679045092837,-0.023872679045092837,-0.023872679045092837,0.0
gt,0.013262599469496022,-0.029177718832891247,0.0,0.013262599469496022,0.013262599469496022,0.013262599469496022,-0.029177718832891247
minimax,0.0,0.023872679045092837,-0.013262599469496022,0.0,0.0,0.0,0.023872679045092837
gtd,0.0,0.023872679045092837,-0.013262599469496022,0.0,0.0,0.0,0.023872679045092837
Schulze,0.0,0.023872679045092837,-0.013262599469496022,0.0,0.0,0.0,0.023872679045092837
IRV,-0.023872679045092837,0.0,0.029177718832891247,-0.023872679045092837,-0.023872679045092837,-0.023872679045092837,0.0
