,Borda,plurality,gt,minimax,gtd,Schulze,IRV
Borda,0.0,-0.03065134099616858,0.019157088122605363,-0.03065134099616858,0.019157088122605363,-0.03065134099616858,-0.03065134099616858
plurality,0.03065134099616858,0.0,-0.0038314176245210726,0.0,-0.0038314176245210726,0.0,0.0
gt,-0.019157088122605363,0.0038314176245210726,0.0,0.0038314176245210726,0.0,0.0038314176245210726,0.0038314176245210726
minimax,0.03065134099616858,0.0,-0.0038314176245210726,0.0,-0.0038314176245210726,0.0,0.0
gtd,-0.019157088122605363,0.0038314176245210726,0.0,0.0038314176245210726,0.0,0.0038314176245210726,0.0038314176245210726
Schulze,0.03065134099616858,0.0,-0.0038314176245210726,0.0,-0.0038314176245210726,0.0,0.0
IRV,0.03065134099616858,0.0,-0.0038314176245210726,0.0,-0.0038314176245210726,0.0,0.0
