,Borda,plurality,gt,minimax,gtd,Schulze,IRV
Borda,0.0,0.02832244008714597,0.02832244008714597,-0.010893246187363835,-0.010893246187363835,-0.010893246187363835,0.02832244008714597
plurality,-0.02832244008714597,0.0,0.0,0.002178649237472767,0.002178649237472767,0.002178649237472767,0.0
gt,-0.02832244008714597,0.0,0.0,0.002178649237472767,0.002178649237472767,0.002178649237472767,0.0
minimax,0.010893246187363835,-0.002178649237472767,-0.002178649237472767,0.0,0.0,0.0,-0.002178649237472767
gtd,0.010893246187363835,-0.002178649237472767,-0.002178649237472767,0.0,0.0,0.0,-0.002178649237472767
Schulze,0.010893246187363835,-0.002178649237472767,-0.002178649237472767,0.0,0.0,0.0,-0.002178649237472767
IRV,-0.02832244008714597,0.0,0.0,0.002178649237472767,0.002178649237472767,0.002178649237472767,0.0
