,Borda,plurality,gt,minimax,gtd,Schulze,IRV
Borda,0.0,-0.00904977375565611,0.04524886877828054,0.0,-0.00904977375565611,0.0,-0.00904977375565611
plurality,0.00904977375565611,0.0,-0.01809954751131222,0.00904977375565611,0.0,0.00904977375565611,0.0
gt,-0.04524886877828054,0.01809954751131222,0.0,-0.04524886877828054,0.01809954751131222,-0.04524886877828054,0.01809954751131222
minimax,0.0,-0.00904977375565611,0.04524886877828054,0.0,-0.00904977375565611,0.0,-0.00904977375565611
gtd,0.00904977375565611,0.0,-0.01809954751131222,0.00904977375565611,0.0,0.00904977375565611,0.0
Schulze,0.0,-0.00904977375565611,0.04524886877828054,0.0,-0.00904977375565611,0.0,-0.00904977375565611
IRV,0.00904977375565611,0.0,-0.01809954751131222,0.00904977375565611,0.0,0.00904977375565611,0.0
