,Borda,plurality,gt,minimax,gtd,Schulze,IRV
Borda,0.0,-0.056768558951965066,0.0,0.0,0.0,0.0,-0.056768558951965066
plurality,0.056768558951965066,0.0,-0.034934497816593885,-0.034934497816593885,-0.034934497816593885,-0.034934497816593885,0.0
gt,0.0,0.034934497816593885,0.0,0.0,0.0,0.0,0.034934497816593885
minimax,0.0,0.034934497816593885,0.0,0.0,0.0,0.0,0.034934497816593885
gtd,0.0,0.034934497816593885,0.0,0.0,0.0,0.0,0.034934497816593885
Schulze,0.0,0.034934497816593885,0.0,0.0,0.0,0.0,0.034934497816593885
IRV,0.056768558951965066,0.0,-0.034934497816593885,-0.034934497816593885,-0.034934497816593885,-0.034934497816593885,0.0
