,Borda,plurality,gt,minimax,gtd,Schulze,IRV
Borda,0.0,-0.01026694045174538,0.014373716632443531,0.0,0.0,0.0,0.014373716632443531
plurality,0.01026694045174538,0.0,-0.039014373716632446,0.01026694045174538,0.01026694045174538,0.01026694045174538,-0.039014373716632446
gt,-0.014373716632443531,0.039014373716632446,0.0,-0.014373716632443531,-0.014373716632443531,-0.014373716632443531,0.0
minimax,0.0,-0.01026694045174538,0.014373716632443531,0.0,0.0,0.0,0.014373716632443531
gtd,0.0,-0.01026694045174538,0.014373716632443531,0.0,0.0,0.0,0.014373716632443531
Schulze,0.0,-0.01026694045174538,0.014373716632443531,0.0,0.0,0.0,0.014373716632443531
IRV,-0.014373716632443531,0.039014373716632446,0.0,-0.014373716632443531,-0.014373716632443531,-0.014373716632443531,0.0
