,Borda,plurality,gt,minimax,gtd,Schulze,IRV
Borda,0.0,0.1134020618556701,-0.005154639175257732,0.0,0.0,0.0,0.0
plurality,-0.1134020618556701,0.0,-0.02577319587628866,-0.1134020618556701,-0.1134020618556701,-0.1134020618556701,-0.1134020618556701
gt,0.005154639175257732,0.02577319587628866,0.0,0.005154639175257732,0.005154639175257732,0.005154639175257732,0.005154639175257732
minimax,0.0,0.1134020618556701,-0.005154639175257732,0.0,0.0,0.0,0.0
gtd,0.0,0.1134020618556701,-0.005154639175257732,0.0,0.0,0.0,0.0
Schulze,0.0,0.1134020618556701,-0.005154639175257732,0.0,0.0,0.0,0.0
IRV,0.0,0.1134020618556701,-0.005154639175257732,0.0,0.0,0.0,0.0
