,Borda,plurality,gt,minimax,gtd,Schulze,IRV
Borda,0.0,-0.01990049751243781,-0.01990049751243781,-0.01990049751243781,-0.01990049751243781,-0.01990049751243781,0.08955223880597014
plurality,0.01990049751243781,0.0,0.0,0.0,0.0,0.0,-0.004975124378109453
gt,0.01990049751243781,0.0,0.0,0.0,0.0,0.0,-0.004975124378109453
minimax,0.01990049751243781,0.0,0.0,0.0,0.0,0.0,-0.004975124378109453
gtd,0.01990049751243781,0.0,0.0,0.0,0.0,0.0,-0.004975124378109453
Schulze,0.01990049751243781,0.0,0.0,0.0,0.0,0.0,-0.004975124378109453
IRV,-0.08955223880597014,0.004975124378109453,0.004975124378109453,0.004975124378109453,0.004975124378109453,0.004975124378109453,0.0
