,Borda,plurality,gt,minimax,gtd,Schulze,IRV
Borda,0.0,0.06442577030812324,0.0,0.0,-0.014005602240896359,0.0,0.06442577030812324
plurality,-0.06442577030812324,0.0,-0.06442577030812324,-0.06442577030812324,0.03081232492997199,-0.06442577030812324,0.0
gt,0.0,0.06442577030812324,0.0,0.0,-0.014005602240896359,0.0,0.06442577030812324
minimax,0.0,0.06442577030812324,0.0,0.0,-0.014005602240896359,0.0,0.06442577030812324
gtd,0.014005602240896359,-0.03081232492997199,0.014005602240896359,0.014005602240896359,0.0,0.014005602240896359,-0.03081232492997199
Schulze,0.0,0.06442577030812324,0.0,0.0,-0.014005602240896359,0.0,0.06442577030812324
IRV,-0.06442577030812324,0.0,-0.06442577030812324,-0.06442577030812324,0.03081232492997199,-0.06442577030812324,0.0
