,Borda,plurality,gt,minimax,gtd,Schulze,IRV
Borda,0.0,0.07344632768361582,0.0,0.0,0.0,0.0,0.07344632768361582
plurality,-0.07344632768361582,0.0,-0.07344632768361582,-0.07344632768361582,-0.07344632768361582,-0.07344632768361582,0.0
gt,0.0,0.07344632768361582,0.0,0.0,0.0,0.0,0.07344632768361582
minimax,0.0,0.07344632768361582,0.0,0.0,0.0,0.0,0.07344632768361582
gtd,0.0,0.07344632768361582,0.0,0.0,0.0,0.0,0.07344632768361582
Schulze,0.0,0.07344632768361582,0.0,0.0,0.0,0.0,0.07344632768361582
IRV,-0.07344632768361582,0.0,-0.07344632768361582,-0.07344632768361582,-0.07344632768361582,-0.07344632768361582,0.0
