,Borda,plurality,gt,minimax,gtd,Schulze,IRV
Borda,0.0,-0.017045454545454544,0.125,-0.017045454545454544,-0.017045454545454544,-0.017045454545454544,0.125
plurality,0.017045454545454544,0.0,0.0,0.0,0.0,0.0,0.0
gt,-0.125,0.0,0.0,0.0,0.0,0.0,0.0
minimax,0.017045454545454544,0.0,0.0,0.0,0.0,0.0,0.0
gtd,0.017045454545454544,0.0,0.0,0.0,0.0,0.0,0.0
Schulze,0.017045454545454544,0.0,0.0,0.0,0.0,0.0,0.0
IRV,-0.125,0.0,0.0,0.0,0.0,0.0,0.0
