,Borda,plurality,gt,minimax,gtd,Schulze,IRV
Borda,0.0,0.05672609400324149,0.0,-0.03403565640194489,-0.03403565640194489,-0.03403565640194489,0.0
plurality,-0.05672609400324149,0.0,-0.05672609400324149,0.008103727714748784,0.008103727714748784,0.008103727714748784,-0.05672609400324149
gt,0.0,0.05672609400324149,0.0,-0.03403565640194489,-0.03403565640194489,-0.03403565640194489,0.0
minimax,0.03403565640194489,-0.008103727714748784,0.03403565640194489,0.0,0.0,0.0,0.03403565640194489
gtd,0.03403565640194489,-0.008103727714748784,0.03403565640194489,0.0,0.0,0.0,0.03403565640194489
Schulze,0.03403565640194489,-0.008103727714748784,0.03403565640194489,0.0,0.0,0.0,0.03403565640194489
IRV,0.0,0.05672609400324149,0.0,-0.03403565640194489,-0.03403565640194489,-0.03403565640194489,0.0
