,Borda,plurality,gt,minimax,gtd,Schulze,IRV
Borda,0.0,-0.005154639175257732,0.0,0.0,-0.005154639175257732,0.0,0.05670103092783505
plurality,0.005154639175257732,0.0,0.005154639175257732,0.005154639175257732,0.0,0.005154639175257732,-0.041237113402061855
gt,0.0,-0.005154639175257732,0.0,0.0,-0.005154639175257732,0.0,0.05670103092783505
minimax,0.0,-0.005154639175257732,0.0,0.0,-0.005154639175257732,0.0,0.05670103092783505
gtd,0.005154639175257732,0.0,0.005154639175257732,0.005154639175257732,0.0,0.005154639175257732,-0.041237113402061855
Schulze,0.0,-0.005154639175257732,0.0,0.0,-0.005154639175257732,0.0,0.05670103092783505
IRV,-0.05670103092783505,0.041237113402061855,-0.05670103092783505,-0.05670103092783505,0.041237113402061855,-0.05670103092783505,0.0
