,Borda,plurality,gt,minimax,gtd,Schulze,IRV
Borda,0.0,0.04390243902439024,0.0,0.0,0.0,0.0,0.04390243902439024
plurality,-0.04390243902439024,0.0,0.024390243902439025,-0.04390243902439024,-0.04390243902439024,-0.04390243902439024,0.0
gt,0.0,-0.024390243902439025,0.0,0.0,0.0,0.0,-0.024390243902439025
minimax,0.0,0.04390243902439024,0.0,0.0,0.0,0.0,0.04390243902439024
gtd,0.0,0.04390243902439024,0.0,0.0,0.0,0.0,0.04390243902439024
Schulze,0.0,0.04390243902439024,0.0,0.0,0.0,0.0,0.04390243902439024
IRV,-0.04390243902439024,0.0,0.024390243902439025,-0.04390243902439024,-0.04390243902439024,-0.04390243902439024,0.0
