,Borda,plurality,gt,minimax,gtd,Schulze,IRV
Borda,0.0,0.04522613065326633,0.0,0.0,0.0,0.0,0.0
plurality,-0.04522613065326633,0.0,-0.04522613065326633,-0.04522613065326633,-0.05025125628140704,-0.04522613065326633,-0.04522613065326633
gt,0.0,0.04522613065326633,0.0,0.0,0.0,0.0,0.0
minimax,0.0,0.04522613065326633,0.0,0.0,0.0,0.0,0.0
gtd,0.0,0.05025125628140704,0.0,0.0,0.0,0.0,0.0
Schulze,0.0,0.04522613065326633,0.0,0.0,0.0,0.0,0.0
IRV,0.0,0.04522613065326633,0.0,0.0,0.0,0.0,0.0
