,Borda,plurality,gt,minimax,gtd,Schulze,IRV
Borda,0.0,-0.055408970976253295,-0.055408970976253295,-0.055408970976253295,-0.055408970976253295,-0.055408970976253295,0.09762532981530343
plurality,0.055408970976253295,0.0,0.0,0.0,0.0,0.0,-0.029023746701846966
gt,0.055408970976253295,0.0,0.0,0.0,0.0,0.0,-0.029023746701846966
minimax,0.055408970976253295,0.0,0.0,0.0,0.0,0.0,-0.029023746701846966
gtd,0.055408970976253295,0.0,0.0,0.0,0.0,0.0,-0.029023746701846966
Schulze,0.055408970976253295,0.0,0.0,0.0,0.0,0.0,-0.029023746701846966
IRV,-0.09762532981530343,0.029023746701846966,0.029023746701846966,0.029023746701846966,0.029023746701846966,0.029023746701846966,0.0
