,Borda,plurality,gt,minimax,gtd,Schulze,IRV
Borda,0.0,-0.025210084033613446,0.03081232492997199,0.0,0.0,0.0,0.03081232492997199
plurality,0.025210084033613446,0.0,-0.08123249299719888,0.025210084033613446,0.025210084033613446,0.025210084033613446,-0.08123249299719888
gt,-0.03081232492997199,0.08123249299719888,0.0,-0.03081232492997199,-0.03081232492997199,-0.03081232492997199,0.0
minimax,0.0,-0.025210084033613446,0.03081232492997199,0.0,0.0,0.0,0.03081232492997199
gtd,0.0,-0.025210084033613446,0.03081232492997199,0.0,0.0,0.0,0.03081232492997199
Schulze,0.0,-0.025210084033613446,0.03081232492997199,0.0,0.0,0.0,0.03081232492997199
IRV,-0.03081232492997199,0.08123249299719888,0.0,-0.03081232492997199,-0.03081232492997199,-0.03081232492997199,0.0
