,Borda,plurality,gt,minimax,gtd,Schulze,IRV
Borda,0.0,-0.00631578947368421,-0.00631578947368421,-0.00631578947368421,-0.00631578947368421,-0.00631578947368421,0.07368421052631578
plurality,0.00631578947368421,0.0,0.0,0.0,0.0,0.0,-0.00631578947368421
gt,0.00631578947368421,0.0,0.0,0.0,0.0,0.0,-0.00631578947368421
minimax,0.00631578947368421,0.0,0.0,0.0,0.0,0.0,-0.00631578947368421
gtd,0.00631578947368421,0.0,0.0,0.0,0.0,0.0,-0.00631578947368421
Schulze,0.00631578947368421,0.0,0.0,0.0,0.0,0.0,-0.00631578947368421
IRV,-0.07368421052631578,0.00631578947368421,0.00631578947368421,0.00631578947368421,0.00631578947368421,0.00631578947368421,0.0
