,Borda,plurality,gt,minimax,gtd,Schulze,IRV
Borda,0.0,-0.012468827930174564,-0.012468827930174564,-0.012468827930174564,-0.012468827930174564,-0.012468827930174564,0.16708229426433915
plurality,0.012468827930174564,0.0,0.0,0.0,0.0,0.0,-0.012468827930174564
gt,0.012468827930174564,0.0,0.0,0.0,0.0,0.0,-0.012468827930174564
minimax,0.012468827930174564,0.0,0.0,0.0,0.0,0.0,-0.012468827930174564
gtd,0.012468827930174564,0.0,0.0,0.0,0.0,0.0,-0.012468827930174564
Schulze,0.012468827930174564,0.0,0.0,0.0,0.0,0.0,-0.012468827930174564
IRV,-0.16708229426433915,0.012468827930174564,0.012468827930174564,0.012468827930174564,0.012468827930174564,0.012468827930174564,0.0
