,Borda,plurality,gt,minimax,gtd,Schulze,IRV
Borda,0.0,0.0,-0.008025682182985553,0.0016051364365971107,0.0,0.0,-0.008025682182985553
plurality,0.0,0.0,-0.008025682182985553,0.0016051364365971107,0.0,0.0,-0.008025682182985553
gt,0.008025682182985553,0.008025682182985553,0.0,-0.0016051364365971107,0.008025682182985553,0.008025682182985553,0.0
minimax,-0.0016051364365971107,-0.0016051364365971107,0.0016051364365971107,0.0,-0.0016051364365971107,-0.0016051364365971107,0.0016051364365971107
gtd,0.0,0.0,-0.008025682182985553,0.0016051364365971107,0.0,0.0,-0.008025682182985553
Schulze,0.0,0.0,-0.008025682182985553,0.0016051364365971107,0.0,0.0,-0.008025682182985553
IRV,0.008025682182985553,0.008025682182985553,0.0,-0.0016051364365971107,0.008025682182985553,0.008025682182985553,0.0
