,Borda,plurality,gt,minimax,gtd,Schulze,IRV
Borda,0.0,-0.03747534516765286,0.0,-0.03747534516765286,-0.03747534516765286,-0.03747534516765286,-0.03747534516765286
plurality,0.03747534516765286,0.0,0.03747534516765286,0.0,0.0,0.0,0.0
gt,0.0,-0.03747534516765286,0.0,-0.03747534516765286,-0.03747534516765286,-0.03747534516765286,-0.03747534516765286
minimax,0.03747534516765286,0.0,0.03747534516765286,0.0,0.0,0.0,0.0
gtd,0.03747534516765286,0.0,0.03747534516765286,0.0,0.0,0.0,0.0
Schulze,0.03747534516765286,0.0,0.03747534516765286,0.0,0.0,0.0,0.0
IRV,0.03747534516765286,0.0,0.03747534516765286,0.0,0.0,0.0,0.0
