,Borda,plurality,gt,minimax,gtd,Schulze,IRV
Borda,0.0,0.0425531914893617,-0.015957446808510637,0.0,0.0,0.0,0.0
plurality,-0.0425531914893617,0.0,0.07446808510638298,-0.0425531914893617,-0.0425531914893617,-0.0425531914893617,-0.0425531914893617
gt,0.015957446808510637,-0.07446808510638298,0.0,0.015957446808510637,0.015957446808510637,0.015957446808510637,0.015957446808510637
minimax,0.0,0.0425531914893617,-0.015957446808510637,0.0,0.0,0.0,0.0
gtd,0.0,0.0425531914893617,-0.015957446808510637,0.0,0.0,0.0,0.0
Schulze,0.0,0.0425531914893617,-0.015957446808510637,0.0,0.0,0.0,0.0
IRV,0.0,0.0425531914893617,-0.015957446808510637,0.0,0.0,0.0,0.0
