,Borda,plurality,gt,minimax,gtd,Schulze,IRV
Borda,0.0,-0.0016313213703099511,-0.0016313213703099511,0.0,-0.0016313213703099511,0.0,0.0929853181076672
plurality,0.0016313213703099511,0.0,0.0,0.0016313213703099511,0.0,0.0016313213703099511,-0.0016313213703099511
gt,0.0016313213703099511,0.0,0.0,0.0016313213703099511,0.0,0.0016313213703099511,-0.0016313213703099511
minimax,0.0,-0.0016313213703099511,-0.0016313213703099511,0.0,-0.0016313213703099511,0.0,0.0929853181076672
gtd,0.0016313213703099511,0.0,0.0,0.0016313213703099511,0.0,0.0016313213703099511,-0.0016313213703099511
Schulze,0.0,-0.0016313213703099511,-0.0016313213703099511,0.0,-0.0016313213703099511,0.0,0.0929853181076672
IRV,-0.0929853181076672,0.0016313213703099511,0.0016313213703099511,-0.0929853181076672,0.0016313213703099511,-0.0929853181076672,0.0
