,Borda,plurality,gt,minimax,gtd,Schulze,IRV
Borda,0.0,0.0,0.05113636363636364,0.05113636363636364,0.0,0.05113636363636364,-0.05113636363636364
plurality,0.0,0.0,0.05113636363636364,0.05113636363636364,0.0,0.05113636363636364,-0.05113636363636364
gt,-0.05113636363636364,-0.05113636363636364,0.0,0.0,-0.05113636363636364,0.0,0.06818181818181818
minimax,-0.05113636363636364,-0.05113636363636364,0.0,0.0,-0.05113636363636364,0.0,0.06818181818181818
gtd,0.0,0.0,0.05113636363636364,0.05113636363636364,0.0,0.05113636363636364,-0.05113636363636364
Schulze,-0.05113636363636364,-0.05113636363636364,0.0,0.0,-0.05113636363636364,0.0,0.06818181818181818
IRV,0.05113636363636364,0.05113636363636364,-0.06818181818181818,-0.06818181818181818,0.05113636363636364,-0.06818181818181818,0.0
