,Borda,plurality,gt,minimax,gtd,Schulze,IRV
Borda,0.0,0.0,0.052083333333333336,0.0,-0.010416666666666666,0.0,0.0
plurality,0.0,0.0,0.052083333333333336,0.0,-0.010416666666666666,0.0,0.0
gt,-0.052083333333333336,-0.052083333333333336,0.0,-0.052083333333333336,0.020833333333333332,-0.052083333333333336,-0.052083333333333336
minimax,0.0,0.0,0.052083333333333336,0.0,-0.010416666666666666,0.0,0.0
gtd,0.010416666666666666,0.010416666666666666,-0.020833333333333332,0.010416666666666666,0.0,0.010416666666666666,0.010416666666666666
Schulze,0.0,0.0,0.052083333333333336,0.0,-0.010416666666666666,0.0,0.0
IRV,0.0,0.0,0.052083333333333336,0.0,-0.010416666666666666,0.0,0.0
