,Borda,plurality,gt,minimax,gtd,Schulze,IRV
Borda,0.0,-0.01026694045174538,0.0,0.0,0.0,0.0,-0.01026694045174538
plurality,0.01026694045174538,0.0,0.01026694045174538,0.01026694045174538,0.01026694045174538,0.01026694045174538,0.0
gt,0.0,-0.01026694045174538,0.0,0.0,0.0,0.0,-0.01026694045174538
minimax,0.0,-0.01026694045174538,0.0,0.0,0.0,0.0,-0.01026694045174538
gtd,0.0,-0.01026694045174538,0.0,0.0,0.0,0.0,-0.01026694045174538
Schulze,0.0,-0.01026694045174538,0.0,0.0,0.0,0.0,-0.01026694045174538
IRV,0.01026694045174538,0.0,0.01026694045174538,0.01026694045174538,0.01026694045174538,0.01026694045174538,0.0
