,Borda,plurality,gt,minimax,gtd,Schulze,IRV
Borda,0.0,-0.004291845493562232,-0.004291845493562232,-0.004291845493562232,-0.004291845493562232,-0.004291845493562232,0.05150214592274678
plurality,0.004291845493562232,0.0,0.0,0.0,0.0,0.0,0.0
gt,0.004291845493562232,0.0,0.0,0.0,0.0,0.0,0.0
minimax,0.004291845493562232,0.0,0.0,0.0,0.0,0.0,0.0
gtd,0.004291845493562232,0.0,0.0,0.0,0.0,0.0,0.0
Schulze,0.004291845493562232,0.0,0.0,0.0,0.0,0.0,0.0
IRV,-0.05150214592274678,0.0,0.0,0.0,0.0,0.0,0.0
