,Borda,plurality,gt,minimax,gtd,Schulze,IRV
Borda,0.0,0.15681233933161953,-0.002570694087403599,0.0,-0.002570694087403599,0.0,0.07969151670951156
plurality,-0.15681233933161953,0.0,-0.12082262210796915,-0.15681233933161953,-0.12082262210796915,-0.15681233933161953,-0.08997429305912596
gt,0.002570694087403599,0.12082262210796915,0.0,0.002570694087403599,0.0,0.002570694087403599,-0.017994858611825194
minimax,0.0,0.15681233933161953,-0.002570694087403599,0.0,-0.002570694087403599,0.0,0.07969151670951156
gtd,0.002570694087403599,0.12082262210796915,0.0,0.002570694087403599,0.0,0.002570694087403599,-0.017994858611825194
Schulze,0.0,0.15681233933161953,-0.002570694087403599,0.0,-0.002570694087403599,0.0,0.07969151670951156
IRV,-0.07969151670951156,0.08997429305912596,0.017994858611825194,-0.07969151670951156,0.017994858611825194,-0.07969151670951156,0.0
