,Borda,plurality,gt,minimax,gtd,Schulze,IRV
Borda,0.0,0.0,0.0,0.0,0.0,0.0,0.0043859649122807015
plurality,0.0,0.0,0.0,0.0,0.0,0.0,-0.043859649122807015
gt,0.0,0.0,0.0,0.0,0.0,0.0,0.0043859649122807015
minimax,0.0,0.0,0.0,0.0,0.0,0.0,0.0043859649122807015
gtd,0.0,0.0,0.0,0.0,0.0,0.0,0.0043859649122807015
Schulze,0.0,0.0,0.0,0.0,0.0,0.0,0.0043859649122807015
IRV,-0.0043859649122807015,0.043859649122807015,-0.0043859649122807015,-0.0043859649122807015,-0.0043859649122807015,-0.0043859649122807015,0.0
