,Borda,plurality,gt,minimax,gtd,Schulze,IRV
Borda,0.0,0.051194539249146756,0.0,0.0,-0.010238907849829351,0.0,0.0
plurality,-0.051194539249146756,0.0,-0.051194539249146756,-0.051194539249146756,0.017064846416382253,-0.051194539249146756,-0.051194539249146756
gt,0.0,0.051194539249146756,0.0,0.0,-0.010238907849829351,0.0,0.0
minimax,0.0,0.051194539249146756,0.0,0.0,-0.010238907849829351,0.0,0.0
gtd,0.010238907849829351,-0.017064846416382253,0.010238907849829351,0.010238907849829351,0.0,0.010238907849829351,0.010238907849829351
Schulze,0.0,0.051194539249146756,0.0,0.0,-0.010238907849829351,0.0,0.0
IRV,0.0,0.051194539249146756,0.0,0.0,-0.010238907849829351,0.0,0.0
