,Borda,plurality,gt,minimax,gtd,Schulze,IRV
Borda,0.0,0.024719101123595506,0.0,0.024719101123595506,0.024719101123595506,0.024719101123595506,0.024719101123595506
plurality,-0.024719101123595506,0.0,-0.024719101123595506,0.0,0.0,0.0,0.0
gt,0.0,0.024719101123595506,0.0,0.024719101123595506,0.024719101123595506,0.024719101123595506,0.024719101123595506
minimax,-0.024719101123595506,0.0,-0.024719101123595506,0.0,0.0,0.0,0.0
gtd,-0.024719101123595506,0.0,-0.024719101123595506,0.0,0.0,0.0,0.0
Schulze,-0.024719101123595506,0.0,-0.024719101123595506,0.0,0.0,0.0,0.0
IRV,-0.024719101123595506,0.0,-0.024719101123595506,0.0,0.0,0.0,0.0
