,Borda,plurality,gt,minimax,gtd,Schulze,IRV
Borda,0.0,-0.05408805031446541,0.0,0.016352201257861635,0.016352201257861635,0.016352201257861635,0.016352201257861635
plurality,0.05408805031446541,0.0,0.05408805031446541,-0.021383647798742137,-0.021383647798742137,-0.021383647798742137,-0.021383647798742137
gt,0.0,-0.05408805031446541,0.0,0.016352201257861635,0.016352201257861635,0.016352201257861635,0.016352201257861635
minimax,-0.016352201257861635,0.021383647798742137,-0.016352201257861635,0.0,0.0,0.0,0.0
gtd,-0.016352201257861635,0.021383647798742137,-0.016352201257861635,0.0,0.0,0.0,0.0
Schulze,-0.016352201257861635,0.021383647798742137,-0.016352201257861635,0.0,0.0,0.0,0.0
IRV,-0.016352201257861635,0.021383647798742137,-0.016352201257861635,0.0,0.0,0.0,0.0
