,Borda,plurality,gt,minimax,gtd,Schulze,IRV
Borda,0.0,0.020202020202020204,-0.005050505050505051,-0.005050505050505051,-0.005050505050505051,-0.005050505050505051,0.020202020202020204
plurality,-0.020202020202020204,0.0,0.005050505050505051,0.005050505050505051,0.005050505050505051,0.005050505050505051,0.0
gt,0.005050505050505051,-0.005050505050505051,0.0,0.0,0.0,0.0,-0.005050505050505051
minimax,0.005050505050505051,-0.005050505050505051,0.0,0.0,0.0,0.0,-0.005050505050505051
gtd,0.005050505050505051,-0.005050505050505051,0.0,0.0,0.0,0.0,-0.005050505050505051
Schulze,0.005050505050505051,-0.005050505050505051,0.0,0.0,0.0,0.0,-0.005050505050505051
IRV,-0.020202020202020204,0.0,0.005050505050505051,0.005050505050505051,0.005050505050505051,0.005050505050505051,0.0
