,Borda,plurality,gt,minimax,gtd,Schulze,IRV
Borda,0.0,-0.032432432432432434,0.02702702702702703,0.02702702702702703,0.0,0.02702702702702703,0.02702702702702703
plurality,0.032432432432432434,0.0,-0.05405405405405406,-0.05405405405405406,0.032432432432432434,-0.05405405405405406,-0.05405405405405406
gt,-0.02702702702702703,0.05405405405405406,0.0,0.0,-0.02702702702702703,0.0,0.0
minimax,-0.02702702702702703,0.05405405405405406,0.0,0.0,-0.02702702702702703,0.0,0.0
gtd,0.0,-0.032432432432432434,0.02702702702702703,0.02702702702702703,0.0,0.02702702702702703,0.02702702702702703
Schulze,-0.02702702702702703,0.05405405405405406,0.0,0.0,-0.02702702702702703,0.0,0.0
IRV,-0.02702702702702703,0.05405405405405406,0.0,0.0,-0.02702702702702703,0.0,0.0
