,Borda,plurality,gt,minimax,gtd,Schulze,IRV
Borda,0.0,-0.03133903133903134,0.008547008547008548,-0.03133903133903134,0.008547008547008548,-0.03133903133903134,-0.03133903133903134
plurality,0.03133903133903134,0.0,-0.002849002849002849,0.0,-0.002849002849002849,0.0,0.0
gt,-0.008547008547008548,0.002849002849002849,0.0,0.002849002849002849,0.0,0.002849002849002849,0.002849002849002849
minimax,0.03133903133903134,0.0,-0.002849002849002849,0.0,-0.002849002849002849,0.0,0.0
gtd,-0.008547008547008548,0.002849002849002849,0.0,0.002849002849002849,0.0,0.002849002849002849,0.002849002849002849
Schulze,0.03133903133903134,0.0,-0.002849002849002849,0.0,-0.002849002849002849,0.0,0.0
IRV,0.03133903133903134,0.0,-0.002849002849002849,0.0,-0.002849002849002849,0.0,0.0
