,Borda,plurality,gt,minimax,gtd,Schulze,IRV
Borda,0.0,0.0,0.062146892655367235,0.0,-0.01694915254237288,0.0,0.0
plurality,0.0,0.0,0.062146892655367235,0.0,-0.01694915254237288,0.0,0.0
gt,-0.062146892655367235,-0.062146892655367235,0.0,-0.062146892655367235,0.022598870056497175,-0.062146892655367235,-0.062146892655367235
minimax,0.0,0.0,0.062146892655367235,0.0,-0.01694915254237288,0.0,0.0
gtd,0.01694915254237288,0.01694915254237288,-0.022598870056497175,0.01694915254237288,0.0,0.01694915254237288,0.01694915254237288
Schulze,0.0,0.0,0.062146892655367235,0.0,-0.01694915254237288,0.0,0.0
IRV,0.0,0.0,0.062146892655367235,0.0,-0.01694915254237288,0.0,0.0
