,Borda,plurality,gt,minimax,gtd,Schulze,IRV
Borda,0.0,0.0,0.0,0.0,0.0,0.0,0.07881773399014778
plurality,0.0,0.0,0.0,0.0,0.0,0.0,-0.024630541871921183
gt,0.0,0.0,0.0,0.0,0.0,0.0,0.07881773399014778
minimax,0.0,0.0,0.0,0.0,0.0,0.0,0.07881773399014778
gtd,0.0,0.0,0.0,0.0,0.0,0.0,0.07881773399014778
Schulze,0.0,0.0,0.0,0.0,0.0,0.0,0.07881773399014778
IRV,-0.07881773399014778,0.024630541871921183,-0.07881773399014778,-0.07881773399014778,-0.07881773399014778,-0.07881773399014778,0.0
