,Borda,plurality,gt,minimax,gtd,Schulze,IRV
Borda,0.0,0.016091954022988506,-0.011494252873563218,0.0,0.0,0.0,0.0
plurality,-0.016091954022988506,0.0,0.034482758620689655,-0.016091954022988506,-0.016091954022988506,-0.016091954022988506,-0.016091954022988506
gt,0.011494252873563218,-0.034482758620689655,0.0,0.011494252873563218,0.011494252873563218,0.011494252873563218,0.011494252873563218
minimax,0.0,0.016091954022988506,-0.011494252873563218,0.0,0.0,0.0,0.0
gtd,0.0,0.016091954022988506,-0.011494252873563218,0.0,0.0,0.0,0.0
Schulze,0.0,0.016091954022988506,-0.011494252873563218,0.0,0.0,0.0,0.0
IRV,0.0,0.016091954022988506,-0.011494252873563218,0.0,0.0,0.0,0.0
