,Borda,plurality,gt,minimax,gtd,Schulze,IRV
Borda,0.0,-0.028680688336520075,-0.028680688336520075,0.0,-0.028680688336520075,0.0,-0.028680688336520075
plurality,0.028680688336520075,0.0,0.0,0.028680688336520075,0.0,0.028680688336520075,0.0
gt,0.028680688336520075,0.0,0.0,0.028680688336520075,0.0,0.028680688336520075,0.0
minimax,0.0,-0.028680688336520075,-0.028680688336520075,0.0,-0.028680688336520075,0.0,-0.028680688336520075
gtd,0.028680688336520075,0.0,0.0,0.028680688336520075,0.0,0.028680688336520075,0.0
Schulze,0.0,-0.028680688336520075,-0.028680688336520075,0.0,-0.028680688336520075,0.0,-0.028680688336520075
IRV,0.028680688336520075,0.0,0.0,0.028680688336520075,0.0,0.028680688336520075,0.0
