,Borda,plurality,gt,minimax,gtd,Schulze,IRV
Borda,0.0,0.0,0.04509283819628647,0.0,-0.023872679045092837,0.0,-0.023872679045092837
plurality,0.0,0.0,0.04509283819628647,0.0,-0.023872679045092837,0.0,-0.023872679045092837
gt,-0.04509283819628647,-0.04509283819628647,0.0,-0.04509283819628647,0.007957559681697613,-0.04509283819628647,0.007957559681697613
minimax,0.0,0.0,0.04509283819628647,0.0,-0.023872679045092837,0.0,-0.023872679045092837
gtd,0.023872679045092837,0.023872679045092837,-0.007957559681697613,0.023872679045092837,0.0,0.023872679045092837,0.0
Schulze,0.0,0.0,0.04509283819628647,0.0,-0.023872679045092837,0.0,-0.023872679045092837
IRV,0.023872679045092837,0.023872679045092837,-0.007957559681697613,0.023872679045092837,0.0,0.023872679045092837,0.0
