,Borda,plurality,gt,minimax,gtd,Schulze,IRV
Borda,0.0,0.05803571428571429,-0.013392857142857142,-0.013392857142857142,-0.013392857142857142,-0.013392857142857142,0.0
plurality,-0.05803571428571429,0.0,0.008928571428571428,0.008928571428571428,0.008928571428571428,0.008928571428571428,-0.05803571428571429
gt,0.013392857142857142,-0.008928571428571428,0.0,0.0,0.0,0.0,0.013392857142857142
minimax,0.013392857142857142,-0.008928571428571428,0.0,0.0,0.0,0.0,0.013392857142857142
gtd,0.013392857142857142,-0.008928571428571428,0.0,0.0,0.0,0.0,0.013392857142857142
Schulze,0.013392857142857142,-0.008928571428571428,0.0,0.0,0.0,0.0,0.013392857142857142
IRV,0.0,0.05803571428571429,-0.013392857142857142,-0.013392857142857142,-0.013392857142857142,-0.013392857142857142,0.0
