,Borda,plurality,gt,minimax,gtd,Schulze,IRV
Borda,0.0,0.0,-0.024725274725274724,-0.024725274725274724,-0.024725274725274724,-0.024725274725274724,0.0
plurality,0.0,0.0,-0.024725274725274724,-0.024725274725274724,-0.024725274725274724,-0.024725274725274724,0.0
gt,0.024725274725274724,0.024725274725274724,0.0,0.0,0.0,0.0,0.024725274725274724
minimax,0.024725274725274724,0.024725274725274724,0.0,0.0,0.0,0.0,0.024725274725274724
gtd,0.024725274725274724,0.024725274725274724,0.0,0.0,0.0,0.0,0.024725274725274724
Schulze,0.024725274725274724,0.024725274725274724,0.0,0.0,0.0,0.0,0.024725274725274724
IRV,0.0,0.0,-0.024725274725274724,-0.024725274725274724,-0.024725274725274724,-0.024725274725274724,0.0
