,Borda,plurality,gt,minimax,gtd,Schulze,IRV
Borda,0.0,-0.004975124378109453,-0.004975124378109453,0.0,-0.004975124378109453,0.0,0.03980099502487562
plurality,0.004975124378109453,0.0,0.0,0.004975124378109453,0.0,0.004975124378109453,-0.009950248756218905
gt,0.004975124378109453,0.0,0.0,0.004975124378109453,0.0,0.004975124378109453,-0.009950248756218905
minimax,0.0,-0.004975124378109453,-0.004975124378109453,0.0,-0.004975124378109453,0.0,0.03980099502487562
gtd,0.004975124378109453,0.0,0.0,0.004975124378109453,0.0,0.004975124378109453,-0.009950248756218905
Schulze,0.0,-0.004975124378109453,-0.004975124378109453,0.0,-0.004975124378109453,0.0,0.03980099502487562
IRV,-0.03980099502487562,0.009950248756218905,0.009950248756218905,-0.03980099502487562,0.009950248756218905,-0.03980099502487562,0.0
