,Borda,plurality,gt,minimax,gtd,Schulze,IRV
Borda,0.0,0.06921241050119331,0.06921241050119331,-0.03579952267303103,-0.03579952267303103,-0.03579952267303103,0.06921241050119331
plurality,-0.06921241050119331,0.0,0.0,0.021479713603818614,0.021479713603818614,0.021479713603818614,0.0
gt,-0.06921241050119331,0.0,0.0,0.021479713603818614,0.021479713603818614,0.021479713603818614,0.0
minimax,0.03579952267303103,-0.021479713603818614,-0.021479713603818614,0.0,0.0,0.0,-0.021479713603818614
gtd,0.03579952267303103,-0.021479713603818614,-0.021479713603818614,0.0,0.0,0.0,-0.021479713603818614
Schulze,0.03579952267303103,-0.021479713603818614,-0.021479713603818614,0.0,0.0,0.0,-0.021479713603818614
IRV,-0.06921241050119331,0.0,0.0,0.021479713603818614,0.021479713603818614,0.021479713603818614,0.0
