,Borda,plurality,gt,minimax,gtd,Schulze,IRV
Borda,0.0,-0.001430615164520744,0.0,0.0,0.0,0.0,-0.001430615164520744
plurality,0.001430615164520744,0.0,0.001430615164520744,0.001430615164520744,0.001430615164520744,0.001430615164520744,0.0
gt,0.0,-0.001430615164520744,0.0,0.0,0.0,0.0,-0.001430615164520744
minimax,0.0,-0.001430615164520744,0.0,0.0,0.0,0.0,-0.001430615164520744
gtd,0.0,-0.001430615164520744,0.0,0.0,0.0,0.0,-0.001430615164520744
Schulze,0.0,-0.001430615164520744,0.0,0.0,0.0,0.0,-0.001430615164520744
IRV,0.001430615164520744,0.0,0.001430615164520744,0.001430615164520744,0.001430615164520744,0.001430615164520744,0.0
