,Borda,plurality,gt,minimax,gtd,Schulze,IRV
Borda,0.0,0.0,0.01444043321299639,-0.0036101083032490976,-0.0036101083032490976,-0.0036101083032490976,-0.0036101083032490976
plurality,0.0,0.0,0.01444043321299639,-0.0036101083032490976,-0.0036101083032490976,-0.0036101083032490976,-0.0036101083032490976
gt,-0.01444043321299639,-0.01444043321299639,0.0,0.0036101083032490976,0.0036101083032490976,0.0036101083032490976,0.0036101083032490976
minimax,0.0036101083032490976,0.0036101083032490976,-0.0036101083032490976,0.0,0.0,0.0,0.0
gtd,0.0036101083032490976,0.0036101083032490976,-0.0036101083032490976,0.0,0.0,0.0,0.0
Schulze,0.0036101083032490976,0.0036101083032490976,-0.0036101083032490976,0.0,0.0,0.0,0.0
IRV,0.0036101083032490976,0.0036101083032490976,-0.0036101083032490976,0.0,0.0,0.0,0.0
