,Borda,plurality,gt,minimax,gtd,Schulze,IRV
Borda,0.0,0.0845771144278607,0.0,0.0,0.0,0.0,0.0
plurality,-0.0845771144278607,0.0,-0.009950248756218905,-0.0845771144278607,-0.0845771144278607,-0.0845771144278607,-0.0845771144278607
gt,0.0,0.009950248756218905,0.0,0.0,0.0,0.0,0.0
minimax,0.0,0.0845771144278607,0.0,0.0,0.0,0.0,0.0
gtd,0.0,0.0845771144278607,0.0,0.0,0.0,0.0,0.0
Schulze,0.0,0.0845771144278607,0.0,0.0,0.0,0.0,0.0
IRV,0.0,0.0845771144278607,0.0,0.0,0.0,0.0,0.0
