,Borda,plurality,gt,minimax,gtd,Schulze,IRV
Borda,0.0,0.018315018315018316,-0.007326007326007326,0.0,-0.007326007326007326,0.0,0.0
plurality,-0.018315018315018316,0.0,0.01098901098901099,-0.018315018315018316,0.01098901098901099,-0.018315018315018316,-0.018315018315018316
gt,0.007326007326007326,-0.01098901098901099,0.0,0.007326007326007326,0.0,0.007326007326007326,0.007326007326007326
minimax,0.0,0.018315018315018316,-0.007326007326007326,0.0,-0.007326007326007326,0.0,0.0
gtd,0.007326007326007326,-0.01098901098901099,0.0,0.007326007326007326,0.0,0.007326007326007326,0.007326007326007326
Schulze,0.0,0.018315018315018316,-0.007326007326007326,0.0,-0.007326007326007326,0.0,0.0
IRV,0.0,0.018315018315018316,-0.007326007326007326,0.0,-0.007326007326007326,0.0,0.0
