,Borda,plurality,gt,minimax,gtd,Schulze,IRV
Borda,0.0,-0.011320754716981131,-0.011320754716981131,-0.011320754716981131,-0.011320754716981131,-0.011320754716981131,0.01509433962264151
plurality,0.011320754716981131,0.0,0.0,0.0,0.0,0.0,-0.007547169811320755
gt,0.011320754716981131,0.0,0.0,0.0,0.0,0.0,-0.007547169811320755
minimax,0.011320754716981131,0.0,0.0,0.0,0.0,0.0,-0.007547169811320755
gtd,0.011320754716981131,0.0,0.0,0.0,0.0,0.0,-0.007547169811320755
Schulze,0.011320754716981131,0.0,0.0,0.0,0.0,0.0,-0.007547169811320755
IRV,-0.01509433962264151,0.007547169811320755,0.007547169811320755,0.007547169811320755,0.007547169811320755,0.007547169811320755,0.0
