,Borda,plurality,gt,minimax,gtd,Schulze,IRV
Borda,0.0,0.10869565217391304,0.0,0.0,0.0,0.0,0.0
plurality,-0.10869565217391304,0.0,-0.0782608695652174,-0.10869565217391304,-0.10869565217391304,-0.10869565217391304,-0.0782608695652174
gt,0.0,0.0782608695652174,0.0,0.0,0.0,0.0,0.0
minimax,0.0,0.10869565217391304,0.0,0.0,0.0,0.0,0.0
gtd,0.0,0.10869565217391304,0.0,0.0,0.0,0.0,0.0
Schulze,0.0,0.10869565217391304,0.0,0.0,0.0,0.0,0.0
IRV,0.0,0.0782608695652174,0.0,0.0,0.0,0.0,0.0
