,Borda,plurality,gt,minimax,gtd,Schulze,IRV
Borda,0.0,-0.05093833780160858,0.0777479892761394,-0.05093833780160858,-0.05093833780160858,-0.05093833780160858,0.0777479892761394
plurality,0.05093833780160858,0.0,-0.029490616621983913,0.0,0.0,0.0,-0.029490616621983913
gt,-0.0777479892761394,0.029490616621983913,0.0,0.029490616621983913,0.029490616621983913,0.029490616621983913,0.0
minimax,0.05093833780160858,0.0,-0.029490616621983913,0.0,0.0,0.0,-0.029490616621983913
gtd,0.05093833780160858,0.0,-0.029490616621983913,0.0,0.0,0.0,-0.029490616621983913
Schulze,0.05093833780160858,0.0,-0.029490616621983913,0.0,0.0,0.0,-0.029490616621983913
IRV,-0.0777479892761394,0.029490616621983913,0.0,0.029490616621983913,0.029490616621983913,0.029490616621983913,0.0
