,Borda,plurality,gt,minimax,gtd,Schulze,IRV
Borda,0.0,-0.01948051948051948,0.0,0.012987012987012988,0.012987012987012988,0.012987012987012988,0.012987012987012988
plurality,0.01948051948051948,0.0,0.01948051948051948,-0.016233766233766232,-0.016233766233766232,-0.016233766233766232,-0.016233766233766232
gt,0.0,-0.01948051948051948,0.0,0.012987012987012988,0.012987012987012988,0.012987012987012988,0.012987012987012988
minimax,-0.012987012987012988,0.016233766233766232,-0.012987012987012988,0.0,0.0,0.0,0.0
gtd,-0.012987012987012988,0.016233766233766232,-0.012987012987012988,0.0,0.0,0.0,0.0
Schulze,-0.012987012987012988,0.016233766233766232,-0.012987012987012988,0.0,0.0,0.0,0.0
IRV,-0.012987012987012988,0.016233766233766232,-0.012987012987012988,0.0,0.0,0.0,0.0
