,Borda,plurality,gt,minimax,gtd,Schulze,IRV
Borda,0.0,-0.002457002457002457,-0.002457002457002457,0.0,-0.002457002457002457,0.0,-0.002457002457002457
plurality,0.002457002457002457,0.0,0.0,0.002457002457002457,0.0,0.002457002457002457,0.0
gt,0.002457002457002457,0.0,0.0,0.002457002457002457,0.0,0.002457002457002457,0.0
minimax,0.0,-0.002457002457002457,-0.002457002457002457,0.0,-0.002457002457002457,0.0,-0.002457002457002457
gtd,0.002457002457002457,0.0,0.0,0.002457002457002457,0.0,0.002457002457002457,0.0
Schulze,0.0,-0.002457002457002457,-0.002457002457002457,0.0,-0.002457002457002457,0.0,-0.002457002457002457
IRV,0.002457002457002457,0.0,0.0,0.002457002457002457,0.0,0.002457002457002457,0.0
