,Borda,plurality,gt,minimax,gtd,Schulze,IRV
Borda,0.0,-0.011538461538461539,0.0,0.0,-0.011538461538461539,0.0,0.026923076923076925
plurality,0.011538461538461539,0.0,0.011538461538461539,0.011538461538461539,0.0,0.011538461538461539,-0.015384615384615385
gt,0.0,-0.011538461538461539,0.0,0.0,-0.011538461538461539,0.0,0.026923076923076925
minimax,0.0,-0.011538461538461539,0.0,0.0,-0.011538461538461539,0.0,0.026923076923076925
gtd,0.011538461538461539,0.0,0.011538461538461539,0.011538461538461539,0.0,0.011538461538461539,-0.015384615384615385
Schulze,0.0,-0.011538461538461539,0.0,0.0,-0.011538461538461539,0.0,0.026923076923076925
IRV,-0.026923076923076925,0.015384615384615385,-0.026923076923076925,-0.026923076923076925,0.015384615384615385,-0.026923076923076925,0.0
