,Borda,plurality,gt,minimax,gtd,Schulze,IRV
Borda,0.0,-0.030450669914738125,-0.030450669914738125,0.0,-0.030450669914738125,0.0,-0.030450669914738125
plurality,0.030450669914738125,0.0,0.0,0.030450669914738125,0.0,0.030450669914738125,0.0
gt,0.030450669914738125,0.0,0.0,0.030450669914738125,0.0,0.030450669914738125,0.0
minimax,0.0,-0.030450669914738125,-0.030450669914738125,0.0,-0.030450669914738125,0.0,-0.030450669914738125
gtd,0.030450669914738125,0.0,0.0,0.030450669914738125,0.0,0.030450669914738125,0.0
Schulze,0.0,-0.030450669914738125,-0.030450669914738125,0.0,-0.030450669914738125,0.0,-0.030450669914738125
IRV,0.030450669914738125,0.0,0.0,0.030450669914738125,0.0,0.030450669914738125,0.0
