,Borda,plurality,gt,minimax,gtd,Schulze,IRV
Borda,0.0,-0.05136986301369863,0.07191780821917808,-0.05136986301369863,-0.05136986301369863,-0.05136986301369863,0.07191780821917808
plurality,0.05136986301369863,0.0,-0.0273972602739726,0.0,0.0,0.0,-0.0273972602739726
gt,-0.07191780821917808,0.0273972602739726,0.0,0.0273972602739726,0.0273972602739726,0.0273972602739726,0.0
minimax,0.05136986301369863,0.0,-0.0273972602739726,0.0,0.0,0.0,-0.0273972602739726
gtd,0.05136986301369863,0.0,-0.0273972602739726,0.0,0.0,0.0,-0.0273972602739726
Schulze,0.05136986301369863,0.0,-0.0273972602739726,0.0,0.0,0.0,-0.0273972602739726
IRV,-0.07191780821917808,0.0273972602739726,0.0,0.0273972602739726,0.0273972602739726,0.0273972602739726,0.0
