,Borda,plurality,gt,minimax,gtd,Schulze,IRV
Borda,0.0,0.026128266033254157,-0.0023752969121140144,0.0,-0.0023752969121140144,0.0,0.026128266033254157
plurality,-0.026128266033254157,0.0,0.0023752969121140144,-0.026128266033254157,0.0023752969121140144,-0.026128266033254157,0.0
gt,0.0023752969121140144,-0.0023752969121140144,0.0,0.0023752969121140144,0.0,0.0023752969121140144,-0.0023752969121140144
minimax,0.0,0.026128266033254157,-0.0023752969121140144,0.0,-0.0023752969121140144,0.0,0.026128266033254157
gtd,0.0023752969121140144,-0.0023752969121140144,0.0,0.0023752969121140144,0.0,0.0023752969121140144,-0.0023752969121140144
Schulze,0.0,0.026128266033254157,-0.0023752969121140144,0.0,-0.0023752969121140144,0.0,0.026128266033254157
IRV,-0.026128266033254157,0.0,0.0023752969121140144,-0.026128266033254157,0.0023752969121140144,-0.026128266033254157,0.0
