,Borda,plurality,gt,minimax,gtd,Schulze,IRV
Borda,0.0,0.0,0.0673076923076923,0.0,-0.022435897435897436,0.0,0.0
plurality,0.0,0.0,0.0673076923076923,0.0,-0.022435897435897436,0.0,0.0
gt,-0.0673076923076923,-0.0673076923076923,0.0,-0.0673076923076923,0.04807692307692308,-0.0673076923076923,-0.0673076923076923
minimax,0.0,0.0,0.0673076923076923,0.0,-0.022435897435897436,0.0,0.0
gtd,0.022435897435897436,0.022435897435897436,-0.04807692307692308,0.022435897435897436,0.0,0.022435897435897436,0.022435897435897436
Schulze,0.0,0.0,0.0673076923076923,0.0,-0.022435897435897436,0.0,0.0
IRV,0.0,0.0,0.0673076923076923,0.0,-0.022435897435897436,0.0,0.0
