,Borda,plurality,gt,minimax,gtd,Schulze,IRV
Borda,0.0,0.05806451612903226,-0.01935483870967742,0.0,-0.01935483870967742,0.0,0.05806451612903226
plurality,-0.05806451612903226,0.0,0.023655913978494623,-0.05806451612903226,0.023655913978494623,-0.05806451612903226,0.0
gt,0.01935483870967742,-0.023655913978494623,0.0,0.01935483870967742,0.0,0.01935483870967742,-0.023655913978494623
minimax,0.0,0.05806451612903226,-0.01935483870967742,0.0,-0.01935483870967742,0.0,0.05806451612903226
gtd,0.01935483870967742,-0.023655913978494623,0.0,0.01935483870967742,0.0,0.01935483870967742,-0.023655913978494623
Schulze,0.0,0.05806451612903226,-0.01935483870967742,0.0,-0.01935483870967742,0.0,0.05806451612903226
IRV,-0.05806451612903226,0.0,0.023655913978494623,-0.05806451612903226,0.023655913978494623,-0.05806451612903226,0.0
