,Borda,plurality,gt,minimax,gtd,Schulze,IRV
Borda,0.0,0.06233062330623306,0.06233062330623306,-0.06233062330623306,-0.06233062330623306,-0.06233062330623306,0.06233062330623306
plurality,-0.06233062330623306,0.0,0.0,0.051490514905149054,0.051490514905149054,0.051490514905149054,0.0
gt,-0.06233062330623306,0.0,0.0,0.051490514905149054,0.051490514905149054,0.051490514905149054,0.0
minimax,0.06233062330623306,-0.051490514905149054,-0.051490514905149054,0.0,0.0,0.0,-0.051490514905149054
gtd,0.06233062330623306,-0.051490514905149054,-0.051490514905149054,0.0,0.0,0.0,-0.051490514905149054
Schulze,0.06233062330623306,-0.051490514905149054,-0.051490514905149054,0.0,0.0,0.0,-0.051490514905149054
IRV,-0.06233062330623306,0.0,0.0,0.051490514905149054,0.051490514905149054,0.051490514905149054,0.0
