,Borda,plurality,gt,minimax,gtd,Schulze,IRV
Borda,0.0,-0.03194103194103194,0.04176904176904177,-0.03194103194103194,-0.03194103194103194,-0.03194103194103194,0.04176904176904177
plurality,0.03194103194103194,0.0,-0.002457002457002457,0.0,0.0,0.0,-0.002457002457002457
gt,-0.04176904176904177,0.002457002457002457,0.0,0.002457002457002457,0.002457002457002457,0.002457002457002457,0.0
minimax,0.03194103194103194,0.0,-0.002457002457002457,0.0,0.0,0.0,-0.002457002457002457
gtd,0.03194103194103194,0.0,-0.002457002457002457,0.0,0.0,0.0,-0.002457002457002457
Schulze,0.03194103194103194,0.0,-0.002457002457002457,0.0,0.0,0.0,-0.002457002457002457
IRV,-0.04176904176904177,0.002457002457002457,0.0,0.002457002457002457,0.002457002457002457,0.002457002457002457,0.0
