,Borda,plurality,gt,minimax,gtd,Schulze,IRV
Borda,0.0,-0.03597122302158273,0.0,0.002398081534772182,0.002398081534772182,0.002398081534772182,0.002398081534772182
plurality,0.03597122302158273,0.0,0.03597122302158273,-0.007194244604316547,-0.007194244604316547,-0.007194244604316547,-0.007194244604316547
gt,0.0,-0.03597122302158273,0.0,0.002398081534772182,0.002398081534772182,0.002398081534772182,0.002398081534772182
minimax,-0.002398081534772182,0.007194244604316547,-0.002398081534772182,0.0,0.0,0.0,0.0
gtd,-0.002398081534772182,0.007194244604316547,-0.002398081534772182,0.0,0.0,0.0,0.0
Schulze,-0.002398081534772182,0.007194244604316547,-0.002398081534772182,0.0,0.0,0.0,0.0
IRV,-0.002398081534772182,0.007194244604316547,-0.002398081534772182,0.0,0.0,0.0,0.0
