,Borda,plurality,gt,minimax,gtd,Schulze,IRV
Borda,0.0,0.0,-0.032679738562091505,-0.032679738562091505,-0.032679738562091505,-0.032679738562091505,-0.032679738562091505
plurality,0.0,0.0,-0.032679738562091505,-0.032679738562091505,-0.032679738562091505,-0.032679738562091505,-0.032679738562091505
gt,0.032679738562091505,0.032679738562091505,0.0,0.0,0.0,0.0,0.0
minimax,0.032679738562091505,0.032679738562091505,0.0,0.0,0.0,0.0,0.0
gtd,0.032679738562091505,0.032679738562091505,0.0,0.0,0.0,0.0,0.0
Schulze,0.032679738562091505,0.032679738562091505,0.0,0.0,0.0,0.0,0.0
IRV,0.032679738562091505,0.032679738562091505,0.0,0.0,0.0,0.0,0.0
