,Borda,plurality,gt,minimax,gtd,Schulze,IRV
Borda,0.0,0.05084745762711865,0.05084745762711865,-0.08898305084745763,0.05084745762711865,-0.08898305084745763,0.05084745762711865
plurality,-0.05084745762711865,0.0,0.0,0.00423728813559322,0.0,0.00423728813559322,0.0
gt,-0.05084745762711865,0.0,0.0,0.00423728813559322,0.0,0.00423728813559322,0.0
minimax,0.08898305084745763,-0.00423728813559322,-0.00423728813559322,0.0,-0.00423728813559322,0.0,-0.00423728813559322
gtd,-0.05084745762711865,0.0,0.0,0.00423728813559322,0.0,0.00423728813559322,0.0
Schulze,0.08898305084745763,-0.00423728813559322,-0.00423728813559322,0.0,-0.00423728813559322,0.0,-0.00423728813559322
IRV,-0.05084745762711865,0.0,0.0,0.00423728813559322,0.0,0.00423728813559322,0.0
