,Borda,plurality,gt,minimax,gtd,Schulze,IRV
Borda,0.0,-0.019830028328611898,0.06515580736543909,-0.019830028328611898,-0.019830028328611898,-0.019830028328611898,0.06515580736543909
plurality,0.019830028328611898,0.0,-0.0028328611898017,0.0,0.0,0.0,-0.0028328611898017
gt,-0.06515580736543909,0.0028328611898017,0.0,0.0028328611898017,0.0028328611898017,0.0028328611898017,0.0
minimax,0.019830028328611898,0.0,-0.0028328611898017,0.0,0.0,0.0,-0.0028328611898017
gtd,0.019830028328611898,0.0,-0.0028328611898017,0.0,0.0,0.0,-0.0028328611898017
Schulze,0.019830028328611898,0.0,-0.0028328611898017,0.0,0.0,0.0,-0.0028328611898017
IRV,-0.06515580736543909,0.0028328611898017,0.0,0.0028328611898017,0.0028328611898017,0.0028328611898017,0.0
