,Borda,plurality,gt,minimax,gtd,Schulze,IRV
Borda,0.0,0.00641025641025641,0.0,0.00641025641025641,0.0,0.00641025641025641,0.0
plurality,-0.00641025641025641,0.0,-0.00641025641025641,0.0,-0.00641025641025641,0.0,-0.00641025641025641
gt,0.0,0.00641025641025641,0.0,0.00641025641025641,0.0,0.00641025641025641,0.0
minimax,-0.00641025641025641,0.0,-0.00641025641025641,0.0,-0.00641025641025641,0.0,-0.00641025641025641
gtd,0.0,0.00641025641025641,0.0,0.00641025641025641,0.0,0.00641025641025641,0.0
Schulze,-0.00641025641025641,0.0,-0.00641025641025641,0.0,-0.00641025641025641,0.0,-0.00641025641025641
IRV,0.0,0.00641025641025641,0.0,0.00641025641025641,0.0,0.00641025641025641,0.0
