,Borda,plurality,gt,minimax,gtd,Schulze,IRV
Borda,0.0,0.020320855614973262,0.020320855614973262,0.0,-0.011764705882352941,0.0,0.020320855614973262
plurality,-0.020320855614973262,0.0,0.0,-0.020320855614973262,0.016042780748663103,-0.020320855614973262,0.0
gt,-0.020320855614973262,0.0,0.0,-0.020320855614973262,0.016042780748663103,-0.020320855614973262,0.0
minimax,0.0,0.020320855614973262,0.020320855614973262,0.0,-0.011764705882352941,0.0,0.020320855614973262
gtd,0.011764705882352941,-0.016042780748663103,-0.016042780748663103,0.011764705882352941,0.0,0.011764705882352941,-0.016042780748663103
Schulze,0.0,0.020320855614973262,0.020320855614973262,0.0,-0.011764705882352941,0.0,0.020320855614973262
IRV,-0.020320855614973262,0.0,0.0,-0.020320855614973262,0.016042780748663103,-0.020320855614973262,0.0
