,Borda,plurality,gt,minimax,gtd,Schulze,IRV
Borda,0.0,0.0,0.0,0.0,-0.010494752623688156,0.0,-0.010494752623688156
plurality,0.0,0.0,0.0,0.0,-0.010494752623688156,0.0,-0.010494752623688156
gt,0.0,0.0,0.0,0.0,-0.010494752623688156,0.0,-0.010494752623688156
minimax,0.0,0.0,0.0,0.0,-0.010494752623688156,0.0,-0.010494752623688156
gtd,0.010494752623688156,0.010494752623688156,0.010494752623688156,0.010494752623688156,0.0,0.010494752623688156,0.0
Schulze,0.0,0.0,0.0,0.0,-0.010494752623688156,0.0,-0.010494752623688156
IRV,0.010494752623688156,0.010494752623688156,0.010494752623688156,0.010494752623688156,0.0,0.010494752623688156,0.0
