,Borda,plurality,gt,minimax,gtd,Schulze,IRV
Borda,0.0,0.037037037037037035,0.0,0.0,-0.004629629629629629,0.0,0.0
plurality,-0.037037037037037035,0.0,-0.037037037037037035,-0.037037037037037035,0.023148148148148147,-0.037037037037037035,-0.037037037037037035
gt,0.0,0.037037037037037035,0.0,0.0,-0.004629629629629629,0.0,0.0
minimax,0.0,0.037037037037037035,0.0,0.0,-0.004629629629629629,0.0,0.0
gtd,0.004629629629629629,-0.023148148148148147,0.004629629629629629,0.004629629629629629,0.0,0.004629629629629629,0.004629629629629629
Schulze,0.0,0.037037037037037035,0.0,0.0,-0.004629629629629629,0.0,0.0
IRV,0.0,0.037037037037037035,0.0,0.0,-0.004629629629629629,0.0,0.0
