,Borda,plurality,gt,minimax,gtd,Schulze,IRV
Borda,0.0,0.08152173913043478,-0.016304347826086956,0.0,-0.016304347826086956,0.0,0.08152173913043478
plurality,-0.08152173913043478,0.0,0.03260869565217391,-0.08152173913043478,0.03260869565217391,-0.08152173913043478,0.0
gt,0.016304347826086956,-0.03260869565217391,0.0,0.016304347826086956,0.0,0.016304347826086956,-0.03260869565217391
minimax,0.0,0.08152173913043478,-0.016304347826086956,0.0,-0.016304347826086956,0.0,0.08152173913043478
gtd,0.016304347826086956,-0.03260869565217391,0.0,0.016304347826086956,0.0,0.016304347826086956,-0.03260869565217391
Schulze,0.0,0.08152173913043478,-0.016304347826086956,0.0,-0.016304347826086956,0.0,0.08152173913043478
IRV,-0.08152173913043478,0.0,0.03260869565217391,-0.08152173913043478,0.03260869565217391,-0.08152173913043478,0.0
