,Borda,plurality,gt,minimax,gtd,Schulze,IRV
Borda,0.0,-0.04,-0.04,-0.022857142857142857,-0.022857142857142857,-0.022857142857142857,-0.04
plurality,0.04,0.0,0.0,0.0,0.0,0.0,0.0
gt,0.04,0.0,0.0,0.0,0.0,0.0,0.0
minimax,0.022857142857142857,0.0,0.0,0.0,0.0,0.0,0.0
gtd,0.022857142857142857,0.0,0.0,0.0,0.0,0.0,0.0
Schulze,0.022857142857142857,0.0,0.0,0.0,0.0,0.0,0.0
IRV,0.04,0.0,0.0,0.0,0.0,0.0,0.0
