,Borda,plurality,gt,minimax,gtd,Schulze,IRV
Borda,0.0,0.06313645621181263,-0.010183299389002037,0.0,-0.010183299389002037,0.0,0.0
plurality,-0.06313645621181263,0.0,0.03054989816700611,-0.06313645621181263,0.03054989816700611,-0.06313645621181263,-0.06313645621181263
gt,0.010183299389002037,-0.03054989816700611,0.0,0.010183299389002037,0.0,0.010183299389002037,0.010183299389002037
minimax,0.0,0.06313645621181263,-0.010183299389002037,0.0,-0.010183299389002037,0.0,0.0
gtd,0.010183299389002037,-0.03054989816700611,0.0,0.010183299389002037,0.0,0.010183299389002037,0.010183299389002037
Schulze,0.0,0.06313645621181263,-0.010183299389002037,0.0,-0.010183299389002037,0.0,0.0
IRV,0.0,0.06313645621181263,-0.010183299389002037,0.0,-0.010183299389002037,0.0,0.0
