,Borda,plurality,gt,minimax,gtd,Schulze,IRV
Borda,0.0,0.028965517241379312,-0.012413793103448275,0.0,-0.012413793103448275,0.0,0.0
plurality,-0.028965517241379312,0.0,0.020689655172413793,-0.028965517241379312,0.020689655172413793,-0.028965517241379312,-0.028965517241379312
gt,0.012413793103448275,-0.020689655172413793,0.0,0.012413793103448275,0.0,0.012413793103448275,0.012413793103448275
minimax,0.0,0.028965517241379312,-0.012413793103448275,0.0,-0.012413793103448275,0.0,0.0
gtd,0.012413793103448275,-0.020689655172413793,0.0,0.012413793103448275,0.0,0.012413793103448275,0.012413793103448275
Schulze,0.0,0.028965517241379312,-0.012413793103448275,0.0,-0.012413793103448275,0.0,0.0
IRV,0.0,0.028965517241379312,-0.012413793103448275,0.0,-0.012413793103448275,0.0,0.0
