,Borda,plurality,gt,minimax,gtd,Schulze,IRV
Borda,0.0,-0.01020408163265306,0.0,0.0,0.0,0.0,0.015306122448979591
plurality,0.01020408163265306,0.0,0.01020408163265306,0.01020408163265306,0.01020408163265306,0.01020408163265306,-0.02040816326530612
gt,0.0,-0.01020408163265306,0.0,0.0,0.0,0.0,0.015306122448979591
minimax,0.0,-0.01020408163265306,0.0,0.0,0.0,0.0,0.015306122448979591
gtd,0.0,-0.01020408163265306,0.0,0.0,0.0,0.0,0.015306122448979591
Schulze,0.0,-0.01020408163265306,0.0,0.0,0.0,0.0,0.015306122448979591
IRV,-0.015306122448979591,0.02040816326530612,-0.015306122448979591,-0.015306122448979591,-0.015306122448979591,-0.015306122448979591,0.0
