,Borda,plurality,gt,minimax,gtd,Schulze,IRV
Borda,0.0,0.010362694300518135,0.0,0.010362694300518135,0.0,0.010362694300518135,0.010362694300518135
plurality,-0.010362694300518135,0.0,-0.010362694300518135,0.0,-0.010362694300518135,0.0,0.0
gt,0.0,0.010362694300518135,0.0,0.010362694300518135,0.0,0.010362694300518135,0.010362694300518135
minimax,-0.010362694300518135,0.0,-0.010362694300518135,0.0,-0.010362694300518135,0.0,0.0
gtd,0.0,0.010362694300518135,0.0,0.010362694300518135,0.0,0.010362694300518135,0.010362694300518135
Schulze,-0.010362694300518135,0.0,-0.010362694300518135,0.0,-0.010362694300518135,0.0,0.0
IRV,-0.010362694300518135,0.0,-0.010362694300518135,0.0,-0.010362694300518135,0.0,0.0
