,Borda,plurality,gt,minimax,gtd,Schulze,IRV
Borda,0.0,-0.011933174224343675,-0.011933174224343675,-0.011933174224343675,-0.011933174224343675,-0.011933174224343675,0.026252983293556086
plurality,0.011933174224343675,0.0,0.0,0.0,0.0,0.0,-0.002386634844868735
gt,0.011933174224343675,0.0,0.0,0.0,0.0,0.0,-0.002386634844868735
minimax,0.011933174224343675,0.0,0.0,0.0,0.0,0.0,-0.002386634844868735
gtd,0.011933174224343675,0.0,0.0,0.0,0.0,0.0,-0.002386634844868735
Schulze,0.011933174224343675,0.0,0.0,0.0,0.0,0.0,-0.002386634844868735
IRV,-0.026252983293556086,0.002386634844868735,0.002386634844868735,0.002386634844868735,0.002386634844868735,0.002386634844868735,0.0
