,Borda,plurality,gt,minimax,gtd,Schulze,IRV
Borda,0.0,-0.008771929824561403,-0.008771929824561403,-0.008771929824561403,-0.008771929824561403,-0.008771929824561403,0.0
plurality,0.008771929824561403,0.0,0.0,0.0,0.0,0.0,0.008771929824561403
gt,0.008771929824561403,0.0,0.0,0.0,0.0,0.0,0.008771929824561403
minimax,0.008771929824561403,0.0,0.0,0.0,0.0,0.0,0.008771929824561403
gtd,0.008771929824561403,0.0,0.0,0.0,0.0,0.0,0.008771929824561403
Schulze,0.008771929824561403,0.0,0.0,0.0,0.0,0.0,0.008771929824561403
IRV,0.0,-0.008771929824561403,-0.008771929824561403,-0.008771929824561403,-0.008771929824561403,-0.008771929824561403,0.0
