,Borda,plurality,gt,minimax,gtd,Schulze,IRV
Borda,0.0,-0.03561643835616438,-0.03561643835616438,-0.03561643835616438,-0.03561643835616438,-0.03561643835616438,0.03561643835616438
plurality,0.03561643835616438,0.0,0.0,0.0,0.0,0.0,-0.0136986301369863
gt,0.03561643835616438,0.0,0.0,0.0,0.0,0.0,-0.0136986301369863
minimax,0.03561643835616438,0.0,0.0,0.0,0.0,0.0,-0.0136986301369863
gtd,0.03561643835616438,0.0,0.0,0.0,0.0,0.0,-0.0136986301369863
Schulze,0.03561643835616438,0.0,0.0,0.0,0.0,0.0,-0.0136986301369863
IRV,-0.03561643835616438,0.0136986301369863,0.0136986301369863,0.0136986301369863,0.0136986301369863,0.0136986301369863,0.0
