,Borda,plurality,gt,minimax,gtd,Schulze,IRV
Borda,0.0,0.030985915492957747,0.0,0.030985915492957747,0.0,0.030985915492957747,0.0
plurality,-0.030985915492957747,0.0,-0.030985915492957747,0.0,-0.030985915492957747,0.0,-0.030985915492957747
gt,0.0,0.030985915492957747,0.0,0.030985915492957747,0.0,0.030985915492957747,0.0
minimax,-0.030985915492957747,0.0,-0.030985915492957747,0.0,-0.030985915492957747,0.0,-0.030985915492957747
gtd,0.0,0.030985915492957747,0.0,0.030985915492957747,0.0,0.030985915492957747,0.0
Schulze,-0.030985915492957747,0.0,-0.030985915492957747,0.0,-0.030985915492957747,0.0,-0.030985915492957747
IRV,0.0,0.030985915492957747,0.0,0.030985915492957747,0.0,0.030985915492957747,0.0
