,Borda,plurality,gt,minimax,gtd,Schulze,IRV
Borda,0.0,-0.031413612565445025,0.010471204188481676,0.010471204188481676,0.010471204188481676,0.010471204188481676,0.010471204188481676
plurality,0.031413612565445025,0.0,-0.031413612565445025,-0.031413612565445025,-0.031413612565445025,-0.031413612565445025,-0.031413612565445025
gt,-0.010471204188481676,0.031413612565445025,0.0,0.0,0.0,0.0,0.0
minimax,-0.010471204188481676,0.031413612565445025,0.0,0.0,0.0,0.0,0.0
gtd,-0.010471204188481676,0.031413612565445025,0.0,0.0,0.0,0.0,0.0
Schulze,-0.010471204188481676,0.031413612565445025,0.0,0.0,0.0,0.0,0.0
IRV,-0.010471204188481676,0.031413612565445025,0.0,0.0,0.0,0.0,0.0
