,Borda,plurality,gt,minimax,gtd,Schulze,IRV
Borda,0.0,0.0726643598615917,0.0,0.0,-0.0034602076124567475,0.0,0.0726643598615917
plurality,-0.0726643598615917,0.0,-0.0726643598615917,-0.0726643598615917,0.03806228373702422,-0.0726643598615917,0.0
gt,0.0,0.0726643598615917,0.0,0.0,-0.0034602076124567475,0.0,0.0726643598615917
minimax,0.0,0.0726643598615917,0.0,0.0,-0.0034602076124567475,0.0,0.0726643598615917
gtd,0.0034602076124567475,-0.03806228373702422,0.0034602076124567475,0.0034602076124567475,0.0,0.0034602076124567475,-0.03806228373702422
Schulze,0.0,0.0726643598615917,0.0,0.0,-0.0034602076124567475,0.0,0.0726643598615917
IRV,-0.0726643598615917,0.0,-0.0726643598615917,-0.0726643598615917,0.03806228373702422,-0.0726643598615917,0.0
