,Borda,plurality,gt,minimax,gtd,Schulze,IRV
Borda,0.0,-0.02145922746781116,-0.02145922746781116,0.0,-0.02145922746781116,0.0,0.07725321888412018
plurality,0.02145922746781116,0.0,0.0,0.02145922746781116,0.0,0.02145922746781116,-0.030042918454935622
gt,0.02145922746781116,0.0,0.0,0.02145922746781116,0.0,0.02145922746781116,-0.030042918454935622
minimax,0.0,-0.02145922746781116,-0.02145922746781116,0.0,-0.02145922746781116,0.0,0.07725321888412018
gtd,0.02145922746781116,0.0,0.0,0.02145922746781116,0.0,0.02145922746781116,-0.030042918454935622
Schulze,0.0,-0.02145922746781116,-0.02145922746781116,0.0,-0.02145922746781116,0.0,0.07725321888412018
IRV,-0.07725321888412018,0.030042918454935622,0.030042918454935622,-0.07725321888412018,0.030042918454935622,-0.07725321888412018,0.0
