,Borda,plurality,gt,minimax,gtd,Schulze,IRV
Borda,0.0,0.04697986577181208,0.0,0.0,-0.03355704697986577,0.0,0.0
plurality,-0.04697986577181208,0.0,-0.04697986577181208,-0.04697986577181208,0.03803131991051454,-0.04697986577181208,-0.04697986577181208
gt,0.0,0.04697986577181208,0.0,0.0,-0.03355704697986577,0.0,0.0
minimax,0.0,0.04697986577181208,0.0,0.0,-0.03355704697986577,0.0,0.0
gtd,0.03355704697986577,-0.03803131991051454,0.03355704697986577,0.03355704697986577,0.0,0.03355704697986577,0.03355704697986577
Schulze,0.0,0.04697986577181208,0.0,0.0,-0.03355704697986577,0.0,0.0
IRV,0.0,0.04697986577181208,0.0,0.0,-0.03355704697986577,0.0,0.0
