,Borda,plurality,gt,minimax,gtd,Schulze,IRV
Borda,0.0,0.05185185185185185,-0.01728395061728395,0.0,-0.01728395061728395,0.0,0.05185185185185185
plurality,-0.05185185185185185,0.0,0.037037037037037035,-0.05185185185185185,0.037037037037037035,-0.05185185185185185,0.0
gt,0.01728395061728395,-0.037037037037037035,0.0,0.01728395061728395,0.0,0.01728395061728395,-0.037037037037037035
minimax,0.0,0.05185185185185185,-0.01728395061728395,0.0,-0.01728395061728395,0.0,0.05185185185185185
gtd,0.01728395061728395,-0.037037037037037035,0.0,0.01728395061728395,0.0,0.01728395061728395,-0.037037037037037035
Schulze,0.0,0.05185185185185185,-0.01728395061728395,0.0,-0.01728395061728395,0.0,0.05185185185185185
IRV,-0.05185185185185185,0.0,0.037037037037037035,-0.05185185185185185,0.037037037037037035,-0.05185185185185185,0.0
