,Borda,plurality,gt,minimax,gtd,Schulze,IRV
Borda,0.0,-0.0044444444444444444,-0.04,-0.04,-0.0044444444444444444,-0.04,-0.04
plurality,0.0044444444444444444,0.0,0.0,0.0,0.0,0.0,0.0
gt,0.04,0.0,0.0,0.0,0.0,0.0,0.0
minimax,0.04,0.0,0.0,0.0,0.0,0.0,0.0
gtd,0.0044444444444444444,0.0,0.0,0.0,0.0,0.0,0.0
Schulze,0.04,0.0,0.0,0.0,0.0,0.0,0.0
IRV,0.04,0.0,0.0,0.0,0.0,0.0,0.0
