,Borda,plurality,gt,minimax,gtd,Schulze,IRV
Borda,0.0,0.0,0.021621621621621623,-0.016216216216216217,-0.016216216216216217,-0.016216216216216217,-0.016216216216216217
plurality,0.0,0.0,0.021621621621621623,-0.016216216216216217,-0.016216216216216217,-0.016216216216216217,-0.016216216216216217
gt,-0.021621621621621623,-0.021621621621621623,0.0,0.005405405405405406,0.005405405405405406,0.005405405405405406,0.005405405405405406
minimax,0.016216216216216217,0.016216216216216217,-0.005405405405405406,0.0,0.0,0.0,0.0
gtd,0.016216216216216217,0.016216216216216217,-0.005405405405405406,0.0,0.0,0.0,0.0
Schulze,0.016216216216216217,0.016216216216216217,-0.005405405405405406,0.0,0.0,0.0,0.0
IRV,0.016216216216216217,0.016216216216216217,-0.005405405405405406,0.0,0.0,0.0,0.0
