,Borda,plurality,gt,minimax,gtd,Schulze,IRV
Borda,0.0,0.04439746300211417,-0.006342494714587738,-0.006342494714587738,-0.006342494714587738,-0.006342494714587738,0.04439746300211417
plurality,-0.04439746300211417,0.0,0.0021141649048625794,0.0021141649048625794,0.0021141649048625794,0.0021141649048625794,0.0
gt,0.006342494714587738,-0.0021141649048625794,0.0,0.0,0.0,0.0,-0.0021141649048625794
minimax,0.006342494714587738,-0.0021141649048625794,0.0,0.0,0.0,0.0,-0.0021141649048625794
gtd,0.006342494714587738,-0.0021141649048625794,0.0,0.0,0.0,0.0,-0.0021141649048625794
Schulze,0.006342494714587738,-0.0021141649048625794,0.0,0.0,0.0,0.0,-0.0021141649048625794
IRV,-0.04439746300211417,0.0,0.0021141649048625794,0.0021141649048625794,0.0021141649048625794,0.0021141649048625794,0.0
