,Borda,plurality,gt,minimax,gtd,Schulze,IRV
Borda,0.0,-0.004901960784313725,0.0,0.0,-0.004901960784313725,0.0,0.058823529411764705
plurality,0.004901960784313725,0.0,0.004901960784313725,0.004901960784313725,0.0,0.004901960784313725,-0.029411764705882353
gt,0.0,-0.004901960784313725,0.0,0.0,-0.004901960784313725,0.0,0.058823529411764705
minimax,0.0,-0.004901960784313725,0.0,0.0,-0.004901960784313725,0.0,0.058823529411764705
gtd,0.004901960784313725,0.0,0.004901960784313725,0.004901960784313725,0.0,0.004901960784313725,-0.029411764705882353
Schulze,0.0,-0.004901960784313725,0.0,0.0,-0.004901960784313725,0.0,0.058823529411764705
IRV,-0.058823529411764705,0.029411764705882353,-0.058823529411764705,-0.058823529411764705,0.029411764705882353,-0.058823529411764705,0.0
