,Borda,plurality,gt,minimax,gtd,Schulze,IRV
Borda,0.0,-0.044715447154471545,-0.07317073170731707,-0.07317073170731707,-0.044715447154471545,-0.07317073170731707,-0.07317073170731707
plurality,0.044715447154471545,0.0,0.0,0.0,0.0,0.0,0.0
gt,0.07317073170731707,0.0,0.0,0.0,0.0,0.0,0.0
minimax,0.07317073170731707,0.0,0.0,0.0,0.0,0.0,0.0
gtd,0.044715447154471545,0.0,0.0,0.0,0.0,0.0,0.0
Schulze,0.07317073170731707,0.0,0.0,0.0,0.0,0.0,0.0
IRV,0.07317073170731707,0.0,0.0,0.0,0.0,0.0,0.0
