,Borda,plurality,gt,minimax,gtd,Schulze,IRV
Borda,0.0,-0.03626943005181347,0.06217616580310881,-0.03626943005181347,-0.03626943005181347,-0.03626943005181347,0.06217616580310881
plurality,0.03626943005181347,0.0,-0.010362694300518135,0.0,0.0,0.0,-0.010362694300518135
gt,-0.06217616580310881,0.010362694300518135,0.0,0.010362694300518135,0.010362694300518135,0.010362694300518135,0.0
minimax,0.03626943005181347,0.0,-0.010362694300518135,0.0,0.0,0.0,-0.010362694300518135
gtd,0.03626943005181347,0.0,-0.010362694300518135,0.0,0.0,0.0,-0.010362694300518135
Schulze,0.03626943005181347,0.0,-0.010362694300518135,0.0,0.0,0.0,-0.010362694300518135
IRV,-0.06217616580310881,0.010362694300518135,0.0,0.010362694300518135,0.010362694300518135,0.010362694300518135,0.0
