,Borda,plurality,gt,minimax,gtd,Schulze,IRV
Borda,0.0,-0.002004008016032064,-0.002004008016032064,0.0,-0.002004008016032064,0.0,0.03406813627254509
plurality,0.002004008016032064,0.0,0.0,0.002004008016032064,0.0,0.002004008016032064,-0.002004008016032064
gt,0.002004008016032064,0.0,0.0,0.002004008016032064,0.0,0.002004008016032064,-0.002004008016032064
minimax,0.0,-0.002004008016032064,-0.002004008016032064,0.0,-0.002004008016032064,0.0,0.03406813627254509
gtd,0.002004008016032064,0.0,0.0,0.002004008016032064,0.0,0.002004008016032064,-0.002004008016032064
Schulze,0.0,-0.002004008016032064,-0.002004008016032064,0.0,-0.002004008016032064,0.0,0.03406813627254509
IRV,-0.03406813627254509,0.002004008016032064,0.002004008016032064,-0.03406813627254509,0.002004008016032064,-0.03406813627254509,0.0
