,Borda,plurality,gt,minimax,gtd,Schulze,IRV
Borda,0.0,0.0176678445229682,0.0,0.0,0.0,0.0,0.0176678445229682
plurality,-0.0176678445229682,0.0,0.08833922261484099,-0.0176678445229682,-0.0176678445229682,-0.0176678445229682,0.0
gt,0.0,-0.08833922261484099,0.0,0.0,0.0,0.0,-0.08833922261484099
minimax,0.0,0.0176678445229682,0.0,0.0,0.0,0.0,0.0176678445229682
gtd,0.0,0.0176678445229682,0.0,0.0,0.0,0.0,0.0176678445229682
Schulze,0.0,0.0176678445229682,0.0,0.0,0.0,0.0,0.0176678445229682
IRV,-0.0176678445229682,0.0,0.08833922261484099,-0.0176678445229682,-0.0176678445229682,-0.0176678445229682,0.0
