,Borda,plurality,gt,minimax,gtd,Schulze,IRV
Borda,0.0,-0.008595988538681949,-0.008595988538681949,-0.008595988538681949,-0.008595988538681949,-0.008595988538681949,0.008595988538681949
plurality,0.008595988538681949,0.0,0.0,0.0,0.0,0.0,-0.0057306590257879654
gt,0.008595988538681949,0.0,0.0,0.0,0.0,0.0,-0.0057306590257879654
minimax,0.008595988538681949,0.0,0.0,0.0,0.0,0.0,-0.0057306590257879654
gtd,0.008595988538681949,0.0,0.0,0.0,0.0,0.0,-0.0057306590257879654
Schulze,0.008595988538681949,0.0,0.0,0.0,0.0,0.0,-0.0057306590257879654
IRV,-0.008595988538681949,0.0057306590257879654,0.0057306590257879654,0.0057306590257879654,0.0057306590257879654,0.0057306590257879654,0.0
