,Borda,plurality,gt,minimax,gtd,Schulze,IRV
Borda,0.0,0.07389162561576355,0.0,0.0,0.0,0.0,0.0
plurality,-0.07389162561576355,0.0,-0.07389162561576355,-0.07389162561576355,-0.07389162561576355,-0.07389162561576355,-0.07389162561576355
gt,0.0,0.07389162561576355,0.0,0.0,0.0,0.0,0.0
minimax,0.0,0.07389162561576355,0.0,0.0,0.0,0.0,0.0
gtd,0.0,0.07389162561576355,0.0,0.0,0.0,0.0,0.0
Schulze,0.0,0.07389162561576355,0.0,0.0,0.0,0.0,0.0
IRV,0.0,0.07389162561576355,0.0,0.0,0.0,0.0,0.0
