,Borda,plurality,gt,minimax,gtd,Schulze,IRV
Borda,0.0,0.03464203233256351,-0.0023094688221709007,0.0,-0.0023094688221709007,0.0,0.0
plurality,-0.03464203233256351,0.0,0.0023094688221709007,-0.03464203233256351,0.0023094688221709007,-0.03464203233256351,-0.03464203233256351
gt,0.0023094688221709007,-0.0023094688221709007,0.0,0.0023094688221709007,0.0,0.0023094688221709007,0.0023094688221709007
minimax,0.0,0.03464203233256351,-0.0023094688221709007,0.0,-0.0023094688221709007,0.0,0.0
gtd,0.0023094688221709007,-0.0023094688221709007,0.0,0.0023094688221709007,0.0,0.0023094688221709007,0.0023094688221709007
Schulze,0.0,0.03464203233256351,-0.0023094688221709007,0.0,-0.0023094688221709007,0.0,0.0
IRV,0.0,0.03464203233256351,-0.0023094688221709007,0.0,-0.0023094688221709007,0.0,0.0
