,Borda,plurality,gt,minimax,gtd,Schulze,IRV
Borda,0.0,-0.0243161094224924,0.0,0.0,0.0,0.0,0.0
plurality,0.0243161094224924,0.0,0.0243161094224924,-0.0364741641337386,-0.0364741641337386,-0.0364741641337386,-0.0364741641337386
gt,0.0,-0.0243161094224924,0.0,0.0,0.0,0.0,0.0
minimax,0.0,0.0364741641337386,0.0,0.0,0.0,0.0,0.0
gtd,0.0,0.0364741641337386,0.0,0.0,0.0,0.0,0.0
Schulze,0.0,0.0364741641337386,0.0,0.0,0.0,0.0,0.0
IRV,0.0,0.0364741641337386,0.0,0.0,0.0,0.0,0.0
