,Borda,plurality,gt,minimax,gtd,Schulze,IRV
Borda,0.0,-0.011152416356877323,-0.011152416356877323,0.0,-0.011152416356877323,0.0,0.05947955390334572
plurality,0.011152416356877323,0.0,0.0,0.011152416356877323,0.0,0.011152416356877323,-0.02973977695167286
gt,0.011152416356877323,0.0,0.0,0.011152416356877323,0.0,0.011152416356877323,-0.02973977695167286
minimax,0.0,-0.011152416356877323,-0.011152416356877323,0.0,-0.011152416356877323,0.0,0.05947955390334572
gtd,0.011152416356877323,0.0,0.0,0.011152416356877323,0.0,0.011152416356877323,-0.02973977695167286
Schulze,0.0,-0.011152416356877323,-0.011152416356877323,0.0,-0.011152416356877323,0.0,0.05947955390334572
IRV,-0.05947955390334572,0.02973977695167286,0.02973977695167286,-0.05947955390334572,0.02973977695167286,-0.05947955390334572,0.0
