,Borda,plurality,gt,minimax,gtd,Schulze,IRV
Borda,0.0,0.04011461318051576,-0.0057306590257879654,-0.0057306590257879654,-0.0057306590257879654,-0.0057306590257879654,0.04011461318051576
plurality,-0.04011461318051576,0.0,0.0057306590257879654,0.0057306590257879654,0.0057306590257879654,0.0057306590257879654,0.0
gt,0.0057306590257879654,-0.0057306590257879654,0.0,0.0,0.0,0.0,-0.0057306590257879654
minimax,0.0057306590257879654,-0.0057306590257879654,0.0,0.0,0.0,0.0,-0.0057306590257879654
gtd,0.0057306590257879654,-0.0057306590257879654,0.0,0.0,0.0,0.0,-0.0057306590257879654
Schulze,0.0057306590257879654,-0.0057306590257879654,0.0,0.0,0.0,0.0,-0.0057306590257879654
IRV,-0.04011461318051576,0.0,0.0057306590257879654,0.0057306590257879654,0.0057306590257879654,0.0057306590257879654,0.0
