,Borda,plurality,gt,minimax,gtd,Schulze,IRV
Borda,0.0,-0.043010752688172046,0.03225806451612903,-0.043010752688172046,0.03225806451612903,-0.043010752688172046,-0.043010752688172046
plurality,0.043010752688172046,0.0,-0.026881720430107527,0.0,-0.026881720430107527,0.0,0.0
gt,-0.03225806451612903,0.026881720430107527,0.0,0.026881720430107527,0.0,0.026881720430107527,0.026881720430107527
minimax,0.043010752688172046,0.0,-0.026881720430107527,0.0,-0.026881720430107527,0.0,0.0
gtd,-0.03225806451612903,0.026881720430107527,0.0,0.026881720430107527,0.0,0.026881720430107527,0.026881720430107527
Schulze,0.043010752688172046,0.0,-0.026881720430107527,0.0,-0.026881720430107527,0.0,0.0
IRV,0.043010752688172046,0.0,-0.026881720430107527,0.0,-0.026881720430107527,0.0,0.0
