,Borda,plurality,gt,minimax,gtd,Schulze,IRV
Borda,0.0,0.0,-0.022443890274314215,-0.022443890274314215,-0.022443890274314215,-0.022443890274314215,-0.022443890274314215
plurality,0.0,0.0,-0.022443890274314215,-0.022443890274314215,-0.022443890274314215,-0.022443890274314215,-0.022443890274314215
gt,0.022443890274314215,0.022443890274314215,0.0,0.0,0.0,0.0,0.0
minimax,0.022443890274314215,0.022443890274314215,0.0,0.0,0.0,0.0,0.0
gtd,0.022443890274314215,0.022443890274314215,0.0,0.0,0.0,0.0,0.0
Schulze,0.022443890274314215,0.022443890274314215,0.0,0.0,0.0,0.0,0.0
IRV,0.022443890274314215,0.022443890274314215,0.0,0.0,0.0,0.0,0.0
