,Borda,plurality,gt,minimax,gtd,Schulze,IRV
Borda,0.0,-0.06775067750677506,-0.06775067750677506,0.008130081300813009,0.008130081300813009,0.008130081300813009,0.008130081300813009
plurality,0.06775067750677506,0.0,0.0,-0.024390243902439025,-0.024390243902439025,-0.024390243902439025,-0.024390243902439025
gt,0.06775067750677506,0.0,0.0,-0.024390243902439025,-0.024390243902439025,-0.024390243902439025,-0.024390243902439025
minimax,-0.008130081300813009,0.024390243902439025,0.024390243902439025,0.0,0.0,0.0,0.0
gtd,-0.008130081300813009,0.024390243902439025,0.024390243902439025,0.0,0.0,0.0,0.0
Schulze,-0.008130081300813009,0.024390243902439025,0.024390243902439025,0.0,0.0,0.0,0.0
IRV,-0.008130081300813009,0.024390243902439025,0.024390243902439025,0.0,0.0,0.0,0.0
