,Borda,plurality,gt,minimax,gtd,Schulze,IRV
Borda,0.0,-0.01818181818181818,0.0025974025974025974,0.0025974025974025974,0.0,0.0025974025974025974,0.0025974025974025974
plurality,0.01818181818181818,0.0,-0.04935064935064935,-0.04935064935064935,0.01818181818181818,-0.04935064935064935,-0.04935064935064935
gt,-0.0025974025974025974,0.04935064935064935,0.0,0.0,-0.0025974025974025974,0.0,0.0
minimax,-0.0025974025974025974,0.04935064935064935,0.0,0.0,-0.0025974025974025974,0.0,0.0
gtd,0.0,-0.01818181818181818,0.0025974025974025974,0.0025974025974025974,0.0,0.0025974025974025974,0.0025974025974025974
Schulze,-0.0025974025974025974,0.04935064935064935,0.0,0.0,-0.0025974025974025974,0.0,0.0
IRV,-0.0025974025974025974,0.04935064935064935,0.0,0.0,-0.0025974025974025974,0.0,0.0
