,Borda,plurality,gt,minimax,gtd,Schulze,IRV
Borda,0.0,-0.018666666666666668,-0.018666666666666668,0.0,-0.018666666666666668,0.0,0.034666666666666665
plurality,0.018666666666666668,0.0,0.0,0.018666666666666668,0.0,0.018666666666666668,-0.024
gt,0.018666666666666668,0.0,0.0,0.018666666666666668,0.0,0.018666666666666668,-0.024
minimax,0.0,-0.018666666666666668,-0.018666666666666668,0.0,-0.018666666666666668,0.0,0.034666666666666665
gtd,0.018666666666666668,0.0,0.0,0.018666666666666668,0.0,0.018666666666666668,-0.024
Schulze,0.0,-0.018666666666666668,-0.018666666666666668,0.0,-0.018666666666666668,0.0,0.034666666666666665
IRV,-0.034666666666666665,0.024,0.024,-0.034666666666666665,0.024,-0.034666666666666665,0.0
