,Borda,plurality,gt,minimax,gtd,Schulze,IRV
Borda,0.0,-0.0163265306122449,-0.0163265306122449,-0.0163265306122449,-0.0163265306122449,-0.0163265306122449,0.08979591836734693
plurality,0.0163265306122449,0.0,0.0,0.0,0.0,0.0,-0.012244897959183673
gt,0.0163265306122449,0.0,0.0,0.0,0.0,0.0,-0.012244897959183673
minimax,0.0163265306122449,0.0,0.0,0.0,0.0,0.0,-0.012244897959183673
gtd,0.0163265306122449,0.0,0.0,0.0,0.0,0.0,-0.012244897959183673
Schulze,0.0163265306122449,0.0,0.0,0.0,0.0,0.0,-0.012244897959183673
IRV,-0.08979591836734693,0.012244897959183673,0.012244897959183673,0.012244897959183673,0.012244897959183673,0.012244897959183673,0.0
