,Borda,plurality,gt,minimax,gtd,Schulze,IRV
Borda,0.0,0.004830917874396135,-0.014492753623188406,0.004830917874396135,0.0,0.004830917874396135,0.004830917874396135
plurality,-0.004830917874396135,0.0,0.014492753623188406,0.0,-0.004830917874396135,0.0,0.0
gt,0.014492753623188406,-0.014492753623188406,0.0,-0.014492753623188406,0.014492753623188406,-0.014492753623188406,-0.014492753623188406
minimax,-0.004830917874396135,0.0,0.014492753623188406,0.0,-0.004830917874396135,0.0,0.0
gtd,0.0,0.004830917874396135,-0.014492753623188406,0.004830917874396135,0.0,0.004830917874396135,0.004830917874396135
Schulze,-0.004830917874396135,0.0,0.014492753623188406,0.0,-0.004830917874396135,0.0,0.0
IRV,-0.004830917874396135,0.0,0.014492753623188406,0.0,-0.004830917874396135,0.0,0.0
