,Borda,plurality,gt,minimax,gtd,Schulze,IRV
Borda,0.0,0.18181818181818182,0.0,0.0,0.0,0.0,0.0
plurality,-0.18181818181818182,0.0,-0.18181818181818182,-0.19786096256684493,-0.19786096256684493,-0.19786096256684493,-0.19786096256684493
gt,0.0,0.18181818181818182,0.0,0.0,0.0,0.0,0.0
minimax,0.0,0.19786096256684493,0.0,0.0,0.0,0.0,0.0
gtd,0.0,0.19786096256684493,0.0,0.0,0.0,0.0,0.0
Schulze,0.0,0.19786096256684493,0.0,0.0,0.0,0.0,0.0
IRV,0.0,0.19786096256684493,0.0,0.0,0.0,0.0,0.0
