,Borda,plurality,gt,minimax,gtd,Schulze,IRV
Borda,0.0,0.0,0.0,0.0,-0.0024813895781637717,0.0,-0.0024813895781637717
plurality,0.0,0.0,0.0,0.0,-0.0024813895781637717,0.0,-0.0024813895781637717
gt,0.0,0.0,0.0,0.0,-0.0024813895781637717,0.0,-0.0024813895781637717
minimax,0.0,0.0,0.0,0.0,-0.0024813895781637717,0.0,-0.0024813895781637717
gtd,0.0024813895781637717,0.0024813895781637717,0.0024813895781637717,0.0024813895781637717,0.0,0.0024813895781637717,0.0
Schulze,0.0,0.0,0.0,0.0,-0.0024813895781637717,0.0,-0.0024813895781637717
IRV,0.0024813895781637717,0.0024813895781637717,0.0024813895781637717,0.0024813895781637717,0.0,0.0024813895781637717,0.0
