,Borda,plurality,gt,minimax,gtd,Schulze,IRV
Borda,0.0,0.0,-0.05263157894736842,-0.05263157894736842,0.03827751196172249,-0.05263157894736842,0.0
plurality,0.0,0.0,-0.05263157894736842,-0.05263157894736842,0.03827751196172249,-0.05263157894736842,0.0
gt,0.05263157894736842,0.05263157894736842,0.0,0.0,-0.014354066985645933,0.0,0.05263157894736842
minimax,0.05263157894736842,0.05263157894736842,0.0,0.0,-0.014354066985645933,0.0,0.05263157894736842
gtd,-0.03827751196172249,-0.03827751196172249,0.014354066985645933,0.014354066985645933,0.0,0.014354066985645933,-0.03827751196172249
Schulze,0.05263157894736842,0.05263157894736842,0.0,0.0,-0.014354066985645933,0.0,0.05263157894736842
IRV,0.0,0.0,-0.05263157894736842,-0.05263157894736842,0.03827751196172249,-0.05263157894736842,0.0
