,Borda,plurality,gt,minimax,gtd,Schulze,IRV
Borda,0.0,-0.014613778705636743,0.0020876826722338203,0.0020876826722338203,0.0020876826722338203,0.0020876826722338203,0.0020876826722338203
plurality,0.014613778705636743,0.0,-0.006263048016701462,-0.006263048016701462,-0.006263048016701462,-0.006263048016701462,-0.006263048016701462
gt,-0.0020876826722338203,0.006263048016701462,0.0,0.0,0.0,0.0,0.0
minimax,-0.0020876826722338203,0.006263048016701462,0.0,0.0,0.0,0.0,0.0
gtd,-0.0020876826722338203,0.006263048016701462,0.0,0.0,0.0,0.0,0.0
Schulze,-0.0020876826722338203,0.006263048016701462,0.0,0.0,0.0,0.0,0.0
IRV,-0.0020876826722338203,0.006263048016701462,0.0,0.0,0.0,0.0,0.0
