,Borda,plurality,gt,minimax,gtd,Schulze,IRV
Borda,0.0,-0.009615384615384616,-0.009615384615384616,0.0,-0.009615384615384616,0.0,-0.009615384615384616
plurality,0.009615384615384616,0.0,0.0,0.009615384615384616,0.0,0.009615384615384616,0.0
gt,0.009615384615384616,0.0,0.0,0.009615384615384616,0.0,0.009615384615384616,0.0
minimax,0.0,-0.009615384615384616,-0.009615384615384616,0.0,-0.009615384615384616,0.0,-0.009615384615384616
gtd,0.009615384615384616,0.0,0.0,0.009615384615384616,0.0,0.009615384615384616,0.0
Schulze,0.0,-0.009615384615384616,-0.009615384615384616,0.0,-0.009615384615384616,0.0,-0.009615384615384616
IRV,0.009615384615384616,0.0,0.0,0.009615384615384616,0.0,0.009615384615384616,0.0
