,Borda,plurality,gt,minimax,gtd,Schulze,IRV
Borda,0.0,-0.009259259259259259,0.08333333333333333,0.0,-0.009259259259259259,0.0,-0.009259259259259259
plurality,0.009259259259259259,0.0,-0.07407407407407407,0.009259259259259259,0.0,0.009259259259259259,0.0
gt,-0.08333333333333333,0.07407407407407407,0.0,-0.08333333333333333,0.07407407407407407,-0.08333333333333333,0.07407407407407407
minimax,0.0,-0.009259259259259259,0.08333333333333333,0.0,-0.009259259259259259,0.0,-0.009259259259259259
gtd,0.009259259259259259,0.0,-0.07407407407407407,0.009259259259259259,0.0,0.009259259259259259,0.0
Schulze,0.0,-0.009259259259259259,0.08333333333333333,0.0,-0.009259259259259259,0.0,-0.009259259259259259
IRV,0.009259259259259259,0.0,-0.07407407407407407,0.009259259259259259,0.0,0.009259259259259259,0.0
