,Borda,plurality,gt,minimax,gtd,Schulze,IRV
Borda,0.0,-0.020785219399538105,0.07159353348729793,0.0,-0.020785219399538105,0.0,0.07159353348729793
plurality,0.020785219399538105,0.0,-0.053117782909930716,0.020785219399538105,0.0,0.020785219399538105,-0.053117782909930716
gt,-0.07159353348729793,0.053117782909930716,0.0,-0.07159353348729793,0.053117782909930716,-0.07159353348729793,0.0
minimax,0.0,-0.020785219399538105,0.07159353348729793,0.0,-0.020785219399538105,0.0,0.07159353348729793
gtd,0.020785219399538105,0.0,-0.053117782909930716,0.020785219399538105,0.0,0.020785219399538105,-0.053117782909930716
Schulze,0.0,-0.020785219399538105,0.07159353348729793,0.0,-0.020785219399538105,0.0,0.07159353348729793
IRV,-0.07159353348729793,0.053117782909930716,0.0,-0.07159353348729793,0.053117782909930716,-0.07159353348729793,0.0
