,Borda,plurality,gt,minimax,gtd,Schulze,IRV
Borda,0.0,0.03162055335968379,-0.02766798418972332,0.0,0.0,0.0,0.03162055335968379
plurality,-0.03162055335968379,0.0,0.03557312252964427,-0.03162055335968379,-0.03162055335968379,-0.03162055335968379,0.0
gt,0.02766798418972332,-0.03557312252964427,0.0,0.02766798418972332,0.02766798418972332,0.02766798418972332,-0.03557312252964427
minimax,0.0,0.03162055335968379,-0.02766798418972332,0.0,0.0,0.0,0.03162055335968379
gtd,0.0,0.03162055335968379,-0.02766798418972332,0.0,0.0,0.0,0.03162055335968379
Schulze,0.0,0.03162055335968379,-0.02766798418972332,0.0,0.0,0.0,0.03162055335968379
IRV,-0.03162055335968379,0.0,0.03557312252964427,-0.03162055335968379,-0.03162055335968379,-0.03162055335968379,0.0
