,Borda,plurality,gt,minimax,gtd,Schulze,IRV
Borda,0.0,0.02743142144638404,0.02743142144638404,0.0,0.0,0.0,0.02743142144638404
plurality,-0.02743142144638404,0.0,0.0,-0.02743142144638404,-0.02743142144638404,-0.02743142144638404,0.0
gt,-0.02743142144638404,0.0,0.0,-0.02743142144638404,-0.02743142144638404,-0.02743142144638404,0.0
minimax,0.0,0.02743142144638404,0.02743142144638404,0.0,0.0,0.0,0.02743142144638404
gtd,0.0,0.02743142144638404,0.02743142144638404,0.0,0.0,0.0,0.02743142144638404
Schulze,0.0,0.02743142144638404,0.02743142144638404,0.0,0.0,0.0,0.02743142144638404
IRV,-0.02743142144638404,0.0,0.0,-0.02743142144638404,-0.02743142144638404,-0.02743142144638404,0.0
