,Borda,plurality,gt,minimax,gtd,Schulze,IRV
Borda,0.0,0.0,-0.00796812749003984,0.0,-0.00796812749003984,0.0,-0.00796812749003984
plurality,0.0,0.0,-0.00796812749003984,0.0,-0.00796812749003984,0.0,-0.00796812749003984
gt,0.00796812749003984,0.00796812749003984,0.0,0.00796812749003984,0.0,0.00796812749003984,0.0
minimax,0.0,0.0,-0.00796812749003984,0.0,-0.00796812749003984,0.0,-0.00796812749003984
gtd,0.00796812749003984,0.00796812749003984,0.0,0.00796812749003984,0.0,0.00796812749003984,0.0
Schulze,0.0,0.0,-0.00796812749003984,0.0,-0.00796812749003984,0.0,-0.00796812749003984
IRV,0.00796812749003984,0.00796812749003984,0.0,0.00796812749003984,0.0,0.00796812749003984,0.0
