,Borda,plurality,gt,minimax,gtd,Schulze,IRV
Borda,0.0,0.07462686567164178,0.07462686567164178,-0.01990049751243781,-0.01990049751243781,-0.01990049751243781,0.07462686567164178
plurality,-0.07462686567164178,0.0,0.0,0.0,0.0,0.0,0.0
gt,-0.07462686567164178,0.0,0.0,0.0,0.0,0.0,0.0
minimax,0.01990049751243781,0.0,0.0,0.0,0.0,0.0,0.0
gtd,0.01990049751243781,0.0,0.0,0.0,0.0,0.0,0.0
Schulze,0.01990049751243781,0.0,0.0,0.0,0.0,0.0,0.0
IRV,-0.07462686567164178,0.0,0.0,0.0,0.0,0.0,0.0
