,Borda,plurality,gt,minimax,gtd,Schulze,IRV
Borda,0.0,-0.03365384615384615,-0.03365384615384615,0.0,-0.03365384615384615,0.0,-0.03365384615384615
plurality,0.03365384615384615,0.0,0.0,0.03365384615384615,0.0,0.03365384615384615,0.0
gt,0.03365384615384615,0.0,0.0,0.03365384615384615,0.0,0.03365384615384615,0.0
minimax,0.0,-0.03365384615384615,-0.03365384615384615,0.0,-0.03365384615384615,0.0,-0.03365384615384615
gtd,0.03365384615384615,0.0,0.0,0.03365384615384615,0.0,0.03365384615384615,0.0
Schulze,0.0,-0.03365384615384615,-0.03365384615384615,0.0,-0.03365384615384615,0.0,-0.03365384615384615
IRV,0.03365384615384615,0.0,0.0,0.03365384615384615,0.0,0.03365384615384615,0.0
