,Borda,plurality,gt,minimax,gtd,Schulze,IRV
Borda,0.0,0.02577319587628866,-0.010309278350515464,0.0,-0.010309278350515464,0.0,0.02577319587628866
plurality,-0.02577319587628866,0.0,0.010309278350515464,-0.02577319587628866,0.010309278350515464,-0.02577319587628866,0.0
gt,0.010309278350515464,-0.010309278350515464,0.0,0.010309278350515464,0.0,0.010309278350515464,-0.010309278350515464
minimax,0.0,0.02577319587628866,-0.010309278350515464,0.0,-0.010309278350515464,0.0,0.02577319587628866
gtd,0.010309278350515464,-0.010309278350515464,0.0,0.010309278350515464,0.0,0.010309278350515464,-0.010309278350515464
Schulze,0.0,0.02577319587628866,-0.010309278350515464,0.0,-0.010309278350515464,0.0,0.02577319587628866
IRV,-0.02577319587628866,0.0,0.010309278350515464,-0.02577319587628866,0.010309278350515464,-0.02577319587628866,0.0
