,Borda,plurality,gt,minimax,gtd,Schulze,IRV
Borda,0.0,-0.014778325123152709,0.0,0.008210180623973728,0.008210180623973728,0.008210180623973728,-0.014778325123152709
plurality,0.014778325123152709,0.0,0.014778325123152709,-0.008210180623973728,-0.008210180623973728,-0.008210180623973728,0.0
gt,0.0,-0.014778325123152709,0.0,0.008210180623973728,0.008210180623973728,0.008210180623973728,-0.014778325123152709
minimax,-0.008210180623973728,0.008210180623973728,-0.008210180623973728,0.0,0.0,0.0,0.008210180623973728
gtd,-0.008210180623973728,0.008210180623973728,-0.008210180623973728,0.0,0.0,0.0,0.008210180623973728
Schulze,-0.008210180623973728,0.008210180623973728,-0.008210180623973728,0.0,0.0,0.0,0.008210180623973728
IRV,0.014778325123152709,0.0,0.014778325123152709,-0.008210180623973728,-0.008210180623973728,-0.008210180623973728,0.0
