,Borda,plurality,gt,minimax,gtd,Schulze,IRV
Borda,0.0,-0.028409090909090908,0.0,0.0,-0.028409090909090908,0.0,0.03409090909090909
plurality,0.028409090909090908,0.0,0.028409090909090908,0.028409090909090908,0.0,0.028409090909090908,-0.03409090909090909
gt,0.0,-0.028409090909090908,0.0,0.0,-0.028409090909090908,0.0,0.03409090909090909
minimax,0.0,-0.028409090909090908,0.0,0.0,-0.028409090909090908,0.0,0.03409090909090909
gtd,0.028409090909090908,0.0,0.028409090909090908,0.028409090909090908,0.0,0.028409090909090908,-0.03409090909090909
Schulze,0.0,-0.028409090909090908,0.0,0.0,-0.028409090909090908,0.0,0.03409090909090909
IRV,-0.03409090909090909,0.03409090909090909,-0.03409090909090909,-0.03409090909090909,0.03409090909090909,-0.03409090909090909,0.0
