,Borda,plurality,gt,minimax,gtd,Schulze,IRV
Borda,0.0,-0.012165450121654502,0.0,0.0,0.0,0.0,0.012165450121654502
plurality,0.012165450121654502,0.0,0.012165450121654502,0.012165450121654502,0.012165450121654502,0.012165450121654502,-0.06082725060827251
gt,0.0,-0.012165450121654502,0.0,0.0,0.0,0.0,0.012165450121654502
minimax,0.0,-0.012165450121654502,0.0,0.0,0.0,0.0,0.012165450121654502
gtd,0.0,-0.012165450121654502,0.0,0.0,0.0,0.0,0.012165450121654502
Schulze,0.0,-0.012165450121654502,0.0,0.0,0.0,0.0,0.012165450121654502
IRV,-0.012165450121654502,0.06082725060827251,-0.012165450121654502,-0.012165450121654502,-0.012165450121654502,-0.012165450121654502,0.0
