,Borda,plurality,gt,minimax,gtd,Schulze,IRV
Borda,0.0,0.07434052757793765,0.07434052757793765,-0.016786570743405275,-0.016786570743405275,-0.016786570743405275,0.0
plurality,-0.07434052757793765,0.0,0.0,0.011990407673860911,0.011990407673860911,0.011990407673860911,-0.07434052757793765
gt,-0.07434052757793765,0.0,0.0,0.011990407673860911,0.011990407673860911,0.011990407673860911,-0.07434052757793765
minimax,0.016786570743405275,-0.011990407673860911,-0.011990407673860911,0.0,0.0,0.0,0.016786570743405275
gtd,0.016786570743405275,-0.011990407673860911,-0.011990407673860911,0.0,0.0,0.0,0.016786570743405275
Schulze,0.016786570743405275,-0.011990407673860911,-0.011990407673860911,0.0,0.0,0.0,0.016786570743405275
IRV,0.0,0.07434052757793765,0.07434052757793765,-0.016786570743405275,-0.016786570743405275,-0.016786570743405275,0.0
