,Borda,plurality,gt,minimax,gtd,Schulze,IRV
Borda,0.0,-0.004975124378109453,0.0,0.0,-0.004975124378109453,0.0,0.014925373134328358
plurality,0.004975124378109453,0.0,0.004975124378109453,0.004975124378109453,0.0,0.004975124378109453,-0.014925373134328358
gt,0.0,-0.004975124378109453,0.0,0.0,-0.004975124378109453,0.0,0.014925373134328358
minimax,0.0,-0.004975124378109453,0.0,0.0,-0.004975124378109453,0.0,0.014925373134328358
gtd,0.004975124378109453,0.0,0.004975124378109453,0.004975124378109453,0.0,0.004975124378109453,-0.014925373134328358
Schulze,0.0,-0.004975124378109453,0.0,0.0,-0.004975124378109453,0.0,0.014925373134328358
IRV,-0.014925373134328358,0.014925373134328358,-0.014925373134328358,-0.014925373134328358,0.014925373134328358,-0.014925373134328358,0.0
