,Borda,plurality,gt,minimax,gtd,Schulze,IRV
Borda,0.0,-0.01876675603217158,-0.01876675603217158,-0.01876675603217158,-0.01876675603217158,-0.01876675603217158,-0.01876675603217158
plurality,0.01876675603217158,0.0,0.0,0.0,0.0,0.0,0.0
gt,0.01876675603217158,0.0,0.0,0.0,0.0,0.0,0.0
minimax,0.01876675603217158,0.0,0.0,0.0,0.0,0.0,0.0
gtd,0.01876675603217158,0.0,0.0,0.0,0.0,0.0,0.0
Schulze,0.01876675603217158,0.0,0.0,0.0,0.0,0.0,0.0
IRV,0.01876675603217158,0.0,0.0,0.0,0.0,0.0,0.0
