,Borda,plurality,gt,minimax,gtd,Schulze,IRV
Borda,0.0,-0.03535353535353535,-0.005050505050505051,-0.03535353535353535,-0.03535353535353535,-0.03535353535353535,-0.03535353535353535
plurality,0.03535353535353535,0.0,-0.010101010101010102,0.0,0.0,0.0,0.0
gt,0.005050505050505051,0.010101010101010102,0.0,0.010101010101010102,0.010101010101010102,0.010101010101010102,0.010101010101010102
minimax,0.03535353535353535,0.0,-0.010101010101010102,0.0,0.0,0.0,0.0
gtd,0.03535353535353535,0.0,-0.010101010101010102,0.0,0.0,0.0,0.0
Schulze,0.03535353535353535,0.0,-0.010101010101010102,0.0,0.0,0.0,0.0
IRV,0.03535353535353535,0.0,-0.010101010101010102,0.0,0.0,0.0,0.0
