,Borda,plurality,gt,minimax,gtd,Schulze,IRV
Borda,0.0,0.0,-0.028132992327365727,-0.028132992327365727,-0.028132992327365727,-0.028132992327365727,0.03836317135549872
plurality,0.0,0.0,-0.028132992327365727,-0.028132992327365727,-0.028132992327365727,-0.028132992327365727,0.03836317135549872
gt,0.028132992327365727,0.028132992327365727,0.0,0.0,0.0,0.0,-0.01278772378516624
minimax,0.028132992327365727,0.028132992327365727,0.0,0.0,0.0,0.0,-0.01278772378516624
gtd,0.028132992327365727,0.028132992327365727,0.0,0.0,0.0,0.0,-0.01278772378516624
Schulze,0.028132992327365727,0.028132992327365727,0.0,0.0,0.0,0.0,-0.01278772378516624
IRV,-0.03836317135549872,-0.03836317135549872,0.01278772378516624,0.01278772378516624,0.01278772378516624,0.01278772378516624,0.0
