,Borda,plurality,gt,minimax,gtd,Schulze,IRV
Borda,0.0,0.0056179775280898875,-0.028089887640449437,0.0056179775280898875,0.0056179775280898875,0.0056179775280898875,0.0
plurality,-0.0056179775280898875,0.0,0.016853932584269662,0.0,0.0,0.0,-0.0056179775280898875
gt,0.028089887640449437,-0.016853932584269662,0.0,-0.016853932584269662,-0.016853932584269662,-0.016853932584269662,0.028089887640449437
minimax,-0.0056179775280898875,0.0,0.016853932584269662,0.0,0.0,0.0,-0.0056179775280898875
gtd,-0.0056179775280898875,0.0,0.016853932584269662,0.0,0.0,0.0,-0.0056179775280898875
Schulze,-0.0056179775280898875,0.0,0.016853932584269662,0.0,0.0,0.0,-0.0056179775280898875
IRV,0.0,0.0056179775280898875,-0.028089887640449437,0.0056179775280898875,0.0056179775280898875,0.0056179775280898875,0.0
