,Borda,plurality,gt,minimax,gtd,Schulze,IRV
Borda,0.0,-0.015267175572519083,0.03435114503816794,-0.015267175572519083,-0.015267175572519083,-0.015267175572519083,-0.015267175572519083
plurality,0.015267175572519083,0.0,-0.011450381679389313,0.0,0.0,0.0,0.0
gt,-0.03435114503816794,0.011450381679389313,0.0,0.011450381679389313,0.011450381679389313,0.011450381679389313,0.011450381679389313
minimax,0.015267175572519083,0.0,-0.011450381679389313,0.0,0.0,0.0,0.0
gtd,0.015267175572519083,0.0,-0.011450381679389313,0.0,0.0,0.0,0.0
Schulze,0.015267175572519083,0.0,-0.011450381679389313,0.0,0.0,0.0,0.0
IRV,0.015267175572519083,0.0,-0.011450381679389313,0.0,0.0,0.0,0.0
