,Borda,plurality,gt,minimax,gtd,Schulze,IRV
Borda,0.0,-0.03333333333333333,0.014814814814814815,-0.03333333333333333,0.014814814814814815,-0.03333333333333333,0.014814814814814815
plurality,0.03333333333333333,0.0,-0.011111111111111112,0.0,-0.011111111111111112,0.0,-0.011111111111111112
gt,-0.014814814814814815,0.011111111111111112,0.0,0.011111111111111112,0.0,0.011111111111111112,0.0
minimax,0.03333333333333333,0.0,-0.011111111111111112,0.0,-0.011111111111111112,0.0,-0.011111111111111112
gtd,-0.014814814814814815,0.011111111111111112,0.0,0.011111111111111112,0.0,0.011111111111111112,0.0
Schulze,0.03333333333333333,0.0,-0.011111111111111112,0.0,-0.011111111111111112,0.0,-0.011111111111111112
IRV,-0.014814814814814815,0.011111111111111112,0.0,0.011111111111111112,0.0,0.011111111111111112,0.0
