,Borda,plurality,gt,minimax,gtd,Schulze,IRV
Borda,0.0,-0.018036072144288578,-0.018036072144288578,-0.018036072144288578,-0.018036072144288578,-0.018036072144288578,0.07414829659318638
plurality,0.018036072144288578,0.0,0.0,0.0,0.0,0.0,-0.002004008016032064
gt,0.018036072144288578,0.0,0.0,0.0,0.0,0.0,-0.002004008016032064
minimax,0.018036072144288578,0.0,0.0,0.0,0.0,0.0,-0.002004008016032064
gtd,0.018036072144288578,0.0,0.0,0.0,0.0,0.0,-0.002004008016032064
Schulze,0.018036072144288578,0.0,0.0,0.0,0.0,0.0,-0.002004008016032064
IRV,-0.07414829659318638,0.002004008016032064,0.002004008016032064,0.002004008016032064,0.002004008016032064,0.002004008016032064,0.0
