,Borda,plurality,gt,minimax,gtd,Schulze,IRV
Borda,0.0,-0.01910828025477707,-0.01910828025477707,-0.01910828025477707,-0.01910828025477707,-0.01910828025477707,0.04883227176220807
plurality,0.01910828025477707,0.0,0.0,0.0,0.0,0.0,-0.010615711252653927
gt,0.01910828025477707,0.0,0.0,0.0,0.0,0.0,-0.010615711252653927
minimax,0.01910828025477707,0.0,0.0,0.0,0.0,0.0,-0.010615711252653927
gtd,0.01910828025477707,0.0,0.0,0.0,0.0,0.0,-0.010615711252653927
Schulze,0.01910828025477707,0.0,0.0,0.0,0.0,0.0,-0.010615711252653927
IRV,-0.04883227176220807,0.010615711252653927,0.010615711252653927,0.010615711252653927,0.010615711252653927,0.010615711252653927,0.0
