,Borda,plurality,gt,minimax,gtd,Schulze,IRV
Borda,0.0,-0.0053475935828877,0.0,0.0,0.0,0.0,0.0213903743315508
plurality,0.0053475935828877,0.0,0.0053475935828877,0.0053475935828877,0.0053475935828877,0.0053475935828877,-0.0213903743315508
gt,0.0,-0.0053475935828877,0.0,0.0,0.0,0.0,0.0213903743315508
minimax,0.0,-0.0053475935828877,0.0,0.0,0.0,0.0,0.0213903743315508
gtd,0.0,-0.0053475935828877,0.0,0.0,0.0,0.0,0.0213903743315508
Schulze,0.0,-0.0053475935828877,0.0,0.0,0.0,0.0,0.0213903743315508
IRV,-0.0213903743315508,0.0213903743315508,-0.0213903743315508,-0.0213903743315508,-0.0213903743315508,-0.0213903743315508,0.0
