,Borda,plurality,gt,minimax,gtd,Schulze,IRV
Borda,0.0,0.031413612565445025,-0.02617801047120419,0.0,0.0,0.0,0.031413612565445025
plurality,-0.031413612565445025,0.0,0.06806282722513089,-0.031413612565445025,-0.031413612565445025,-0.031413612565445025,0.0
gt,0.02617801047120419,-0.06806282722513089,0.0,0.02617801047120419,0.02617801047120419,0.02617801047120419,-0.06806282722513089
minimax,0.0,0.031413612565445025,-0.02617801047120419,0.0,0.0,0.0,0.031413612565445025
gtd,0.0,0.031413612565445025,-0.02617801047120419,0.0,0.0,0.0,0.031413612565445025
Schulze,0.0,0.031413612565445025,-0.02617801047120419,0.0,0.0,0.0,0.031413612565445025
IRV,-0.031413612565445025,0.0,0.06806282722513089,-0.031413612565445025,-0.031413612565445025,-0.031413612565445025,0.0
