,Borda,plurality,gt,minimax,gtd,Schulze,IRV
Borda,0.0,-0.016216216216216217,-0.016216216216216217,-0.016216216216216217,-0.016216216216216217,-0.016216216216216217,0.021621621621621623
plurality,0.016216216216216217,0.0,0.0,0.0,0.0,0.0,-0.016216216216216217
gt,0.016216216216216217,0.0,0.0,0.0,0.0,0.0,-0.016216216216216217
minimax,0.016216216216216217,0.0,0.0,0.0,0.0,0.0,-0.016216216216216217
gtd,0.016216216216216217,0.0,0.0,0.0,0.0,0.0,-0.016216216216216217
Schulze,0.016216216216216217,0.0,0.0,0.0,0.0,0.0,-0.016216216216216217
IRV,-0.021621621621621623,0.016216216216216217,0.016216216216216217,0.016216216216216217,0.016216216216216217,0.016216216216216217,0.0
