,Borda,plurality,gt,minimax,gtd,Schulze,IRV
Borda,0.0,-0.022004889975550123,-0.022004889975550123,-0.022004889975550123,-0.022004889975550123,-0.022004889975550123,0.03178484107579462
plurality,0.022004889975550123,0.0,0.0,0.0,0.0,0.0,-0.007334963325183374
gt,0.022004889975550123,0.0,0.0,0.0,0.0,0.0,-0.007334963325183374
minimax,0.022004889975550123,0.0,0.0,0.0,0.0,0.0,-0.007334963325183374
gtd,0.022004889975550123,0.0,0.0,0.0,0.0,0.0,-0.007334963325183374
Schulze,0.022004889975550123,0.0,0.0,0.0,0.0,0.0,-0.007334963325183374
IRV,-0.03178484107579462,0.007334963325183374,0.007334963325183374,0.007334963325183374,0.007334963325183374,0.007334963325183374,0.0
