,Borda,plurality,gt,minimax,gtd,Schulze,IRV
Borda,0.0,0.02358490566037736,0.0,0.0,0.0,0.0,0.0
plurality,-0.02358490566037736,0.0,-0.02358490566037736,-0.02358490566037736,-0.02358490566037736,-0.02358490566037736,-0.02358490566037736
gt,0.0,0.02358490566037736,0.0,0.0,0.0,0.0,0.0
minimax,0.0,0.02358490566037736,0.0,0.0,0.0,0.0,0.0
gtd,0.0,0.02358490566037736,0.0,0.0,0.0,0.0,0.0
Schulze,0.0,0.02358490566037736,0.0,0.0,0.0,0.0,0.0
IRV,0.0,0.02358490566037736,0.0,0.0,0.0,0.0,0.0
