,Borda,plurality,gt,minimax,gtd,Schulze,IRV
Borda,0.0,-0.010362694300518135,-0.010362694300518135,0.0,-0.010362694300518135,0.0,0.05699481865284974
plurality,0.010362694300518135,0.0,0.0,0.010362694300518135,0.0,0.010362694300518135,-0.02072538860103627
gt,0.010362694300518135,0.0,0.0,0.010362694300518135,0.0,0.010362694300518135,-0.02072538860103627
minimax,0.0,-0.010362694300518135,-0.010362694300518135,0.0,-0.010362694300518135,0.0,0.05699481865284974
gtd,0.010362694300518135,0.0,0.0,0.010362694300518135,0.0,0.010362694300518135,-0.02072538860103627
Schulze,0.0,-0.010362694300518135,-0.010362694300518135,0.0,-0.010362694300518135,0.0,0.05699481865284974
IRV,-0.05699481865284974,0.02072538860103627,0.02072538860103627,-0.05699481865284974,0.02072538860103627,-0.05699481865284974,0.0
