,Borda,plurality,gt,minimax,gtd,Schulze,IRV
Borda,0.0,-0.022099447513812154,0.0,0.0,-0.022099447513812154,0.0,0.08287292817679558
plurality,0.022099447513812154,0.0,0.022099447513812154,0.022099447513812154,0.0,0.022099447513812154,-0.049723756906077346
gt,0.0,-0.022099447513812154,0.0,0.0,-0.022099447513812154,0.0,0.08287292817679558
minimax,0.0,-0.022099447513812154,0.0,0.0,-0.022099447513812154,0.0,0.08287292817679558
gtd,0.022099447513812154,0.0,0.022099447513812154,0.022099447513812154,0.0,0.022099447513812154,-0.049723756906077346
Schulze,0.0,-0.022099447513812154,0.0,0.0,-0.022099447513812154,0.0,0.08287292817679558
IRV,-0.08287292817679558,0.049723756906077346,-0.08287292817679558,-0.08287292817679558,0.049723756906077346,-0.08287292817679558,0.0
