,Borda,plurality,gt,minimax,gtd,Schulze,IRV
Borda,0.0,-0.013054830287206266,0.0,0.0,-0.013054830287206266,0.0,0.028720626631853787
plurality,0.013054830287206266,0.0,0.013054830287206266,0.013054830287206266,0.0,0.013054830287206266,-0.018276762402088774
gt,0.0,-0.013054830287206266,0.0,0.0,-0.013054830287206266,0.0,0.028720626631853787
minimax,0.0,-0.013054830287206266,0.0,0.0,-0.013054830287206266,0.0,0.028720626631853787
gtd,0.013054830287206266,0.0,0.013054830287206266,0.013054830287206266,0.0,0.013054830287206266,-0.018276762402088774
Schulze,0.0,-0.013054830287206266,0.0,0.0,-0.013054830287206266,0.0,0.028720626631853787
IRV,-0.028720626631853787,0.018276762402088774,-0.028720626631853787,-0.028720626631853787,0.018276762402088774,-0.028720626631853787,0.0
