,Borda,plurality,gt,minimax,gtd,Schulze,IRV
Borda,0.0,-0.026004728132387706,0.07801418439716312,-0.026004728132387706,-0.026004728132387706,-0.026004728132387706,-0.026004728132387706
plurality,0.026004728132387706,0.0,-0.02127659574468085,0.0,0.0,0.0,0.0
gt,-0.07801418439716312,0.02127659574468085,0.0,0.02127659574468085,0.02127659574468085,0.02127659574468085,0.02127659574468085
minimax,0.026004728132387706,0.0,-0.02127659574468085,0.0,0.0,0.0,0.0
gtd,0.026004728132387706,0.0,-0.02127659574468085,0.0,0.0,0.0,0.0
Schulze,0.026004728132387706,0.0,-0.02127659574468085,0.0,0.0,0.0,0.0
IRV,0.026004728132387706,0.0,-0.02127659574468085,0.0,0.0,0.0,0.0
