,Borda,plurality,gt,minimax,gtd,Schulze,IRV
Borda,0.0,0.0,-0.004842615012106538,-0.004842615012106538,-0.004842615012106538,-0.004842615012106538,-0.004842615012106538
plurality,0.0,0.0,-0.004842615012106538,-0.004842615012106538,-0.004842615012106538,-0.004842615012106538,-0.004842615012106538
gt,0.004842615012106538,0.004842615012106538,0.0,0.0,0.0,0.0,0.0
minimax,0.004842615012106538,0.004842615012106538,0.0,0.0,0.0,0.0,0.0
gtd,0.004842615012106538,0.004842615012106538,0.0,0.0,0.0,0.0,0.0
Schulze,0.004842615012106538,0.004842615012106538,0.0,0.0,0.0,0.0,0.0
IRV,0.004842615012106538,0.004842615012106538,0.0,0.0,0.0,0.0,0.0
