,Borda,plurality,gt,minimax,gtd,Schulze,IRV
Borda,0.0,-0.03978779840848806,-0.03978779840848806,-0.03978779840848806,0.029177718832891247,-0.03978779840848806,0.029177718832891247
plurality,0.03978779840848806,0.0,0.0,0.0,-0.002652519893899204,0.0,-0.002652519893899204
gt,0.03978779840848806,0.0,0.0,0.0,-0.002652519893899204,0.0,-0.002652519893899204
minimax,0.03978779840848806,0.0,0.0,0.0,-0.002652519893899204,0.0,-0.002652519893899204
gtd,-0.029177718832891247,0.002652519893899204,0.002652519893899204,0.002652519893899204,0.0,0.002652519893899204,0.0
Schulze,0.03978779840848806,0.0,0.0,0.0,-0.002652519893899204,0.0,-0.002652519893899204
IRV,-0.029177718832891247,0.002652519893899204,0.002652519893899204,0.002652519893899204,0.0,0.002652519893899204,0.0
