,Borda,plurality,gt,minimax,gtd,Schulze,IRV
Borda,0.0,-0.00821917808219178,0.07945205479452055,0.0,-0.00821917808219178,0.0,-0.00821917808219178
plurality,0.00821917808219178,0.0,-0.030136986301369864,0.00821917808219178,0.0,0.00821917808219178,0.0
gt,-0.07945205479452055,0.030136986301369864,0.0,-0.07945205479452055,0.030136986301369864,-0.07945205479452055,0.030136986301369864
minimax,0.0,-0.00821917808219178,0.07945205479452055,0.0,-0.00821917808219178,0.0,-0.00821917808219178
gtd,0.00821917808219178,0.0,-0.030136986301369864,0.00821917808219178,0.0,0.00821917808219178,0.0
Schulze,0.0,-0.00821917808219178,0.07945205479452055,0.0,-0.00821917808219178,0.0,-0.00821917808219178
IRV,0.00821917808219178,0.0,-0.030136986301369864,0.00821917808219178,0.0,0.00821917808219178,0.0
