,Borda,plurality,gt,minimax,gtd,Schulze,IRV
Borda,0.0,-0.007905138339920948,-0.007905138339920948,-0.007905138339920948,-0.007905138339920948,-0.007905138339920948,0.05928853754940711
plurality,0.007905138339920948,0.0,0.0,0.0,0.0,0.0,-0.003952569169960474
gt,0.007905138339920948,0.0,0.0,0.0,0.0,0.0,-0.003952569169960474
minimax,0.007905138339920948,0.0,0.0,0.0,0.0,0.0,-0.003952569169960474
gtd,0.007905138339920948,0.0,0.0,0.0,0.0,0.0,-0.003952569169960474
Schulze,0.007905138339920948,0.0,0.0,0.0,0.0,0.0,-0.003952569169960474
IRV,-0.05928853754940711,0.003952569169960474,0.003952569169960474,0.003952569169960474,0.003952569169960474,0.003952569169960474,0.0
