,Borda,plurality,gt,minimax,gtd,Schulze,IRV
Borda,0.0,0.07909604519774012,0.0,0.0,0.0,0.0,0.0
plurality,-0.07909604519774012,0.0,-0.1016949152542373,-0.1016949152542373,-0.1016949152542373,-0.1016949152542373,-0.1016949152542373
gt,0.0,0.1016949152542373,0.0,0.0,0.0,0.0,0.0
minimax,0.0,0.1016949152542373,0.0,0.0,0.0,0.0,0.0
gtd,0.0,0.1016949152542373,0.0,0.0,0.0,0.0,0.0
Schulze,0.0,0.1016949152542373,0.0,0.0,0.0,0.0,0.0
IRV,0.0,0.1016949152542373,0.0,0.0,0.0,0.0,0.0
