,Borda,plurality,gt,minimax,gtd,Schulze,IRV
Borda,0.0,-0.02395964691046658,-0.02395964691046658,0.018915510718789406,0.018915510718789406,0.018915510718789406,0.018915510718789406
plurality,0.02395964691046658,0.0,0.0,-0.021437578814627996,-0.021437578814627996,-0.021437578814627996,-0.021437578814627996
gt,0.02395964691046658,0.0,0.0,-0.021437578814627996,-0.021437578814627996,-0.021437578814627996,-0.021437578814627996
minimax,-0.018915510718789406,0.021437578814627996,0.021437578814627996,0.0,0.0,0.0,0.0
gtd,-0.018915510718789406,0.021437578814627996,0.021437578814627996,0.0,0.0,0.0,0.0
Schulze,-0.018915510718789406,0.021437578814627996,0.021437578814627996,0.0,0.0,0.0,0.0
IRV,-0.018915510718789406,0.021437578814627996,0.021437578814627996,0.0,0.0,0.0,0.0
