,Borda,plurality,gt,minimax,gtd,Schulze,IRV
Borda,0.0,0.0,-0.006109979633401222,-0.006109979633401222,-0.006109979633401222,-0.006109979633401222,-0.006109979633401222
plurality,0.0,0.0,-0.006109979633401222,-0.006109979633401222,-0.006109979633401222,-0.006109979633401222,-0.006109979633401222
gt,0.006109979633401222,0.006109979633401222,0.0,0.0,0.0,0.0,0.0
minimax,0.006109979633401222,0.006109979633401222,0.0,0.0,0.0,0.0,0.0
gtd,0.006109979633401222,0.006109979633401222,0.0,0.0,0.0,0.0,0.0
Schulze,0.006109979633401222,0.006109979633401222,0.0,0.0,0.0,0.0,0.0
IRV,0.006109979633401222,0.006109979633401222,0.0,0.0,0.0,0.0,0.0
