,Borda,plurality,gt,minimax,gtd,Schulze,IRV
Borda,0.0,-0.019801980198019802,0.009900990099009901,0.009900990099009901,0.0,0.009900990099009901,-0.019801980198019802
plurality,0.019801980198019802,0.0,-0.024752475247524754,-0.024752475247524754,0.019801980198019802,-0.024752475247524754,0.0
gt,-0.009900990099009901,0.024752475247524754,0.0,0.0,-0.009900990099009901,0.0,0.024752475247524754
minimax,-0.009900990099009901,0.024752475247524754,0.0,0.0,-0.009900990099009901,0.0,0.024752475247524754
gtd,0.0,-0.019801980198019802,0.009900990099009901,0.009900990099009901,0.0,0.009900990099009901,-0.019801980198019802
Schulze,-0.009900990099009901,0.024752475247524754,0.0,0.0,-0.009900990099009901,0.0,0.024752475247524754
IRV,0.019801980198019802,0.0,-0.024752475247524754,-0.024752475247524754,0.019801980198019802,-0.024752475247524754,0.0
