,Borda,plurality,gt,minimax,gtd,Schulze,IRV
Borda,0.0,-0.0056925996204933585,0.07020872865275142,0.0,-0.0056925996204933585,0.0,0.07020872865275142
plurality,0.0056925996204933585,0.0,-0.009487666034155597,0.0056925996204933585,0.0,0.0056925996204933585,-0.009487666034155597
gt,-0.07020872865275142,0.009487666034155597,0.0,-0.07020872865275142,0.009487666034155597,-0.07020872865275142,0.0
minimax,0.0,-0.0056925996204933585,0.07020872865275142,0.0,-0.0056925996204933585,0.0,0.07020872865275142
gtd,0.0056925996204933585,0.0,-0.009487666034155597,0.0056925996204933585,0.0,0.0056925996204933585,-0.009487666034155597
Schulze,0.0,-0.0056925996204933585,0.07020872865275142,0.0,-0.0056925996204933585,0.0,0.07020872865275142
IRV,-0.07020872865275142,0.009487666034155597,0.0,-0.07020872865275142,0.009487666034155597,-0.07020872865275142,0.0
