,Borda,plurality,gt,minimax,gtd,Schulze,IRV
Borda,0.0,-0.0066518847006651885,0.0,0.0,0.0,0.0,0.015521064301552107
plurality,0.0066518847006651885,0.0,0.0066518847006651885,0.0066518847006651885,0.0066518847006651885,0.0066518847006651885,-0.024390243902439025
gt,0.0,-0.0066518847006651885,0.0,0.0,0.0,0.0,0.015521064301552107
minimax,0.0,-0.0066518847006651885,0.0,0.0,0.0,0.0,0.015521064301552107
gtd,0.0,-0.0066518847006651885,0.0,0.0,0.0,0.0,0.015521064301552107
Schulze,0.0,-0.0066518847006651885,0.0,0.0,0.0,0.0,0.015521064301552107
IRV,-0.015521064301552107,0.024390243902439025,-0.015521064301552107,-0.015521064301552107,-0.015521064301552107,-0.015521064301552107,0.0
