,Borda,plurality,gt,minimax,gtd,Schulze,IRV
Borda,0.0,0.0,-0.00850546780072904,0.0,-0.00850546780072904,0.0,-0.00850546780072904
plurality,0.0,0.0,-0.00850546780072904,0.0,-0.00850546780072904,0.0,-0.00850546780072904
gt,0.00850546780072904,0.00850546780072904,0.0,0.00850546780072904,0.0,0.00850546780072904,0.0
minimax,0.0,0.0,-0.00850546780072904,0.0,-0.00850546780072904,0.0,-0.00850546780072904
gtd,0.00850546780072904,0.00850546780072904,0.0,0.00850546780072904,0.0,0.00850546780072904,0.0
Schulze,0.0,0.0,-0.00850546780072904,0.0,-0.00850546780072904,0.0,-0.00850546780072904
IRV,0.00850546780072904,0.00850546780072904,0.0,0.00850546780072904,0.0,0.00850546780072904,0.0
