,Borda,plurality,gt,minimax,gtd,Schulze,IRV
Borda,0.0,-0.017316017316017316,-0.017316017316017316,0.0,-0.017316017316017316,0.0,0.0
plurality,0.017316017316017316,0.0,0.0,0.017316017316017316,0.0,0.017316017316017316,0.017316017316017316
gt,0.017316017316017316,0.0,0.0,0.017316017316017316,0.0,0.017316017316017316,0.017316017316017316
minimax,0.0,-0.017316017316017316,-0.017316017316017316,0.0,-0.017316017316017316,0.0,0.0
gtd,0.017316017316017316,0.0,0.0,0.017316017316017316,0.0,0.017316017316017316,0.017316017316017316
Schulze,0.0,-0.017316017316017316,-0.017316017316017316,0.0,-0.017316017316017316,0.0,0.0
IRV,0.0,-0.017316017316017316,-0.017316017316017316,0.0,-0.017316017316017316,0.0,0.0
