,Borda,plurality,gt,minimax,gtd,Schulze,IRV
Borda,0.0,0.035398230088495575,-0.008849557522123894,0.0,-0.008849557522123894,0.0,0.0
plurality,-0.035398230088495575,0.0,0.017699115044247787,-0.035398230088495575,0.017699115044247787,-0.035398230088495575,-0.035398230088495575
gt,0.008849557522123894,-0.017699115044247787,0.0,0.008849557522123894,0.0,0.008849557522123894,0.008849557522123894
minimax,0.0,0.035398230088495575,-0.008849557522123894,0.0,-0.008849557522123894,0.0,0.0
gtd,0.008849557522123894,-0.017699115044247787,0.0,0.008849557522123894,0.0,0.008849557522123894,0.008849557522123894
Schulze,0.0,0.035398230088495575,-0.008849557522123894,0.0,-0.008849557522123894,0.0,0.0
IRV,0.0,0.035398230088495575,-0.008849557522123894,0.0,-0.008849557522123894,0.0,0.0
