,Borda,plurality,gt,minimax,gtd,Schulze,IRV
Borda,0.0,-0.0136986301369863,0.024657534246575342,0.0,0.0,0.0,0.024657534246575342
plurality,0.0136986301369863,0.0,-0.0684931506849315,0.0136986301369863,0.0136986301369863,0.0136986301369863,-0.0684931506849315
gt,-0.024657534246575342,0.0684931506849315,0.0,-0.024657534246575342,-0.024657534246575342,-0.024657534246575342,0.0
minimax,0.0,-0.0136986301369863,0.024657534246575342,0.0,0.0,0.0,0.024657534246575342
gtd,0.0,-0.0136986301369863,0.024657534246575342,0.0,0.0,0.0,0.024657534246575342
Schulze,0.0,-0.0136986301369863,0.024657534246575342,0.0,0.0,0.0,0.024657534246575342
IRV,-0.024657534246575342,0.0684931506849315,0.0,-0.024657534246575342,-0.024657534246575342,-0.024657534246575342,0.0
