,Borda,plurality,gt,minimax,gtd,Schulze,IRV
Borda,0.0,0.1864406779661017,0.0,0.0,0.0,0.0,0.0
plurality,-0.1864406779661017,0.0,-0.09322033898305085,-0.1864406779661017,-0.1864406779661017,-0.1864406779661017,-0.09322033898305085
gt,0.0,0.09322033898305085,0.0,0.0,0.0,0.0,0.0
minimax,0.0,0.1864406779661017,0.0,0.0,0.0,0.0,0.0
gtd,0.0,0.1864406779661017,0.0,0.0,0.0,0.0,0.0
Schulze,0.0,0.1864406779661017,0.0,0.0,0.0,0.0,0.0
IRV,0.0,0.09322033898305085,0.0,0.0,0.0,0.0,0.0
