,Borda,plurality,gt,minimax,gtd,Schulze,IRV
Borda,0.0,0.0018214936247723133,0.0,0.0018214936247723133,0.0018214936247723133,0.0018214936247723133,0.0
plurality,-0.0018214936247723133,0.0,-0.0018214936247723133,0.0,0.0,0.0,-0.0018214936247723133
gt,0.0,0.0018214936247723133,0.0,0.0018214936247723133,0.0018214936247723133,0.0018214936247723133,0.0
minimax,-0.0018214936247723133,0.0,-0.0018214936247723133,0.0,0.0,0.0,-0.0018214936247723133
gtd,-0.0018214936247723133,0.0,-0.0018214936247723133,0.0,0.0,0.0,-0.0018214936247723133
Schulze,-0.0018214936247723133,0.0,-0.0018214936247723133,0.0,0.0,0.0,-0.0018214936247723133
IRV,0.0,0.0018214936247723133,0.0,0.0018214936247723133,0.0018214936247723133,0.0018214936247723133,0.0
