,Borda,plurality,gt,minimax,gtd,Schulze,IRV
Borda,0.0,-0.018315018315018316,-0.018315018315018316,-0.018315018315018316,-0.018315018315018316,-0.018315018315018316,0.018315018315018316
plurality,0.018315018315018316,0.0,0.0,0.0,0.0,0.0,-0.014652014652014652
gt,0.018315018315018316,0.0,0.0,0.0,0.0,0.0,-0.014652014652014652
minimax,0.018315018315018316,0.0,0.0,0.0,0.0,0.0,-0.014652014652014652
gtd,0.018315018315018316,0.0,0.0,0.0,0.0,0.0,-0.014652014652014652
Schulze,0.018315018315018316,0.0,0.0,0.0,0.0,0.0,-0.014652014652014652
IRV,-0.018315018315018316,0.014652014652014652,0.014652014652014652,0.014652014652014652,0.014652014652014652,0.014652014652014652,0.0
