,Borda,plurality,gt,minimax,gtd,Schulze,IRV
Borda,0.0,0.0,0.0,0.003816793893129771,0.0,0.003816793893129771,-0.003816793893129771
plurality,0.0,0.0,0.0,0.003816793893129771,0.0,0.003816793893129771,-0.003816793893129771
gt,0.0,0.0,0.0,0.003816793893129771,0.0,0.003816793893129771,-0.003816793893129771
minimax,-0.003816793893129771,-0.003816793893129771,-0.003816793893129771,0.0,-0.003816793893129771,0.0,0.04198473282442748
gtd,0.0,0.0,0.0,0.003816793893129771,0.0,0.003816793893129771,-0.003816793893129771
Schulze,-0.003816793893129771,-0.003816793893129771,-0.003816793893129771,0.0,-0.003816793893129771,0.0,0.04198473282442748
IRV,0.003816793893129771,0.003816793893129771,0.003816793893129771,-0.04198473282442748,0.003816793893129771,-0.04198473282442748,0.0
