,Borda,plurality,gt,minimax,gtd,Schulze,IRV
Borda,0.0,0.10344827586206896,-0.041742286751361164,-0.041742286751361164,-0.041742286751361164,-0.041742286751361164,0.0
plurality,-0.10344827586206896,0.0,0.0018148820326678765,0.0018148820326678765,0.0018148820326678765,0.0018148820326678765,-0.10344827586206896
gt,0.041742286751361164,-0.0018148820326678765,0.0,0.0,0.0,0.0,0.041742286751361164
minimax,0.041742286751361164,-0.0018148820326678765,0.0,0.0,0.0,0.0,0.041742286751361164
gtd,0.041742286751361164,-0.0018148820326678765,0.0,0.0,0.0,0.0,0.041742286751361164
Schulze,0.041742286751361164,-0.0018148820326678765,0.0,0.0,0.0,0.0,0.041742286751361164
IRV,0.0,0.10344827586206896,-0.041742286751361164,-0.041742286751361164,-0.041742286751361164,-0.041742286751361164,0.0
