,Borda,plurality,gt,minimax,gtd,Schulze,IRV
Borda,0.0,-0.007874015748031496,-0.007874015748031496,0.0,-0.007874015748031496,0.0,0.08661417322834646
plurality,0.007874015748031496,0.0,0.0,0.007874015748031496,0.0,0.007874015748031496,-0.013123359580052493
gt,0.007874015748031496,0.0,0.0,0.007874015748031496,0.0,0.007874015748031496,-0.013123359580052493
minimax,0.0,-0.007874015748031496,-0.007874015748031496,0.0,-0.007874015748031496,0.0,0.08661417322834646
gtd,0.007874015748031496,0.0,0.0,0.007874015748031496,0.0,0.007874015748031496,-0.013123359580052493
Schulze,0.0,-0.007874015748031496,-0.007874015748031496,0.0,-0.007874015748031496,0.0,0.08661417322834646
IRV,-0.08661417322834646,0.013123359580052493,0.013123359580052493,-0.08661417322834646,0.013123359580052493,-0.08661417322834646,0.0
