,Borda,plurality,gt,minimax,gtd,Schulze,IRV
Borda,0.0,-0.018469656992084433,-0.018469656992084433,-0.018469656992084433,-0.018469656992084433,-0.018469656992084433,0.0395778364116095
plurality,0.018469656992084433,0.0,0.0,0.0,0.0,0.0,-0.002638522427440633
gt,0.018469656992084433,0.0,0.0,0.0,0.0,0.0,-0.002638522427440633
minimax,0.018469656992084433,0.0,0.0,0.0,0.0,0.0,-0.002638522427440633
gtd,0.018469656992084433,0.0,0.0,0.0,0.0,0.0,-0.002638522427440633
Schulze,0.018469656992084433,0.0,0.0,0.0,0.0,0.0,-0.002638522427440633
IRV,-0.0395778364116095,0.002638522427440633,0.002638522427440633,0.002638522427440633,0.002638522427440633,0.002638522427440633,0.0
