,Borda,plurality,gt,minimax,gtd,Schulze,IRV
Borda,0.0,-0.052083333333333336,-0.052083333333333336,-0.052083333333333336,-0.052083333333333336,-0.052083333333333336,-0.052083333333333336
plurality,0.052083333333333336,0.0,0.0,0.0,0.0,0.0,0.0
gt,0.052083333333333336,0.0,0.0,0.0,0.0,0.0,0.0
minimax,0.052083333333333336,0.0,0.0,0.0,0.0,0.0,0.0
gtd,0.052083333333333336,0.0,0.0,0.0,0.0,0.0,0.0
Schulze,0.052083333333333336,0.0,0.0,0.0,0.0,0.0,0.0
IRV,0.052083333333333336,0.0,0.0,0.0,0.0,0.0,0.0
