,Borda,plurality,gt,minimax,gtd,Schulze,IRV
Borda,0.0,0.006772009029345372,0.006772009029345372,-0.024830699774266364,0.006772009029345372,-0.024830699774266364,0.006772009029345372
plurality,-0.006772009029345372,0.0,0.0,0.002257336343115124,0.0,0.002257336343115124,0.0
gt,-0.006772009029345372,0.0,0.0,0.002257336343115124,0.0,0.002257336343115124,0.0
minimax,0.024830699774266364,-0.002257336343115124,-0.002257336343115124,0.0,-0.002257336343115124,0.0,-0.002257336343115124
gtd,-0.006772009029345372,0.0,0.0,0.002257336343115124,0.0,0.002257336343115124,0.0
Schulze,0.024830699774266364,-0.002257336343115124,-0.002257336343115124,0.0,-0.002257336343115124,0.0,-0.002257336343115124
IRV,-0.006772009029345372,0.0,0.0,0.002257336343115124,0.0,0.002257336343115124,0.0
