,Borda,plurality,gt,minimax,gtd,Schulze,IRV
Borda,0.0,-0.024128686327077747,0.029490616621983913,-0.024128686327077747,-0.024128686327077747,-0.024128686327077747,-0.024128686327077747
plurality,0.024128686327077747,0.0,-0.002680965147453083,0.0,0.0,0.0,0.0
gt,-0.029490616621983913,0.002680965147453083,0.0,0.002680965147453083,0.002680965147453083,0.002680965147453083,0.002680965147453083
minimax,0.024128686327077747,0.0,-0.002680965147453083,0.0,0.0,0.0,0.0
gtd,0.024128686327077747,0.0,-0.002680965147453083,0.0,0.0,0.0,0.0
Schulze,0.024128686327077747,0.0,-0.002680965147453083,0.0,0.0,0.0,0.0
IRV,0.024128686327077747,0.0,-0.002680965147453083,0.0,0.0,0.0,0.0
