,Borda,plurality,gt,minimax,gtd,Schulze,IRV
Borda,0.0,-0.05197505197505198,0.035343035343035345,-0.05197505197505198,0.035343035343035345,-0.05197505197505198,0.035343035343035345
plurality,0.05197505197505198,0.0,-0.002079002079002079,0.0,-0.002079002079002079,0.0,-0.002079002079002079
gt,-0.035343035343035345,0.002079002079002079,0.0,0.002079002079002079,0.0,0.002079002079002079,0.0
minimax,0.05197505197505198,0.0,-0.002079002079002079,0.0,-0.002079002079002079,0.0,-0.002079002079002079
gtd,-0.035343035343035345,0.002079002079002079,0.0,0.002079002079002079,0.0,0.002079002079002079,0.0
Schulze,0.05197505197505198,0.0,-0.002079002079002079,0.0,-0.002079002079002079,0.0,-0.002079002079002079
IRV,-0.035343035343035345,0.002079002079002079,0.0,0.002079002079002079,0.0,0.002079002079002079,0.0
