,Borda,plurality,gt,minimax,gtd,Schulze,IRV
Borda,0.0,0.0,-0.035422343324250684,-0.035422343324250684,-0.035422343324250684,-0.035422343324250684,-0.035422343324250684
plurality,0.0,0.0,-0.035422343324250684,-0.035422343324250684,-0.035422343324250684,-0.035422343324250684,-0.035422343324250684
gt,0.035422343324250684,0.035422343324250684,0.0,0.0,0.0,0.0,0.0
minimax,0.035422343324250684,0.035422343324250684,0.0,0.0,0.0,0.0,0.0
gtd,0.035422343324250684,0.035422343324250684,0.0,0.0,0.0,0.0,0.0
Schulze,0.035422343324250684,0.035422343324250684,0.0,0.0,0.0,0.0,0.0
IRV,0.035422343324250684,0.035422343324250684,0.0,0.0,0.0,0.0,0.0
