,Borda,plurality,gt,minimax,gtd,Schulze,IRV
Borda,0.0,-0.039627039627039624,0.0,0.011655011655011656,0.011655011655011656,0.011655011655011656,0.011655011655011656
plurality,0.039627039627039624,0.0,0.039627039627039624,-0.02564102564102564,-0.02564102564102564,-0.02564102564102564,-0.02564102564102564
gt,0.0,-0.039627039627039624,0.0,0.011655011655011656,0.011655011655011656,0.011655011655011656,0.011655011655011656
minimax,-0.011655011655011656,0.02564102564102564,-0.011655011655011656,0.0,0.0,0.0,0.0
gtd,-0.011655011655011656,0.02564102564102564,-0.011655011655011656,0.0,0.0,0.0,0.0
Schulze,-0.011655011655011656,0.02564102564102564,-0.011655011655011656,0.0,0.0,0.0,0.0
IRV,-0.011655011655011656,0.02564102564102564,-0.011655011655011656,0.0,0.0,0.0,0.0
