,Borda,plurality,gt,minimax,gtd,Schulze,IRV
Borda,0.0,0.0,0.0,0.0,0.0,0.0,-0.002079002079002079
plurality,0.0,0.0,0.0,0.0,0.0,0.0,-0.002079002079002079
gt,0.0,0.0,0.0,0.0,0.0,0.0,-0.002079002079002079
minimax,0.0,0.0,0.0,0.0,0.0,0.0,-0.002079002079002079
gtd,0.0,0.0,0.0,0.0,0.0,0.0,-0.002079002079002079
Schulze,0.0,0.0,0.0,0.0,0.0,0.0,-0.002079002079002079
IRV,0.002079002079002079,0.002079002079002079,0.002079002079002079,0.002079002079002079,0.002079002079002079,0.002079002079002079,0.0
