,Borda,plurality,gt,minimax,gtd,Schulze,IRV
Borda,0.0,-0.021791767554479417,0.012106537530266344,-0.021791767554479417,0.012106537530266344,-0.021791767554479417,-0.021791767554479417
plurality,0.021791767554479417,0.0,-0.002421307506053269,0.0,-0.002421307506053269,0.0,0.0
gt,-0.012106537530266344,0.002421307506053269,0.0,0.002421307506053269,0.0,0.002421307506053269,0.002421307506053269
minimax,0.021791767554479417,0.0,-0.002421307506053269,0.0,-0.002421307506053269,0.0,0.0
gtd,-0.012106537530266344,0.002421307506053269,0.0,0.002421307506053269,0.0,0.002421307506053269,0.002421307506053269
Schulze,0.021791767554479417,0.0,-0.002421307506053269,0.0,-0.002421307506053269,0.0,0.0
IRV,0.021791767554479417,0.0,-0.002421307506053269,0.0,-0.002421307506053269,0.0,0.0
