,Borda,plurality,gt,minimax,gtd,Schulze,IRV
Borda,0.0,0.04269662921348315,0.04269662921348315,-0.024719101123595506,-0.024719101123595506,-0.024719101123595506,0.0
plurality,-0.04269662921348315,0.0,0.0,0.015730337078651686,0.015730337078651686,0.015730337078651686,-0.04269662921348315
gt,-0.04269662921348315,0.0,0.0,0.015730337078651686,0.015730337078651686,0.015730337078651686,-0.04269662921348315
minimax,0.024719101123595506,-0.015730337078651686,-0.015730337078651686,0.0,0.0,0.0,0.024719101123595506
gtd,0.024719101123595506,-0.015730337078651686,-0.015730337078651686,0.0,0.0,0.0,0.024719101123595506
Schulze,0.024719101123595506,-0.015730337078651686,-0.015730337078651686,0.0,0.0,0.0,0.024719101123595506
IRV,0.0,0.04269662921348315,0.04269662921348315,-0.024719101123595506,-0.024719101123595506,-0.024719101123595506,0.0
