,Borda,plurality,gt,minimax,gtd,Schulze,IRV
Borda,0.0,-0.0025974025974025974,-0.0025974025974025974,0.0,-0.0025974025974025974,0.0,0.05454545454545454
plurality,0.0025974025974025974,0.0,0.0,0.0025974025974025974,0.0,0.0025974025974025974,-0.023376623376623377
gt,0.0025974025974025974,0.0,0.0,0.0025974025974025974,0.0,0.0025974025974025974,-0.023376623376623377
minimax,0.0,-0.0025974025974025974,-0.0025974025974025974,0.0,-0.0025974025974025974,0.0,0.05454545454545454
gtd,0.0025974025974025974,0.0,0.0,0.0025974025974025974,0.0,0.0025974025974025974,-0.023376623376623377
Schulze,0.0,-0.0025974025974025974,-0.0025974025974025974,0.0,-0.0025974025974025974,0.0,0.05454545454545454
IRV,-0.05454545454545454,0.023376623376623377,0.023376623376623377,-0.05454545454545454,0.023376623376623377,-0.05454545454545454,0.0
