,Borda,plurality,gt,minimax,gtd,Schulze,IRV
Borda,0.0,-0.04941176470588235,0.04,-0.04941176470588235,0.04,-0.04941176470588235,-0.04941176470588235
plurality,0.04941176470588235,0.0,-0.002352941176470588,0.0,-0.002352941176470588,0.0,0.0
gt,-0.04,0.002352941176470588,0.0,0.002352941176470588,0.0,0.002352941176470588,0.002352941176470588
minimax,0.04941176470588235,0.0,-0.002352941176470588,0.0,-0.002352941176470588,0.0,0.0
gtd,-0.04,0.002352941176470588,0.0,0.002352941176470588,0.0,0.002352941176470588,0.002352941176470588
Schulze,0.04941176470588235,0.0,-0.002352941176470588,0.0,-0.002352941176470588,0.0,0.0
IRV,0.04941176470588235,0.0,-0.002352941176470588,0.0,-0.002352941176470588,0.0,0.0
