,Borda,plurality,gt,minimax,gtd,Schulze,IRV
Borda,0.0,0.037037037037037035,-0.042735042735042736,0.037037037037037035,0.0,0.037037037037037035,0.0
plurality,-0.037037037037037035,0.0,0.05413105413105413,0.0,-0.037037037037037035,0.0,-0.037037037037037035
gt,0.042735042735042736,-0.05413105413105413,0.0,-0.05413105413105413,0.042735042735042736,-0.05413105413105413,0.042735042735042736
minimax,-0.037037037037037035,0.0,0.05413105413105413,0.0,-0.037037037037037035,0.0,-0.037037037037037035
gtd,0.0,0.037037037037037035,-0.042735042735042736,0.037037037037037035,0.0,0.037037037037037035,0.0
Schulze,-0.037037037037037035,0.0,0.05413105413105413,0.0,-0.037037037037037035,0.0,-0.037037037037037035
IRV,0.0,0.037037037037037035,-0.042735042735042736,0.037037037037037035,0.0,0.037037037037037035,0.0
