,Borda,plurality,gt,minimax,gtd,Schulze,IRV
Borda,0.0,0.02278481012658228,-0.007594936708860759,0.0,0.0,0.0,0.02278481012658228
plurality,-0.02278481012658228,0.0,0.03291139240506329,-0.02278481012658228,-0.02278481012658228,-0.02278481012658228,0.0
gt,0.007594936708860759,-0.03291139240506329,0.0,0.007594936708860759,0.007594936708860759,0.007594936708860759,-0.03291139240506329
minimax,0.0,0.02278481012658228,-0.007594936708860759,0.0,0.0,0.0,0.02278481012658228
gtd,0.0,0.02278481012658228,-0.007594936708860759,0.0,0.0,0.0,0.02278481012658228
Schulze,0.0,0.02278481012658228,-0.007594936708860759,0.0,0.0,0.0,0.02278481012658228
IRV,-0.02278481012658228,0.0,0.03291139240506329,-0.02278481012658228,-0.02278481012658228,-0.02278481012658228,0.0
