,Borda,plurality,gt,minimax,gtd,Schulze,IRV
Borda,0.0,-0.007782101167315175,-0.007782101167315175,-0.007782101167315175,-0.007782101167315175,-0.007782101167315175,0.01556420233463035
plurality,0.007782101167315175,0.0,0.0,0.0,0.0,0.0,-0.0038910505836575876
gt,0.007782101167315175,0.0,0.0,0.0,0.0,0.0,-0.0038910505836575876
minimax,0.007782101167315175,0.0,0.0,0.0,0.0,0.0,-0.0038910505836575876
gtd,0.007782101167315175,0.0,0.0,0.0,0.0,0.0,-0.0038910505836575876
Schulze,0.007782101167315175,0.0,0.0,0.0,0.0,0.0,-0.0038910505836575876
IRV,-0.01556420233463035,0.0038910505836575876,0.0038910505836575876,0.0038910505836575876,0.0038910505836575876,0.0038910505836575876,0.0
