,Borda,plurality,gt,minimax,gtd,Schulze,IRV
Borda,0.0,0.05697445972495088,0.0,-0.0019646365422396855,-0.0019646365422396855,-0.0019646365422396855,0.05697445972495088
plurality,-0.05697445972495088,0.0,-0.05697445972495088,0.0019646365422396855,0.0019646365422396855,0.0019646365422396855,0.0
gt,0.0,0.05697445972495088,0.0,-0.0019646365422396855,-0.0019646365422396855,-0.0019646365422396855,0.05697445972495088
minimax,0.0019646365422396855,-0.0019646365422396855,0.0019646365422396855,0.0,0.0,0.0,-0.0019646365422396855
gtd,0.0019646365422396855,-0.0019646365422396855,0.0019646365422396855,0.0,0.0,0.0,-0.0019646365422396855
Schulze,0.0019646365422396855,-0.0019646365422396855,0.0019646365422396855,0.0,0.0,0.0,-0.0019646365422396855
IRV,-0.05697445972495088,0.0,-0.05697445972495088,0.0019646365422396855,0.0019646365422396855,0.0019646365422396855,0.0
