,Borda,plurality,gt,minimax,gtd,Schulze,IRV
Borda,0.0,-0.04513064133016627,-0.04513064133016627,-0.04513064133016627,0.035629453681710214,-0.04513064133016627,0.035629453681710214
plurality,0.04513064133016627,0.0,0.0,0.0,-0.0166270783847981,0.0,-0.0166270783847981
gt,0.04513064133016627,0.0,0.0,0.0,-0.0166270783847981,0.0,-0.0166270783847981
minimax,0.04513064133016627,0.0,0.0,0.0,-0.0166270783847981,0.0,-0.0166270783847981
gtd,-0.035629453681710214,0.0166270783847981,0.0166270783847981,0.0166270783847981,0.0,0.0166270783847981,0.0
Schulze,0.04513064133016627,0.0,0.0,0.0,-0.0166270783847981,0.0,-0.0166270783847981
IRV,-0.035629453681710214,0.0166270783847981,0.0166270783847981,0.0166270783847981,0.0,0.0166270783847981,0.0
