,Borda,plurality,gt,minimax,gtd,Schulze,IRV
Borda,0.0,0.0,-0.025280898876404494,0.02247191011235955,0.0,0.02247191011235955,-0.025280898876404494
plurality,0.0,0.0,-0.025280898876404494,0.02247191011235955,0.0,0.02247191011235955,-0.025280898876404494
gt,0.025280898876404494,0.025280898876404494,0.0,-0.05337078651685393,0.025280898876404494,-0.05337078651685393,0.0
minimax,-0.02247191011235955,-0.02247191011235955,0.05337078651685393,0.0,-0.02247191011235955,0.0,0.05337078651685393
gtd,0.0,0.0,-0.025280898876404494,0.02247191011235955,0.0,0.02247191011235955,-0.025280898876404494
Schulze,-0.02247191011235955,-0.02247191011235955,0.05337078651685393,0.0,-0.02247191011235955,0.0,0.05337078651685393
IRV,0.025280898876404494,0.025280898876404494,0.0,-0.05337078651685393,0.025280898876404494,-0.05337078651685393,0.0
