,Borda,plurality,gt,minimax,gtd,Schulze,IRV
Borda,0.0,0.17714285714285713,0.0,0.0,0.0,0.0,0.0
plurality,-0.17714285714285713,0.0,-0.13142857142857142,-0.13142857142857142,-0.17714285714285713,-0.13142857142857142,-0.13142857142857142
gt,0.0,0.13142857142857142,0.0,0.0,0.0,0.0,0.0
minimax,0.0,0.13142857142857142,0.0,0.0,0.0,0.0,0.0
gtd,0.0,0.17714285714285713,0.0,0.0,0.0,0.0,0.0
Schulze,0.0,0.13142857142857142,0.0,0.0,0.0,0.0,0.0
IRV,0.0,0.13142857142857142,0.0,0.0,0.0,0.0,0.0
