,Borda,plurality,gt,minimax,gtd,Schulze,IRV
Borda,0.0,-0.007874015748031496,0.0,0.0,0.0,0.0,0.023622047244094488
plurality,0.007874015748031496,0.0,0.007874015748031496,0.007874015748031496,0.007874015748031496,0.007874015748031496,-0.03937007874015748
gt,0.0,-0.007874015748031496,0.0,0.0,0.0,0.0,0.023622047244094488
minimax,0.0,-0.007874015748031496,0.0,0.0,0.0,0.0,0.023622047244094488
gtd,0.0,-0.007874015748031496,0.0,0.0,0.0,0.0,0.023622047244094488
Schulze,0.0,-0.007874015748031496,0.0,0.0,0.0,0.0,0.023622047244094488
IRV,-0.023622047244094488,0.03937007874015748,-0.023622047244094488,-0.023622047244094488,-0.023622047244094488,-0.023622047244094488,0.0
