,Borda,plurality,gt,minimax,gtd,Schulze,IRV
Borda,0.0,0.043010752688172046,0.0,0.0,0.0,0.0,0.0
plurality,-0.043010752688172046,0.0,-0.12903225806451613,-0.043010752688172046,-0.12903225806451613,-0.043010752688172046,-0.12903225806451613
gt,0.0,0.12903225806451613,0.0,0.0,0.0,0.0,0.0
minimax,0.0,0.043010752688172046,0.0,0.0,0.0,0.0,0.0
gtd,0.0,0.12903225806451613,0.0,0.0,0.0,0.0,0.0
Schulze,0.0,0.043010752688172046,0.0,0.0,0.0,0.0,0.0
IRV,0.0,0.12903225806451613,0.0,0.0,0.0,0.0,0.0
