,Borda,plurality,gt,minimax,gtd,Schulze,IRV
Borda,0.0,0.017107309486780714,0.0,0.017107309486780714,0.0,0.017107309486780714,0.0
plurality,-0.017107309486780714,0.0,-0.017107309486780714,0.0,-0.017107309486780714,0.0,-0.017107309486780714
gt,0.0,0.017107309486780714,0.0,0.017107309486780714,0.0,0.017107309486780714,0.0
minimax,-0.017107309486780714,0.0,-0.017107309486780714,0.0,-0.017107309486780714,0.0,-0.017107309486780714
gtd,0.0,0.017107309486780714,0.0,0.017107309486780714,0.0,0.017107309486780714,0.0
Schulze,-0.017107309486780714,0.0,-0.017107309486780714,0.0,-0.017107309486780714,0.0,-0.017107309486780714
IRV,0.0,0.017107309486780714,0.0,0.017107309486780714,0.0,0.017107309486780714,0.0
