,Borda,plurality,gt,minimax,gtd,Schulze,IRV
Borda,0.0,-0.08974358974358974,0.05128205128205128,-0.08974358974358974,0.05128205128205128,-0.08974358974358974,0.05128205128205128
plurality,0.08974358974358974,0.0,-0.038461538461538464,0.0,-0.038461538461538464,0.0,-0.038461538461538464
gt,-0.05128205128205128,0.038461538461538464,0.0,0.038461538461538464,0.0,0.038461538461538464,0.0
minimax,0.08974358974358974,0.0,-0.038461538461538464,0.0,-0.038461538461538464,0.0,-0.038461538461538464
gtd,-0.05128205128205128,0.038461538461538464,0.0,0.038461538461538464,0.0,0.038461538461538464,0.0
Schulze,0.08974358974358974,0.0,-0.038461538461538464,0.0,-0.038461538461538464,0.0,-0.038461538461538464
IRV,-0.05128205128205128,0.038461538461538464,0.0,0.038461538461538464,0.0,0.038461538461538464,0.0
