,Borda,plurality,gt,minimax,gtd,Schulze,IRV
Borda,0.0,0.0,-0.04736842105263158,-0.04736842105263158,-0.04736842105263158,-0.04736842105263158,0.0
plurality,0.0,0.0,-0.04736842105263158,-0.04736842105263158,-0.04736842105263158,-0.04736842105263158,0.0
gt,0.04736842105263158,0.04736842105263158,0.0,0.0,0.0,0.0,0.04736842105263158
minimax,0.04736842105263158,0.04736842105263158,0.0,0.0,0.0,0.0,0.04736842105263158
gtd,0.04736842105263158,0.04736842105263158,0.0,0.0,0.0,0.0,0.04736842105263158
Schulze,0.04736842105263158,0.04736842105263158,0.0,0.0,0.0,0.0,0.04736842105263158
IRV,0.0,0.0,-0.04736842105263158,-0.04736842105263158,-0.04736842105263158,-0.04736842105263158,0.0
