,Borda,plurality,gt,minimax,gtd,Schulze,IRV
Borda,0.0,0.016518424396442185,-0.03939008894536213,0.016518424396442185,0.0,0.016518424396442185,0.0
plurality,-0.016518424396442185,0.0,0.04193138500635324,0.0,-0.016518424396442185,0.0,-0.016518424396442185
gt,0.03939008894536213,-0.04193138500635324,0.0,-0.04193138500635324,0.03939008894536213,-0.04193138500635324,0.03939008894536213
minimax,-0.016518424396442185,0.0,0.04193138500635324,0.0,-0.016518424396442185,0.0,-0.016518424396442185
gtd,0.0,0.016518424396442185,-0.03939008894536213,0.016518424396442185,0.0,0.016518424396442185,0.0
Schulze,-0.016518424396442185,0.0,0.04193138500635324,0.0,-0.016518424396442185,0.0,-0.016518424396442185
IRV,0.0,0.016518424396442185,-0.03939008894536213,0.016518424396442185,0.0,0.016518424396442185,0.0
