,Borda,plurality,gt,minimax,gtd,Schulze,IRV
Borda,0.0,-0.002028397565922921,0.02636916835699797,0.0,-0.002028397565922921,0.0,0.02636916835699797
plurality,0.002028397565922921,0.0,-0.014198782961460446,0.002028397565922921,0.0,0.002028397565922921,-0.014198782961460446
gt,-0.02636916835699797,0.014198782961460446,0.0,-0.02636916835699797,0.014198782961460446,-0.02636916835699797,0.0
minimax,0.0,-0.002028397565922921,0.02636916835699797,0.0,-0.002028397565922921,0.0,0.02636916835699797
gtd,0.002028397565922921,0.0,-0.014198782961460446,0.002028397565922921,0.0,0.002028397565922921,-0.014198782961460446
Schulze,0.0,-0.002028397565922921,0.02636916835699797,0.0,-0.002028397565922921,0.0,0.02636916835699797
IRV,-0.02636916835699797,0.014198782961460446,0.0,-0.02636916835699797,0.014198782961460446,-0.02636916835699797,0.0
