,Borda,plurality,gt,minimax,gtd,Schulze,IRV
Borda,0.0,0.0421216848673947,0.0421216848673947,-0.0265210608424337,-0.0265210608424337,-0.0265210608424337,0.0
plurality,-0.0421216848673947,0.0,0.0,0.0171606864274571,0.0171606864274571,0.0171606864274571,-0.0421216848673947
gt,-0.0421216848673947,0.0,0.0,0.0171606864274571,0.0171606864274571,0.0171606864274571,-0.0421216848673947
minimax,0.0265210608424337,-0.0171606864274571,-0.0171606864274571,0.0,0.0,0.0,0.0265210608424337
gtd,0.0265210608424337,-0.0171606864274571,-0.0171606864274571,0.0,0.0,0.0,0.0265210608424337
Schulze,0.0265210608424337,-0.0171606864274571,-0.0171606864274571,0.0,0.0,0.0,0.0265210608424337
IRV,0.0,0.0421216848673947,0.0421216848673947,-0.0265210608424337,-0.0265210608424337,-0.0265210608424337,0.0
