,Borda,plurality,gt,minimax,gtd,Schulze,IRV
Borda,0.0,-0.004991680532445923,-0.004991680532445923,0.0,-0.004991680532445923,0.0,-0.004991680532445923
plurality,0.004991680532445923,0.0,0.0,0.004991680532445923,0.0,0.004991680532445923,0.0
gt,0.004991680532445923,0.0,0.0,0.004991680532445923,0.0,0.004991680532445923,0.0
minimax,0.0,-0.004991680532445923,-0.004991680532445923,0.0,-0.004991680532445923,0.0,-0.004991680532445923
gtd,0.004991680532445923,0.0,0.0,0.004991680532445923,0.0,0.004991680532445923,0.0
Schulze,0.0,-0.004991680532445923,-0.004991680532445923,0.0,-0.004991680532445923,0.0,-0.004991680532445923
IRV,0.004991680532445923,0.0,0.0,0.004991680532445923,0.0,0.004991680532445923,0.0
