,Borda,plurality,gt,minimax,gtd,Schulze,IRV
Borda,0.0,-0.011884550084889643,0.0,0.0,0.0,0.0,0.022071307300509338
plurality,0.011884550084889643,0.0,0.011884550084889643,0.011884550084889643,0.011884550084889643,0.011884550084889643,-0.06960950764006792
gt,0.0,-0.011884550084889643,0.0,0.0,0.0,0.0,0.022071307300509338
minimax,0.0,-0.011884550084889643,0.0,0.0,0.0,0.0,0.022071307300509338
gtd,0.0,-0.011884550084889643,0.0,0.0,0.0,0.0,0.022071307300509338
Schulze,0.0,-0.011884550084889643,0.0,0.0,0.0,0.0,0.022071307300509338
IRV,-0.022071307300509338,0.06960950764006792,-0.022071307300509338,-0.022071307300509338,-0.022071307300509338,-0.022071307300509338,0.0
