,Borda,plurality,gt,minimax,gtd,Schulze,IRV
Borda,0.0,-0.04873294346978557,-0.04873294346978557,-0.04873294346978557,-0.04873294346978557,-0.04873294346978557,0.05263157894736842
plurality,0.04873294346978557,0.0,0.0,0.0,0.0,0.0,-0.017543859649122806
gt,0.04873294346978557,0.0,0.0,0.0,0.0,0.0,-0.017543859649122806
minimax,0.04873294346978557,0.0,0.0,0.0,0.0,0.0,-0.017543859649122806
gtd,0.04873294346978557,0.0,0.0,0.0,0.0,0.0,-0.017543859649122806
Schulze,0.04873294346978557,0.0,0.0,0.0,0.0,0.0,-0.017543859649122806
IRV,-0.05263157894736842,0.017543859649122806,0.017543859649122806,0.017543859649122806,0.017543859649122806,0.017543859649122806,0.0
