,Borda,plurality,gt,minimax,gtd,Schulze,IRV
Borda,0.0,0.06504065040650407,0.06504065040650407,0.0,-0.016260162601626018,0.0,0.06504065040650407
plurality,-0.06504065040650407,0.0,0.0,-0.06504065040650407,0.024390243902439025,-0.06504065040650407,0.0
gt,-0.06504065040650407,0.0,0.0,-0.06504065040650407,0.024390243902439025,-0.06504065040650407,0.0
minimax,0.0,0.06504065040650407,0.06504065040650407,0.0,-0.016260162601626018,0.0,0.06504065040650407
gtd,0.016260162601626018,-0.024390243902439025,-0.024390243902439025,0.016260162601626018,0.0,0.016260162601626018,-0.024390243902439025
Schulze,0.0,0.06504065040650407,0.06504065040650407,0.0,-0.016260162601626018,0.0,0.06504065040650407
IRV,-0.06504065040650407,0.0,0.0,-0.06504065040650407,0.024390243902439025,-0.06504065040650407,0.0
