,Borda,plurality,gt,minimax,gtd,Schulze,IRV
Borda,0.0,0.0,-0.0041841004184100415,0.0,-0.0041841004184100415,0.0,0.0
plurality,0.0,0.0,-0.0041841004184100415,0.0,-0.0041841004184100415,0.0,0.0
gt,0.0041841004184100415,0.0041841004184100415,0.0,0.0041841004184100415,0.0,0.0041841004184100415,0.0041841004184100415
minimax,0.0,0.0,-0.0041841004184100415,0.0,-0.0041841004184100415,0.0,0.0
gtd,0.0041841004184100415,0.0041841004184100415,0.0,0.0041841004184100415,0.0,0.0041841004184100415,0.0041841004184100415
Schulze,0.0,0.0,-0.0041841004184100415,0.0,-0.0041841004184100415,0.0,0.0
IRV,0.0,0.0,-0.0041841004184100415,0.0,-0.0041841004184100415,0.0,0.0
