,Borda,plurality,gt,minimax,gtd,Schulze,IRV
Borda,0.0,0.12921348314606743,0.0,0.0,0.0,0.0,0.0
plurality,-0.12921348314606743,0.0,-0.10112359550561797,-0.12921348314606743,-0.12921348314606743,-0.12921348314606743,-0.12921348314606743
gt,0.0,0.10112359550561797,0.0,0.0,0.0,0.0,0.0
minimax,0.0,0.12921348314606743,0.0,0.0,0.0,0.0,0.0
gtd,0.0,0.12921348314606743,0.0,0.0,0.0,0.0,0.0
Schulze,0.0,0.12921348314606743,0.0,0.0,0.0,0.0,0.0
IRV,0.0,0.12921348314606743,0.0,0.0,0.0,0.0,0.0
