,Borda,plurality,gt,minimax,gtd,Schulze,IRV
Borda,0.0,-0.0064794816414686825,0.0064794816414686825,0.0,0.0,0.0,0.0064794816414686825
plurality,0.0064794816414686825,0.0,-0.01511879049676026,0.0064794816414686825,0.0064794816414686825,0.0064794816414686825,-0.01511879049676026
gt,-0.0064794816414686825,0.01511879049676026,0.0,-0.0064794816414686825,-0.0064794816414686825,-0.0064794816414686825,0.0
minimax,0.0,-0.0064794816414686825,0.0064794816414686825,0.0,0.0,0.0,0.0064794816414686825
gtd,0.0,-0.0064794816414686825,0.0064794816414686825,0.0,0.0,0.0,0.0064794816414686825
Schulze,0.0,-0.0064794816414686825,0.0064794816414686825,0.0,0.0,0.0,0.0064794816414686825
IRV,-0.0064794816414686825,0.01511879049676026,0.0,-0.0064794816414686825,-0.0064794816414686825,-0.0064794816414686825,0.0
