,Borda,plurality,gt,minimax,gtd,Schulze,IRV
Borda,0.0,0.0,0.0,0.0,0.0,0.0,-0.023112480739599383
plurality,0.0,0.0,0.0,0.0,0.0,0.0,-0.023112480739599383
gt,0.0,0.0,0.0,0.0,0.0,0.0,-0.023112480739599383
minimax,0.0,0.0,0.0,0.0,0.0,0.0,-0.023112480739599383
gtd,0.0,0.0,0.0,0.0,0.0,0.0,-0.023112480739599383
Schulze,0.0,0.0,0.0,0.0,0.0,0.0,-0.023112480739599383
IRV,0.023112480739599383,0.023112480739599383,0.023112480739599383,0.023112480739599383,0.023112480739599383,0.023112480739599383,0.0
