,Borda,plurality,gt,minimax,gtd,Schulze,IRV
Borda,0.0,-0.005555555555555556,-0.005555555555555556,-0.005555555555555556,-0.005555555555555556,-0.005555555555555556,0.06111111111111111
plurality,0.005555555555555556,0.0,0.0,0.0,0.0,0.0,-0.005555555555555556
gt,0.005555555555555556,0.0,0.0,0.0,0.0,0.0,-0.005555555555555556
minimax,0.005555555555555556,0.0,0.0,0.0,0.0,0.0,-0.005555555555555556
gtd,0.005555555555555556,0.0,0.0,0.0,0.0,0.0,-0.005555555555555556
Schulze,0.005555555555555556,0.0,0.0,0.0,0.0,0.0,-0.005555555555555556
IRV,-0.06111111111111111,0.005555555555555556,0.005555555555555556,0.005555555555555556,0.005555555555555556,0.005555555555555556,0.0
