,Borda,plurality,gt,minimax,gtd,Schulze,IRV
Borda,0.0,-0.012259194395796848,-0.012259194395796848,0.0,-0.012259194395796848,0.0,-0.012259194395796848
plurality,0.012259194395796848,0.0,0.0,0.012259194395796848,0.0,0.012259194395796848,0.0
gt,0.012259194395796848,0.0,0.0,0.012259194395796848,0.0,0.012259194395796848,0.0
minimax,0.0,-0.012259194395796848,-0.012259194395796848,0.0,-0.012259194395796848,0.0,-0.012259194395796848
gtd,0.012259194395796848,0.0,0.0,0.012259194395796848,0.0,0.012259194395796848,0.0
Schulze,0.0,-0.012259194395796848,-0.012259194395796848,0.0,-0.012259194395796848,0.0,-0.012259194395796848
IRV,0.012259194395796848,0.0,0.0,0.012259194395796848,0.0,0.012259194395796848,0.0
