,Borda,plurality,gt,minimax,gtd,Schulze,IRV
Borda,0.0,0.0,0.0,0.0,0.0,0.0,-0.009823182711198428
plurality,0.0,0.0,0.0,0.0,0.0,0.0,-0.009823182711198428
gt,0.0,0.0,0.0,0.0,0.0,0.0,-0.009823182711198428
minimax,0.0,0.0,0.0,0.0,0.0,0.0,-0.009823182711198428
gtd,0.0,0.0,0.0,0.0,0.0,0.0,-0.009823182711198428
Schulze,0.0,0.0,0.0,0.0,0.0,0.0,-0.009823182711198428
IRV,0.009823182711198428,0.009823182711198428,0.009823182711198428,0.009823182711198428,0.009823182711198428,0.009823182711198428,0.0
