,Borda,plurality,gt,minimax,gtd,Schulze,IRV
Borda,0.0,-0.017605633802816902,0.0,0.0,-0.017605633802816902,0.0,0.07042253521126761
plurality,0.017605633802816902,0.0,0.017605633802816902,0.017605633802816902,0.0,0.017605633802816902,-0.045774647887323945
gt,0.0,-0.017605633802816902,0.0,0.0,-0.017605633802816902,0.0,0.07042253521126761
minimax,0.0,-0.017605633802816902,0.0,0.0,-0.017605633802816902,0.0,0.07042253521126761
gtd,0.017605633802816902,0.0,0.017605633802816902,0.017605633802816902,0.0,0.017605633802816902,-0.045774647887323945
Schulze,0.0,-0.017605633802816902,0.0,0.0,-0.017605633802816902,0.0,0.07042253521126761
IRV,-0.07042253521126761,0.045774647887323945,-0.07042253521126761,-0.07042253521126761,0.045774647887323945,-0.07042253521126761,0.0
