,Borda,plurality,gt,minimax,gtd,Schulze,IRV
Borda,0.0,0.0705596107055961,-0.021897810218978103,0.0,-0.021897810218978103,0.0,0.0
plurality,-0.0705596107055961,0.0,0.021897810218978103,-0.0705596107055961,0.021897810218978103,-0.0705596107055961,-0.0705596107055961
gt,0.021897810218978103,-0.021897810218978103,0.0,0.021897810218978103,0.0,0.021897810218978103,0.021897810218978103
minimax,0.0,0.0705596107055961,-0.021897810218978103,0.0,-0.021897810218978103,0.0,0.0
gtd,0.021897810218978103,-0.021897810218978103,0.0,0.021897810218978103,0.0,0.021897810218978103,0.021897810218978103
Schulze,0.0,0.0705596107055961,-0.021897810218978103,0.0,-0.021897810218978103,0.0,0.0
IRV,0.0,0.0705596107055961,-0.021897810218978103,0.0,-0.021897810218978103,0.0,0.0
