,Borda,plurality,gt,minimax,gtd,Schulze,IRV
Borda,0.0,0.05434782608695652,0.0,0.0,0.0,0.0,0.0
plurality,-0.05434782608695652,0.0,-0.05434782608695652,-0.05434782608695652,-0.02717391304347826,-0.05434782608695652,-0.02717391304347826
gt,0.0,0.05434782608695652,0.0,0.0,0.0,0.0,0.0
minimax,0.0,0.05434782608695652,0.0,0.0,0.0,0.0,0.0
gtd,0.0,0.02717391304347826,0.0,0.0,0.0,0.0,0.0
Schulze,0.0,0.05434782608695652,0.0,0.0,0.0,0.0,0.0
IRV,0.0,0.02717391304347826,0.0,0.0,0.0,0.0,0.0
