,Borda,plurality,gt,minimax,gtd,Schulze,IRV
Borda,0.0,0.11688311688311688,0.0,0.0,-0.023376623376623377,0.0,0.0
plurality,-0.11688311688311688,0.0,-0.11688311688311688,-0.11688311688311688,0.04415584415584416,-0.11688311688311688,-0.11688311688311688
gt,0.0,0.11688311688311688,0.0,0.0,-0.023376623376623377,0.0,0.0
minimax,0.0,0.11688311688311688,0.0,0.0,-0.023376623376623377,0.0,0.0
gtd,0.023376623376623377,-0.04415584415584416,0.023376623376623377,0.023376623376623377,0.0,0.023376623376623377,0.023376623376623377
Schulze,0.0,0.11688311688311688,0.0,0.0,-0.023376623376623377,0.0,0.0
IRV,0.0,0.11688311688311688,0.0,0.0,-0.023376623376623377,0.0,0.0
