,Borda,plurality,gt,minimax,gtd,Schulze,IRV
Borda,0.0,0.0,0.0,0.0,0.0,0.0,0.02247191011235955
plurality,0.0,0.0,0.0,0.0,0.0,0.0,-0.0299625468164794
gt,0.0,0.0,0.0,0.0,0.0,0.0,-0.0299625468164794
minimax,0.0,0.0,0.0,0.0,0.0,0.0,0.02247191011235955
gtd,0.0,0.0,0.0,0.0,0.0,0.0,0.02247191011235955
Schulze,0.0,0.0,0.0,0.0,0.0,0.0,0.02247191011235955
IRV,-0.02247191011235955,0.0299625468164794,0.0299625468164794,-0.02247191011235955,-0.02247191011235955,-0.02247191011235955,0.0
