,Borda,plurality,gt,minimax,gtd,Schulze,IRV
Borda,0.0,-0.008264462809917356,0.0,0.0,0.0,0.0,0.0
plurality,0.008264462809917356,0.0,0.008264462809917356,-0.024793388429752067,-0.024793388429752067,-0.024793388429752067,-0.024793388429752067
gt,0.0,-0.008264462809917356,0.0,0.0,0.0,0.0,0.0
minimax,0.0,0.024793388429752067,0.0,0.0,0.0,0.0,0.0
gtd,0.0,0.024793388429752067,0.0,0.0,0.0,0.0,0.0
Schulze,0.0,0.024793388429752067,0.0,0.0,0.0,0.0,0.0
IRV,0.0,0.024793388429752067,0.0,0.0,0.0,0.0,0.0
