,Borda,plurality,gt,minimax,gtd,Schulze,IRV
Borda,0.0,-0.022151898734177215,-0.022151898734177215,0.0189873417721519,0.0,0.0189873417721519,0.0189873417721519
plurality,0.022151898734177215,0.0,0.0,-0.028481012658227847,0.022151898734177215,-0.028481012658227847,-0.028481012658227847
gt,0.022151898734177215,0.0,0.0,-0.028481012658227847,0.022151898734177215,-0.028481012658227847,-0.028481012658227847
minimax,-0.0189873417721519,0.028481012658227847,0.028481012658227847,0.0,-0.0189873417721519,0.0,0.0
gtd,0.0,-0.022151898734177215,-0.022151898734177215,0.0189873417721519,0.0,0.0189873417721519,0.0189873417721519
Schulze,-0.0189873417721519,0.028481012658227847,0.028481012658227847,0.0,-0.0189873417721519,0.0,0.0
IRV,-0.0189873417721519,0.028481012658227847,0.028481012658227847,0.0,-0.0189873417721519,0.0,0.0
