,Borda,plurality,gt,minimax,gtd,Schulze,IRV
Borda,0.0,0.060550458715596334,-0.031192660550458717,0.0,0.0,0.0,0.0
plurality,-0.060550458715596334,0.0,0.08990825688073395,-0.060550458715596334,-0.060550458715596334,-0.060550458715596334,-0.060550458715596334
gt,0.031192660550458717,-0.08990825688073395,0.0,0.031192660550458717,0.031192660550458717,0.031192660550458717,0.031192660550458717
minimax,0.0,0.060550458715596334,-0.031192660550458717,0.0,0.0,0.0,0.0
gtd,0.0,0.060550458715596334,-0.031192660550458717,0.0,0.0,0.0,0.0
Schulze,0.0,0.060550458715596334,-0.031192660550458717,0.0,0.0,0.0,0.0
IRV,0.0,0.060550458715596334,-0.031192660550458717,0.0,0.0,0.0,0.0
