,Borda,plurality,gt,minimax,gtd,Schulze,IRV
Borda,0.0,0.07262569832402235,-0.03910614525139665,-0.03910614525139665,-0.03910614525139665,-0.03910614525139665,0.0
plurality,-0.07262569832402235,0.0,0.0111731843575419,0.0111731843575419,0.0111731843575419,0.0111731843575419,-0.07262569832402235
gt,0.03910614525139665,-0.0111731843575419,0.0,0.0,0.0,0.0,0.03910614525139665
minimax,0.03910614525139665,-0.0111731843575419,0.0,0.0,0.0,0.0,0.03910614525139665
gtd,0.03910614525139665,-0.0111731843575419,0.0,0.0,0.0,0.0,0.03910614525139665
Schulze,0.03910614525139665,-0.0111731843575419,0.0,0.0,0.0,0.0,0.03910614525139665
IRV,0.0,0.07262569832402235,-0.03910614525139665,-0.03910614525139665,-0.03910614525139665,-0.03910614525139665,0.0
