,Borda,plurality,gt,minimax,gtd,Schulze,IRV
Borda,0.0,0.03194103194103194,-0.02702702702702703,0.0,0.0,0.0,0.03194103194103194
plurality,-0.03194103194103194,0.0,0.04668304668304668,-0.03194103194103194,-0.03194103194103194,-0.03194103194103194,0.0
gt,0.02702702702702703,-0.04668304668304668,0.0,0.02702702702702703,0.02702702702702703,0.02702702702702703,-0.04668304668304668
minimax,0.0,0.03194103194103194,-0.02702702702702703,0.0,0.0,0.0,0.03194103194103194
gtd,0.0,0.03194103194103194,-0.02702702702702703,0.0,0.0,0.0,0.03194103194103194
Schulze,0.0,0.03194103194103194,-0.02702702702702703,0.0,0.0,0.0,0.03194103194103194
IRV,-0.03194103194103194,0.0,0.04668304668304668,-0.03194103194103194,-0.03194103194103194,-0.03194103194103194,0.0
