,Borda,plurality,gt,minimax,gtd,Schulze,IRV
Borda,0.0,0.04128440366972477,0.0,0.0,0.0,0.0,0.0
plurality,-0.04128440366972477,0.0,0.013761467889908258,-0.04128440366972477,-0.04128440366972477,-0.04128440366972477,-0.04128440366972477
gt,0.0,-0.013761467889908258,0.0,0.0,0.0,0.0,0.0
minimax,0.0,0.04128440366972477,0.0,0.0,0.0,0.0,0.0
gtd,0.0,0.04128440366972477,0.0,0.0,0.0,0.0,0.0
Schulze,0.0,0.04128440366972477,0.0,0.0,0.0,0.0,0.0
IRV,0.0,0.04128440366972477,0.0,0.0,0.0,0.0,0.0
