,Borda,plurality,gt,minimax,gtd,Schulze,IRV
Borda,0.0,0.07964601769911504,0.0,0.0,-0.017699115044247787,0.0,0.0
plurality,-0.07964601769911504,0.0,-0.07964601769911504,-0.07964601769911504,0.035398230088495575,-0.07964601769911504,-0.07964601769911504
gt,0.0,0.07964601769911504,0.0,0.0,-0.017699115044247787,0.0,0.0
minimax,0.0,0.07964601769911504,0.0,0.0,-0.017699115044247787,0.0,0.0
gtd,0.017699115044247787,-0.035398230088495575,0.017699115044247787,0.017699115044247787,0.0,0.017699115044247787,0.017699115044247787
Schulze,0.0,0.07964601769911504,0.0,0.0,-0.017699115044247787,0.0,0.0
IRV,0.0,0.07964601769911504,0.0,0.0,-0.017699115044247787,0.0,0.0
