,Borda,plurality,gt,minimax,gtd,Schulze,IRV
Borda,0.0,0.005089058524173028,0.0,0.005089058524173028,0.0,0.005089058524173028,0.005089058524173028
plurality,-0.005089058524173028,0.0,-0.005089058524173028,0.0,-0.005089058524173028,0.0,0.0
gt,0.0,0.005089058524173028,0.0,0.005089058524173028,0.0,0.005089058524173028,0.005089058524173028
minimax,-0.005089058524173028,0.0,-0.005089058524173028,0.0,-0.005089058524173028,0.0,0.0
gtd,0.0,0.005089058524173028,0.0,0.005089058524173028,0.0,0.005089058524173028,0.005089058524173028
Schulze,-0.005089058524173028,0.0,-0.005089058524173028,0.0,-0.005089058524173028,0.0,0.0
IRV,-0.005089058524173028,0.0,-0.005089058524173028,0.0,-0.005089058524173028,0.0,0.0
