,Borda,plurality,gt,minimax,gtd,Schulze,IRV
Borda,0.0,-0.022556390977443608,-0.022556390977443608,-0.022556390977443608,-0.022556390977443608,-0.022556390977443608,0.05764411027568922
plurality,0.022556390977443608,0.0,0.0,0.0,0.0,0.0,-0.002506265664160401
gt,0.022556390977443608,0.0,0.0,0.0,0.0,0.0,-0.002506265664160401
minimax,0.022556390977443608,0.0,0.0,0.0,0.0,0.0,-0.002506265664160401
gtd,0.022556390977443608,0.0,0.0,0.0,0.0,0.0,-0.002506265664160401
Schulze,0.022556390977443608,0.0,0.0,0.0,0.0,0.0,-0.002506265664160401
IRV,-0.05764411027568922,0.002506265664160401,0.002506265664160401,0.002506265664160401,0.002506265664160401,0.002506265664160401,0.0
