,Borda,plurality,gt,minimax,gtd,Schulze,IRV
Borda,0.0,0.0,-0.023622047244094488,-0.023622047244094488,-0.023622047244094488,-0.023622047244094488,-0.023622047244094488
plurality,0.0,0.0,-0.023622047244094488,-0.023622047244094488,-0.023622047244094488,-0.023622047244094488,-0.023622047244094488
gt,0.023622047244094488,0.023622047244094488,0.0,0.0,0.0,0.0,0.0
minimax,0.023622047244094488,0.023622047244094488,0.0,0.0,0.0,0.0,0.0
gtd,0.023622047244094488,0.023622047244094488,0.0,0.0,0.0,0.0,0.0
Schulze,0.023622047244094488,0.023622047244094488,0.0,0.0,0.0,0.0,0.0
IRV,0.023622047244094488,0.023622047244094488,0.0,0.0,0.0,0.0,0.0
