,Borda,plurality,gt,minimax,gtd,Schulze,IRV
Borda,0.0,-0.03111111111111111,-0.03111111111111111,-0.03111111111111111,-0.03111111111111111,-0.03111111111111111,0.013333333333333334
plurality,0.03111111111111111,0.0,0.0,0.0,0.0,0.0,0.0
gt,0.03111111111111111,0.0,0.0,0.0,0.0,0.0,0.0
minimax,0.03111111111111111,0.0,0.0,0.0,0.0,0.0,0.0
gtd,0.03111111111111111,0.0,0.0,0.0,0.0,0.0,0.0
Schulze,0.03111111111111111,0.0,0.0,0.0,0.0,0.0,0.0
IRV,-0.013333333333333334,0.0,0.0,0.0,0.0,0.0,0.0
