,Borda,plurality,gt,minimax,gtd,Schulze,IRV
Borda,0.0,-0.02386117136659436,0.0,-0.02386117136659436,-0.02386117136659436,-0.02386117136659436,0.03253796095444685
plurality,0.02386117136659436,0.0,0.02386117136659436,0.0,0.0,0.0,-0.015184381778741865
gt,0.0,-0.02386117136659436,0.0,-0.02386117136659436,-0.02386117136659436,-0.02386117136659436,0.03253796095444685
minimax,0.02386117136659436,0.0,0.02386117136659436,0.0,0.0,0.0,-0.015184381778741865
gtd,0.02386117136659436,0.0,0.02386117136659436,0.0,0.0,0.0,-0.015184381778741865
Schulze,0.02386117136659436,0.0,0.02386117136659436,0.0,0.0,0.0,-0.015184381778741865
IRV,-0.03253796095444685,0.015184381778741865,-0.03253796095444685,0.015184381778741865,0.015184381778741865,0.015184381778741865,0.0
