,Borda,plurality,gt,minimax,gtd,Schulze,IRV
Borda,0.0,-0.04843304843304843,-0.04843304843304843,-0.04843304843304843,-0.04843304843304843,-0.04843304843304843,0.1225071225071225
plurality,0.04843304843304843,0.0,0.0,0.0,0.0,0.0,-0.019943019943019943
gt,0.04843304843304843,0.0,0.0,0.0,0.0,0.0,-0.019943019943019943
minimax,0.04843304843304843,0.0,0.0,0.0,0.0,0.0,-0.019943019943019943
gtd,0.04843304843304843,0.0,0.0,0.0,0.0,0.0,-0.019943019943019943
Schulze,0.04843304843304843,0.0,0.0,0.0,0.0,0.0,-0.019943019943019943
IRV,-0.1225071225071225,0.019943019943019943,0.019943019943019943,0.019943019943019943,0.019943019943019943,0.019943019943019943,0.0
