,Borda,plurality,gt,minimax,gtd,Schulze,IRV
Borda,0.0,0.005235602094240838,0.0,0.0,0.0,0.0,0.005235602094240838
plurality,-0.005235602094240838,0.0,0.015706806282722512,-0.005235602094240838,-0.005235602094240838,-0.005235602094240838,0.0
gt,0.0,-0.015706806282722512,0.0,0.0,0.0,0.0,-0.015706806282722512
minimax,0.0,0.005235602094240838,0.0,0.0,0.0,0.0,0.005235602094240838
gtd,0.0,0.005235602094240838,0.0,0.0,0.0,0.0,0.005235602094240838
Schulze,0.0,0.005235602094240838,0.0,0.0,0.0,0.0,0.005235602094240838
IRV,-0.005235602094240838,0.0,0.015706806282722512,-0.005235602094240838,-0.005235602094240838,-0.005235602094240838,0.0
