,Borda,plurality,gt,minimax,gtd,Schulze,IRV
Borda,0.0,0.0,0.0392156862745098,-0.049019607843137254,0.0392156862745098,-0.049019607843137254,-0.049019607843137254
plurality,0.0,0.0,0.0392156862745098,-0.049019607843137254,0.0392156862745098,-0.049019607843137254,-0.049019607843137254
gt,-0.0392156862745098,-0.0392156862745098,0.0,0.0196078431372549,0.0,0.0196078431372549,0.0196078431372549
minimax,0.049019607843137254,0.049019607843137254,-0.0196078431372549,0.0,-0.0196078431372549,0.0,0.0
gtd,-0.0392156862745098,-0.0392156862745098,0.0,0.0196078431372549,0.0,0.0196078431372549,0.0196078431372549
Schulze,0.049019607843137254,0.049019607843137254,-0.0196078431372549,0.0,-0.0196078431372549,0.0,0.0
IRV,0.049019607843137254,0.049019607843137254,-0.0196078431372549,0.0,-0.0196078431372549,0.0,0.0
