,Borda,plurality,gt,minimax,gtd,Schulze,IRV
Borda,0.0,-0.04365079365079365,-0.04365079365079365,-0.04365079365079365,0.03571428571428571,-0.04365079365079365,0.03571428571428571
plurality,0.04365079365079365,0.0,0.0,0.0,-0.023809523809523808,0.0,-0.023809523809523808
gt,0.04365079365079365,0.0,0.0,0.0,-0.023809523809523808,0.0,-0.023809523809523808
minimax,0.04365079365079365,0.0,0.0,0.0,-0.023809523809523808,0.0,-0.023809523809523808
gtd,-0.03571428571428571,0.023809523809523808,0.023809523809523808,0.023809523809523808,0.0,0.023809523809523808,0.0
Schulze,0.04365079365079365,0.0,0.0,0.0,-0.023809523809523808,0.0,-0.023809523809523808
IRV,-0.03571428571428571,0.023809523809523808,0.023809523809523808,0.023809523809523808,0.0,0.023809523809523808,0.0
