,Borda,plurality,gt,minimax,gtd,Schulze,IRV
Borda,0.0,0.0273224043715847,0.0273224043715847,-0.030965391621129327,0.0273224043715847,-0.030965391621129327,0.0273224043715847
plurality,-0.0273224043715847,0.0,0.0,0.012750455373406194,0.0,0.012750455373406194,0.0
gt,-0.0273224043715847,0.0,0.0,0.012750455373406194,0.0,0.012750455373406194,0.0
minimax,0.030965391621129327,-0.012750455373406194,-0.012750455373406194,0.0,-0.012750455373406194,0.0,-0.012750455373406194
gtd,-0.0273224043715847,0.0,0.0,0.012750455373406194,0.0,0.012750455373406194,0.0
Schulze,0.030965391621129327,-0.012750455373406194,-0.012750455373406194,0.0,-0.012750455373406194,0.0,-0.012750455373406194
IRV,-0.0273224043715847,0.0,0.0,0.012750455373406194,0.0,0.012750455373406194,0.0
