,Borda,plurality,gt,minimax,gtd,Schulze,IRV
Borda,0.0,0.016853932584269662,0.0,0.0,0.0,0.0,0.0
plurality,-0.016853932584269662,0.0,-0.02247191011235955,-0.016853932584269662,-0.016853932584269662,-0.016853932584269662,-0.016853932584269662
gt,0.0,0.02247191011235955,0.0,0.0,0.0,0.0,0.0
minimax,0.0,0.016853932584269662,0.0,0.0,0.0,0.0,0.0
gtd,0.0,0.016853932584269662,0.0,0.0,0.0,0.0,0.0
Schulze,0.0,0.016853932584269662,0.0,0.0,0.0,0.0,0.0
IRV,0.0,0.016853932584269662,0.0,0.0,0.0,0.0,0.0
