,Borda,plurality,gt,minimax,gtd,Schulze,IRV
Borda,0.0,-0.02467343976777939,-0.02467343976777939,0.013062409288824383,0.0,0.013062409288824383,0.013062409288824383
plurality,0.02467343976777939,0.0,0.0,-0.027576197387518143,0.02467343976777939,-0.027576197387518143,-0.027576197387518143
gt,0.02467343976777939,0.0,0.0,-0.027576197387518143,0.02467343976777939,-0.027576197387518143,-0.027576197387518143
minimax,-0.013062409288824383,0.027576197387518143,0.027576197387518143,0.0,-0.013062409288824383,0.0,0.0
gtd,0.0,-0.02467343976777939,-0.02467343976777939,0.013062409288824383,0.0,0.013062409288824383,0.013062409288824383
Schulze,-0.013062409288824383,0.027576197387518143,0.027576197387518143,0.0,-0.013062409288824383,0.0,0.0
IRV,-0.013062409288824383,0.027576197387518143,0.027576197387518143,0.0,-0.013062409288824383,0.0,0.0
