,Borda,plurality,gt,minimax,gtd,Schulze,IRV
Borda,0.0,-0.044854881266490766,0.044854881266490766,-0.044854881266490766,0.044854881266490766,-0.044854881266490766,0.044854881266490766
plurality,0.044854881266490766,0.0,-0.0079155672823219,0.0,-0.0079155672823219,0.0,-0.0079155672823219
gt,-0.044854881266490766,0.0079155672823219,0.0,0.0079155672823219,0.0,0.0079155672823219,0.0
minimax,0.044854881266490766,0.0,-0.0079155672823219,0.0,-0.0079155672823219,0.0,-0.0079155672823219
gtd,-0.044854881266490766,0.0079155672823219,0.0,0.0079155672823219,0.0,0.0079155672823219,0.0
Schulze,0.044854881266490766,0.0,-0.0079155672823219,0.0,-0.0079155672823219,0.0,-0.0079155672823219
IRV,-0.044854881266490766,0.0079155672823219,0.0,0.0079155672823219,0.0,0.0079155672823219,0.0
