,Borda,plurality,gt,minimax,gtd,Schulze,IRV
Borda,0.0,-0.07109004739336493,0.0,-0.07109004739336493,0.04739336492890995,-0.07109004739336493,-0.07109004739336493
plurality,0.07109004739336493,0.0,0.07109004739336493,0.0,-0.02843601895734597,0.0,0.0
gt,0.0,-0.07109004739336493,0.0,-0.07109004739336493,0.04739336492890995,-0.07109004739336493,-0.07109004739336493
minimax,0.07109004739336493,0.0,0.07109004739336493,0.0,-0.02843601895734597,0.0,0.0
gtd,-0.04739336492890995,0.02843601895734597,-0.04739336492890995,0.02843601895734597,0.0,0.02843601895734597,0.02843601895734597
Schulze,0.07109004739336493,0.0,0.07109004739336493,0.0,-0.02843601895734597,0.0,0.0
IRV,0.07109004739336493,0.0,0.07109004739336493,0.0,-0.02843601895734597,0.0,0.0
