,Borda,plurality,gt,minimax,gtd,Schulze,IRV
Borda,0.0,0.015503875968992248,0.015503875968992248,-0.027131782945736434,0.015503875968992248,-0.027131782945736434,0.0
plurality,-0.015503875968992248,0.0,0.0,0.007751937984496124,0.0,0.007751937984496124,-0.015503875968992248
gt,-0.015503875968992248,0.0,0.0,0.007751937984496124,0.0,0.007751937984496124,-0.015503875968992248
minimax,0.027131782945736434,-0.007751937984496124,-0.007751937984496124,0.0,-0.007751937984496124,0.0,0.027131782945736434
gtd,-0.015503875968992248,0.0,0.0,0.007751937984496124,0.0,0.007751937984496124,-0.015503875968992248
Schulze,0.027131782945736434,-0.007751937984496124,-0.007751937984496124,0.0,-0.007751937984496124,0.0,0.027131782945736434
IRV,0.0,0.015503875968992248,0.015503875968992248,-0.027131782945736434,0.015503875968992248,-0.027131782945736434,0.0
