,Borda,plurality,gt,minimax,gtd,Schulze,IRV
Borda,0.0,-0.005376344086021506,0.0,0.0,-0.005376344086021506,0.0,0.0967741935483871
plurality,0.005376344086021506,0.0,0.005376344086021506,0.005376344086021506,0.0,0.005376344086021506,-0.05913978494623656
gt,0.0,-0.005376344086021506,0.0,0.0,-0.005376344086021506,0.0,0.0967741935483871
minimax,0.0,-0.005376344086021506,0.0,0.0,-0.005376344086021506,0.0,0.0967741935483871
gtd,0.005376344086021506,0.0,0.005376344086021506,0.005376344086021506,0.0,0.005376344086021506,-0.05913978494623656
Schulze,0.0,-0.005376344086021506,0.0,0.0,-0.005376344086021506,0.0,0.0967741935483871
IRV,-0.0967741935483871,0.05913978494623656,-0.0967741935483871,-0.0967741935483871,0.05913978494623656,-0.0967741935483871,0.0
