,Borda,plurality,gt,minimax,gtd,Schulze,IRV
Borda,0.0,-0.012658227848101266,-0.012658227848101266,0.0,-0.012658227848101266,0.0,0.12236286919831224
plurality,0.012658227848101266,0.0,0.0,0.012658227848101266,0.0,0.012658227848101266,-0.0379746835443038
gt,0.012658227848101266,0.0,0.0,0.012658227848101266,0.0,0.012658227848101266,-0.0379746835443038
minimax,0.0,-0.012658227848101266,-0.012658227848101266,0.0,-0.012658227848101266,0.0,0.12236286919831224
gtd,0.012658227848101266,0.0,0.0,0.012658227848101266,0.0,0.012658227848101266,-0.0379746835443038
Schulze,0.0,-0.012658227848101266,-0.012658227848101266,0.0,-0.012658227848101266,0.0,0.12236286919831224
IRV,-0.12236286919831224,0.0379746835443038,0.0379746835443038,-0.12236286919831224,0.0379746835443038,-0.12236286919831224,0.0
