,Borda,plurality,gt,minimax,gtd,Schulze,IRV
Borda,0.0,-0.04197530864197531,-0.04197530864197531,-0.04197530864197531,-0.04197530864197531,-0.04197530864197531,0.09135802469135802
plurality,0.04197530864197531,0.0,0.0,0.0,0.0,0.0,-0.0024691358024691358
gt,0.04197530864197531,0.0,0.0,0.0,0.0,0.0,-0.0024691358024691358
minimax,0.04197530864197531,0.0,0.0,0.0,0.0,0.0,-0.0024691358024691358
gtd,0.04197530864197531,0.0,0.0,0.0,0.0,0.0,-0.0024691358024691358
Schulze,0.04197530864197531,0.0,0.0,0.0,0.0,0.0,-0.0024691358024691358
IRV,-0.09135802469135802,0.0024691358024691358,0.0024691358024691358,0.0024691358024691358,0.0024691358024691358,0.0024691358024691358,0.0
