,Borda,plurality,gt,minimax,gtd,Schulze,IRV
Borda,0.0,0.014450867052023121,0.0,0.0,0.0,0.0,0.014450867052023121
plurality,-0.014450867052023121,0.0,0.017341040462427744,-0.014450867052023121,-0.014450867052023121,-0.014450867052023121,0.0
gt,0.0,-0.017341040462427744,0.0,0.0,0.0,0.0,-0.017341040462427744
minimax,0.0,0.014450867052023121,0.0,0.0,0.0,0.0,0.014450867052023121
gtd,0.0,0.014450867052023121,0.0,0.0,0.0,0.0,0.014450867052023121
Schulze,0.0,0.014450867052023121,0.0,0.0,0.0,0.0,0.014450867052023121
IRV,-0.014450867052023121,0.0,0.017341040462427744,-0.014450867052023121,-0.014450867052023121,-0.014450867052023121,0.0
