,Borda,plurality,gt,minimax,gtd,Schulze,IRV
Borda,0.0,-0.037481259370314844,-0.037481259370314844,-0.037481259370314844,-0.037481259370314844,-0.037481259370314844,0.0704647676161919
plurality,0.037481259370314844,0.0,0.0,0.0,0.0,0.0,-0.0014992503748125937
gt,0.037481259370314844,0.0,0.0,0.0,0.0,0.0,-0.0014992503748125937
minimax,0.037481259370314844,0.0,0.0,0.0,0.0,0.0,-0.0014992503748125937
gtd,0.037481259370314844,0.0,0.0,0.0,0.0,0.0,-0.0014992503748125937
Schulze,0.037481259370314844,0.0,0.0,0.0,0.0,0.0,-0.0014992503748125937
IRV,-0.0704647676161919,0.0014992503748125937,0.0014992503748125937,0.0014992503748125937,0.0014992503748125937,0.0014992503748125937,0.0
