,Borda,plurality,gt,minimax,gtd,Schulze,IRV
Borda,0.0,0.08355795148247978,0.08355795148247978,-0.06199460916442048,-0.06199460916442048,-0.06199460916442048,0.0
plurality,-0.08355795148247978,0.0,0.0,0.008086253369272238,0.008086253369272238,0.008086253369272238,-0.08355795148247978
gt,-0.08355795148247978,0.0,0.0,0.008086253369272238,0.008086253369272238,0.008086253369272238,-0.08355795148247978
minimax,0.06199460916442048,-0.008086253369272238,-0.008086253369272238,0.0,0.0,0.0,0.06199460916442048
gtd,0.06199460916442048,-0.008086253369272238,-0.008086253369272238,0.0,0.0,0.0,0.06199460916442048
Schulze,0.06199460916442048,-0.008086253369272238,-0.008086253369272238,0.0,0.0,0.0,0.06199460916442048
IRV,0.0,0.08355795148247978,0.08355795148247978,-0.06199460916442048,-0.06199460916442048,-0.06199460916442048,0.0
