,Borda,plurality,gt,minimax,gtd,Schulze,IRV
Borda,0.0,0.03736263736263736,-0.054945054945054944,-0.054945054945054944,0.03736263736263736,-0.054945054945054944,0.0
plurality,-0.03736263736263736,0.0,0.03296703296703297,0.03296703296703297,0.0,0.03296703296703297,-0.03736263736263736
gt,0.054945054945054944,-0.03296703296703297,0.0,0.0,-0.03296703296703297,0.0,0.054945054945054944
minimax,0.054945054945054944,-0.03296703296703297,0.0,0.0,-0.03296703296703297,0.0,0.054945054945054944
gtd,-0.03736263736263736,0.0,0.03296703296703297,0.03296703296703297,0.0,0.03296703296703297,-0.03736263736263736
Schulze,0.054945054945054944,-0.03296703296703297,0.0,0.0,-0.03296703296703297,0.0,0.054945054945054944
IRV,0.0,0.03736263736263736,-0.054945054945054944,-0.054945054945054944,0.03736263736263736,-0.054945054945054944,0.0
