,Borda,plurality,gt,minimax,gtd,Schulze,IRV
Borda,0.0,0.025252525252525252,-0.005050505050505051,0.0,0.0,0.0,0.025252525252525252
plurality,-0.025252525252525252,0.0,0.08080808080808081,-0.025252525252525252,-0.025252525252525252,-0.025252525252525252,0.0
gt,0.005050505050505051,-0.08080808080808081,0.0,0.005050505050505051,0.005050505050505051,0.005050505050505051,-0.08080808080808081
minimax,0.0,0.025252525252525252,-0.005050505050505051,0.0,0.0,0.0,0.025252525252525252
gtd,0.0,0.025252525252525252,-0.005050505050505051,0.0,0.0,0.0,0.025252525252525252
Schulze,0.0,0.025252525252525252,-0.005050505050505051,0.0,0.0,0.0,0.025252525252525252
IRV,-0.025252525252525252,0.0,0.08080808080808081,-0.025252525252525252,-0.025252525252525252,-0.025252525252525252,0.0
