,Borda,plurality,gt,minimax,gtd,Schulze,IRV
Borda,0.0,0.0,0.0,0.0,0.0,0.0,0.05511811023622047
plurality,0.0,0.0,0.0,0.0,0.0,0.0,-0.027559055118110236
gt,0.0,0.0,0.0,0.0,0.0,0.0,-0.027559055118110236
minimax,0.0,0.0,0.0,0.0,0.0,0.0,0.05511811023622047
gtd,0.0,0.0,0.0,0.0,0.0,0.0,0.05511811023622047
Schulze,0.0,0.0,0.0,0.0,0.0,0.0,0.05511811023622047
IRV,-0.05511811023622047,0.027559055118110236,0.027559055118110236,-0.05511811023622047,-0.05511811023622047,-0.05511811023622047,0.0
