,Borda,plurality,gt,minimax,gtd,Schulze,IRV
Borda,0.0,-0.050505050505050504,0.03838383838383838,-0.050505050505050504,0.03838383838383838,-0.050505050505050504,-0.050505050505050504
plurality,0.050505050505050504,0.0,-0.010101010101010102,0.0,-0.010101010101010102,0.0,0.0
gt,-0.03838383838383838,0.010101010101010102,0.0,0.010101010101010102,0.0,0.010101010101010102,0.010101010101010102
minimax,0.050505050505050504,0.0,-0.010101010101010102,0.0,-0.010101010101010102,0.0,0.0
gtd,-0.03838383838383838,0.010101010101010102,0.0,0.010101010101010102,0.0,0.010101010101010102,0.010101010101010102
Schulze,0.050505050505050504,0.0,-0.010101010101010102,0.0,-0.010101010101010102,0.0,0.0
IRV,0.050505050505050504,0.0,-0.010101010101010102,0.0,-0.010101010101010102,0.0,0.0
