,Borda,plurality,gt,minimax,gtd,Schulze,IRV
Borda,0.0,0.0,-0.013245033112582781,-0.013245033112582781,-0.013245033112582781,-0.013245033112582781,0.0
plurality,0.0,0.0,-0.013245033112582781,-0.013245033112582781,-0.013245033112582781,-0.013245033112582781,0.0
gt,0.013245033112582781,0.013245033112582781,0.0,0.0,0.0,0.0,0.013245033112582781
minimax,0.013245033112582781,0.013245033112582781,0.0,0.0,0.0,0.0,0.013245033112582781
gtd,0.013245033112582781,0.013245033112582781,0.0,0.0,0.0,0.0,0.013245033112582781
Schulze,0.013245033112582781,0.013245033112582781,0.0,0.0,0.0,0.0,0.013245033112582781
IRV,0.0,0.0,-0.013245033112582781,-0.013245033112582781,-0.013245033112582781,-0.013245033112582781,0.0
