,Borda,plurality,gt,minimax,gtd,Schulze,IRV
Borda,0.0,-0.024817518248175182,0.0,-0.024817518248175182,-0.024817518248175182,-0.024817518248175182,-0.024817518248175182
plurality,0.024817518248175182,0.0,0.024817518248175182,0.0,0.0,0.0,0.0
gt,0.0,-0.024817518248175182,0.0,-0.024817518248175182,-0.024817518248175182,-0.024817518248175182,-0.024817518248175182
minimax,0.024817518248175182,0.0,0.024817518248175182,0.0,0.0,0.0,0.0
gtd,0.024817518248175182,0.0,0.024817518248175182,0.0,0.0,0.0,0.0
Schulze,0.024817518248175182,0.0,0.024817518248175182,0.0,0.0,0.0,0.0
IRV,0.024817518248175182,0.0,0.024817518248175182,0.0,0.0,0.0,0.0
