,Borda,plurality,gt,minimax,gtd,Schulze,IRV
Borda,0.0,0.0,-0.037142857142857144,-0.037142857142857144,-0.037142857142857144,-0.037142857142857144,-0.037142857142857144
plurality,0.0,0.0,-0.037142857142857144,-0.037142857142857144,-0.037142857142857144,-0.037142857142857144,-0.037142857142857144
gt,0.037142857142857144,0.037142857142857144,0.0,0.0,0.0,0.0,0.0
minimax,0.037142857142857144,0.037142857142857144,0.0,0.0,0.0,0.0,0.0
gtd,0.037142857142857144,0.037142857142857144,0.0,0.0,0.0,0.0,0.0
Schulze,0.037142857142857144,0.037142857142857144,0.0,0.0,0.0,0.0,0.0
IRV,0.037142857142857144,0.037142857142857144,0.0,0.0,0.0,0.0,0.0
