,Borda,plurality,gt,minimax,gtd,Schulze,IRV
Borda,0.0,-0.04897959183673469,-0.04897959183673469,0.012244897959183673,0.012244897959183673,0.012244897959183673,0.012244897959183673
plurality,0.04897959183673469,0.0,0.0,-0.0163265306122449,-0.0163265306122449,-0.0163265306122449,-0.0163265306122449
gt,0.04897959183673469,0.0,0.0,-0.0163265306122449,-0.0163265306122449,-0.0163265306122449,-0.0163265306122449
minimax,-0.012244897959183673,0.0163265306122449,0.0163265306122449,0.0,0.0,0.0,0.0
gtd,-0.012244897959183673,0.0163265306122449,0.0163265306122449,0.0,0.0,0.0,0.0
Schulze,-0.012244897959183673,0.0163265306122449,0.0163265306122449,0.0,0.0,0.0,0.0
IRV,-0.012244897959183673,0.0163265306122449,0.0163265306122449,0.0,0.0,0.0,0.0
