,Borda,plurality,gt,minimax,gtd,Schulze,IRV
Borda,0.0,0.04491725768321513,0.04491725768321513,0.0,-0.01182033096926714,0.0,0.0
plurality,-0.04491725768321513,0.0,0.0,-0.04491725768321513,0.02127659574468085,-0.04491725768321513,-0.04491725768321513
gt,-0.04491725768321513,0.0,0.0,-0.04491725768321513,0.02127659574468085,-0.04491725768321513,-0.04491725768321513
minimax,0.0,0.04491725768321513,0.04491725768321513,0.0,-0.01182033096926714,0.0,0.0
gtd,0.01182033096926714,-0.02127659574468085,-0.02127659574468085,0.01182033096926714,0.0,0.01182033096926714,0.01182033096926714
Schulze,0.0,0.04491725768321513,0.04491725768321513,0.0,-0.01182033096926714,0.0,0.0
IRV,0.0,0.04491725768321513,0.04491725768321513,0.0,-0.01182033096926714,0.0,0.0
