,Borda,plurality,gt,minimax,gtd,Schulze,IRV
Borda,0.0,-0.06040268456375839,0.0,-0.06040268456375839,-0.06040268456375839,-0.06040268456375839,0.07718120805369127
plurality,0.06040268456375839,0.0,0.06040268456375839,0.0,0.0,0.0,-0.026845637583892617
gt,0.0,-0.06040268456375839,0.0,-0.06040268456375839,-0.06040268456375839,-0.06040268456375839,0.07718120805369127
minimax,0.06040268456375839,0.0,0.06040268456375839,0.0,0.0,0.0,-0.026845637583892617
gtd,0.06040268456375839,0.0,0.06040268456375839,0.0,0.0,0.0,-0.026845637583892617
Schulze,0.06040268456375839,0.0,0.06040268456375839,0.0,0.0,0.0,-0.026845637583892617
IRV,-0.07718120805369127,0.026845637583892617,-0.07718120805369127,0.026845637583892617,0.026845637583892617,0.026845637583892617,0.0
