,Borda,plurality,gt,minimax,gtd,Schulze,IRV
Borda,0.0,0.03626943005181347,0.03626943005181347,-0.046632124352331605,0.03626943005181347,-0.046632124352331605,0.0
plurality,-0.03626943005181347,0.0,0.0,0.03626943005181347,0.0,0.03626943005181347,-0.03626943005181347
gt,-0.03626943005181347,0.0,0.0,0.03626943005181347,0.0,0.03626943005181347,-0.03626943005181347
minimax,0.046632124352331605,-0.03626943005181347,-0.03626943005181347,0.0,-0.03626943005181347,0.0,0.046632124352331605
gtd,-0.03626943005181347,0.0,0.0,0.03626943005181347,0.0,0.03626943005181347,-0.03626943005181347
Schulze,0.046632124352331605,-0.03626943005181347,-0.03626943005181347,0.0,-0.03626943005181347,0.0,0.046632124352331605
IRV,0.0,0.03626943005181347,0.03626943005181347,-0.046632124352331605,0.03626943005181347,-0.046632124352331605,0.0
