,Borda,plurality,gt,minimax,gtd,Schulze,IRV
Borda,0.0,0.036608863198458574,0.0,0.0,-0.005780346820809248,0.0,0.0
plurality,-0.036608863198458574,0.0,-0.036608863198458574,-0.036608863198458574,0.036608863198458574,-0.036608863198458574,-0.036608863198458574
gt,0.0,0.036608863198458574,0.0,0.0,-0.005780346820809248,0.0,0.0
minimax,0.0,0.036608863198458574,0.0,0.0,-0.005780346820809248,0.0,0.0
gtd,0.005780346820809248,-0.036608863198458574,0.005780346820809248,0.005780346820809248,0.0,0.005780346820809248,0.005780346820809248
Schulze,0.0,0.036608863198458574,0.0,0.0,-0.005780346820809248,0.0,0.0
IRV,0.0,0.036608863198458574,0.0,0.0,-0.005780346820809248,0.0,0.0
