,Borda,plurality,gt,minimax,gtd,Schulze,IRV
Borda,0.0,0.0,0.0,0.0,-0.004651162790697674,0.0,-0.004651162790697674
plurality,0.0,0.0,0.0,0.0,-0.004651162790697674,0.0,-0.004651162790697674
gt,0.0,0.0,0.0,0.0,-0.004651162790697674,0.0,-0.004651162790697674
minimax,0.0,0.0,0.0,0.0,-0.004651162790697674,0.0,-0.004651162790697674
gtd,0.004651162790697674,0.004651162790697674,0.004651162790697674,0.004651162790697674,0.0,0.004651162790697674,0.0
Schulze,0.0,0.0,0.0,0.0,-0.004651162790697674,0.0,-0.004651162790697674
IRV,0.004651162790697674,0.004651162790697674,0.004651162790697674,0.004651162790697674,0.0,0.004651162790697674,0.0
