,Borda,plurality,gt,minimax,gtd,Schulze,IRV
Borda,0.0,0.046762589928057555,0.0,0.0,0.0,0.0,0.0
plurality,-0.046762589928057555,0.0,-0.05755395683453238,-0.046762589928057555,-0.05755395683453238,-0.046762589928057555,-0.046762589928057555
gt,0.0,0.05755395683453238,0.0,0.0,0.0,0.0,0.0
minimax,0.0,0.046762589928057555,0.0,0.0,0.0,0.0,0.0
gtd,0.0,0.05755395683453238,0.0,0.0,0.0,0.0,0.0
Schulze,0.0,0.046762589928057555,0.0,0.0,0.0,0.0,0.0
IRV,0.0,0.046762589928057555,0.0,0.0,0.0,0.0,0.0
