,Borda,plurality,gt,minimax,gtd,Schulze,IRV
Borda,0.0,0.05322128851540616,0.05322128851540616,-0.05322128851540616,0.05322128851540616,-0.05322128851540616,0.0
plurality,-0.05322128851540616,0.0,0.0,0.0196078431372549,0.0,0.0196078431372549,-0.05322128851540616
gt,-0.05322128851540616,0.0,0.0,0.0196078431372549,0.0,0.0196078431372549,-0.05322128851540616
minimax,0.05322128851540616,-0.0196078431372549,-0.0196078431372549,0.0,-0.0196078431372549,0.0,0.05322128851540616
gtd,-0.05322128851540616,0.0,0.0,0.0196078431372549,0.0,0.0196078431372549,-0.05322128851540616
Schulze,0.05322128851540616,-0.0196078431372549,-0.0196078431372549,0.0,-0.0196078431372549,0.0,0.05322128851540616
IRV,0.0,0.05322128851540616,0.05322128851540616,-0.05322128851540616,0.05322128851540616,-0.05322128851540616,0.0
