,Borda,plurality,gt,minimax,gtd,Schulze,IRV
Borda,0.0,-0.009868421052631578,-0.009868421052631578,0.0,-0.009868421052631578,0.0,0.09210526315789473
plurality,0.009868421052631578,0.0,0.0,0.009868421052631578,0.0,0.009868421052631578,-0.046052631578947366
gt,0.009868421052631578,0.0,0.0,0.009868421052631578,0.0,0.009868421052631578,-0.046052631578947366
minimax,0.0,-0.009868421052631578,-0.009868421052631578,0.0,-0.009868421052631578,0.0,0.09210526315789473
gtd,0.009868421052631578,0.0,0.0,0.009868421052631578,0.0,0.009868421052631578,-0.046052631578947366
Schulze,0.0,-0.009868421052631578,-0.009868421052631578,0.0,-0.009868421052631578,0.0,0.09210526315789473
IRV,-0.09210526315789473,0.046052631578947366,0.046052631578947366,-0.09210526315789473,0.046052631578947366,-0.09210526315789473,0.0
