,Borda,plurality,gt,minimax,gtd,Schulze,IRV
Borda,0.0,0.0,0.0,-0.014814814814814815,-0.014814814814814815,-0.014814814814814815,-0.014814814814814815
plurality,0.0,0.0,0.0,-0.014814814814814815,-0.014814814814814815,-0.014814814814814815,-0.014814814814814815
gt,0.0,0.0,0.0,-0.014814814814814815,-0.014814814814814815,-0.014814814814814815,-0.014814814814814815
minimax,0.014814814814814815,0.014814814814814815,0.014814814814814815,0.0,0.0,0.0,0.0
gtd,0.014814814814814815,0.014814814814814815,0.014814814814814815,0.0,0.0,0.0,0.0
Schulze,0.014814814814814815,0.014814814814814815,0.014814814814814815,0.0,0.0,0.0,0.0
IRV,0.014814814814814815,0.014814814814814815,0.014814814814814815,0.0,0.0,0.0,0.0
