,Borda,plurality,gt,minimax,gtd,Schulze,IRV
Borda,0.0,0.07948243992606285,-0.0018484288354898336,0.0,-0.0018484288354898336,0.0,0.0
plurality,-0.07948243992606285,0.0,0.06469500924214418,-0.07948243992606285,0.06469500924214418,-0.07948243992606285,-0.07948243992606285
gt,0.0018484288354898336,-0.06469500924214418,0.0,0.0018484288354898336,0.0,0.0018484288354898336,0.0018484288354898336
minimax,0.0,0.07948243992606285,-0.0018484288354898336,0.0,-0.0018484288354898336,0.0,0.0
gtd,0.0018484288354898336,-0.06469500924214418,0.0,0.0018484288354898336,0.0,0.0018484288354898336,0.0018484288354898336
Schulze,0.0,0.07948243992606285,-0.0018484288354898336,0.0,-0.0018484288354898336,0.0,0.0
IRV,0.0,0.07948243992606285,-0.0018484288354898336,0.0,-0.0018484288354898336,0.0,0.0
