,Borda,plurality,gt,minimax,gtd,Schulze,IRV
Borda,0.0,0.06702412868632708,-0.013404825737265416,0.0,-0.013404825737265416,0.0,0.0
plurality,-0.06702412868632708,0.0,0.045576407506702415,-0.06702412868632708,0.045576407506702415,-0.06702412868632708,-0.06702412868632708
gt,0.013404825737265416,-0.045576407506702415,0.0,0.013404825737265416,0.0,0.013404825737265416,0.013404825737265416
minimax,0.0,0.06702412868632708,-0.013404825737265416,0.0,-0.013404825737265416,0.0,0.0
gtd,0.013404825737265416,-0.045576407506702415,0.0,0.013404825737265416,0.0,0.013404825737265416,0.013404825737265416
Schulze,0.0,0.06702412868632708,-0.013404825737265416,0.0,-0.013404825737265416,0.0,0.0
IRV,0.0,0.06702412868632708,-0.013404825737265416,0.0,-0.013404825737265416,0.0,0.0
