,Borda,plurality,gt,minimax,gtd,Schulze,IRV
Borda,0.0,0.0,0.0,0.0,0.0,0.0,0.03003003003003003
plurality,0.0,0.0,0.0,0.0,0.0,0.0,-0.009009009009009009
gt,0.0,0.0,0.0,0.0,0.0,0.0,0.03003003003003003
minimax,0.0,0.0,0.0,0.0,0.0,0.0,0.03003003003003003
gtd,0.0,0.0,0.0,0.0,0.0,0.0,0.03003003003003003
Schulze,0.0,0.0,0.0,0.0,0.0,0.0,0.03003003003003003
IRV,-0.03003003003003003,0.009009009009009009,-0.03003003003003003,-0.03003003003003003,-0.03003003003003003,-0.03003003003003003,0.0
