,Borda,plurality,gt,minimax,gtd,Schulze,IRV
Borda,0.0,0.0,0.0,0.0,0.0,0.0,0.021052631578947368
plurality,0.0,0.0,0.0,0.0,0.0,0.0,-0.031578947368421054
gt,0.0,0.0,0.0,0.0,0.0,0.0,0.021052631578947368
minimax,0.0,0.0,0.0,0.0,0.0,0.0,0.021052631578947368
gtd,0.0,0.0,0.0,0.0,0.0,0.0,0.021052631578947368
Schulze,0.0,0.0,0.0,0.0,0.0,0.0,0.021052631578947368
IRV,-0.021052631578947368,0.031578947368421054,-0.021052631578947368,-0.021052631578947368,-0.021052631578947368,-0.021052631578947368,0.0
