,Borda,plurality,gt,minimax,gtd,Schulze,IRV
Borda,0.0,0.0,0.005025125628140704,-0.010050251256281407,-0.010050251256281407,-0.010050251256281407,-0.010050251256281407
plurality,0.0,0.0,0.005025125628140704,-0.010050251256281407,-0.010050251256281407,-0.010050251256281407,-0.010050251256281407
gt,-0.005025125628140704,-0.005025125628140704,0.0,0.0,0.0,0.0,0.0
minimax,0.010050251256281407,0.010050251256281407,0.0,0.0,0.0,0.0,0.0
gtd,0.010050251256281407,0.010050251256281407,0.0,0.0,0.0,0.0,0.0
Schulze,0.010050251256281407,0.010050251256281407,0.0,0.0,0.0,0.0,0.0
IRV,0.010050251256281407,0.010050251256281407,0.0,0.0,0.0,0.0,0.0
