,Borda,plurality,gt,minimax,gtd,Schulze,IRV
Borda,0.0,-0.01646090534979424,-0.01646090534979424,0.0,-0.01646090534979424,0.0,0.08641975308641975
plurality,0.01646090534979424,0.0,0.0,0.01646090534979424,0.0,0.01646090534979424,-0.04938271604938271
gt,0.01646090534979424,0.0,0.0,0.01646090534979424,0.0,0.01646090534979424,-0.04938271604938271
minimax,0.0,-0.01646090534979424,-0.01646090534979424,0.0,-0.01646090534979424,0.0,0.08641975308641975
gtd,0.01646090534979424,0.0,0.0,0.01646090534979424,0.0,0.01646090534979424,-0.04938271604938271
Schulze,0.0,-0.01646090534979424,-0.01646090534979424,0.0,-0.01646090534979424,0.0,0.08641975308641975
IRV,-0.08641975308641975,0.04938271604938271,0.04938271604938271,-0.08641975308641975,0.04938271604938271,-0.08641975308641975,0.0
