,Borda,plurality,gt,minimax,gtd,Schulze,IRV
Borda,0.0,-0.017777777777777778,0.013333333333333334,-0.017777777777777778,0.013333333333333334,-0.017777777777777778,-0.017777777777777778
plurality,0.017777777777777778,0.0,-0.008888888888888889,0.0,-0.008888888888888889,0.0,0.0
gt,-0.013333333333333334,0.008888888888888889,0.0,0.008888888888888889,0.0,0.008888888888888889,0.008888888888888889
minimax,0.017777777777777778,0.0,-0.008888888888888889,0.0,-0.008888888888888889,0.0,0.0
gtd,-0.013333333333333334,0.008888888888888889,0.0,0.008888888888888889,0.0,0.008888888888888889,0.008888888888888889
Schulze,0.017777777777777778,0.0,-0.008888888888888889,0.0,-0.008888888888888889,0.0,0.0
IRV,0.017777777777777778,0.0,-0.008888888888888889,0.0,-0.008888888888888889,0.0,0.0
