,Borda,plurality,gt,minimax,gtd,Schulze,IRV
Borda,0.0,0.0,0.0,0.016556291390728478,0.0,0.016556291390728478,-0.029801324503311258
plurality,0.0,0.0,0.0,0.016556291390728478,0.0,0.016556291390728478,-0.029801324503311258
gt,0.0,0.0,0.0,0.016556291390728478,0.0,0.016556291390728478,-0.029801324503311258
minimax,-0.016556291390728478,-0.016556291390728478,-0.016556291390728478,0.0,-0.016556291390728478,0.0,0.04304635761589404
gtd,0.0,0.0,0.0,0.016556291390728478,0.0,0.016556291390728478,-0.029801324503311258
Schulze,-0.016556291390728478,-0.016556291390728478,-0.016556291390728478,0.0,-0.016556291390728478,0.0,0.04304635761589404
IRV,0.029801324503311258,0.029801324503311258,0.029801324503311258,-0.04304635761589404,0.029801324503311258,-0.04304635761589404,0.0
