,Borda,plurality,gt,minimax,gtd,Schulze,IRV
Borda,0.0,-0.043010752688172046,-0.043010752688172046,0.043010752688172046,0.0,0.043010752688172046,0.043010752688172046
plurality,0.043010752688172046,0.0,0.0,-0.04838709677419355,0.043010752688172046,-0.04838709677419355,-0.04838709677419355
gt,0.043010752688172046,0.0,0.0,-0.04838709677419355,0.043010752688172046,-0.04838709677419355,-0.04838709677419355
minimax,-0.043010752688172046,0.04838709677419355,0.04838709677419355,0.0,-0.043010752688172046,0.0,0.0
gtd,0.0,-0.043010752688172046,-0.043010752688172046,0.043010752688172046,0.0,0.043010752688172046,0.043010752688172046
Schulze,-0.043010752688172046,0.04838709677419355,0.04838709677419355,0.0,-0.043010752688172046,0.0,0.0
IRV,-0.043010752688172046,0.04838709677419355,0.04838709677419355,0.0,-0.043010752688172046,0.0,0.0
