,Borda,plurality,gt,minimax,gtd,Schulze,IRV
Borda,0.0,-0.04043126684636118,-0.04043126684636118,-0.04043126684636118,0.02425876010781671,-0.04043126684636118,0.02425876010781671
plurality,0.04043126684636118,0.0,0.0,0.0,-0.013477088948787063,0.0,-0.013477088948787063
gt,0.04043126684636118,0.0,0.0,0.0,-0.013477088948787063,0.0,-0.013477088948787063
minimax,0.04043126684636118,0.0,0.0,0.0,-0.013477088948787063,0.0,-0.013477088948787063
gtd,-0.02425876010781671,0.013477088948787063,0.013477088948787063,0.013477088948787063,0.0,0.013477088948787063,0.0
Schulze,0.04043126684636118,0.0,0.0,0.0,-0.013477088948787063,0.0,-0.013477088948787063
IRV,-0.02425876010781671,0.013477088948787063,0.013477088948787063,0.013477088948787063,0.0,0.013477088948787063,0.0
