,Borda,plurality,gt,minimax,gtd,Schulze,IRV
Borda,0.0,0.0576271186440678,-0.09152542372881356,-0.09152542372881356,0.0576271186440678,-0.09152542372881356,0.0
plurality,-0.0576271186440678,0.0,0.02711864406779661,0.02711864406779661,0.0,0.02711864406779661,-0.0576271186440678
gt,0.09152542372881356,-0.02711864406779661,0.0,0.0,-0.02711864406779661,0.0,0.09152542372881356
minimax,0.09152542372881356,-0.02711864406779661,0.0,0.0,-0.02711864406779661,0.0,0.09152542372881356
gtd,-0.0576271186440678,0.0,0.02711864406779661,0.02711864406779661,0.0,0.02711864406779661,-0.0576271186440678
Schulze,0.09152542372881356,-0.02711864406779661,0.0,0.0,-0.02711864406779661,0.0,0.09152542372881356
IRV,0.0,0.0576271186440678,-0.09152542372881356,-0.09152542372881356,0.0576271186440678,-0.09152542372881356,0.0
