,Borda,plurality,gt,minimax,gtd,Schulze,IRV
Borda,0.0,-0.05263157894736842,-0.05263157894736842,-0.05263157894736842,-0.05263157894736842,-0.05263157894736842,0.09839816933638444
plurality,0.05263157894736842,0.0,0.0,0.0,0.0,0.0,-0.002288329519450801
gt,0.05263157894736842,0.0,0.0,0.0,0.0,0.0,-0.002288329519450801
minimax,0.05263157894736842,0.0,0.0,0.0,0.0,0.0,-0.002288329519450801
gtd,0.05263157894736842,0.0,0.0,0.0,0.0,0.0,-0.002288329519450801
Schulze,0.05263157894736842,0.0,0.0,0.0,0.0,0.0,-0.002288329519450801
IRV,-0.09839816933638444,0.002288329519450801,0.002288329519450801,0.002288329519450801,0.002288329519450801,0.002288329519450801,0.0
