,Borda,plurality,gt,minimax,gtd,Schulze,IRV
Borda,0.0,0.022857142857142857,0.022857142857142857,-0.04,0.022857142857142857,-0.04,0.0
plurality,-0.022857142857142857,0.0,0.0,0.011428571428571429,0.0,0.011428571428571429,-0.022857142857142857
gt,-0.022857142857142857,0.0,0.0,0.011428571428571429,0.0,0.011428571428571429,-0.022857142857142857
minimax,0.04,-0.011428571428571429,-0.011428571428571429,0.0,-0.011428571428571429,0.0,0.04
gtd,-0.022857142857142857,0.0,0.0,0.011428571428571429,0.0,0.011428571428571429,-0.022857142857142857
Schulze,0.04,-0.011428571428571429,-0.011428571428571429,0.0,-0.011428571428571429,0.0,0.04
IRV,0.0,0.022857142857142857,0.022857142857142857,-0.04,0.022857142857142857,-0.04,0.0
