,Borda,plurality,gt,minimax,gtd,Schulze,IRV
Borda,0.0,0.09295774647887324,-0.008450704225352112,0.0,-0.008450704225352112,0.0,0.07042253521126761
plurality,-0.09295774647887324,0.0,-0.09859154929577464,-0.09295774647887324,-0.09859154929577464,-0.09295774647887324,-0.10985915492957747
gt,0.008450704225352112,0.09859154929577464,0.0,0.008450704225352112,0.0,0.008450704225352112,-0.030985915492957747
minimax,0.0,0.09295774647887324,-0.008450704225352112,0.0,-0.008450704225352112,0.0,0.07042253521126761
gtd,0.008450704225352112,0.09859154929577464,0.0,0.008450704225352112,0.0,0.008450704225352112,-0.030985915492957747
Schulze,0.0,0.09295774647887324,-0.008450704225352112,0.0,-0.008450704225352112,0.0,0.07042253521126761
IRV,-0.07042253521126761,0.10985915492957747,0.030985915492957747,-0.07042253521126761,0.030985915492957747,-0.07042253521126761,0.0
