,Borda,plurality,gt,minimax,gtd,Schulze,IRV
Borda,0.0,0.08152173913043478,-0.005434782608695652,-0.005434782608695652,-0.005434782608695652,-0.005434782608695652,-0.005434782608695652
plurality,-0.08152173913043478,0.0,-0.09782608695652174,-0.09782608695652174,-0.09782608695652174,-0.09782608695652174,-0.09782608695652174
gt,0.005434782608695652,0.09782608695652174,0.0,0.0,0.0,0.0,0.0
minimax,0.005434782608695652,0.09782608695652174,0.0,0.0,0.0,0.0,0.0
gtd,0.005434782608695652,0.09782608695652174,0.0,0.0,0.0,0.0,0.0
Schulze,0.005434782608695652,0.09782608695652174,0.0,0.0,0.0,0.0,0.0
IRV,0.005434782608695652,0.09782608695652174,0.0,0.0,0.0,0.0,0.0
