,Borda,plurality,gt,minimax,gtd,Schulze,IRV
Borda,0.0,-0.08728179551122195,0.02743142144638404,-0.08728179551122195,0.02743142144638404,-0.08728179551122195,-0.08728179551122195
plurality,0.08728179551122195,0.0,-0.007481296758104738,0.0,-0.007481296758104738,0.0,0.0
gt,-0.02743142144638404,0.007481296758104738,0.0,0.007481296758104738,0.0,0.007481296758104738,0.007481296758104738
minimax,0.08728179551122195,0.0,-0.007481296758104738,0.0,-0.007481296758104738,0.0,0.0
gtd,-0.02743142144638404,0.007481296758104738,0.0,0.007481296758104738,0.0,0.007481296758104738,0.007481296758104738
Schulze,0.08728179551122195,0.0,-0.007481296758104738,0.0,-0.007481296758104738,0.0,0.0
IRV,0.08728179551122195,0.0,-0.007481296758104738,0.0,-0.007481296758104738,0.0,0.0
