,Borda,plurality,gt,minimax,gtd,Schulze,IRV
Borda,0.0,-0.03480278422273782,-0.03480278422273782,-0.03480278422273782,-0.03480278422273782,-0.03480278422273782,-0.03480278422273782
plurality,0.03480278422273782,0.0,0.0,0.0,0.0,0.0,0.0
gt,0.03480278422273782,0.0,0.0,0.0,0.0,0.0,0.0
minimax,0.03480278422273782,0.0,0.0,0.0,0.0,0.0,0.0
gtd,0.03480278422273782,0.0,0.0,0.0,0.0,0.0,0.0
Schulze,0.03480278422273782,0.0,0.0,0.0,0.0,0.0,0.0
IRV,0.03480278422273782,0.0,0.0,0.0,0.0,0.0,0.0
