,Borda,plurality,gt,minimax,gtd,Schulze,IRV
Borda,0.0,0.0,0.03208556149732621,0.0,-0.0106951871657754,0.0,-0.0106951871657754
plurality,0.0,0.0,0.03208556149732621,0.0,-0.0106951871657754,0.0,-0.0106951871657754
gt,-0.03208556149732621,-0.03208556149732621,0.0,-0.03208556149732621,0.016042780748663103,-0.03208556149732621,0.016042780748663103
minimax,0.0,0.0,0.03208556149732621,0.0,-0.0106951871657754,0.0,-0.0106951871657754
gtd,0.0106951871657754,0.0106951871657754,-0.016042780748663103,0.0106951871657754,0.0,0.0106951871657754,0.0
Schulze,0.0,0.0,0.03208556149732621,0.0,-0.0106951871657754,0.0,-0.0106951871657754
IRV,0.0106951871657754,0.0106951871657754,-0.016042780748663103,0.0106951871657754,0.0,0.0106951871657754,0.0
