,Borda,plurality,gt,minimax,gtd,Schulze,IRV
Borda,0.0,0.09230769230769231,0.0,0.0,0.0,0.0,0.0
plurality,-0.09230769230769231,0.0,-0.09230769230769231,-0.0038461538461538464,-0.09230769230769231,-0.0038461538461538464,-0.0038461538461538464
gt,0.0,0.09230769230769231,0.0,0.0,0.0,0.0,0.0
minimax,0.0,0.0038461538461538464,0.0,0.0,0.0,0.0,0.0
gtd,0.0,0.09230769230769231,0.0,0.0,0.0,0.0,0.0
Schulze,0.0,0.0038461538461538464,0.0,0.0,0.0,0.0,0.0
IRV,0.0,0.0038461538461538464,0.0,0.0,0.0,0.0,0.0
