,Borda,plurality,gt,minimax,gtd,Schulze,IRV
Borda,0.0,0.013262599469496022,0.013262599469496022,0.013262599469496022,0.0,0.013262599469496022,0.013262599469496022
plurality,-0.013262599469496022,0.0,0.0,0.0,-0.013262599469496022,0.0,0.0
gt,-0.013262599469496022,0.0,0.0,0.0,-0.013262599469496022,0.0,0.0
minimax,-0.013262599469496022,0.0,0.0,0.0,-0.013262599469496022,0.0,0.0
gtd,0.0,0.013262599469496022,0.013262599469496022,0.013262599469496022,0.0,0.013262599469496022,0.013262599469496022
Schulze,-0.013262599469496022,0.0,0.0,0.0,-0.013262599469496022,0.0,0.0
IRV,-0.013262599469496022,0.0,0.0,0.0,-0.013262599469496022,0.0,0.0
