,Borda,plurality,gt,minimax,gtd,Schulze,IRV
Borda,0.0,0.0,-0.007334963325183374,0.0,-0.007334963325183374,0.0,-0.007334963325183374
plurality,0.0,0.0,-0.007334963325183374,0.0,-0.007334963325183374,0.0,-0.007334963325183374
gt,0.007334963325183374,0.007334963325183374,0.0,0.007334963325183374,0.0,0.007334963325183374,0.0
minimax,0.0,0.0,-0.007334963325183374,0.0,-0.007334963325183374,0.0,-0.007334963325183374
gtd,0.007334963325183374,0.007334963325183374,0.0,0.007334963325183374,0.0,0.007334963325183374,0.0
Schulze,0.0,0.0,-0.007334963325183374,0.0,-0.007334963325183374,0.0,-0.007334963325183374
IRV,0.007334963325183374,0.007334963325183374,0.0,0.007334963325183374,0.0,0.007334963325183374,0.0
