,Borda,plurality,gt,minimax,gtd,Schulze,IRV
Borda,0.0,0.022774327122153208,-0.047619047619047616,-0.047619047619047616,0.022774327122153208,-0.047619047619047616,0.022774327122153208
plurality,-0.022774327122153208,0.0,0.014492753623188406,0.014492753623188406,0.0,0.014492753623188406,0.0
gt,0.047619047619047616,-0.014492753623188406,0.0,0.0,-0.014492753623188406,0.0,-0.014492753623188406
minimax,0.047619047619047616,-0.014492753623188406,0.0,0.0,-0.014492753623188406,0.0,-0.014492753623188406
gtd,-0.022774327122153208,0.0,0.014492753623188406,0.014492753623188406,0.0,0.014492753623188406,0.0
Schulze,0.047619047619047616,-0.014492753623188406,0.0,0.0,-0.014492753623188406,0.0,-0.014492753623188406
IRV,-0.022774327122153208,0.0,0.014492753623188406,0.014492753623188406,0.0,0.014492753623188406,0.0
