,Borda,plurality,gt,minimax,gtd,Schulze,IRV
Borda,0.0,0.0,-0.02403846153846154,0.009615384615384616,0.0,0.009615384615384616,-0.02403846153846154
plurality,0.0,0.0,-0.02403846153846154,0.009615384615384616,0.0,0.009615384615384616,-0.02403846153846154
gt,0.02403846153846154,0.02403846153846154,0.0,-0.04326923076923077,0.02403846153846154,-0.04326923076923077,0.0
minimax,-0.009615384615384616,-0.009615384615384616,0.04326923076923077,0.0,-0.009615384615384616,0.0,0.04326923076923077
gtd,0.0,0.0,-0.02403846153846154,0.009615384615384616,0.0,0.009615384615384616,-0.02403846153846154
Schulze,-0.009615384615384616,-0.009615384615384616,0.04326923076923077,0.0,-0.009615384615384616,0.0,0.04326923076923077
IRV,0.02403846153846154,0.02403846153846154,0.0,-0.04326923076923077,0.02403846153846154,-0.04326923076923077,0.0
