,Borda,plurality,gt,minimax,gtd,Schulze,IRV
Borda,0.0,0.09274193548387097,0.0,0.0,0.0,0.0,0.0
plurality,-0.09274193548387097,0.0,-0.10483870967741936,-0.09274193548387097,-0.10483870967741936,-0.09274193548387097,-0.09274193548387097
gt,0.0,0.10483870967741936,0.0,0.0,0.0,0.0,0.0
minimax,0.0,0.09274193548387097,0.0,0.0,0.0,0.0,0.0
gtd,0.0,0.10483870967741936,0.0,0.0,0.0,0.0,0.0
Schulze,0.0,0.09274193548387097,0.0,0.0,0.0,0.0,0.0
IRV,0.0,0.09274193548387097,0.0,0.0,0.0,0.0,0.0
