,Borda,plurality,gt,minimax,gtd,Schulze,IRV
Borda,0.0,0.018018018018018018,0.0,-0.02252252252252252,0.018018018018018018,-0.02252252252252252,0.018018018018018018
plurality,-0.018018018018018018,0.0,-0.018018018018018018,0.013513513513513514,0.0,0.013513513513513514,0.0
gt,0.0,0.018018018018018018,0.0,-0.02252252252252252,0.018018018018018018,-0.02252252252252252,0.018018018018018018
minimax,0.02252252252252252,-0.013513513513513514,0.02252252252252252,0.0,-0.013513513513513514,0.0,-0.013513513513513514
gtd,-0.018018018018018018,0.0,-0.018018018018018018,0.013513513513513514,0.0,0.013513513513513514,0.0
Schulze,0.02252252252252252,-0.013513513513513514,0.02252252252252252,0.0,-0.013513513513513514,0.0,-0.013513513513513514
IRV,-0.018018018018018018,0.0,-0.018018018018018018,0.013513513513513514,0.0,0.013513513513513514,0.0
