,Borda,plurality,gt,minimax,gtd,Schulze,IRV
Borda,0.0,0.05084745762711865,0.0,-0.060092449922958396,0.05084745762711865,-0.060092449922958396,0.05084745762711865
plurality,-0.05084745762711865,0.0,-0.05084745762711865,0.04160246533127889,0.0,0.04160246533127889,0.0
gt,0.0,0.05084745762711865,0.0,-0.060092449922958396,0.05084745762711865,-0.060092449922958396,0.05084745762711865
minimax,0.060092449922958396,-0.04160246533127889,0.060092449922958396,0.0,-0.04160246533127889,0.0,-0.04160246533127889
gtd,-0.05084745762711865,0.0,-0.05084745762711865,0.04160246533127889,0.0,0.04160246533127889,0.0
Schulze,0.060092449922958396,-0.04160246533127889,0.060092449922958396,0.0,-0.04160246533127889,0.0,-0.04160246533127889
IRV,-0.05084745762711865,0.0,-0.05084745762711865,0.04160246533127889,0.0,0.04160246533127889,0.0
