,Borda,plurality,gt,minimax,gtd,Schulze,IRV
Borda,0.0,0.02158273381294964,0.02158273381294964,-0.045563549160671464,0.02158273381294964,-0.045563549160671464,0.0
plurality,-0.02158273381294964,0.0,0.0,0.016786570743405275,0.0,0.016786570743405275,-0.02158273381294964
gt,-0.02158273381294964,0.0,0.0,0.016786570743405275,0.0,0.016786570743405275,-0.02158273381294964
minimax,0.045563549160671464,-0.016786570743405275,-0.016786570743405275,0.0,-0.016786570743405275,0.0,0.045563549160671464
gtd,-0.02158273381294964,0.0,0.0,0.016786570743405275,0.0,0.016786570743405275,-0.02158273381294964
Schulze,0.045563549160671464,-0.016786570743405275,-0.016786570743405275,0.0,-0.016786570743405275,0.0,0.045563549160671464
IRV,0.0,0.02158273381294964,0.02158273381294964,-0.045563549160671464,0.02158273381294964,-0.045563549160671464,0.0
