,Borda,plurality,gt,minimax,gtd,Schulze,IRV
Borda,0.0,0.0,-0.03816793893129771,0.022900763358778626,0.0,0.022900763358778626,-0.03816793893129771
plurality,0.0,0.0,-0.03816793893129771,0.022900763358778626,0.0,0.022900763358778626,-0.03816793893129771
gt,0.03816793893129771,0.03816793893129771,0.0,-0.05343511450381679,0.03816793893129771,-0.05343511450381679,0.0
minimax,-0.022900763358778626,-0.022900763358778626,0.05343511450381679,0.0,-0.022900763358778626,0.0,0.05343511450381679
gtd,0.0,0.0,-0.03816793893129771,0.022900763358778626,0.0,0.022900763358778626,-0.03816793893129771
Schulze,-0.022900763358778626,-0.022900763358778626,0.05343511450381679,0.0,-0.022900763358778626,0.0,0.05343511450381679
IRV,0.03816793893129771,0.03816793893129771,0.0,-0.05343511450381679,0.03816793893129771,-0.05343511450381679,0.0
