,Borda,plurality,gt,minimax,gtd,Schulze,IRV
Borda,0.0,0.0056179775280898875,-0.02247191011235955,0.0056179775280898875,0.0056179775280898875,0.0056179775280898875,0.0056179775280898875
plurality,-0.0056179775280898875,0.0,0.011235955056179775,0.0,0.0,0.0,0.0
gt,0.02247191011235955,-0.011235955056179775,0.0,-0.011235955056179775,-0.011235955056179775,-0.011235955056179775,-0.011235955056179775
minimax,-0.0056179775280898875,0.0,0.011235955056179775,0.0,0.0,0.0,0.0
gtd,-0.0056179775280898875,0.0,0.011235955056179775,0.0,0.0,0.0,0.0
Schulze,-0.0056179775280898875,0.0,0.011235955056179775,0.0,0.0,0.0,0.0
IRV,-0.0056179775280898875,0.0,0.011235955056179775,0.0,0.0,0.0,0.0
