,Borda,plurality,gt,minimax,gtd,Schulze,IRV
Borda,0.0,0.021645021645021644,0.021645021645021644,-0.05627705627705628,0.021645021645021644,-0.05627705627705628,0.021645021645021644
plurality,-0.021645021645021644,0.0,0.0,0.008658008658008658,0.0,0.008658008658008658,0.0
gt,-0.021645021645021644,0.0,0.0,0.008658008658008658,0.0,0.008658008658008658,0.0
minimax,0.05627705627705628,-0.008658008658008658,-0.008658008658008658,0.0,-0.008658008658008658,0.0,-0.008658008658008658
gtd,-0.021645021645021644,0.0,0.0,0.008658008658008658,0.0,0.008658008658008658,0.0
Schulze,0.05627705627705628,-0.008658008658008658,-0.008658008658008658,0.0,-0.008658008658008658,0.0,-0.008658008658008658
IRV,-0.021645021645021644,0.0,0.0,0.008658008658008658,0.0,0.008658008658008658,0.0
