,Borda,plurality,gt,minimax,gtd,Schulze,IRV
Borda,0.0,-0.002785515320334262,-0.002785515320334262,0.0,-0.002785515320334262,0.0,0.12534818941504178
plurality,0.002785515320334262,0.0,0.0,0.002785515320334262,0.0,0.002785515320334262,-0.002785515320334262
gt,0.002785515320334262,0.0,0.0,0.002785515320334262,0.0,0.002785515320334262,-0.002785515320334262
minimax,0.0,-0.002785515320334262,-0.002785515320334262,0.0,-0.002785515320334262,0.0,0.12534818941504178
gtd,0.002785515320334262,0.0,0.0,0.002785515320334262,0.0,0.002785515320334262,-0.002785515320334262
Schulze,0.0,-0.002785515320334262,-0.002785515320334262,0.0,-0.002785515320334262,0.0,0.12534818941504178
IRV,-0.12534818941504178,0.002785515320334262,0.002785515320334262,-0.12534818941504178,0.002785515320334262,-0.12534818941504178,0.0
