,Borda,plurality,gt,minimax,gtd,Schulze,IRV
Borda,0.0,0.06925207756232687,-0.019390581717451522,-0.019390581717451522,-0.019390581717451522,-0.019390581717451522,0.06925207756232687
plurality,-0.06925207756232687,0.0,-0.002770083102493075,-0.002770083102493075,-0.002770083102493075,-0.002770083102493075,0.0
gt,0.019390581717451522,0.002770083102493075,0.0,0.0,0.0,0.0,0.002770083102493075
minimax,0.019390581717451522,0.002770083102493075,0.0,0.0,0.0,0.0,0.002770083102493075
gtd,0.019390581717451522,0.002770083102493075,0.0,0.0,0.0,0.0,0.002770083102493075
Schulze,0.019390581717451522,0.002770083102493075,0.0,0.0,0.0,0.0,0.002770083102493075
IRV,-0.06925207756232687,0.0,-0.002770083102493075,-0.002770083102493075,-0.002770083102493075,-0.002770083102493075,0.0
