,Borda,plurality,gt,minimax,gtd,Schulze,IRV
Borda,0.0,-0.006472491909385114,-0.006472491909385114,-0.006472491909385114,-0.006472491909385114,-0.006472491909385114,0.04854368932038835
plurality,0.006472491909385114,0.0,0.0,0.0,0.0,0.0,-0.003236245954692557
gt,0.006472491909385114,0.0,0.0,0.0,0.0,0.0,-0.003236245954692557
minimax,0.006472491909385114,0.0,0.0,0.0,0.0,0.0,-0.003236245954692557
gtd,0.006472491909385114,0.0,0.0,0.0,0.0,0.0,-0.003236245954692557
Schulze,0.006472491909385114,0.0,0.0,0.0,0.0,0.0,-0.003236245954692557
IRV,-0.04854368932038835,0.003236245954692557,0.003236245954692557,0.003236245954692557,0.003236245954692557,0.003236245954692557,0.0
