,Borda,plurality,gt,minimax,gtd,Schulze,IRV
Borda,0.0,-0.07397260273972603,-0.07397260273972603,-0.07397260273972603,0.0410958904109589,-0.07397260273972603,-0.07397260273972603
plurality,0.07397260273972603,0.0,0.0,0.0,-0.030136986301369864,0.0,0.0
gt,0.07397260273972603,0.0,0.0,0.0,-0.030136986301369864,0.0,0.0
minimax,0.07397260273972603,0.0,0.0,0.0,-0.030136986301369864,0.0,0.0
gtd,-0.0410958904109589,0.030136986301369864,0.030136986301369864,0.030136986301369864,0.0,0.030136986301369864,0.030136986301369864
Schulze,0.07397260273972603,0.0,0.0,0.0,-0.030136986301369864,0.0,0.0
IRV,0.07397260273972603,0.0,0.0,0.0,-0.030136986301369864,0.0,0.0
