,Borda,plurality,gt,minimax,gtd,Schulze,IRV
Borda,0.0,0.09803921568627451,-0.004524886877828055,0.0,-0.004524886877828055,0.0,0.09803921568627451
plurality,-0.09803921568627451,0.0,0.016591251885369532,-0.09803921568627451,0.016591251885369532,-0.09803921568627451,0.0
gt,0.004524886877828055,-0.016591251885369532,0.0,0.004524886877828055,0.0,0.004524886877828055,-0.016591251885369532
minimax,0.0,0.09803921568627451,-0.004524886877828055,0.0,-0.004524886877828055,0.0,0.09803921568627451
gtd,0.004524886877828055,-0.016591251885369532,0.0,0.004524886877828055,0.0,0.004524886877828055,-0.016591251885369532
Schulze,0.0,0.09803921568627451,-0.004524886877828055,0.0,-0.004524886877828055,0.0,0.09803921568627451
IRV,-0.09803921568627451,0.0,0.016591251885369532,-0.09803921568627451,0.016591251885369532,-0.09803921568627451,0.0
