,Borda,plurality,gt,minimax,gtd,Schulze,IRV
Borda,0.0,-0.0028328611898017,0.0,0.0,-0.0028328611898017,0.0,0.0708215297450425
plurality,0.0028328611898017,0.0,0.0028328611898017,0.0028328611898017,0.0,0.0028328611898017,-0.019830028328611898
gt,0.0,-0.0028328611898017,0.0,0.0,-0.0028328611898017,0.0,0.0708215297450425
minimax,0.0,-0.0028328611898017,0.0,0.0,-0.0028328611898017,0.0,0.0708215297450425
gtd,0.0028328611898017,0.0,0.0028328611898017,0.0028328611898017,0.0,0.0028328611898017,-0.019830028328611898
Schulze,0.0,-0.0028328611898017,0.0,0.0,-0.0028328611898017,0.0,0.0708215297450425
IRV,-0.0708215297450425,0.019830028328611898,-0.0708215297450425,-0.0708215297450425,0.019830028328611898,-0.0708215297450425,0.0
