,Borda,plurality,gt,minimax,gtd,Schulze,IRV
Borda,0.0,0.0,0.0,0.0,-0.005154639175257732,0.0,-0.005154639175257732
plurality,0.0,0.0,0.0,0.0,-0.005154639175257732,0.0,-0.005154639175257732
gt,0.0,0.0,0.0,0.0,-0.005154639175257732,0.0,-0.005154639175257732
minimax,0.0,0.0,0.0,0.0,-0.005154639175257732,0.0,-0.005154639175257732
gtd,0.005154639175257732,0.005154639175257732,0.005154639175257732,0.005154639175257732,0.0,0.005154639175257732,0.0
Schulze,0.0,0.0,0.0,0.0,-0.005154639175257732,0.0,-0.005154639175257732
IRV,0.005154639175257732,0.005154639175257732,0.005154639175257732,0.005154639175257732,0.0,0.005154639175257732,0.0
