,Borda,plurality,gt,minimax,gtd,Schulze,IRV
Borda,0.0,0.0647887323943662,-0.0028169014084507044,0.0,-0.0028169014084507044,0.0,0.0647887323943662
plurality,-0.0647887323943662,0.0,0.04225352112676056,-0.0647887323943662,0.04225352112676056,-0.0647887323943662,0.0
gt,0.0028169014084507044,-0.04225352112676056,0.0,0.0028169014084507044,0.0,0.0028169014084507044,-0.04225352112676056
minimax,0.0,0.0647887323943662,-0.0028169014084507044,0.0,-0.0028169014084507044,0.0,0.0647887323943662
gtd,0.0028169014084507044,-0.04225352112676056,0.0,0.0028169014084507044,0.0,0.0028169014084507044,-0.04225352112676056
Schulze,0.0,0.0647887323943662,-0.0028169014084507044,0.0,-0.0028169014084507044,0.0,0.0647887323943662
IRV,-0.0647887323943662,0.0,0.04225352112676056,-0.0647887323943662,0.04225352112676056,-0.0647887323943662,0.0
