,Borda,plurality,gt,minimax,gtd,Schulze,IRV
Borda,0.0,-0.002570694087403599,-0.002570694087403599,0.0,-0.002570694087403599,0.0,0.043701799485861184
plurality,0.002570694087403599,0.0,0.0,0.002570694087403599,0.0,0.002570694087403599,-0.002570694087403599
gt,0.002570694087403599,0.0,0.0,0.002570694087403599,0.0,0.002570694087403599,-0.002570694087403599
minimax,0.0,-0.002570694087403599,-0.002570694087403599,0.0,-0.002570694087403599,0.0,0.043701799485861184
gtd,0.002570694087403599,0.0,0.0,0.002570694087403599,0.0,0.002570694087403599,-0.002570694087403599
Schulze,0.0,-0.002570694087403599,-0.002570694087403599,0.0,-0.002570694087403599,0.0,0.043701799485861184
IRV,-0.043701799485861184,0.002570694087403599,0.002570694087403599,-0.043701799485861184,0.002570694087403599,-0.043701799485861184,0.0
