,Borda,plurality,gt,minimax,gtd,Schulze,IRV
Borda,0.0,0.04918032786885246,0.04918032786885246,-0.03278688524590164,-0.03278688524590164,-0.03278688524590164,0.04918032786885246
plurality,-0.04918032786885246,0.0,0.0,0.03278688524590164,0.03278688524590164,0.03278688524590164,0.0
gt,-0.04918032786885246,0.0,0.0,0.03278688524590164,0.03278688524590164,0.03278688524590164,0.0
minimax,0.03278688524590164,-0.03278688524590164,-0.03278688524590164,0.0,0.0,0.0,-0.03278688524590164
gtd,0.03278688524590164,-0.03278688524590164,-0.03278688524590164,0.0,0.0,0.0,-0.03278688524590164
Schulze,0.03278688524590164,-0.03278688524590164,-0.03278688524590164,0.0,0.0,0.0,-0.03278688524590164
IRV,-0.04918032786885246,0.0,0.0,0.03278688524590164,0.03278688524590164,0.03278688524590164,0.0
