,Borda,plurality,gt,minimax,gtd,Schulze,IRV
Borda,0.0,0.012552301255230125,0.012552301255230125,-0.02092050209205021,0.012552301255230125,-0.02092050209205021,0.012552301255230125
plurality,-0.012552301255230125,0.0,0.0,0.008368200836820083,0.0,0.008368200836820083,0.0
gt,-0.012552301255230125,0.0,0.0,0.008368200836820083,0.0,0.008368200836820083,0.0
minimax,0.02092050209205021,-0.008368200836820083,-0.008368200836820083,0.0,-0.008368200836820083,0.0,-0.008368200836820083
gtd,-0.012552301255230125,0.0,0.0,0.008368200836820083,0.0,0.008368200836820083,0.0
Schulze,0.02092050209205021,-0.008368200836820083,-0.008368200836820083,0.0,-0.008368200836820083,0.0,-0.008368200836820083
IRV,-0.012552301255230125,0.0,0.0,0.008368200836820083,0.0,0.008368200836820083,0.0
