,Borda,plurality,gt,minimax,gtd,Schulze,IRV
Borda,0.0,0.039619651347068144,-0.042789223454833596,0.039619651347068144,0.0,0.039619651347068144,0.0
plurality,-0.039619651347068144,0.0,0.0554675118858954,0.0,-0.039619651347068144,0.0,-0.039619651347068144
gt,0.042789223454833596,-0.0554675118858954,0.0,-0.0554675118858954,0.042789223454833596,-0.0554675118858954,0.042789223454833596
minimax,-0.039619651347068144,0.0,0.0554675118858954,0.0,-0.039619651347068144,0.0,-0.039619651347068144
gtd,0.0,0.039619651347068144,-0.042789223454833596,0.039619651347068144,0.0,0.039619651347068144,0.0
Schulze,-0.039619651347068144,0.0,0.0554675118858954,0.0,-0.039619651347068144,0.0,-0.039619651347068144
IRV,0.0,0.039619651347068144,-0.042789223454833596,0.039619651347068144,0.0,0.039619651347068144,0.0
