,Borda,plurality,gt,minimax,gtd,Schulze,IRV
Borda,0.0,0.1305785123966942,-0.0049586776859504135,0.001652892561983471,0.001652892561983471,0.001652892561983471,0.001652892561983471
plurality,-0.1305785123966942,0.0,-0.1140495867768595,-0.06776859504132231,-0.06776859504132231,-0.06776859504132231,-0.06776859504132231
gt,0.0049586776859504135,0.1140495867768595,0.0,-0.0049586776859504135,-0.0049586776859504135,-0.0049586776859504135,-0.0049586776859504135
minimax,-0.001652892561983471,0.06776859504132231,0.0049586776859504135,0.0,0.0,0.0,0.0
gtd,-0.001652892561983471,0.06776859504132231,0.0049586776859504135,0.0,0.0,0.0,0.0
Schulze,-0.001652892561983471,0.06776859504132231,0.0049586776859504135,0.0,0.0,0.0,0.0
IRV,-0.001652892561983471,0.06776859504132231,0.0049586776859504135,0.0,0.0,0.0,0.0
