,Borda,plurality,gt,minimax,gtd,Schulze,IRV
Borda,0.0,0.0,-0.013232514177693762,0.0,-0.013232514177693762,0.0,-0.013232514177693762
plurality,0.0,0.0,-0.013232514177693762,0.0,-0.013232514177693762,0.0,-0.013232514177693762
gt,0.013232514177693762,0.013232514177693762,0.0,0.013232514177693762,0.0,0.013232514177693762,0.0
minimax,0.0,0.0,-0.013232514177693762,0.0,-0.013232514177693762,0.0,-0.013232514177693762
gtd,0.013232514177693762,0.013232514177693762,0.0,0.013232514177693762,0.0,0.013232514177693762,0.0
Schulze,0.0,0.0,-0.013232514177693762,0.0,-0.013232514177693762,0.0,-0.013232514177693762
IRV,0.013232514177693762,0.013232514177693762,0.0,0.013232514177693762,0.0,0.013232514177693762,0.0
