,Borda,plurality,gt,minimax,gtd,Schulze,IRV
Borda,0.0,0.0,0.0,0.0,0.0,0.0,0.045454545454545456
plurality,0.0,0.0,0.0,0.0,0.0,0.0,-0.050505050505050504
gt,0.0,0.0,0.0,0.0,0.0,0.0,-0.050505050505050504
minimax,0.0,0.0,0.0,0.0,0.0,0.0,0.045454545454545456
gtd,0.0,0.0,0.0,0.0,0.0,0.0,0.045454545454545456
Schulze,0.0,0.0,0.0,0.0,0.0,0.0,0.045454545454545456
IRV,-0.045454545454545456,0.050505050505050504,0.050505050505050504,-0.045454545454545456,-0.045454545454545456,-0.045454545454545456,0.0
