,Borda,plurality,gt,minimax,gtd,Schulze,IRV
Borda,0.0,0.1306532663316583,0.0,0.0,0.0,0.0,0.0
plurality,-0.1306532663316583,0.0,-0.1306532663316583,-0.1306532663316583,-0.1306532663316583,-0.1306532663316583,-0.1306532663316583
gt,0.0,0.1306532663316583,0.0,0.0,0.0,0.0,0.0
minimax,0.0,0.1306532663316583,0.0,0.0,0.0,0.0,0.0
gtd,0.0,0.1306532663316583,0.0,0.0,0.0,0.0,0.0
Schulze,0.0,0.1306532663316583,0.0,0.0,0.0,0.0,0.0
IRV,0.0,0.1306532663316583,0.0,0.0,0.0,0.0,0.0
