,Borda,plurality,gt,minimax,gtd,Schulze,IRV
Borda,0.0,0.0,0.06692160611854685,0.0,-0.017208413001912046,0.0,0.0
plurality,0.0,0.0,0.06692160611854685,0.0,-0.017208413001912046,0.0,0.0
gt,-0.06692160611854685,-0.06692160611854685,0.0,-0.06692160611854685,0.0248565965583174,-0.06692160611854685,-0.06692160611854685
minimax,0.0,0.0,0.06692160611854685,0.0,-0.017208413001912046,0.0,0.0
gtd,0.017208413001912046,0.017208413001912046,-0.0248565965583174,0.017208413001912046,0.0,0.017208413001912046,0.017208413001912046
Schulze,0.0,0.0,0.06692160611854685,0.0,-0.017208413001912046,0.0,0.0
IRV,0.0,0.0,0.06692160611854685,0.0,-0.017208413001912046,0.0,0.0
