,Borda,plurality,gt,minimax,gtd,Schulze,IRV
Borda,0.0,-0.02577319587628866,0.0,0.015463917525773196,0.0,0.015463917525773196,0.015463917525773196
plurality,0.02577319587628866,0.0,0.02577319587628866,-0.03608247422680412,0.02577319587628866,-0.03608247422680412,-0.03608247422680412
gt,0.0,-0.02577319587628866,0.0,0.015463917525773196,0.0,0.015463917525773196,0.015463917525773196
minimax,-0.015463917525773196,0.03608247422680412,-0.015463917525773196,0.0,-0.015463917525773196,0.0,0.0
gtd,0.0,-0.02577319587628866,0.0,0.015463917525773196,0.0,0.015463917525773196,0.015463917525773196
Schulze,-0.015463917525773196,0.03608247422680412,-0.015463917525773196,0.0,-0.015463917525773196,0.0,0.0
IRV,-0.015463917525773196,0.03608247422680412,-0.015463917525773196,0.0,-0.015463917525773196,0.0,0.0
