,Borda,plurality,gt,minimax,gtd,Schulze,IRV
Borda,0.0,0.12016293279022404,0.0,0.0,0.0,0.0,0.026476578411405296
plurality,-0.12016293279022404,0.0,-0.12016293279022404,-0.12016293279022404,-0.12016293279022404,-0.12016293279022404,-0.0835030549898167
gt,0.0,0.12016293279022404,0.0,0.0,0.0,0.0,0.026476578411405296
minimax,0.0,0.12016293279022404,0.0,0.0,0.0,0.0,0.026476578411405296
gtd,0.0,0.12016293279022404,0.0,0.0,0.0,0.0,0.026476578411405296
Schulze,0.0,0.12016293279022404,0.0,0.0,0.0,0.0,0.026476578411405296
IRV,-0.026476578411405296,0.0835030549898167,-0.026476578411405296,-0.026476578411405296,-0.026476578411405296,-0.026476578411405296,0.0
