,Borda,plurality,gt,minimax,gtd,Schulze,IRV
Borda,0.0,-0.04815864022662889,0.0,-0.04815864022662889,-0.04815864022662889,-0.04815864022662889,0.059490084985835696
plurality,0.04815864022662889,0.0,0.04815864022662889,0.0,0.0,0.0,-0.019830028328611898
gt,0.0,-0.04815864022662889,0.0,-0.04815864022662889,-0.04815864022662889,-0.04815864022662889,0.059490084985835696
minimax,0.04815864022662889,0.0,0.04815864022662889,0.0,0.0,0.0,-0.019830028328611898
gtd,0.04815864022662889,0.0,0.04815864022662889,0.0,0.0,0.0,-0.019830028328611898
Schulze,0.04815864022662889,0.0,0.04815864022662889,0.0,0.0,0.0,-0.019830028328611898
IRV,-0.059490084985835696,0.019830028328611898,-0.059490084985835696,0.019830028328611898,0.019830028328611898,0.019830028328611898,0.0
