,Borda,plurality,gt,minimax,gtd,Schulze,IRV
Borda,0.0,-0.013043478260869565,0.0,-0.013043478260869565,-0.013043478260869565,-0.013043478260869565,0.05217391304347826
plurality,0.013043478260869565,0.0,0.013043478260869565,0.0,0.0,0.0,-0.008695652173913044
gt,0.0,-0.013043478260869565,0.0,-0.013043478260869565,-0.013043478260869565,-0.013043478260869565,0.05217391304347826
minimax,0.013043478260869565,0.0,0.013043478260869565,0.0,0.0,0.0,-0.008695652173913044
gtd,0.013043478260869565,0.0,0.013043478260869565,0.0,0.0,0.0,-0.008695652173913044
Schulze,0.013043478260869565,0.0,0.013043478260869565,0.0,0.0,0.0,-0.008695652173913044
IRV,-0.05217391304347826,0.008695652173913044,-0.05217391304347826,0.008695652173913044,0.008695652173913044,0.008695652173913044,0.0
