,Borda,plurality,gt,minimax,gtd,Schulze,IRV
Borda,0.0,0.008665511265164644,0.0,-0.01559792027729636,0.008665511265164644,-0.01559792027729636,0.008665511265164644
plurality,-0.008665511265164644,0.0,-0.008665511265164644,0.008665511265164644,0.0,0.008665511265164644,0.0
gt,0.0,0.008665511265164644,0.0,-0.01559792027729636,0.008665511265164644,-0.01559792027729636,0.008665511265164644
minimax,0.01559792027729636,-0.008665511265164644,0.01559792027729636,0.0,-0.008665511265164644,0.0,-0.008665511265164644
gtd,-0.008665511265164644,0.0,-0.008665511265164644,0.008665511265164644,0.0,0.008665511265164644,0.0
Schulze,0.01559792027729636,-0.008665511265164644,0.01559792027729636,0.0,-0.008665511265164644,0.0,-0.008665511265164644
IRV,-0.008665511265164644,0.0,-0.008665511265164644,0.008665511265164644,0.0,0.008665511265164644,0.0
