,Borda,plurality,gt,minimax,gtd,Schulze,IRV
Borda,0.0,0.0,0.036093418259023353,0.0,-0.006369426751592357,0.0,0.0
plurality,0.0,0.0,0.036093418259023353,0.0,-0.006369426751592357,0.0,0.0
gt,-0.036093418259023353,-0.036093418259023353,0.0,-0.036093418259023353,0.027600849256900213,-0.036093418259023353,-0.036093418259023353
minimax,0.0,0.0,0.036093418259023353,0.0,-0.006369426751592357,0.0,0.0
gtd,0.006369426751592357,0.006369426751592357,-0.027600849256900213,0.006369426751592357,0.0,0.006369426751592357,0.006369426751592357
Schulze,0.0,0.0,0.036093418259023353,0.0,-0.006369426751592357,0.0,0.0
IRV,0.0,0.0,0.036093418259023353,0.0,-0.006369426751592357,0.0,0.0
