,Borda,plurality,gt,minimax,gtd,Schulze,IRV
Borda,0.0,0.023746701846965697,-0.023746701846965697,0.023746701846965697,0.0,0.023746701846965697,0.023746701846965697
plurality,-0.023746701846965697,0.0,0.09234828496042216,0.0,-0.023746701846965697,0.0,0.0
gt,0.023746701846965697,-0.09234828496042216,0.0,-0.09234828496042216,0.023746701846965697,-0.09234828496042216,-0.09234828496042216
minimax,-0.023746701846965697,0.0,0.09234828496042216,0.0,-0.023746701846965697,0.0,0.0
gtd,0.0,0.023746701846965697,-0.023746701846965697,0.023746701846965697,0.0,0.023746701846965697,0.023746701846965697
Schulze,-0.023746701846965697,0.0,0.09234828496042216,0.0,-0.023746701846965697,0.0,0.0
IRV,-0.023746701846965697,0.0,0.09234828496042216,0.0,-0.023746701846965697,0.0,0.0
