,Borda,plurality,gt,minimax,gtd,Schulze,IRV
Borda,0.0,0.060842433697347896,0.060842433697347896,-0.0327613104524181,-0.0327613104524181,-0.0327613104524181,0.0
plurality,-0.060842433697347896,0.0,0.0,0.0171606864274571,0.0171606864274571,0.0171606864274571,-0.060842433697347896
gt,-0.060842433697347896,0.0,0.0,0.0171606864274571,0.0171606864274571,0.0171606864274571,-0.060842433697347896
minimax,0.0327613104524181,-0.0171606864274571,-0.0171606864274571,0.0,0.0,0.0,0.0327613104524181
gtd,0.0327613104524181,-0.0171606864274571,-0.0171606864274571,0.0,0.0,0.0,0.0327613104524181
Schulze,0.0327613104524181,-0.0171606864274571,-0.0171606864274571,0.0,0.0,0.0,0.0327613104524181
IRV,0.0,0.060842433697347896,0.060842433697347896,-0.0327613104524181,-0.0327613104524181,-0.0327613104524181,0.0
