,Borda,plurality,gt,minimax,gtd,Schulze,IRV
Borda,0.0,0.10837438423645321,0.0,0.0,0.0,0.0,0.0
plurality,-0.10837438423645321,0.0,-0.10837438423645321,-0.019704433497536946,-0.10837438423645321,-0.019704433497536946,-0.10837438423645321
gt,0.0,0.10837438423645321,0.0,0.0,0.0,0.0,0.0
minimax,0.0,0.019704433497536946,0.0,0.0,0.0,0.0,0.0
gtd,0.0,0.10837438423645321,0.0,0.0,0.0,0.0,0.0
Schulze,0.0,0.019704433497536946,0.0,0.0,0.0,0.0,0.0
IRV,0.0,0.10837438423645321,0.0,0.0,0.0,0.0,0.0
