,Borda,plurality,gt,minimax,gtd,Schulze,IRV
Borda,0.0,0.05555555555555555,0.05555555555555555,-0.03888888888888889,-0.03888888888888889,-0.03888888888888889,0.0
plurality,-0.05555555555555555,0.0,0.0,0.016666666666666666,0.016666666666666666,0.016666666666666666,-0.05555555555555555
gt,-0.05555555555555555,0.0,0.0,0.016666666666666666,0.016666666666666666,0.016666666666666666,-0.05555555555555555
minimax,0.03888888888888889,-0.016666666666666666,-0.016666666666666666,0.0,0.0,0.0,0.03888888888888889
gtd,0.03888888888888889,-0.016666666666666666,-0.016666666666666666,0.0,0.0,0.0,0.03888888888888889
Schulze,0.03888888888888889,-0.016666666666666666,-0.016666666666666666,0.0,0.0,0.0,0.03888888888888889
IRV,0.0,0.05555555555555555,0.05555555555555555,-0.03888888888888889,-0.03888888888888889,-0.03888888888888889,0.0
