,Borda,plurality,gt,minimax,gtd,Schulze,IRV
Borda,0.0,0.027707808564231738,-0.007556675062972292,0.0,-0.007556675062972292,0.0,0.027707808564231738
plurality,-0.027707808564231738,0.0,0.017632241813602016,-0.027707808564231738,0.017632241813602016,-0.027707808564231738,0.0
gt,0.007556675062972292,-0.017632241813602016,0.0,0.007556675062972292,0.0,0.007556675062972292,-0.017632241813602016
minimax,0.0,0.027707808564231738,-0.007556675062972292,0.0,-0.007556675062972292,0.0,0.027707808564231738
gtd,0.007556675062972292,-0.017632241813602016,0.0,0.007556675062972292,0.0,0.007556675062972292,-0.017632241813602016
Schulze,0.0,0.027707808564231738,-0.007556675062972292,0.0,-0.007556675062972292,0.0,0.027707808564231738
IRV,-0.027707808564231738,0.0,0.017632241813602016,-0.027707808564231738,0.017632241813602016,-0.027707808564231738,0.0
