,Borda,plurality,gt,minimax,gtd,Schulze,IRV
Borda,0.0,0.044854881266490766,-0.029023746701846966,0.0,0.0,0.0,0.044854881266490766
plurality,-0.044854881266490766,0.0,0.055408970976253295,-0.044854881266490766,-0.044854881266490766,-0.044854881266490766,0.0
gt,0.029023746701846966,-0.055408970976253295,0.0,0.029023746701846966,0.029023746701846966,0.029023746701846966,-0.055408970976253295
minimax,0.0,0.044854881266490766,-0.029023746701846966,0.0,0.0,0.0,0.044854881266490766
gtd,0.0,0.044854881266490766,-0.029023746701846966,0.0,0.0,0.0,0.044854881266490766
Schulze,0.0,0.044854881266490766,-0.029023746701846966,0.0,0.0,0.0,0.044854881266490766
IRV,-0.044854881266490766,0.0,0.055408970976253295,-0.044854881266490766,-0.044854881266490766,-0.044854881266490766,0.0
