,Borda,plurality,gt,minimax,gtd,Schulze,IRV
Borda,0.0,-0.02376599634369287,-0.02376599634369287,-0.02376599634369287,-0.02376599634369287,-0.02376599634369287,0.04936014625228519
plurality,0.02376599634369287,0.0,0.0,0.0,0.0,0.0,-0.009140767824497258
gt,0.02376599634369287,0.0,0.0,0.0,0.0,0.0,-0.009140767824497258
minimax,0.02376599634369287,0.0,0.0,0.0,0.0,0.0,-0.009140767824497258
gtd,0.02376599634369287,0.0,0.0,0.0,0.0,0.0,-0.009140767824497258
Schulze,0.02376599634369287,0.0,0.0,0.0,0.0,0.0,-0.009140767824497258
IRV,-0.04936014625228519,0.009140767824497258,0.009140767824497258,0.009140767824497258,0.009140767824497258,0.009140767824497258,0.0
