,Borda,plurality,gt,minimax,gtd,Schulze,IRV
Borda,0.0,-0.032175032175032175,0.021879021879021878,0.021879021879021878,0.0,0.021879021879021878,0.021879021879021878
plurality,0.032175032175032175,0.0,-0.04504504504504504,-0.04504504504504504,0.032175032175032175,-0.04504504504504504,-0.04504504504504504
gt,-0.021879021879021878,0.04504504504504504,0.0,0.0,-0.021879021879021878,0.0,0.0
minimax,-0.021879021879021878,0.04504504504504504,0.0,0.0,-0.021879021879021878,0.0,0.0
gtd,0.0,-0.032175032175032175,0.021879021879021878,0.021879021879021878,0.0,0.021879021879021878,0.021879021879021878
Schulze,-0.021879021879021878,0.04504504504504504,0.0,0.0,-0.021879021879021878,0.0,0.0
IRV,-0.021879021879021878,0.04504504504504504,0.0,0.0,-0.021879021879021878,0.0,0.0
