,Borda,plurality,gt,minimax,gtd,Schulze,IRV
Borda,0.0,0.0972972972972973,0.0,0.0,0.0,0.0,0.0
plurality,-0.0972972972972973,0.0,-0.0972972972972973,-0.08648648648648649,-0.08648648648648649,-0.08648648648648649,-0.08648648648648649
gt,0.0,0.0972972972972973,0.0,0.0,0.0,0.0,0.0
minimax,0.0,0.08648648648648649,0.0,0.0,0.0,0.0,0.0
gtd,0.0,0.08648648648648649,0.0,0.0,0.0,0.0,0.0
Schulze,0.0,0.08648648648648649,0.0,0.0,0.0,0.0,0.0
IRV,0.0,0.08648648648648649,0.0,0.0,0.0,0.0,0.0
