,Borda,plurality,gt,minimax,gtd,Schulze,IRV
Borda,0.0,-0.02242152466367713,-0.02242152466367713,-0.02242152466367713,-0.02242152466367713,-0.02242152466367713,0.09865470852017937
plurality,0.02242152466367713,0.0,0.0,0.0,0.0,0.0,-0.004484304932735426
gt,0.02242152466367713,0.0,0.0,0.0,0.0,0.0,-0.004484304932735426
minimax,0.02242152466367713,0.0,0.0,0.0,0.0,0.0,-0.004484304932735426
gtd,0.02242152466367713,0.0,0.0,0.0,0.0,0.0,-0.004484304932735426
Schulze,0.02242152466367713,0.0,0.0,0.0,0.0,0.0,-0.004484304932735426
IRV,-0.09865470852017937,0.004484304932735426,0.004484304932735426,0.004484304932735426,0.004484304932735426,0.004484304932735426,0.0
