,Borda,plurality,gt,minimax,gtd,Schulze,IRV
Borda,0.0,0.14516129032258066,-0.012096774193548387,0.0,-0.012096774193548387,0.0,0.0
plurality,-0.14516129032258066,0.0,-0.08064516129032258,-0.14516129032258066,-0.08064516129032258,-0.14516129032258066,-0.14516129032258066
gt,0.012096774193548387,0.08064516129032258,0.0,0.012096774193548387,0.0,0.012096774193548387,0.012096774193548387
minimax,0.0,0.14516129032258066,-0.012096774193548387,0.0,-0.012096774193548387,0.0,0.0
gtd,0.012096774193548387,0.08064516129032258,0.0,0.012096774193548387,0.0,0.012096774193548387,0.012096774193548387
Schulze,0.0,0.14516129032258066,-0.012096774193548387,0.0,-0.012096774193548387,0.0,0.0
IRV,0.0,0.14516129032258066,-0.012096774193548387,0.0,-0.012096774193548387,0.0,0.0
