,Borda,plurality,gt,minimax,gtd,Schulze,IRV
Borda,0.0,-0.008450704225352112,-0.008450704225352112,0.0,-0.008450704225352112,0.0,0.05352112676056338
plurality,0.008450704225352112,0.0,0.0,0.008450704225352112,0.0,0.008450704225352112,-0.014084507042253521
gt,0.008450704225352112,0.0,0.0,0.008450704225352112,0.0,0.008450704225352112,-0.014084507042253521
minimax,0.0,-0.008450704225352112,-0.008450704225352112,0.0,-0.008450704225352112,0.0,0.05352112676056338
gtd,0.008450704225352112,0.0,0.0,0.008450704225352112,0.0,0.008450704225352112,-0.014084507042253521
Schulze,0.0,-0.008450704225352112,-0.008450704225352112,0.0,-0.008450704225352112,0.0,0.05352112676056338
IRV,-0.05352112676056338,0.014084507042253521,0.014084507042253521,-0.05352112676056338,0.014084507042253521,-0.05352112676056338,0.0
