,Borda,plurality,gt,minimax,gtd,Schulze,IRV
Borda,0.0,0.015957446808510637,0.0,0.015957446808510637,0.0,0.015957446808510637,0.0
plurality,-0.015957446808510637,0.0,-0.015957446808510637,0.0,-0.015957446808510637,0.0,-0.015957446808510637
gt,0.0,0.015957446808510637,0.0,0.015957446808510637,0.0,0.015957446808510637,0.0
minimax,-0.015957446808510637,0.0,-0.015957446808510637,0.0,-0.015957446808510637,0.0,-0.015957446808510637
gtd,0.0,0.015957446808510637,0.0,0.015957446808510637,0.0,0.015957446808510637,0.0
Schulze,-0.015957446808510637,0.0,-0.015957446808510637,0.0,-0.015957446808510637,0.0,-0.015957446808510637
IRV,0.0,0.015957446808510637,0.0,0.015957446808510637,0.0,0.015957446808510637,0.0
