,Borda,plurality,gt,minimax,gtd,Schulze,IRV
Borda,0.0,0.0,-0.019189765458422176,-0.019189765458422176,-0.019189765458422176,-0.019189765458422176,0.0
plurality,0.0,0.0,-0.019189765458422176,-0.019189765458422176,-0.019189765458422176,-0.019189765458422176,0.0
gt,0.019189765458422176,0.019189765458422176,0.0,0.0,0.0,0.0,0.019189765458422176
minimax,0.019189765458422176,0.019189765458422176,0.0,0.0,0.0,0.0,0.019189765458422176
gtd,0.019189765458422176,0.019189765458422176,0.0,0.0,0.0,0.0,0.019189765458422176
Schulze,0.019189765458422176,0.019189765458422176,0.0,0.0,0.0,0.0,0.019189765458422176
IRV,0.0,0.0,-0.019189765458422176,-0.019189765458422176,-0.019189765458422176,-0.019189765458422176,0.0
