,Borda,plurality,gt,minimax,gtd,Schulze,IRV
Borda,0.0,0.07514450867052024,0.07514450867052024,-0.04431599229287091,-0.04431599229287091,-0.04431599229287091,0.0
plurality,-0.07514450867052024,0.0,0.0,0.005780346820809248,0.005780346820809248,0.005780346820809248,-0.07514450867052024
gt,-0.07514450867052024,0.0,0.0,0.005780346820809248,0.005780346820809248,0.005780346820809248,-0.07514450867052024
minimax,0.04431599229287091,-0.005780346820809248,-0.005780346820809248,0.0,0.0,0.0,0.04431599229287091
gtd,0.04431599229287091,-0.005780346820809248,-0.005780346820809248,0.0,0.0,0.0,0.04431599229287091
Schulze,0.04431599229287091,-0.005780346820809248,-0.005780346820809248,0.0,0.0,0.0,0.04431599229287091
IRV,0.0,0.07514450867052024,0.07514450867052024,-0.04431599229287091,-0.04431599229287091,-0.04431599229287091,0.0
