,Borda,plurality,gt,minimax,gtd,Schulze,IRV
Borda,0.0,-0.0410958904109589,0.00821917808219178,0.00821917808219178,0.00821917808219178,0.00821917808219178,0.00821917808219178
plurality,0.0410958904109589,0.0,-0.019178082191780823,-0.019178082191780823,-0.019178082191780823,-0.019178082191780823,-0.019178082191780823
gt,-0.00821917808219178,0.019178082191780823,0.0,0.0,0.0,0.0,0.0
minimax,-0.00821917808219178,0.019178082191780823,0.0,0.0,0.0,0.0,0.0
gtd,-0.00821917808219178,0.019178082191780823,0.0,0.0,0.0,0.0,0.0
Schulze,-0.00821917808219178,0.019178082191780823,0.0,0.0,0.0,0.0,0.0
IRV,-0.00821917808219178,0.019178082191780823,0.0,0.0,0.0,0.0,0.0
