,Borda,plurality,gt,minimax,gtd,Schulze,IRV
Borda,0.0,0.03655913978494624,-0.002150537634408602,0.0,-0.002150537634408602,0.0,0.0
plurality,-0.03655913978494624,0.0,0.0064516129032258064,-0.03655913978494624,0.0064516129032258064,-0.03655913978494624,-0.03655913978494624
gt,0.002150537634408602,-0.0064516129032258064,0.0,0.002150537634408602,0.0,0.002150537634408602,0.002150537634408602
minimax,0.0,0.03655913978494624,-0.002150537634408602,0.0,-0.002150537634408602,0.0,0.0
gtd,0.002150537634408602,-0.0064516129032258064,0.0,0.002150537634408602,0.0,0.002150537634408602,0.002150537634408602
Schulze,0.0,0.03655913978494624,-0.002150537634408602,0.0,-0.002150537634408602,0.0,0.0
IRV,0.0,0.03655913978494624,-0.002150537634408602,0.0,-0.002150537634408602,0.0,0.0
