,Borda,plurality,gt,minimax,gtd,Schulze,IRV
Borda,0.0,-0.0036231884057971015,-0.0036231884057971015,0.0,-0.0036231884057971015,0.0,-0.0036231884057971015
plurality,0.0036231884057971015,0.0,0.0,0.0036231884057971015,0.0,0.0036231884057971015,0.0
gt,0.0036231884057971015,0.0,0.0,0.0036231884057971015,0.0,0.0036231884057971015,0.0
minimax,0.0,-0.0036231884057971015,-0.0036231884057971015,0.0,-0.0036231884057971015,0.0,-0.0036231884057971015
gtd,0.0036231884057971015,0.0,0.0,0.0036231884057971015,0.0,0.0036231884057971015,0.0
Schulze,0.0,-0.0036231884057971015,-0.0036231884057971015,0.0,-0.0036231884057971015,0.0,-0.0036231884057971015
IRV,0.0036231884057971015,0.0,0.0,0.0036231884057971015,0.0,0.0036231884057971015,0.0
