,Borda,plurality,gt,minimax,gtd,Schulze,IRV
Borda,0.0,0.04838709677419355,0.0,0.0,0.0,0.0,0.0
plurality,-0.04838709677419355,0.0,-0.04838709677419355,-0.03225806451612903,-0.04838709677419355,-0.03225806451612903,-0.04838709677419355
gt,0.0,0.04838709677419355,0.0,0.0,0.0,0.0,0.0
minimax,0.0,0.03225806451612903,0.0,0.0,0.0,0.0,0.0
gtd,0.0,0.04838709677419355,0.0,0.0,0.0,0.0,0.0
Schulze,0.0,0.03225806451612903,0.0,0.0,0.0,0.0,0.0
IRV,0.0,0.04838709677419355,0.0,0.0,0.0,0.0,0.0
