,Borda,plurality,gt,minimax,gtd,Schulze,IRV
Borda,0.0,0.0,-0.031161473087818695,-0.031161473087818695,-0.031161473087818695,-0.031161473087818695,-0.031161473087818695
plurality,0.0,0.0,-0.031161473087818695,-0.031161473087818695,-0.031161473087818695,-0.031161473087818695,-0.031161473087818695
gt,0.031161473087818695,0.031161473087818695,0.0,0.0,0.0,0.0,0.0
minimax,0.031161473087818695,0.031161473087818695,0.0,0.0,0.0,0.0,0.0
gtd,0.031161473087818695,0.031161473087818695,0.0,0.0,0.0,0.0,0.0
Schulze,0.031161473087818695,0.031161473087818695,0.0,0.0,0.0,0.0,0.0
IRV,0.031161473087818695,0.031161473087818695,0.0,0.0,0.0,0.0,0.0
