,Borda,plurality,gt,minimax,gtd,Schulze,IRV
Borda,0.0,0.0,-0.011538461538461539,0.0,0.0,0.0,-0.011538461538461539
plurality,0.0,0.0,-0.011538461538461539,0.0,0.0,0.0,-0.011538461538461539
gt,0.011538461538461539,0.011538461538461539,0.0,0.011538461538461539,0.011538461538461539,0.011538461538461539,0.0
minimax,0.0,0.0,-0.011538461538461539,0.0,0.0,0.0,-0.011538461538461539
gtd,0.0,0.0,-0.011538461538461539,0.0,0.0,0.0,-0.011538461538461539
Schulze,0.0,0.0,-0.011538461538461539,0.0,0.0,0.0,-0.011538461538461539
IRV,0.011538461538461539,0.011538461538461539,0.0,0.011538461538461539,0.011538461538461539,0.011538461538461539,0.0
