,Borda,plurality,gt,minimax,gtd,Schulze,IRV
Borda,0.0,-0.014634146341463415,0.0,0.0,-0.014634146341463415,0.0,0.02926829268292683
plurality,0.014634146341463415,0.0,0.014634146341463415,0.014634146341463415,0.0,0.014634146341463415,-0.024390243902439025
gt,0.0,-0.014634146341463415,0.0,0.0,-0.014634146341463415,0.0,0.02926829268292683
minimax,0.0,-0.014634146341463415,0.0,0.0,-0.014634146341463415,0.0,0.02926829268292683
gtd,0.014634146341463415,0.0,0.014634146341463415,0.014634146341463415,0.0,0.014634146341463415,-0.024390243902439025
Schulze,0.0,-0.014634146341463415,0.0,0.0,-0.014634146341463415,0.0,0.02926829268292683
IRV,-0.02926829268292683,0.024390243902439025,-0.02926829268292683,-0.02926829268292683,0.024390243902439025,-0.02926829268292683,0.0
