,Borda,plurality,gt,minimax,gtd,Schulze,IRV
Borda,0.0,0.0045045045045045045,0.0045045045045045045,0.0045045045045045045,0.0045045045045045045,0.0045045045045045045,0.0
plurality,-0.0045045045045045045,0.0,0.0,0.0,0.0,0.0,-0.0045045045045045045
gt,-0.0045045045045045045,0.0,0.0,0.0,0.0,0.0,-0.0045045045045045045
minimax,-0.0045045045045045045,0.0,0.0,0.0,0.0,0.0,-0.0045045045045045045
gtd,-0.0045045045045045045,0.0,0.0,0.0,0.0,0.0,-0.0045045045045045045
Schulze,-0.0045045045045045045,0.0,0.0,0.0,0.0,0.0,-0.0045045045045045045
IRV,0.0,0.0045045045045045045,0.0045045045045045045,0.0045045045045045045,0.0045045045045045045,0.0045045045045045045,0.0
