,Borda,plurality,gt,minimax,gtd,Schulze,IRV
Borda,0.0,-0.010810810810810811,0.0,0.0,0.0,0.0,0.010810810810810811
plurality,0.010810810810810811,0.0,0.010810810810810811,0.010810810810810811,0.010810810810810811,0.010810810810810811,-0.043243243243243246
gt,0.0,-0.010810810810810811,0.0,0.0,0.0,0.0,0.010810810810810811
minimax,0.0,-0.010810810810810811,0.0,0.0,0.0,0.0,0.010810810810810811
gtd,0.0,-0.010810810810810811,0.0,0.0,0.0,0.0,0.010810810810810811
Schulze,0.0,-0.010810810810810811,0.0,0.0,0.0,0.0,0.010810810810810811
IRV,-0.010810810810810811,0.043243243243243246,-0.010810810810810811,-0.010810810810810811,-0.010810810810810811,-0.010810810810810811,0.0
