,Borda,plurality,gt,minimax,gtd,Schulze,IRV
Borda,0.0,0.05116279069767442,0.05116279069767442,-0.018604651162790697,-0.018604651162790697,-0.018604651162790697,0.05116279069767442
plurality,-0.05116279069767442,0.0,0.0,0.004651162790697674,0.004651162790697674,0.004651162790697674,0.0
gt,-0.05116279069767442,0.0,0.0,0.004651162790697674,0.004651162790697674,0.004651162790697674,0.0
minimax,0.018604651162790697,-0.004651162790697674,-0.004651162790697674,0.0,0.0,0.0,-0.004651162790697674
gtd,0.018604651162790697,-0.004651162790697674,-0.004651162790697674,0.0,0.0,0.0,-0.004651162790697674
Schulze,0.018604651162790697,-0.004651162790697674,-0.004651162790697674,0.0,0.0,0.0,-0.004651162790697674
IRV,-0.05116279069767442,0.0,0.0,0.004651162790697674,0.004651162790697674,0.004651162790697674,0.0
