,Borda,plurality,gt,minimax,gtd,Schulze,IRV
Borda,0.0,-0.023593466424682397,0.09618874773139746,-0.023593466424682397,-0.023593466424682397,-0.023593466424682397,0.09618874773139746
plurality,0.023593466424682397,0.0,-0.012704174228675136,0.0,0.0,0.0,-0.012704174228675136
gt,-0.09618874773139746,0.012704174228675136,0.0,0.012704174228675136,0.012704174228675136,0.012704174228675136,0.0
minimax,0.023593466424682397,0.0,-0.012704174228675136,0.0,0.0,0.0,-0.012704174228675136
gtd,0.023593466424682397,0.0,-0.012704174228675136,0.0,0.0,0.0,-0.012704174228675136
Schulze,0.023593466424682397,0.0,-0.012704174228675136,0.0,0.0,0.0,-0.012704174228675136
IRV,-0.09618874773139746,0.012704174228675136,0.0,0.012704174228675136,0.012704174228675136,0.012704174228675136,0.0
