,Borda,plurality,gt,minimax,gtd,Schulze,IRV
Borda,0.0,0.0071174377224199285,-0.028469750889679714,0.0071174377224199285,0.0071174377224199285,0.0071174377224199285,0.0071174377224199285
plurality,-0.0071174377224199285,0.0,0.02491103202846975,0.0,0.0,0.0,0.0
gt,0.028469750889679714,-0.02491103202846975,0.0,-0.02491103202846975,-0.02491103202846975,-0.02491103202846975,-0.02491103202846975
minimax,-0.0071174377224199285,0.0,0.02491103202846975,0.0,0.0,0.0,0.0
gtd,-0.0071174377224199285,0.0,0.02491103202846975,0.0,0.0,0.0,0.0
Schulze,-0.0071174377224199285,0.0,0.02491103202846975,0.0,0.0,0.0,0.0
IRV,-0.0071174377224199285,0.0,0.02491103202846975,0.0,0.0,0.0,0.0
