,Borda,plurality,gt,minimax,gtd,Schulze,IRV
Borda,0.0,-0.05352112676056338,0.008450704225352112,0.008450704225352112,0.0,0.008450704225352112,0.008450704225352112
plurality,0.05352112676056338,0.0,-0.059154929577464786,-0.059154929577464786,0.05352112676056338,-0.059154929577464786,-0.059154929577464786
gt,-0.008450704225352112,0.059154929577464786,0.0,0.0,-0.008450704225352112,0.0,0.0
minimax,-0.008450704225352112,0.059154929577464786,0.0,0.0,-0.008450704225352112,0.0,0.0
gtd,0.0,-0.05352112676056338,0.008450704225352112,0.008450704225352112,0.0,0.008450704225352112,0.008450704225352112
Schulze,-0.008450704225352112,0.059154929577464786,0.0,0.0,-0.008450704225352112,0.0,0.0
IRV,-0.008450704225352112,0.059154929577464786,0.0,0.0,-0.008450704225352112,0.0,0.0
