,Borda,plurality,gt,minimax,gtd,Schulze,IRV
Borda,0.0,0.04741379310344827,0.0,0.0,0.0,0.0,0.0
plurality,-0.04741379310344827,0.0,-0.02586206896551724,-0.04741379310344827,-0.04741379310344827,-0.04741379310344827,-0.02586206896551724
gt,0.0,0.02586206896551724,0.0,0.0,0.0,0.0,0.0
minimax,0.0,0.04741379310344827,0.0,0.0,0.0,0.0,0.0
gtd,0.0,0.04741379310344827,0.0,0.0,0.0,0.0,0.0
Schulze,0.0,0.04741379310344827,0.0,0.0,0.0,0.0,0.0
IRV,0.0,0.02586206896551724,0.0,0.0,0.0,0.0,0.0
