,Borda,plurality,gt,minimax,gtd,Schulze,IRV
Borda,0.0,-0.0021321961620469083,-0.0021321961620469083,0.0,-0.0021321961620469083,0.0,0.06183368869936034
plurality,0.0021321961620469083,0.0,0.0,0.0021321961620469083,0.0,0.0021321961620469083,-0.014925373134328358
gt,0.0021321961620469083,0.0,0.0,0.0021321961620469083,0.0,0.0021321961620469083,-0.014925373134328358
minimax,0.0,-0.0021321961620469083,-0.0021321961620469083,0.0,-0.0021321961620469083,0.0,0.06183368869936034
gtd,0.0021321961620469083,0.0,0.0,0.0021321961620469083,0.0,0.0021321961620469083,-0.014925373134328358
Schulze,0.0,-0.0021321961620469083,-0.0021321961620469083,0.0,-0.0021321961620469083,0.0,0.06183368869936034
IRV,-0.06183368869936034,0.014925373134328358,0.014925373134328358,-0.06183368869936034,0.014925373134328358,-0.06183368869936034,0.0
