,Borda,plurality,gt,minimax,gtd,Schulze,IRV
Borda,0.0,-0.022222222222222223,-0.022222222222222223,0.0,-0.022222222222222223,0.0,0.06666666666666667
plurality,0.022222222222222223,0.0,0.0,0.022222222222222223,0.0,0.022222222222222223,-0.027777777777777776
gt,0.022222222222222223,0.0,0.0,0.022222222222222223,0.0,0.022222222222222223,-0.027777777777777776
minimax,0.0,-0.022222222222222223,-0.022222222222222223,0.0,-0.022222222222222223,0.0,0.06666666666666667
gtd,0.022222222222222223,0.0,0.0,0.022222222222222223,0.0,0.022222222222222223,-0.027777777777777776
Schulze,0.0,-0.022222222222222223,-0.022222222222222223,0.0,-0.022222222222222223,0.0,0.06666666666666667
IRV,-0.06666666666666667,0.027777777777777776,0.027777777777777776,-0.06666666666666667,0.027777777777777776,-0.06666666666666667,0.0
