,Borda,plurality,gt,minimax,gtd,Schulze,IRV
Borda,0.0,0.04788732394366197,-0.014084507042253521,-0.014084507042253521,-0.014084507042253521,-0.014084507042253521,0.0
plurality,-0.04788732394366197,0.0,0.008450704225352112,0.008450704225352112,0.008450704225352112,0.008450704225352112,-0.04788732394366197
gt,0.014084507042253521,-0.008450704225352112,0.0,0.0,0.0,0.0,0.014084507042253521
minimax,0.014084507042253521,-0.008450704225352112,0.0,0.0,0.0,0.0,0.014084507042253521
gtd,0.014084507042253521,-0.008450704225352112,0.0,0.0,0.0,0.0,0.014084507042253521
Schulze,0.014084507042253521,-0.008450704225352112,0.0,0.0,0.0,0.0,0.014084507042253521
IRV,0.0,0.04788732394366197,-0.014084507042253521,-0.014084507042253521,-0.014084507042253521,-0.014084507042253521,0.0
