,Borda,plurality,gt,minimax,gtd,Schulze,IRV
Borda,0.0,-0.03816793893129771,0.0,0.017811704834605598,0.0,0.017811704834605598,0.017811704834605598
plurality,0.03816793893129771,0.0,0.03816793893129771,-0.043256997455470736,0.03816793893129771,-0.043256997455470736,-0.043256997455470736
gt,0.0,-0.03816793893129771,0.0,0.017811704834605598,0.0,0.017811704834605598,0.017811704834605598
minimax,-0.017811704834605598,0.043256997455470736,-0.017811704834605598,0.0,-0.017811704834605598,0.0,0.0
gtd,0.0,-0.03816793893129771,0.0,0.017811704834605598,0.0,0.017811704834605598,0.017811704834605598
Schulze,-0.017811704834605598,0.043256997455470736,-0.017811704834605598,0.0,-0.017811704834605598,0.0,0.0
IRV,-0.017811704834605598,0.043256997455470736,-0.017811704834605598,0.0,-0.017811704834605598,0.0,0.0
