,Borda,plurality,gt,minimax,gtd,Schulze,IRV
Borda,0.0,0.022113022113022112,0.0,0.0,0.0,0.0,0.022113022113022112
plurality,-0.022113022113022112,0.0,-0.022113022113022112,-0.022113022113022112,-0.022113022113022112,-0.022113022113022112,0.0
gt,0.0,0.022113022113022112,0.0,0.0,0.0,0.0,0.022113022113022112
minimax,0.0,0.022113022113022112,0.0,0.0,0.0,0.0,0.022113022113022112
gtd,0.0,0.022113022113022112,0.0,0.0,0.0,0.0,0.022113022113022112
Schulze,0.0,0.022113022113022112,0.0,0.0,0.0,0.0,0.022113022113022112
IRV,-0.022113022113022112,0.0,-0.022113022113022112,-0.022113022113022112,-0.022113022113022112,-0.022113022113022112,0.0
