,Borda,plurality,gt,minimax,gtd,Schulze,IRV
Borda,0.0,-0.01929260450160772,0.00964630225080386,0.00964630225080386,0.0,0.00964630225080386,-0.01929260450160772
plurality,0.01929260450160772,0.0,-0.022508038585209004,-0.022508038585209004,0.01929260450160772,-0.022508038585209004,0.0
gt,-0.00964630225080386,0.022508038585209004,0.0,0.0,-0.00964630225080386,0.0,0.022508038585209004
minimax,-0.00964630225080386,0.022508038585209004,0.0,0.0,-0.00964630225080386,0.0,0.022508038585209004
gtd,0.0,-0.01929260450160772,0.00964630225080386,0.00964630225080386,0.0,0.00964630225080386,-0.01929260450160772
Schulze,-0.00964630225080386,0.022508038585209004,0.0,0.0,-0.00964630225080386,0.0,0.022508038585209004
IRV,0.01929260450160772,0.0,-0.022508038585209004,-0.022508038585209004,0.01929260450160772,-0.022508038585209004,0.0
