,Borda,plurality,gt,minimax,gtd,Schulze,IRV
Borda,0.0,-0.05185185185185185,0.027160493827160494,-0.05185185185185185,0.027160493827160494,-0.05185185185185185,-0.05185185185185185
plurality,0.05185185185185185,0.0,-0.01728395061728395,0.0,-0.01728395061728395,0.0,0.0
gt,-0.027160493827160494,0.01728395061728395,0.0,0.01728395061728395,0.0,0.01728395061728395,0.01728395061728395
minimax,0.05185185185185185,0.0,-0.01728395061728395,0.0,-0.01728395061728395,0.0,0.0
gtd,-0.027160493827160494,0.01728395061728395,0.0,0.01728395061728395,0.0,0.01728395061728395,0.01728395061728395
Schulze,0.05185185185185185,0.0,-0.01728395061728395,0.0,-0.01728395061728395,0.0,0.0
IRV,0.05185185185185185,0.0,-0.01728395061728395,0.0,-0.01728395061728395,0.0,0.0
