,Borda,plurality,gt,minimax,gtd,Schulze,IRV
Borda,0.0,0.029871977240398292,0.029871977240398292,-0.03840682788051209,0.029871977240398292,-0.03840682788051209,0.029871977240398292
plurality,-0.029871977240398292,0.0,0.0,0.012802275960170697,0.0,0.012802275960170697,0.0
gt,-0.029871977240398292,0.0,0.0,0.012802275960170697,0.0,0.012802275960170697,0.0
minimax,0.03840682788051209,-0.012802275960170697,-0.012802275960170697,0.0,-0.012802275960170697,0.0,-0.012802275960170697
gtd,-0.029871977240398292,0.0,0.0,0.012802275960170697,0.0,0.012802275960170697,0.0
Schulze,0.03840682788051209,-0.012802275960170697,-0.012802275960170697,0.0,-0.012802275960170697,0.0,-0.012802275960170697
IRV,-0.029871977240398292,0.0,0.0,0.012802275960170697,0.0,0.012802275960170697,0.0
