,Borda,plurality,gt,minimax,gtd,Schulze,IRV
Borda,0.0,0.04884318766066838,-0.002570694087403599,0.0,-0.002570694087403599,0.0,0.04884318766066838
plurality,-0.04884318766066838,0.0,0.012853470437017995,-0.04884318766066838,0.012853470437017995,-0.04884318766066838,0.0
gt,0.002570694087403599,-0.012853470437017995,0.0,0.002570694087403599,0.0,0.002570694087403599,-0.012853470437017995
minimax,0.0,0.04884318766066838,-0.002570694087403599,0.0,-0.002570694087403599,0.0,0.04884318766066838
gtd,0.002570694087403599,-0.012853470437017995,0.0,0.002570694087403599,0.0,0.002570694087403599,-0.012853470437017995
Schulze,0.0,0.04884318766066838,-0.002570694087403599,0.0,-0.002570694087403599,0.0,0.04884318766066838
IRV,-0.04884318766066838,0.0,0.012853470437017995,-0.04884318766066838,0.012853470437017995,-0.04884318766066838,0.0
