,Borda,plurality,gt,minimax,gtd,Schulze,IRV
Borda,0.0,0.17801047120418848,0.0,-0.015706806282722512,-0.015706806282722512,-0.015706806282722512,-0.015706806282722512
plurality,-0.17801047120418848,0.0,-0.17801047120418848,-0.07329842931937172,-0.07329842931937172,-0.07329842931937172,-0.07329842931937172
gt,0.0,0.17801047120418848,0.0,-0.015706806282722512,-0.015706806282722512,-0.015706806282722512,-0.015706806282722512
minimax,0.015706806282722512,0.07329842931937172,0.015706806282722512,0.0,0.0,0.0,0.0
gtd,0.015706806282722512,0.07329842931937172,0.015706806282722512,0.0,0.0,0.0,0.0
Schulze,0.015706806282722512,0.07329842931937172,0.015706806282722512,0.0,0.0,0.0,0.0
IRV,0.015706806282722512,0.07329842931937172,0.015706806282722512,0.0,0.0,0.0,0.0
