,Borda,plurality,gt,minimax,gtd,Schulze,IRV
Borda,0.0,0.15076923076923077,0.0,0.0,0.0,0.0,0.0
plurality,-0.15076923076923077,0.0,-0.15076923076923077,-0.13538461538461538,-0.15076923076923077,-0.13538461538461538,-0.13538461538461538
gt,0.0,0.15076923076923077,0.0,0.0,0.0,0.0,0.0
minimax,0.0,0.13538461538461538,0.0,0.0,0.0,0.0,0.0
gtd,0.0,0.15076923076923077,0.0,0.0,0.0,0.0,0.0
Schulze,0.0,0.13538461538461538,0.0,0.0,0.0,0.0,0.0
IRV,0.0,0.13538461538461538,0.0,0.0,0.0,0.0,0.0
