,Borda,plurality,gt,minimax,gtd,Schulze,IRV
Borda,0.0,-0.03759398496240601,0.0,-0.03759398496240601,-0.03759398496240601,-0.03759398496240601,-0.03759398496240601
plurality,0.03759398496240601,0.0,0.03759398496240601,0.0,0.0,0.0,0.0
gt,0.0,-0.03759398496240601,0.0,-0.03759398496240601,-0.03759398496240601,-0.03759398496240601,-0.03759398496240601
minimax,0.03759398496240601,0.0,0.03759398496240601,0.0,0.0,0.0,0.0
gtd,0.03759398496240601,0.0,0.03759398496240601,0.0,0.0,0.0,0.0
Schulze,0.03759398496240601,0.0,0.03759398496240601,0.0,0.0,0.0,0.0
IRV,0.03759398496240601,0.0,0.03759398496240601,0.0,0.0,0.0,0.0
