,Borda,plurality,gt,minimax,gtd,Schulze,IRV
Borda,0.0,0.08401084010840108,-0.02981029810298103,-0.02981029810298103,-0.02981029810298103,-0.02981029810298103,0.08401084010840108
plurality,-0.08401084010840108,0.0,0.0027100271002710027,0.0027100271002710027,0.0027100271002710027,0.0027100271002710027,0.0
gt,0.02981029810298103,-0.0027100271002710027,0.0,0.0,0.0,0.0,-0.0027100271002710027
minimax,0.02981029810298103,-0.0027100271002710027,0.0,0.0,0.0,0.0,-0.0027100271002710027
gtd,0.02981029810298103,-0.0027100271002710027,0.0,0.0,0.0,0.0,-0.0027100271002710027
Schulze,0.02981029810298103,-0.0027100271002710027,0.0,0.0,0.0,0.0,-0.0027100271002710027
IRV,-0.08401084010840108,0.0,0.0027100271002710027,0.0027100271002710027,0.0027100271002710027,0.0027100271002710027,0.0
