,Borda,plurality,gt,minimax,gtd,Schulze,IRV
Borda,0.0,-0.06567164179104477,0.005970149253731343,0.005970149253731343,0.005970149253731343,0.005970149253731343,-0.06567164179104477
plurality,0.06567164179104477,0.0,-0.01791044776119403,-0.01791044776119403,-0.01791044776119403,-0.01791044776119403,0.0
gt,-0.005970149253731343,0.01791044776119403,0.0,0.0,0.0,0.0,0.01791044776119403
minimax,-0.005970149253731343,0.01791044776119403,0.0,0.0,0.0,0.0,0.01791044776119403
gtd,-0.005970149253731343,0.01791044776119403,0.0,0.0,0.0,0.0,0.01791044776119403
Schulze,-0.005970149253731343,0.01791044776119403,0.0,0.0,0.0,0.0,0.01791044776119403
IRV,0.06567164179104477,0.0,-0.01791044776119403,-0.01791044776119403,-0.01791044776119403,-0.01791044776119403,0.0
