,Borda,plurality,gt,minimax,gtd,Schulze,IRV
Borda,0.0,-0.017721518987341773,0.0,0.0,0.0,0.0,0.017721518987341773
plurality,0.017721518987341773,0.0,0.017721518987341773,0.017721518987341773,0.017721518987341773,0.017721518987341773,-0.043037974683544304
gt,0.0,-0.017721518987341773,0.0,0.0,0.0,0.0,0.017721518987341773
minimax,0.0,-0.017721518987341773,0.0,0.0,0.0,0.0,0.017721518987341773
gtd,0.0,-0.017721518987341773,0.0,0.0,0.0,0.0,0.017721518987341773
Schulze,0.0,-0.017721518987341773,0.0,0.0,0.0,0.0,0.017721518987341773
IRV,-0.017721518987341773,0.043037974683544304,-0.017721518987341773,-0.017721518987341773,-0.017721518987341773,-0.017721518987341773,0.0
