,Borda,plurality,gt,minimax,gtd,Schulze,IRV
Borda,0.0,-0.0011560693641618498,-0.0011560693641618498,0.0,-0.0011560693641618498,0.0,0.07745664739884393
plurality,0.0011560693641618498,0.0,0.0,0.0011560693641618498,0.0,0.0011560693641618498,-0.017341040462427744
gt,0.0011560693641618498,0.0,0.0,0.0011560693641618498,0.0,0.0011560693641618498,-0.017341040462427744
minimax,0.0,-0.0011560693641618498,-0.0011560693641618498,0.0,-0.0011560693641618498,0.0,0.07745664739884393
gtd,0.0011560693641618498,0.0,0.0,0.0011560693641618498,0.0,0.0011560693641618498,-0.017341040462427744
Schulze,0.0,-0.0011560693641618498,-0.0011560693641618498,0.0,-0.0011560693641618498,0.0,0.07745664739884393
IRV,-0.07745664739884393,0.017341040462427744,0.017341040462427744,-0.07745664739884393,0.017341040462427744,-0.07745664739884393,0.0
