,Borda,plurality,gt,minimax,gtd,Schulze,IRV
Borda,0.0,-0.06889352818371608,-0.06889352818371608,0.018789144050104383,0.018789144050104383,0.018789144050104383,0.018789144050104383
plurality,0.06889352818371608,0.0,0.0,-0.031315240083507306,-0.031315240083507306,-0.031315240083507306,-0.031315240083507306
gt,0.06889352818371608,0.0,0.0,-0.031315240083507306,-0.031315240083507306,-0.031315240083507306,-0.031315240083507306
minimax,-0.018789144050104383,0.031315240083507306,0.031315240083507306,0.0,0.0,0.0,0.0
gtd,-0.018789144050104383,0.031315240083507306,0.031315240083507306,0.0,0.0,0.0,0.0
Schulze,-0.018789144050104383,0.031315240083507306,0.031315240083507306,0.0,0.0,0.0,0.0
IRV,-0.018789144050104383,0.031315240083507306,0.031315240083507306,0.0,0.0,0.0,0.0
