,Borda,plurality,gt,minimax,gtd,Schulze,IRV
Borda,0.0,0.09741550695825049,-0.005964214711729622,0.0,-0.005964214711729622,0.0,0.0
plurality,-0.09741550695825049,0.0,-0.12922465208747516,-0.09741550695825049,-0.12922465208747516,-0.09741550695825049,-0.09741550695825049
gt,0.005964214711729622,0.12922465208747516,0.0,0.005964214711729622,0.0,0.005964214711729622,0.005964214711729622
minimax,0.0,0.09741550695825049,-0.005964214711729622,0.0,-0.005964214711729622,0.0,0.0
gtd,0.005964214711729622,0.12922465208747516,0.0,0.005964214711729622,0.0,0.005964214711729622,0.005964214711729622
Schulze,0.0,0.09741550695825049,-0.005964214711729622,0.0,-0.005964214711729622,0.0,0.0
IRV,0.0,0.09741550695825049,-0.005964214711729622,0.0,-0.005964214711729622,0.0,0.0
