,Borda,plurality,gt,minimax,gtd,Schulze,IRV
Borda,0.0,0.0735930735930736,-0.017316017316017316,-0.017316017316017316,-0.017316017316017316,-0.017316017316017316,0.0
plurality,-0.0735930735930736,0.0,0.008658008658008658,0.008658008658008658,0.008658008658008658,0.008658008658008658,-0.0735930735930736
gt,0.017316017316017316,-0.008658008658008658,0.0,0.0,0.0,0.0,0.017316017316017316
minimax,0.017316017316017316,-0.008658008658008658,0.0,0.0,0.0,0.0,0.017316017316017316
gtd,0.017316017316017316,-0.008658008658008658,0.0,0.0,0.0,0.0,0.017316017316017316
Schulze,0.017316017316017316,-0.008658008658008658,0.0,0.0,0.0,0.0,0.017316017316017316
IRV,0.0,0.0735930735930736,-0.017316017316017316,-0.017316017316017316,-0.017316017316017316,-0.017316017316017316,0.0
