,Borda,plurality,gt,minimax,gtd,Schulze,IRV
Borda,0.0,0.05116279069767442,0.0,0.0,-0.018604651162790697,0.0,0.05116279069767442
plurality,-0.05116279069767442,0.0,-0.05116279069767442,-0.05116279069767442,0.046511627906976744,-0.05116279069767442,0.0
gt,0.0,0.05116279069767442,0.0,0.0,-0.018604651162790697,0.0,0.05116279069767442
minimax,0.0,0.05116279069767442,0.0,0.0,-0.018604651162790697,0.0,0.05116279069767442
gtd,0.018604651162790697,-0.046511627906976744,0.018604651162790697,0.018604651162790697,0.0,0.018604651162790697,-0.046511627906976744
Schulze,0.0,0.05116279069767442,0.0,0.0,-0.018604651162790697,0.0,0.05116279069767442
IRV,-0.05116279069767442,0.0,-0.05116279069767442,-0.05116279069767442,0.046511627906976744,-0.05116279069767442,0.0
