,Borda,plurality,gt,minimax,gtd,Schulze,IRV
Borda,0.0,0.019206145966709345,0.0,0.0,0.0,0.0,0.0
plurality,-0.019206145966709345,0.0,-0.019206145966709345,-0.019206145966709345,-0.019206145966709345,-0.019206145966709345,-0.019206145966709345
gt,0.0,0.019206145966709345,0.0,0.0,0.0,0.0,0.0
minimax,0.0,0.019206145966709345,0.0,0.0,0.0,0.0,0.0
gtd,0.0,0.019206145966709345,0.0,0.0,0.0,0.0,0.0
Schulze,0.0,0.019206145966709345,0.0,0.0,0.0,0.0,0.0
IRV,0.0,0.019206145966709345,0.0,0.0,0.0,0.0,0.0
