,Borda,plurality,gt,minimax,gtd,Schulze,IRV
Borda,0.0,-0.00794912559618442,-0.00794912559618442,-0.00794912559618442,-0.00794912559618442,-0.00794912559618442,0.06836248012718601
plurality,0.00794912559618442,0.0,0.0,0.0,0.0,0.0,-0.00794912559618442
gt,0.00794912559618442,0.0,0.0,0.0,0.0,0.0,-0.00794912559618442
minimax,0.00794912559618442,0.0,0.0,0.0,0.0,0.0,-0.00794912559618442
gtd,0.00794912559618442,0.0,0.0,0.0,0.0,0.0,-0.00794912559618442
Schulze,0.00794912559618442,0.0,0.0,0.0,0.0,0.0,-0.00794912559618442
IRV,-0.06836248012718601,0.00794912559618442,0.00794912559618442,0.00794912559618442,0.00794912559618442,0.00794912559618442,0.0
