,Borda,plurality,gt,minimax,gtd,Schulze,IRV
Borda,0.0,-0.027450980392156862,0.0,0.0,0.0,0.0,-0.027450980392156862
plurality,0.027450980392156862,0.0,-0.011764705882352941,-0.011764705882352941,-0.011764705882352941,-0.011764705882352941,0.0
gt,0.0,0.011764705882352941,0.0,0.0,0.0,0.0,0.011764705882352941
minimax,0.0,0.011764705882352941,0.0,0.0,0.0,0.0,0.011764705882352941
gtd,0.0,0.011764705882352941,0.0,0.0,0.0,0.0,0.011764705882352941
Schulze,0.0,0.011764705882352941,0.0,0.0,0.0,0.0,0.011764705882352941
IRV,0.027450980392156862,0.0,-0.011764705882352941,-0.011764705882352941,-0.011764705882352941,-0.011764705882352941,0.0
