,Borda,plurality,gt,minimax,gtd,Schulze,IRV
Borda,0.0,-0.008,-0.008,0.0,-0.008,0.0,0.04533333333333334
plurality,0.008,0.0,0.0,0.008,0.0,0.008,-0.008
gt,0.008,0.0,0.0,0.008,0.0,0.008,-0.008
minimax,0.0,-0.008,-0.008,0.0,-0.008,0.0,0.04533333333333334
gtd,0.008,0.0,0.0,0.008,0.0,0.008,-0.008
Schulze,0.0,-0.008,-0.008,0.0,-0.008,0.0,0.04533333333333334
IRV,-0.04533333333333334,0.008,0.008,-0.04533333333333334,0.008,-0.04533333333333334,0.0
