,Borda,plurality,gt,minimax,gtd,Schulze,IRV
Borda,0.0,0.0,0.06111111111111111,-0.03333333333333333,-0.03333333333333333,-0.03333333333333333,0.0
plurality,0.0,0.0,0.06111111111111111,-0.03333333333333333,-0.03333333333333333,-0.03333333333333333,0.0
gt,-0.06111111111111111,-0.06111111111111111,0.0,0.005555555555555556,0.005555555555555556,0.005555555555555556,-0.06111111111111111
minimax,0.03333333333333333,0.03333333333333333,-0.005555555555555556,0.0,0.0,0.0,0.03333333333333333
gtd,0.03333333333333333,0.03333333333333333,-0.005555555555555556,0.0,0.0,0.0,0.03333333333333333
Schulze,0.03333333333333333,0.03333333333333333,-0.005555555555555556,0.0,0.0,0.0,0.03333333333333333
IRV,0.0,0.0,0.06111111111111111,-0.03333333333333333,-0.03333333333333333,-0.03333333333333333,0.0
