,Borda,plurality,gt,minimax,gtd,Schulze,IRV
Borda,0.0,0.08522727272727272,0.0,0.0,0.0,0.0,0.0
plurality,-0.08522727272727272,0.0,-0.08522727272727272,-0.08522727272727272,-0.10227272727272728,-0.08522727272727272,-0.08522727272727272
gt,0.0,0.08522727272727272,0.0,0.0,0.0,0.0,0.0
minimax,0.0,0.08522727272727272,0.0,0.0,0.0,0.0,0.0
gtd,0.0,0.10227272727272728,0.0,0.0,0.0,0.0,0.0
Schulze,0.0,0.08522727272727272,0.0,0.0,0.0,0.0,0.0
IRV,0.0,0.08522727272727272,0.0,0.0,0.0,0.0,0.0
