,Borda,plurality,gt,minimax,gtd,Schulze,IRV
Borda,0.0,0.01098901098901099,-0.0027472527472527475,0.0,0.0,0.0,0.0
plurality,-0.01098901098901099,0.0,0.03296703296703297,-0.01098901098901099,-0.01098901098901099,-0.01098901098901099,-0.01098901098901099
gt,0.0027472527472527475,-0.03296703296703297,0.0,0.0027472527472527475,0.0027472527472527475,0.0027472527472527475,0.0027472527472527475
minimax,0.0,0.01098901098901099,-0.0027472527472527475,0.0,0.0,0.0,0.0
gtd,0.0,0.01098901098901099,-0.0027472527472527475,0.0,0.0,0.0,0.0
Schulze,0.0,0.01098901098901099,-0.0027472527472527475,0.0,0.0,0.0,0.0
IRV,0.0,0.01098901098901099,-0.0027472527472527475,0.0,0.0,0.0,0.0
