,Borda,plurality,gt,minimax,gtd,Schulze,IRV
Borda,0.0,0.06133333333333333,-0.018666666666666668,-0.018666666666666668,-0.018666666666666668,-0.018666666666666668,0.0
plurality,-0.06133333333333333,0.0,0.008,0.008,0.008,0.008,-0.06133333333333333
gt,0.018666666666666668,-0.008,0.0,0.0,0.0,0.0,0.018666666666666668
minimax,0.018666666666666668,-0.008,0.0,0.0,0.0,0.0,0.018666666666666668
gtd,0.018666666666666668,-0.008,0.0,0.0,0.0,0.0,0.018666666666666668
Schulze,0.018666666666666668,-0.008,0.0,0.0,0.0,0.0,0.018666666666666668
IRV,0.0,0.06133333333333333,-0.018666666666666668,-0.018666666666666668,-0.018666666666666668,-0.018666666666666668,0.0
