,Borda,plurality,gt,minimax,gtd,Schulze,IRV
Borda,0.0,-0.002421307506053269,0.0,0.0,0.0,0.0,0.05084745762711865
plurality,0.002421307506053269,0.0,0.002421307506053269,0.002421307506053269,0.002421307506053269,0.002421307506053269,-0.06053268765133172
gt,0.0,-0.002421307506053269,0.0,0.0,0.0,0.0,0.05084745762711865
minimax,0.0,-0.002421307506053269,0.0,0.0,0.0,0.0,0.05084745762711865
gtd,0.0,-0.002421307506053269,0.0,0.0,0.0,0.0,0.05084745762711865
Schulze,0.0,-0.002421307506053269,0.0,0.0,0.0,0.0,0.05084745762711865
IRV,-0.05084745762711865,0.06053268765133172,-0.05084745762711865,-0.05084745762711865,-0.05084745762711865,-0.05084745762711865,0.0
