,Borda,plurality,gt,minimax,gtd,Schulze,IRV
Borda,0.0,-0.04020100502512563,-0.04020100502512563,-0.04020100502512563,-0.04020100502512563,-0.04020100502512563,0.03015075376884422
plurality,0.04020100502512563,0.0,0.0,0.0,0.0,0.0,0.0
gt,0.04020100502512563,0.0,0.0,0.0,0.0,0.0,0.0
minimax,0.04020100502512563,0.0,0.0,0.0,0.0,0.0,0.0
gtd,0.04020100502512563,0.0,0.0,0.0,0.0,0.0,0.0
Schulze,0.04020100502512563,0.0,0.0,0.0,0.0,0.0,0.0
IRV,-0.03015075376884422,0.0,0.0,0.0,0.0,0.0,0.0
