,Borda,plurality,gt,minimax,gtd,Schulze,IRV
Borda,0.0,0.058823529411764705,-0.006085192697768763,0.0,-0.006085192697768763,0.0,0.058823529411764705
plurality,-0.058823529411764705,0.0,0.05070993914807302,-0.058823529411764705,0.05070993914807302,-0.058823529411764705,0.0
gt,0.006085192697768763,-0.05070993914807302,0.0,0.006085192697768763,0.0,0.006085192697768763,-0.05070993914807302
minimax,0.0,0.058823529411764705,-0.006085192697768763,0.0,-0.006085192697768763,0.0,0.058823529411764705
gtd,0.006085192697768763,-0.05070993914807302,0.0,0.006085192697768763,0.0,0.006085192697768763,-0.05070993914807302
Schulze,0.0,0.058823529411764705,-0.006085192697768763,0.0,-0.006085192697768763,0.0,0.058823529411764705
IRV,-0.058823529411764705,0.0,0.05070993914807302,-0.058823529411764705,0.05070993914807302,-0.058823529411764705,0.0
