,Borda,plurality,gt,minimax,gtd,Schulze,IRV
Borda,0.0,0.0,0.06609808102345416,-0.03624733475479744,-0.03624733475479744,-0.03624733475479744,-0.03624733475479744
plurality,0.0,0.0,0.06609808102345416,-0.03624733475479744,-0.03624733475479744,-0.03624733475479744,-0.03624733475479744
gt,-0.06609808102345416,-0.06609808102345416,0.0,0.010660980810234541,0.010660980810234541,0.010660980810234541,0.010660980810234541
minimax,0.03624733475479744,0.03624733475479744,-0.010660980810234541,0.0,0.0,0.0,0.0
gtd,0.03624733475479744,0.03624733475479744,-0.010660980810234541,0.0,0.0,0.0,0.0
Schulze,0.03624733475479744,0.03624733475479744,-0.010660980810234541,0.0,0.0,0.0,0.0
IRV,0.03624733475479744,0.03624733475479744,-0.010660980810234541,0.0,0.0,0.0,0.0
