,Borda,plurality,gt,minimax,gtd,Schulze,IRV
Borda,0.0,-0.05019305019305019,-0.05019305019305019,-0.05019305019305019,0.04247104247104247,-0.05019305019305019,-0.05019305019305019
plurality,0.05019305019305019,0.0,0.0,0.0,-0.03474903474903475,0.0,0.0
gt,0.05019305019305019,0.0,0.0,0.0,-0.03474903474903475,0.0,0.0
minimax,0.05019305019305019,0.0,0.0,0.0,-0.03474903474903475,0.0,0.0
gtd,-0.04247104247104247,0.03474903474903475,0.03474903474903475,0.03474903474903475,0.0,0.03474903474903475,0.03474903474903475
Schulze,0.05019305019305019,0.0,0.0,0.0,-0.03474903474903475,0.0,0.0
IRV,0.05019305019305019,0.0,0.0,0.0,-0.03474903474903475,0.0,0.0
