,Borda,plurality,gt,minimax,gtd,Schulze,IRV
Borda,0.0,0.04184100418410042,-0.02092050209205021,0.0,0.0,0.0,0.04184100418410042
plurality,-0.04184100418410042,0.0,0.058577405857740586,-0.04184100418410042,-0.04184100418410042,-0.04184100418410042,0.0
gt,0.02092050209205021,-0.058577405857740586,0.0,0.02092050209205021,0.02092050209205021,0.02092050209205021,-0.058577405857740586
minimax,0.0,0.04184100418410042,-0.02092050209205021,0.0,0.0,0.0,0.04184100418410042
gtd,0.0,0.04184100418410042,-0.02092050209205021,0.0,0.0,0.0,0.04184100418410042
Schulze,0.0,0.04184100418410042,-0.02092050209205021,0.0,0.0,0.0,0.04184100418410042
IRV,-0.04184100418410042,0.0,0.058577405857740586,-0.04184100418410042,-0.04184100418410042,-0.04184100418410042,0.0
