,Borda,plurality,gt,minimax,gtd,Schulze,IRV
Borda,0.0,-0.030985915492957747,-0.030985915492957747,-0.030985915492957747,-0.030985915492957747,-0.030985915492957747,-0.030985915492957747
plurality,0.030985915492957747,0.0,0.0,0.0,0.0,0.0,0.0
gt,0.030985915492957747,0.0,0.0,0.0,0.0,0.0,0.0
minimax,0.030985915492957747,0.0,0.0,0.0,0.0,0.0,0.0
gtd,0.030985915492957747,0.0,0.0,0.0,0.0,0.0,0.0
Schulze,0.030985915492957747,0.0,0.0,0.0,0.0,0.0,0.0
IRV,0.030985915492957747,0.0,0.0,0.0,0.0,0.0,0.0
