,Borda,plurality,gt,minimax,gtd,Schulze,IRV
Borda,0.0,0.0860655737704918,-0.012295081967213115,-0.012295081967213115,-0.012295081967213115,-0.012295081967213115,0.0860655737704918
plurality,-0.0860655737704918,0.0,0.004098360655737705,0.004098360655737705,0.004098360655737705,0.004098360655737705,0.0
gt,0.012295081967213115,-0.004098360655737705,0.0,0.0,0.0,0.0,-0.004098360655737705
minimax,0.012295081967213115,-0.004098360655737705,0.0,0.0,0.0,0.0,-0.004098360655737705
gtd,0.012295081967213115,-0.004098360655737705,0.0,0.0,0.0,0.0,-0.004098360655737705
Schulze,0.012295081967213115,-0.004098360655737705,0.0,0.0,0.0,0.0,-0.004098360655737705
IRV,-0.0860655737704918,0.0,0.004098360655737705,0.004098360655737705,0.004098360655737705,0.004098360655737705,0.0
