,Borda,plurality,gt,minimax,gtd,Schulze,IRV
Borda,0.0,0.0,0.0,0.0,0.0,0.0,0.05970149253731343
plurality,0.0,0.0,0.0,0.0,0.0,0.0,0.0
gt,0.0,0.0,0.0,0.0,0.0,0.0,0.05970149253731343
minimax,0.0,0.0,0.0,0.0,0.0,0.0,0.05970149253731343
gtd,0.0,0.0,0.0,0.0,0.0,0.0,0.0
Schulze,0.0,0.0,0.0,0.0,0.0,0.0,0.05970149253731343
IRV,-0.05970149253731343,0.0,-0.05970149253731343,-0.05970149253731343,0.0,-0.05970149253731343,0.0
