,Borda,plurality,gt,minimax,gtd,Schulze,IRV
Borda,0.0,0.2302839116719243,0.0,0.01892744479495268,0.0,0.01892744479495268,0.01892744479495268
plurality,-0.2302839116719243,0.0,-0.2302839116719243,-0.17350157728706625,-0.2302839116719243,-0.17350157728706625,-0.17350157728706625
gt,0.0,0.2302839116719243,0.0,0.01892744479495268,0.0,0.01892744479495268,0.01892744479495268
minimax,-0.01892744479495268,0.17350157728706625,-0.01892744479495268,0.0,-0.01892744479495268,0.0,0.0
gtd,0.0,0.2302839116719243,0.0,0.01892744479495268,0.0,0.01892744479495268,0.01892744479495268
Schulze,-0.01892744479495268,0.17350157728706625,-0.01892744479495268,0.0,-0.01892744479495268,0.0,0.0
IRV,-0.01892744479495268,0.17350157728706625,-0.01892744479495268,0.0,-0.01892744479495268,0.0,0.0
