,Borda,plurality,gt,minimax,gtd,Schulze,IRV
Borda,0.0,0.01728395061728395,0.0,-0.007407407407407408,-0.007407407407407408,-0.007407407407407408,0.01728395061728395
plurality,-0.01728395061728395,0.0,-0.01728395061728395,0.007407407407407408,0.007407407407407408,0.007407407407407408,0.0
gt,0.0,0.01728395061728395,0.0,-0.007407407407407408,-0.007407407407407408,-0.007407407407407408,0.01728395061728395
minimax,0.007407407407407408,-0.007407407407407408,0.007407407407407408,0.0,0.0,0.0,-0.007407407407407408
gtd,0.007407407407407408,-0.007407407407407408,0.007407407407407408,0.0,0.0,0.0,-0.007407407407407408
Schulze,0.007407407407407408,-0.007407407407407408,0.007407407407407408,0.0,0.0,0.0,-0.007407407407407408
IRV,-0.01728395061728395,0.0,-0.01728395061728395,0.007407407407407408,0.007407407407407408,0.007407407407407408,0.0
