,Borda,plurality,gt,minimax,gtd,Schulze,IRV
Borda,0.0,0.047933884297520664,0.047933884297520664,0.0,-0.021487603305785124,0.0,0.0
plurality,-0.047933884297520664,0.0,0.0,-0.047933884297520664,0.02809917355371901,-0.047933884297520664,-0.047933884297520664
gt,-0.047933884297520664,0.0,0.0,-0.047933884297520664,0.02809917355371901,-0.047933884297520664,-0.047933884297520664
minimax,0.0,0.047933884297520664,0.047933884297520664,0.0,-0.021487603305785124,0.0,0.0
gtd,0.021487603305785124,-0.02809917355371901,-0.02809917355371901,0.021487603305785124,0.0,0.021487603305785124,0.021487603305785124
Schulze,0.0,0.047933884297520664,0.047933884297520664,0.0,-0.021487603305785124,0.0,0.0
IRV,0.0,0.047933884297520664,0.047933884297520664,0.0,-0.021487603305785124,0.0,0.0
