,Borda,plurality,gt,minimax,gtd,Schulze,IRV
Borda,0.0,0.0273972602739726,0.0,-0.0045662100456621,-0.0045662100456621,-0.0045662100456621,0.0273972602739726
plurality,-0.0273972602739726,0.0,-0.0273972602739726,0.0045662100456621,0.0045662100456621,0.0045662100456621,0.0
gt,0.0,0.0273972602739726,0.0,-0.0045662100456621,-0.0045662100456621,-0.0045662100456621,0.0273972602739726
minimax,0.0045662100456621,-0.0045662100456621,0.0045662100456621,0.0,0.0,0.0,-0.0045662100456621
gtd,0.0045662100456621,-0.0045662100456621,0.0045662100456621,0.0,0.0,0.0,-0.0045662100456621
Schulze,0.0045662100456621,-0.0045662100456621,0.0045662100456621,0.0,0.0,0.0,-0.0045662100456621
IRV,-0.0273972602739726,0.0,-0.0273972602739726,0.0045662100456621,0.0045662100456621,0.0045662100456621,0.0
