,Borda,plurality,gt,minimax,gtd,Schulze,IRV
Borda,0.0,-0.010101010101010102,-0.010101010101010102,-0.010101010101010102,-0.010101010101010102,-0.010101010101010102,0.08585858585858586
plurality,0.010101010101010102,0.0,0.0,0.0,0.0,0.0,-0.005050505050505051
gt,0.010101010101010102,0.0,0.0,0.0,0.0,0.0,-0.005050505050505051
minimax,0.010101010101010102,0.0,0.0,0.0,0.0,0.0,-0.005050505050505051
gtd,0.010101010101010102,0.0,0.0,0.0,0.0,0.0,-0.005050505050505051
Schulze,0.010101010101010102,0.0,0.0,0.0,0.0,0.0,-0.005050505050505051
IRV,-0.08585858585858586,0.005050505050505051,0.005050505050505051,0.005050505050505051,0.005050505050505051,0.005050505050505051,0.0
