,Borda,plurality,gt,minimax,gtd,Schulze,IRV
Borda,0.0,0.102803738317757,0.0,0.0,0.0,0.0,0.0
plurality,-0.102803738317757,0.0,-0.102803738317757,-0.102803738317757,-0.14641744548286603,-0.102803738317757,-0.102803738317757
gt,0.0,0.102803738317757,0.0,0.0,0.0,0.0,0.0
minimax,0.0,0.102803738317757,0.0,0.0,0.0,0.0,0.0
gtd,0.0,0.14641744548286603,0.0,0.0,0.0,0.0,0.0
Schulze,0.0,0.102803738317757,0.0,0.0,0.0,0.0,0.0
IRV,0.0,0.102803738317757,0.0,0.0,0.0,0.0,0.0
