,Borda,plurality,gt,minimax,gtd,Schulze,IRV
Borda,0.0,0.0,0.02912621359223301,0.02912621359223301,0.0,0.02912621359223301,-0.03398058252427184
plurality,0.0,0.0,0.02912621359223301,0.02912621359223301,0.0,0.02912621359223301,-0.03398058252427184
gt,-0.02912621359223301,-0.02912621359223301,0.0,0.0,-0.02912621359223301,0.0,0.038834951456310676
minimax,-0.02912621359223301,-0.02912621359223301,0.0,0.0,-0.02912621359223301,0.0,0.038834951456310676
gtd,0.0,0.0,0.02912621359223301,0.02912621359223301,0.0,0.02912621359223301,-0.03398058252427184
Schulze,-0.02912621359223301,-0.02912621359223301,0.0,0.0,-0.02912621359223301,0.0,0.038834951456310676
IRV,0.03398058252427184,0.03398058252427184,-0.038834951456310676,-0.038834951456310676,0.03398058252427184,-0.038834951456310676,0.0
