,Borda,plurality,gt,minimax,gtd,Schulze,IRV
Borda,0.0,-0.012048192771084338,0.006024096385542169,0.006024096385542169,0.0,0.006024096385542169,0.006024096385542169
plurality,0.012048192771084338,0.0,-0.030120481927710843,-0.030120481927710843,0.012048192771084338,-0.030120481927710843,-0.030120481927710843
gt,-0.006024096385542169,0.030120481927710843,0.0,0.0,-0.006024096385542169,0.0,0.0
minimax,-0.006024096385542169,0.030120481927710843,0.0,0.0,-0.006024096385542169,0.0,0.0
gtd,0.0,-0.012048192771084338,0.006024096385542169,0.006024096385542169,0.0,0.006024096385542169,0.006024096385542169
Schulze,-0.006024096385542169,0.030120481927710843,0.0,0.0,-0.006024096385542169,0.0,0.0
IRV,-0.006024096385542169,0.030120481927710843,0.0,0.0,-0.006024096385542169,0.0,0.0
