,Borda,plurality,gt,minimax,gtd,Schulze,IRV
Borda,0.0,-0.002506265664160401,0.05263157894736842,0.0,0.0,0.0,0.05263157894736842
plurality,0.002506265664160401,0.0,-0.06766917293233082,0.002506265664160401,0.002506265664160401,0.002506265664160401,-0.06766917293233082
gt,-0.05263157894736842,0.06766917293233082,0.0,-0.05263157894736842,-0.05263157894736842,-0.05263157894736842,0.0
minimax,0.0,-0.002506265664160401,0.05263157894736842,0.0,0.0,0.0,0.05263157894736842
gtd,0.0,-0.002506265664160401,0.05263157894736842,0.0,0.0,0.0,0.05263157894736842
Schulze,0.0,-0.002506265664160401,0.05263157894736842,0.0,0.0,0.0,0.05263157894736842
IRV,-0.05263157894736842,0.06766917293233082,0.0,-0.05263157894736842,-0.05263157894736842,-0.05263157894736842,0.0
