,Borda,plurality,gt,minimax,gtd,Schulze,IRV
Borda,0.0,-0.04276985743380855,0.0,0.002036659877800407,0.002036659877800407,0.002036659877800407,-0.04276985743380855
plurality,0.04276985743380855,0.0,0.04276985743380855,-0.02240325865580448,-0.02240325865580448,-0.02240325865580448,0.0
gt,0.0,-0.04276985743380855,0.0,0.002036659877800407,0.002036659877800407,0.002036659877800407,-0.04276985743380855
minimax,-0.002036659877800407,0.02240325865580448,-0.002036659877800407,0.0,0.0,0.0,0.02240325865580448
gtd,-0.002036659877800407,0.02240325865580448,-0.002036659877800407,0.0,0.0,0.0,0.02240325865580448
Schulze,-0.002036659877800407,0.02240325865580448,-0.002036659877800407,0.0,0.0,0.0,0.02240325865580448
IRV,0.04276985743380855,0.0,0.04276985743380855,-0.02240325865580448,-0.02240325865580448,-0.02240325865580448,0.0
