,Borda,plurality,gt,minimax,gtd,Schulze,IRV
Borda,0.0,0.30180180180180183,-0.009009009009009009,0.0,0.0,0.0,0.0
plurality,-0.30180180180180183,0.0,-0.22972972972972974,-0.30180180180180183,-0.30180180180180183,-0.30180180180180183,-0.30180180180180183
gt,0.009009009009009009,0.22972972972972974,0.0,0.009009009009009009,0.009009009009009009,0.009009009009009009,0.009009009009009009
minimax,0.0,0.30180180180180183,-0.009009009009009009,0.0,0.0,0.0,0.0
gtd,0.0,0.30180180180180183,-0.009009009009009009,0.0,0.0,0.0,0.0
Schulze,0.0,0.30180180180180183,-0.009009009009009009,0.0,0.0,0.0,0.0
IRV,0.0,0.30180180180180183,-0.009009009009009009,0.0,0.0,0.0,0.0
