,Borda,plurality,gt,minimax,gtd,Schulze,IRV
Borda,0.0,-0.031007751937984496,0.0,0.0,0.0,0.0,-0.031007751937984496
plurality,0.031007751937984496,0.0,0.031007751937984496,0.031007751937984496,0.031007751937984496,0.031007751937984496,0.0
gt,0.0,-0.031007751937984496,0.0,0.0,0.0,0.0,-0.031007751937984496
minimax,0.0,-0.031007751937984496,0.0,0.0,0.0,0.0,-0.031007751937984496
gtd,0.0,-0.031007751937984496,0.0,0.0,0.0,0.0,-0.031007751937984496
Schulze,0.0,-0.031007751937984496,0.0,0.0,0.0,0.0,-0.031007751937984496
IRV,0.031007751937984496,0.0,0.031007751937984496,0.031007751937984496,0.031007751937984496,0.031007751937984496,0.0
