,Borda,plurality,gt,minimax,gtd,Schulze,IRV
Borda,0.0,-0.0038910505836575876,-0.0038910505836575876,0.0,-0.0038910505836575876,0.0,-0.0038910505836575876
plurality,0.0038910505836575876,0.0,0.0,0.0038910505836575876,0.0,0.0038910505836575876,0.0
gt,0.0038910505836575876,0.0,0.0,0.0038910505836575876,0.0,0.0038910505836575876,0.0
minimax,0.0,-0.0038910505836575876,-0.0038910505836575876,0.0,-0.0038910505836575876,0.0,-0.0038910505836575876
gtd,0.0038910505836575876,0.0,0.0,0.0038910505836575876,0.0,0.0038910505836575876,0.0
Schulze,0.0,-0.0038910505836575876,-0.0038910505836575876,0.0,-0.0038910505836575876,0.0,-0.0038910505836575876
IRV,0.0038910505836575876,0.0,0.0,0.0038910505836575876,0.0,0.0038910505836575876,0.0
