,Borda,plurality,gt,minimax,gtd,Schulze,IRV
Borda,0.0,0.05504587155963303,0.0,0.0,0.0,0.0,0.0
plurality,-0.05504587155963303,0.0,-0.022935779816513763,-0.05504587155963303,-0.05504587155963303,-0.05504587155963303,-0.05504587155963303
gt,0.0,0.022935779816513763,0.0,0.0,0.0,0.0,0.0
minimax,0.0,0.05504587155963303,0.0,0.0,0.0,0.0,0.0
gtd,0.0,0.05504587155963303,0.0,0.0,0.0,0.0,0.0
Schulze,0.0,0.05504587155963303,0.0,0.0,0.0,0.0,0.0
IRV,0.0,0.05504587155963303,0.0,0.0,0.0,0.0,0.0
