,Borda,plurality,gt,minimax,gtd,Schulze,IRV
Borda,0.0,0.040380047505938245,0.040380047505938245,-0.0166270783847981,-0.0166270783847981,-0.0166270783847981,0.040380047505938245
plurality,-0.040380047505938245,0.0,0.0,0.011876484560570071,0.011876484560570071,0.011876484560570071,0.0
gt,-0.040380047505938245,0.0,0.0,0.011876484560570071,0.011876484560570071,0.011876484560570071,0.0
minimax,0.0166270783847981,-0.011876484560570071,-0.011876484560570071,0.0,0.0,0.0,-0.011876484560570071
gtd,0.0166270783847981,-0.011876484560570071,-0.011876484560570071,0.0,0.0,0.0,-0.011876484560570071
Schulze,0.0166270783847981,-0.011876484560570071,-0.011876484560570071,0.0,0.0,0.0,-0.011876484560570071
IRV,-0.040380047505938245,0.0,0.0,0.011876484560570071,0.011876484560570071,0.011876484560570071,0.0
