,Borda,plurality,gt,minimax,gtd,Schulze,IRV
Borda,0.0,-0.017994858611825194,-0.017994858611825194,-0.017994858611825194,-0.017994858611825194,-0.017994858611825194,-0.017994858611825194
plurality,0.017994858611825194,0.0,0.0,0.0,0.0,0.0,0.0
gt,0.017994858611825194,0.0,0.0,0.0,0.0,0.0,0.0
minimax,0.017994858611825194,0.0,0.0,0.0,0.0,0.0,0.0
gtd,0.017994858611825194,0.0,0.0,0.0,0.0,0.0,0.0
Schulze,0.017994858611825194,0.0,0.0,0.0,0.0,0.0,0.0
IRV,0.017994858611825194,0.0,0.0,0.0,0.0,0.0,0.0
