,Borda,plurality,gt,minimax,gtd,Schulze,IRV
Borda,0.0,0.0,0.0571870170015456,-0.023183925811437404,-0.023183925811437404,-0.023183925811437404,0.0
plurality,0.0,0.0,0.0571870170015456,-0.023183925811437404,-0.023183925811437404,-0.023183925811437404,0.0
gt,-0.0571870170015456,-0.0571870170015456,0.0,0.0077279752704791345,0.0077279752704791345,0.0077279752704791345,-0.0571870170015456
minimax,0.023183925811437404,0.023183925811437404,-0.0077279752704791345,0.0,0.0,0.0,0.023183925811437404
gtd,0.023183925811437404,0.023183925811437404,-0.0077279752704791345,0.0,0.0,0.0,0.023183925811437404
Schulze,0.023183925811437404,0.023183925811437404,-0.0077279752704791345,0.0,0.0,0.0,0.023183925811437404
IRV,0.0,0.0,0.0571870170015456,-0.023183925811437404,-0.023183925811437404,-0.023183925811437404,0.0
