,Borda,plurality,gt,minimax,gtd,Schulze,IRV
Borda,0.0,0.01818181818181818,-0.06464646464646465,-0.06464646464646465,-0.06464646464646465,-0.06464646464646465,-0.06464646464646465
plurality,-0.01818181818181818,0.0,0.0,0.0,0.0,0.0,0.0
gt,0.06464646464646465,0.0,0.0,0.0,0.0,0.0,0.0
minimax,0.06464646464646465,0.0,0.0,0.0,0.0,0.0,0.0
gtd,0.06464646464646465,0.0,0.0,0.0,0.0,0.0,0.0
Schulze,0.06464646464646465,0.0,0.0,0.0,0.0,0.0,0.0
IRV,0.06464646464646465,0.0,0.0,0.0,0.0,0.0,0.0
