,Borda,plurality,gt,minimax,gtd,Schulze,IRV
Borda,0.0,0.15306122448979592,0.0,0.0,0.0,0.0,0.0
plurality,-0.15306122448979592,0.0,-0.061224489795918366,-0.061224489795918366,-0.15306122448979592,-0.061224489795918366,-0.061224489795918366
gt,0.0,0.061224489795918366,0.0,0.0,0.0,0.0,0.0
minimax,0.0,0.061224489795918366,0.0,0.0,0.0,0.0,0.0
gtd,0.0,0.15306122448979592,0.0,0.0,0.0,0.0,0.0
Schulze,0.0,0.061224489795918366,0.0,0.0,0.0,0.0,0.0
IRV,0.0,0.061224489795918366,0.0,0.0,0.0,0.0,0.0
