,Borda,plurality,gt,minimax,gtd,Schulze,IRV
Borda,0.0,-0.00558659217877095,0.0335195530726257,-0.00558659217877095,-0.00558659217877095,-0.00558659217877095,0.0335195530726257
plurality,0.00558659217877095,0.0,-0.00558659217877095,0.0,0.0,0.0,-0.00558659217877095
gt,-0.0335195530726257,0.00558659217877095,0.0,0.00558659217877095,0.00558659217877095,0.00558659217877095,0.0
minimax,0.00558659217877095,0.0,-0.00558659217877095,0.0,0.0,0.0,-0.00558659217877095
gtd,0.00558659217877095,0.0,-0.00558659217877095,0.0,0.0,0.0,-0.00558659217877095
Schulze,0.00558659217877095,0.0,-0.00558659217877095,0.0,0.0,0.0,-0.00558659217877095
IRV,-0.0335195530726257,0.00558659217877095,0.0,0.00558659217877095,0.00558659217877095,0.00558659217877095,0.0
