,Borda,plurality,gt,minimax,gtd,Schulze,IRV
Borda,0.0,-0.013824884792626729,0.0967741935483871,0.0,-0.013824884792626729,0.0,-0.013824884792626729
plurality,0.013824884792626729,0.0,-0.02304147465437788,0.013824884792626729,0.0,0.013824884792626729,0.0
gt,-0.0967741935483871,0.02304147465437788,0.0,-0.0967741935483871,0.02304147465437788,-0.0967741935483871,0.02304147465437788
minimax,0.0,-0.013824884792626729,0.0967741935483871,0.0,-0.013824884792626729,0.0,-0.013824884792626729
gtd,0.013824884792626729,0.0,-0.02304147465437788,0.013824884792626729,0.0,0.013824884792626729,0.0
Schulze,0.0,-0.013824884792626729,0.0967741935483871,0.0,-0.013824884792626729,0.0,-0.013824884792626729
IRV,0.013824884792626729,0.0,-0.02304147465437788,0.013824884792626729,0.0,0.013824884792626729,0.0
