,Borda,plurality,gt,minimax,gtd,Schulze,IRV
Borda,0.0,0.06956521739130435,0.0,0.0,0.0,0.0,0.0
plurality,-0.06956521739130435,0.0,-0.06956521739130435,-0.06521739130434782,-0.06521739130434782,-0.06521739130434782,-0.06956521739130435
gt,0.0,0.06956521739130435,0.0,0.0,0.0,0.0,0.0
minimax,0.0,0.06521739130434782,0.0,0.0,0.0,0.0,0.0
gtd,0.0,0.06521739130434782,0.0,0.0,0.0,0.0,0.0
Schulze,0.0,0.06521739130434782,0.0,0.0,0.0,0.0,0.0
IRV,0.0,0.06956521739130435,0.0,0.0,0.0,0.0,0.0
