,Borda,plurality,gt,minimax,gtd,Schulze,IRV
Borda,0.0,-0.013806706114398421,-0.013806706114398421,0.0,0.0,0.0,-0.013806706114398421
plurality,0.013806706114398421,0.0,0.0,0.013806706114398421,0.013806706114398421,0.013806706114398421,0.0
gt,0.013806706114398421,0.0,0.0,0.013806706114398421,0.013806706114398421,0.013806706114398421,0.0
minimax,0.0,-0.013806706114398421,-0.013806706114398421,0.0,0.0,0.0,-0.013806706114398421
gtd,0.0,-0.013806706114398421,-0.013806706114398421,0.0,0.0,0.0,-0.013806706114398421
Schulze,0.0,-0.013806706114398421,-0.013806706114398421,0.0,0.0,0.0,-0.013806706114398421
IRV,0.013806706114398421,0.0,0.0,0.013806706114398421,0.013806706114398421,0.013806706114398421,0.0
