,Borda,plurality,gt,minimax,gtd,Schulze,IRV
Borda,0.0,0.0,-0.007263922518159807,0.0,-0.007263922518159807,0.0,-0.007263922518159807
plurality,0.0,0.0,-0.007263922518159807,0.0,-0.007263922518159807,0.0,-0.007263922518159807
gt,0.007263922518159807,0.007263922518159807,0.0,0.007263922518159807,0.0,0.007263922518159807,0.0
minimax,0.0,0.0,-0.007263922518159807,0.0,-0.007263922518159807,0.0,-0.007263922518159807
gtd,0.007263922518159807,0.007263922518159807,0.0,0.007263922518159807,0.0,0.007263922518159807,0.0
Schulze,0.0,0.0,-0.007263922518159807,0.0,-0.007263922518159807,0.0,-0.007263922518159807
IRV,0.007263922518159807,0.007263922518159807,0.0,0.007263922518159807,0.0,0.007263922518159807,0.0
