,Borda,plurality,gt,minimax,gtd,Schulze,IRV
Borda,0.0,0.04975124378109453,0.0,0.0,0.0,0.0,0.05970149253731343
plurality,-0.04975124378109453,0.0,-0.0845771144278607,-0.04975124378109453,-0.0845771144278607,-0.04975124378109453,-0.04975124378109453
gt,0.0,0.0845771144278607,0.0,0.0,0.0,0.0,0.024875621890547265
minimax,0.0,0.04975124378109453,0.0,0.0,0.0,0.0,0.05970149253731343
gtd,0.0,0.0845771144278607,0.0,0.0,0.0,0.0,0.024875621890547265
Schulze,0.0,0.04975124378109453,0.0,0.0,0.0,0.0,0.05970149253731343
IRV,-0.05970149253731343,0.04975124378109453,-0.024875621890547265,-0.05970149253731343,-0.024875621890547265,-0.05970149253731343,0.0
