,Borda,plurality,gt,minimax,gtd,Schulze,IRV
Borda,0.0,0.03888888888888889,-0.011111111111111112,-0.011111111111111112,-0.011111111111111112,-0.011111111111111112,0.03888888888888889
plurality,-0.03888888888888889,0.0,0.011111111111111112,0.011111111111111112,0.011111111111111112,0.011111111111111112,0.0
gt,0.011111111111111112,-0.011111111111111112,0.0,0.0,0.0,0.0,-0.011111111111111112
minimax,0.011111111111111112,-0.011111111111111112,0.0,0.0,0.0,0.0,-0.011111111111111112
gtd,0.011111111111111112,-0.011111111111111112,0.0,0.0,0.0,0.0,-0.011111111111111112
Schulze,0.011111111111111112,-0.011111111111111112,0.0,0.0,0.0,0.0,-0.011111111111111112
IRV,-0.03888888888888889,0.0,0.011111111111111112,0.011111111111111112,0.011111111111111112,0.011111111111111112,0.0
