,Borda,plurality,gt,minimax,gtd,Schulze,IRV
Borda,0.0,0.05405405405405406,-0.021621621621621623,-0.021621621621621623,-0.021621621621621623,-0.021621621621621623,0.05405405405405406
plurality,-0.05405405405405406,0.0,0.005405405405405406,0.005405405405405406,0.005405405405405406,0.005405405405405406,0.0
gt,0.021621621621621623,-0.005405405405405406,0.0,0.0,0.0,0.0,-0.005405405405405406
minimax,0.021621621621621623,-0.005405405405405406,0.0,0.0,0.0,0.0,-0.005405405405405406
gtd,0.021621621621621623,-0.005405405405405406,0.0,0.0,0.0,0.0,-0.005405405405405406
Schulze,0.021621621621621623,-0.005405405405405406,0.0,0.0,0.0,0.0,-0.005405405405405406
IRV,-0.05405405405405406,0.0,0.005405405405405406,0.005405405405405406,0.005405405405405406,0.005405405405405406,0.0
