,Borda,plurality,gt,minimax,gtd,Schulze,IRV
Borda,0.0,0.08635097493036212,-0.04178272980501393,-0.04178272980501393,-0.04178272980501393,-0.04178272980501393,0.0
plurality,-0.08635097493036212,0.0,0.013927576601671309,0.013927576601671309,0.013927576601671309,0.013927576601671309,-0.08635097493036212
gt,0.04178272980501393,-0.013927576601671309,0.0,0.0,0.0,0.0,0.04178272980501393
minimax,0.04178272980501393,-0.013927576601671309,0.0,0.0,0.0,0.0,0.04178272980501393
gtd,0.04178272980501393,-0.013927576601671309,0.0,0.0,0.0,0.0,0.04178272980501393
Schulze,0.04178272980501393,-0.013927576601671309,0.0,0.0,0.0,0.0,0.04178272980501393
IRV,0.0,0.08635097493036212,-0.04178272980501393,-0.04178272980501393,-0.04178272980501393,-0.04178272980501393,0.0
