,Borda,plurality,gt,minimax,gtd,Schulze,IRV
Borda,0.0,0.044854881266490766,0.044854881266490766,-0.023746701846965697,-0.023746701846965697,-0.023746701846965697,0.044854881266490766
plurality,-0.044854881266490766,0.0,0.0,0.013192612137203167,0.013192612137203167,0.013192612137203167,0.0
gt,-0.044854881266490766,0.0,0.0,0.013192612137203167,0.013192612137203167,0.013192612137203167,0.0
minimax,0.023746701846965697,-0.013192612137203167,-0.013192612137203167,0.0,0.0,0.0,-0.013192612137203167
gtd,0.023746701846965697,-0.013192612137203167,-0.013192612137203167,0.0,0.0,0.0,-0.013192612137203167
Schulze,0.023746701846965697,-0.013192612137203167,-0.013192612137203167,0.0,0.0,0.0,-0.013192612137203167
IRV,-0.044854881266490766,0.0,0.0,0.013192612137203167,0.013192612137203167,0.013192612137203167,0.0
