,Borda,plurality,gt,minimax,gtd,Schulze,IRV
Borda,0.0,0.007587253414264037,0.0,0.0,0.0,0.0,0.0
plurality,-0.007587253414264037,0.0,-0.007587253414264037,-0.007587253414264037,-0.007587253414264037,-0.007587253414264037,-0.007587253414264037
gt,0.0,0.007587253414264037,0.0,0.0,0.0,0.0,0.0
minimax,0.0,0.007587253414264037,0.0,0.0,0.0,0.0,0.0
gtd,0.0,0.007587253414264037,0.0,0.0,0.0,0.0,0.0
Schulze,0.0,0.007587253414264037,0.0,0.0,0.0,0.0,0.0
IRV,0.0,0.007587253414264037,0.0,0.0,0.0,0.0,0.0
