,Borda,plurality,gt,minimax,gtd,Schulze,IRV
Borda,0.0,0.11059907834101383,0.0,0.0,0.0,0.0,0.0
plurality,-0.11059907834101383,0.0,-0.11059907834101383,-0.11059907834101383,-0.11059907834101383,-0.11059907834101383,-0.06912442396313365
gt,0.0,0.11059907834101383,0.0,0.0,0.0,0.0,0.0
minimax,0.0,0.11059907834101383,0.0,0.0,0.0,0.0,0.0
gtd,0.0,0.11059907834101383,0.0,0.0,0.0,0.0,0.0
Schulze,0.0,0.11059907834101383,0.0,0.0,0.0,0.0,0.0
IRV,0.0,0.06912442396313365,0.0,0.0,0.0,0.0,0.0
