,Borda,plurality,gt,minimax,gtd,Schulze,IRV
Borda,0.0,0.05472636815920398,0.0,0.0,-0.008291873963515755,0.0,0.05472636815920398
plurality,-0.05472636815920398,0.0,-0.05472636815920398,-0.05472636815920398,0.02155887230514096,-0.05472636815920398,0.0
gt,0.0,0.05472636815920398,0.0,0.0,-0.008291873963515755,0.0,0.05472636815920398
minimax,0.0,0.05472636815920398,0.0,0.0,-0.008291873963515755,0.0,0.05472636815920398
gtd,0.008291873963515755,-0.02155887230514096,0.008291873963515755,0.008291873963515755,0.0,0.008291873963515755,-0.02155887230514096
Schulze,0.0,0.05472636815920398,0.0,0.0,-0.008291873963515755,0.0,0.05472636815920398
IRV,-0.05472636815920398,0.0,-0.05472636815920398,-0.05472636815920398,0.02155887230514096,-0.05472636815920398,0.0
