,Borda,plurality,gt,minimax,gtd,Schulze,IRV
Borda,0.0,0.06140350877192982,-0.017543859649122806,0.0,0.0,0.0,0.06140350877192982
plurality,-0.06140350877192982,0.0,0.06578947368421052,-0.06140350877192982,-0.06140350877192982,-0.06140350877192982,0.0
gt,0.017543859649122806,-0.06578947368421052,0.0,0.017543859649122806,0.017543859649122806,0.017543859649122806,-0.06578947368421052
minimax,0.0,0.06140350877192982,-0.017543859649122806,0.0,0.0,0.0,0.06140350877192982
gtd,0.0,0.06140350877192982,-0.017543859649122806,0.0,0.0,0.0,0.06140350877192982
Schulze,0.0,0.06140350877192982,-0.017543859649122806,0.0,0.0,0.0,0.06140350877192982
IRV,-0.06140350877192982,0.0,0.06578947368421052,-0.06140350877192982,-0.06140350877192982,-0.06140350877192982,0.0
