,Borda,plurality,gt,minimax,gtd,Schulze,IRV
Borda,0.0,0.07073509015256588,-0.009708737864077669,-0.009708737864077669,-0.009708737864077669,-0.009708737864077669,0.0
plurality,-0.07073509015256588,0.0,0.004160887656033287,0.004160887656033287,0.004160887656033287,0.004160887656033287,-0.07073509015256588
gt,0.009708737864077669,-0.004160887656033287,0.0,0.0,0.0,0.0,0.009708737864077669
minimax,0.009708737864077669,-0.004160887656033287,0.0,0.0,0.0,0.0,0.009708737864077669
gtd,0.009708737864077669,-0.004160887656033287,0.0,0.0,0.0,0.0,0.009708737864077669
Schulze,0.009708737864077669,-0.004160887656033287,0.0,0.0,0.0,0.0,0.009708737864077669
IRV,0.0,0.07073509015256588,-0.009708737864077669,-0.009708737864077669,-0.009708737864077669,-0.009708737864077669,0.0
