,Borda,plurality,gt,minimax,gtd,Schulze,IRV
Borda,0.0,0.013513513513513514,-0.021621621621621623,-0.021621621621621623,-0.021621621621621623,-0.021621621621621623,0.0
plurality,-0.013513513513513514,0.0,-0.021621621621621623,-0.021621621621621623,-0.021621621621621623,-0.021621621621621623,-0.013513513513513514
gt,0.021621621621621623,0.021621621621621623,0.0,0.0,0.0,0.0,0.021621621621621623
minimax,0.021621621621621623,0.021621621621621623,0.0,0.0,0.0,0.0,0.021621621621621623
gtd,0.021621621621621623,0.021621621621621623,0.0,0.0,0.0,0.0,0.021621621621621623
Schulze,0.021621621621621623,0.021621621621621623,0.0,0.0,0.0,0.0,0.021621621621621623
IRV,0.0,0.013513513513513514,-0.021621621621621623,-0.021621621621621623,-0.021621621621621623,-0.021621621621621623,0.0
