,Borda,plurality,gt,minimax,gtd,Schulze,IRV
Borda,0.0,-0.010471204188481676,-0.010471204188481676,-0.010471204188481676,-0.010471204188481676,-0.010471204188481676,0.06282722513089005
plurality,0.010471204188481676,0.0,0.0,0.0,0.0,0.0,-0.010471204188481676
gt,0.010471204188481676,0.0,0.0,0.0,0.0,0.0,-0.010471204188481676
minimax,0.010471204188481676,0.0,0.0,0.0,0.0,0.0,-0.010471204188481676
gtd,0.010471204188481676,0.0,0.0,0.0,0.0,0.0,-0.010471204188481676
Schulze,0.010471204188481676,0.0,0.0,0.0,0.0,0.0,-0.010471204188481676
IRV,-0.06282722513089005,0.010471204188481676,0.010471204188481676,0.010471204188481676,0.010471204188481676,0.010471204188481676,0.0
