,Borda,plurality,gt,minimax,gtd,Schulze,IRV
Borda,0.0,0.03783783783783784,-0.021621621621621623,0.0,0.0,0.0,0.03783783783783784
plurality,-0.03783783783783784,0.0,0.043243243243243246,-0.03783783783783784,-0.03783783783783784,-0.03783783783783784,0.0
gt,0.021621621621621623,-0.043243243243243246,0.0,0.021621621621621623,0.021621621621621623,0.021621621621621623,-0.043243243243243246
minimax,0.0,0.03783783783783784,-0.021621621621621623,0.0,0.0,0.0,0.03783783783783784
gtd,0.0,0.03783783783783784,-0.021621621621621623,0.0,0.0,0.0,0.03783783783783784
Schulze,0.0,0.03783783783783784,-0.021621621621621623,0.0,0.0,0.0,0.03783783783783784
IRV,-0.03783783783783784,0.0,0.043243243243243246,-0.03783783783783784,-0.03783783783783784,-0.03783783783783784,0.0
