,Borda,plurality,gt,minimax,gtd,Schulze,IRV
Borda,0.0,-0.03333333333333333,0.004166666666666667,-0.03333333333333333,-0.03333333333333333,-0.03333333333333333,-0.03333333333333333
plurality,0.03333333333333333,0.0,0.0,0.0,0.0,0.0,0.0
gt,-0.004166666666666667,0.0,0.0,0.0,0.0,0.0,0.0
minimax,0.03333333333333333,0.0,0.0,0.0,0.0,0.0,0.0
gtd,0.03333333333333333,0.0,0.0,0.0,0.0,0.0,0.0
Schulze,0.03333333333333333,0.0,0.0,0.0,0.0,0.0,0.0
IRV,0.03333333333333333,0.0,0.0,0.0,0.0,0.0,0.0
