,Borda,plurality,gt,minimax,gtd,Schulze,IRV
Borda,0.0,-0.03436426116838488,0.0,-0.03436426116838488,0.03436426116838488,-0.03436426116838488,-0.03436426116838488
plurality,0.03436426116838488,0.0,0.03436426116838488,0.0,-0.020618556701030927,0.0,0.0
gt,0.0,-0.03436426116838488,0.0,-0.03436426116838488,0.03436426116838488,-0.03436426116838488,-0.03436426116838488
minimax,0.03436426116838488,0.0,0.03436426116838488,0.0,-0.020618556701030927,0.0,0.0
gtd,-0.03436426116838488,0.020618556701030927,-0.03436426116838488,0.020618556701030927,0.0,0.020618556701030927,0.020618556701030927
Schulze,0.03436426116838488,0.0,0.03436426116838488,0.0,-0.020618556701030927,0.0,0.0
IRV,0.03436426116838488,0.0,0.03436426116838488,0.0,-0.020618556701030927,0.0,0.0
