,Borda,plurality,gt,minimax,gtd,Schulze,IRV
Borda,0.0,0.0,0.0054249547920434,-0.027124773960216998,0.0054249547920434,-0.027124773960216998,-0.027124773960216998
plurality,0.0,0.0,0.0054249547920434,-0.027124773960216998,0.0054249547920434,-0.027124773960216998,-0.027124773960216998
gt,-0.0054249547920434,-0.0054249547920434,0.0,0.0054249547920434,0.0,0.0054249547920434,0.0054249547920434
minimax,0.027124773960216998,0.027124773960216998,-0.0054249547920434,0.0,-0.0054249547920434,0.0,0.0
gtd,-0.0054249547920434,-0.0054249547920434,0.0,0.0054249547920434,0.0,0.0054249547920434,0.0054249547920434
Schulze,0.027124773960216998,0.027124773960216998,-0.0054249547920434,0.0,-0.0054249547920434,0.0,0.0
IRV,0.027124773960216998,0.027124773960216998,-0.0054249547920434,0.0,-0.0054249547920434,0.0,0.0
