,Borda,plurality,gt,minimax,gtd,Schulze,IRV
Borda,0.0,0.07851239669421488,-0.024793388429752067,0.0,-0.024793388429752067,0.0,0.0
plurality,-0.07851239669421488,0.0,0.028925619834710745,-0.07851239669421488,0.028925619834710745,-0.07851239669421488,-0.07851239669421488
gt,0.024793388429752067,-0.028925619834710745,0.0,0.024793388429752067,0.0,0.024793388429752067,0.024793388429752067
minimax,0.0,0.07851239669421488,-0.024793388429752067,0.0,-0.024793388429752067,0.0,0.0
gtd,0.024793388429752067,-0.028925619834710745,0.0,0.024793388429752067,0.0,0.024793388429752067,0.024793388429752067
Schulze,0.0,0.07851239669421488,-0.024793388429752067,0.0,-0.024793388429752067,0.0,0.0
IRV,0.0,0.07851239669421488,-0.024793388429752067,0.0,-0.024793388429752067,0.0,0.0
