,Borda,plurality,gt,minimax,gtd,Schulze,IRV
Borda,0.0,-0.031078610603290677,0.03473491773308958,-0.031078610603290677,-0.031078610603290677,-0.031078610603290677,-0.031078610603290677
plurality,0.031078610603290677,0.0,-0.02376599634369287,0.0,0.0,0.0,0.0
gt,-0.03473491773308958,0.02376599634369287,0.0,0.02376599634369287,0.02376599634369287,0.02376599634369287,0.02376599634369287
minimax,0.031078610603290677,0.0,-0.02376599634369287,0.0,0.0,0.0,0.0
gtd,0.031078610603290677,0.0,-0.02376599634369287,0.0,0.0,0.0,0.0
Schulze,0.031078610603290677,0.0,-0.02376599634369287,0.0,0.0,0.0,0.0
IRV,0.031078610603290677,0.0,-0.02376599634369287,0.0,0.0,0.0,0.0
