,Borda,plurality,gt,minimax,gtd,Schulze,IRV
Borda,0.0,-0.012468827930174564,0.0,0.0024937655860349127,0.0,0.0024937655860349127,-0.012468827930174564
plurality,0.012468827930174564,0.0,0.012468827930174564,-0.032418952618453865,0.012468827930174564,-0.032418952618453865,0.0
gt,0.0,-0.012468827930174564,0.0,0.0024937655860349127,0.0,0.0024937655860349127,-0.012468827930174564
minimax,-0.0024937655860349127,0.032418952618453865,-0.0024937655860349127,0.0,-0.0024937655860349127,0.0,0.032418952618453865
gtd,0.0,-0.012468827930174564,0.0,0.0024937655860349127,0.0,0.0024937655860349127,-0.012468827930174564
Schulze,-0.0024937655860349127,0.032418952618453865,-0.0024937655860349127,0.0,-0.0024937655860349127,0.0,0.032418952618453865
IRV,0.012468827930174564,0.0,0.012468827930174564,-0.032418952618453865,0.012468827930174564,-0.032418952618453865,0.0
