,Borda,plurality,gt,minimax,gtd,Schulze,IRV
Borda,0.0,-0.02197802197802198,0.03296703296703297,-0.02197802197802198,-0.02197802197802198,-0.02197802197802198,-0.02197802197802198
plurality,0.02197802197802198,0.0,-0.016483516483516484,0.0,0.0,0.0,0.0
gt,-0.03296703296703297,0.016483516483516484,0.0,0.016483516483516484,0.016483516483516484,0.016483516483516484,0.016483516483516484
minimax,0.02197802197802198,0.0,-0.016483516483516484,0.0,0.0,0.0,0.0
gtd,0.02197802197802198,0.0,-0.016483516483516484,0.0,0.0,0.0,0.0
Schulze,0.02197802197802198,0.0,-0.016483516483516484,0.0,0.0,0.0,0.0
IRV,0.02197802197802198,0.0,-0.016483516483516484,0.0,0.0,0.0,0.0
