,Borda,plurality,gt,minimax,gtd,Schulze,IRV
Borda,0.0,0.0,0.0,0.0,-0.006289308176100629,0.0,0.0
plurality,0.0,0.0,0.0,0.0,-0.006289308176100629,0.0,0.0
gt,0.0,0.0,0.0,0.0,-0.006289308176100629,0.0,0.0
minimax,0.0,0.0,0.0,0.0,-0.006289308176100629,0.0,0.0
gtd,0.006289308176100629,0.006289308176100629,0.006289308176100629,0.006289308176100629,0.0,0.006289308176100629,0.006289308176100629
Schulze,0.0,0.0,0.0,0.0,-0.006289308176100629,0.0,0.0
IRV,0.0,0.0,0.0,0.0,-0.006289308176100629,0.0,0.0
