,Borda,plurality,gt,minimax,gtd,Schulze,IRV
Borda,0.0,-0.047619047619047616,-0.047619047619047616,-0.047619047619047616,0.047619047619047616,-0.047619047619047616,0.047619047619047616
plurality,0.047619047619047616,0.0,0.0,0.0,-0.0028011204481792717,0.0,-0.0028011204481792717
gt,0.047619047619047616,0.0,0.0,0.0,-0.0028011204481792717,0.0,-0.0028011204481792717
minimax,0.047619047619047616,0.0,0.0,0.0,-0.0028011204481792717,0.0,-0.0028011204481792717
gtd,-0.047619047619047616,0.0028011204481792717,0.0028011204481792717,0.0028011204481792717,0.0,0.0028011204481792717,0.0
Schulze,0.047619047619047616,0.0,0.0,0.0,-0.0028011204481792717,0.0,-0.0028011204481792717
IRV,-0.047619047619047616,0.0028011204481792717,0.0028011204481792717,0.0028011204481792717,0.0,0.0028011204481792717,0.0
