,Borda,plurality,gt,minimax,gtd,Schulze,IRV
Borda,0.0,0.03664921465968586,0.03664921465968586,-0.031413612565445025,-0.031413612565445025,-0.031413612565445025,0.03664921465968586
plurality,-0.03664921465968586,0.0,0.0,0.020942408376963352,0.020942408376963352,0.020942408376963352,0.0
gt,-0.03664921465968586,0.0,0.0,0.020942408376963352,0.020942408376963352,0.020942408376963352,0.0
minimax,0.031413612565445025,-0.020942408376963352,-0.020942408376963352,0.0,0.0,0.0,-0.020942408376963352
gtd,0.031413612565445025,-0.020942408376963352,-0.020942408376963352,0.0,0.0,0.0,-0.020942408376963352
Schulze,0.031413612565445025,-0.020942408376963352,-0.020942408376963352,0.0,0.0,0.0,-0.020942408376963352
IRV,-0.03664921465968586,0.0,0.0,0.020942408376963352,0.020942408376963352,0.020942408376963352,0.0
