,Borda,plurality,gt,minimax,gtd,Schulze,IRV
Borda,0.0,-0.009950248756218905,-0.009950248756218905,0.0,-0.009950248756218905,0.0,0.03980099502487562
plurality,0.009950248756218905,0.0,0.0,0.009950248756218905,0.0,0.009950248756218905,-0.014925373134328358
gt,0.009950248756218905,0.0,0.0,0.009950248756218905,0.0,0.009950248756218905,-0.014925373134328358
minimax,0.0,-0.009950248756218905,-0.009950248756218905,0.0,-0.009950248756218905,0.0,0.03980099502487562
gtd,0.009950248756218905,0.0,0.0,0.009950248756218905,0.0,0.009950248756218905,-0.014925373134328358
Schulze,0.0,-0.009950248756218905,-0.009950248756218905,0.0,-0.009950248756218905,0.0,0.03980099502487562
IRV,-0.03980099502487562,0.014925373134328358,0.014925373134328358,-0.03980099502487562,0.014925373134328358,-0.03980099502487562,0.0
