,Borda,plurality,gt,minimax,gtd,Schulze,IRV
Borda,0.0,0.002257336343115124,0.002257336343115124,0.002257336343115124,0.002257336343115124,0.002257336343115124,0.0
plurality,-0.002257336343115124,0.0,0.0,0.0,0.0,0.0,-0.002257336343115124
gt,-0.002257336343115124,0.0,0.0,0.0,0.0,0.0,-0.002257336343115124
minimax,-0.002257336343115124,0.0,0.0,0.0,0.0,0.0,-0.002257336343115124
gtd,-0.002257336343115124,0.0,0.0,0.0,0.0,0.0,-0.002257336343115124
Schulze,-0.002257336343115124,0.0,0.0,0.0,0.0,0.0,-0.002257336343115124
IRV,0.0,0.002257336343115124,0.002257336343115124,0.002257336343115124,0.002257336343115124,0.002257336343115124,0.0
