,Borda,plurality,gt,minimax,gtd,Schulze,IRV
Borda,0.0,0.02843601895734597,0.0,0.0,0.0,0.0,0.0
plurality,-0.02843601895734597,0.0,-0.04265402843601896,-0.02843601895734597,-0.04265402843601896,-0.02843601895734597,-0.04265402843601896
gt,0.0,0.04265402843601896,0.0,0.0,0.0,0.0,0.0
minimax,0.0,0.02843601895734597,0.0,0.0,0.0,0.0,0.0
gtd,0.0,0.04265402843601896,0.0,0.0,0.0,0.0,0.0
Schulze,0.0,0.02843601895734597,0.0,0.0,0.0,0.0,0.0
IRV,0.0,0.04265402843601896,0.0,0.0,0.0,0.0,0.0
