,Borda,plurality,gt,minimax,gtd,Schulze,IRV
Borda,0.0,-0.021164021164021163,0.0582010582010582,0.0,-0.021164021164021163,0.0,0.0582010582010582
plurality,0.021164021164021163,0.0,-0.021164021164021163,0.021164021164021163,0.0,0.021164021164021163,-0.021164021164021163
gt,-0.0582010582010582,0.021164021164021163,0.0,-0.0582010582010582,0.021164021164021163,-0.0582010582010582,0.0
minimax,0.0,-0.021164021164021163,0.0582010582010582,0.0,-0.021164021164021163,0.0,0.0582010582010582
gtd,0.021164021164021163,0.0,-0.021164021164021163,0.021164021164021163,0.0,0.021164021164021163,-0.021164021164021163
Schulze,0.0,-0.021164021164021163,0.0582010582010582,0.0,-0.021164021164021163,0.0,0.0582010582010582
IRV,-0.0582010582010582,0.021164021164021163,0.0,-0.0582010582010582,0.021164021164021163,-0.0582010582010582,0.0
