,Borda,plurality,gt,minimax,gtd,Schulze,IRV
Borda,0.0,-0.0700280112044818,0.058823529411764705,-0.0700280112044818,0.058823529411764705,-0.0700280112044818,-0.0700280112044818
plurality,0.0700280112044818,0.0,-0.04201680672268908,0.0,-0.04201680672268908,0.0,0.0
gt,-0.058823529411764705,0.04201680672268908,0.0,0.04201680672268908,0.0,0.04201680672268908,0.04201680672268908
minimax,0.0700280112044818,0.0,-0.04201680672268908,0.0,-0.04201680672268908,0.0,0.0
gtd,-0.058823529411764705,0.04201680672268908,0.0,0.04201680672268908,0.0,0.04201680672268908,0.04201680672268908
Schulze,0.0700280112044818,0.0,-0.04201680672268908,0.0,-0.04201680672268908,0.0,0.0
IRV,0.0700280112044818,0.0,-0.04201680672268908,0.0,-0.04201680672268908,0.0,0.0
