,Borda,plurality,gt,minimax,gtd,Schulze,IRV
Borda,0.0,0.003703703703703704,0.003703703703703704,0.003703703703703704,0.0,0.003703703703703704,0.0
plurality,-0.003703703703703704,0.0,0.0,0.0,-0.003703703703703704,0.0,-0.003703703703703704
gt,-0.003703703703703704,0.0,0.0,0.0,-0.003703703703703704,0.0,-0.003703703703703704
minimax,-0.003703703703703704,0.0,0.0,0.0,-0.003703703703703704,0.0,-0.003703703703703704
gtd,0.0,0.003703703703703704,0.003703703703703704,0.003703703703703704,0.0,0.003703703703703704,0.0
Schulze,-0.003703703703703704,0.0,0.0,0.0,-0.003703703703703704,0.0,-0.003703703703703704
IRV,0.0,0.003703703703703704,0.003703703703703704,0.003703703703703704,0.0,0.003703703703703704,0.0
