,Borda,plurality,gt,minimax,gtd,Schulze,IRV
Borda,0.0,0.1111111111111111,0.0,0.0,0.0,0.0,0.0
plurality,-0.1111111111111111,0.0,-0.1111111111111111,-0.06763285024154589,-0.1111111111111111,-0.06763285024154589,-0.1111111111111111
gt,0.0,0.1111111111111111,0.0,0.0,0.0,0.0,0.0
minimax,0.0,0.06763285024154589,0.0,0.0,0.0,0.0,0.0
gtd,0.0,0.1111111111111111,0.0,0.0,0.0,0.0,0.0
Schulze,0.0,0.06763285024154589,0.0,0.0,0.0,0.0,0.0
IRV,0.0,0.1111111111111111,0.0,0.0,0.0,0.0,0.0
