,Borda,plurality,gt,minimax,gtd,Schulze,IRV
Borda,0.0,0.07432432432432433,-0.02027027027027027,-0.02027027027027027,-0.02027027027027027,-0.02027027027027027,0.07432432432432433
plurality,-0.07432432432432433,0.0,0.02027027027027027,0.02027027027027027,0.02027027027027027,0.02027027027027027,0.0
gt,0.02027027027027027,-0.02027027027027027,0.0,0.0,0.0,0.0,-0.02027027027027027
minimax,0.02027027027027027,-0.02027027027027027,0.0,0.0,0.0,0.0,-0.02027027027027027
gtd,0.02027027027027027,-0.02027027027027027,0.0,0.0,0.0,0.0,-0.02027027027027027
Schulze,0.02027027027027027,-0.02027027027027027,0.0,0.0,0.0,0.0,-0.02027027027027027
IRV,-0.07432432432432433,0.0,0.02027027027027027,0.02027027027027027,0.02027027027027027,0.02027027027027027,0.0
