,Borda,plurality,gt,minimax,gtd,Schulze,IRV
Borda,0.0,-0.028037383177570093,0.0,0.0,0.0,0.0,0.037383177570093455
plurality,0.028037383177570093,0.0,0.028037383177570093,0.028037383177570093,0.028037383177570093,0.028037383177570093,-0.0794392523364486
gt,0.0,-0.028037383177570093,0.0,0.0,0.0,0.0,0.037383177570093455
minimax,0.0,-0.028037383177570093,0.0,0.0,0.0,0.0,0.037383177570093455
gtd,0.0,-0.028037383177570093,0.0,0.0,0.0,0.0,0.037383177570093455
Schulze,0.0,-0.028037383177570093,0.0,0.0,0.0,0.0,0.037383177570093455
IRV,-0.037383177570093455,0.0794392523364486,-0.037383177570093455,-0.037383177570093455,-0.037383177570093455,-0.037383177570093455,0.0
