,Borda,plurality,gt,minimax,gtd,Schulze,IRV
Borda,0.0,0.04513888888888889,0.0,-0.020833333333333332,-0.020833333333333332,-0.020833333333333332,0.0
plurality,-0.04513888888888889,0.0,-0.04513888888888889,0.013888888888888888,0.013888888888888888,0.013888888888888888,-0.04513888888888889
gt,0.0,0.04513888888888889,0.0,-0.020833333333333332,-0.020833333333333332,-0.020833333333333332,0.0
minimax,0.020833333333333332,-0.013888888888888888,0.020833333333333332,0.0,0.0,0.0,0.020833333333333332
gtd,0.020833333333333332,-0.013888888888888888,0.020833333333333332,0.0,0.0,0.0,0.020833333333333332
Schulze,0.020833333333333332,-0.013888888888888888,0.020833333333333332,0.0,0.0,0.0,0.020833333333333332
IRV,0.0,0.04513888888888889,0.0,-0.020833333333333332,-0.020833333333333332,-0.020833333333333332,0.0
