,Borda,plurality,gt,minimax,gtd,Schulze,IRV
Borda,0.0,-0.013850415512465374,0.0,0.0,0.0,0.0,0.030470914127423823
plurality,0.013850415512465374,0.0,0.013850415512465374,0.013850415512465374,0.013850415512465374,0.013850415512465374,-0.013850415512465374
gt,0.0,-0.013850415512465374,0.0,0.0,0.0,0.0,0.030470914127423823
minimax,0.0,-0.013850415512465374,0.0,0.0,0.0,0.0,0.030470914127423823
gtd,0.0,-0.013850415512465374,0.0,0.0,0.0,0.0,0.030470914127423823
Schulze,0.0,-0.013850415512465374,0.0,0.0,0.0,0.0,0.030470914127423823
IRV,-0.030470914127423823,0.013850415512465374,-0.030470914127423823,-0.030470914127423823,-0.030470914127423823,-0.030470914127423823,0.0
