,Borda,plurality,gt,minimax,gtd,Schulze,IRV
Borda,0.0,0.030456852791878174,0.0,-0.015228426395939087,-0.015228426395939087,-0.015228426395939087,0.030456852791878174
plurality,-0.030456852791878174,0.0,-0.030456852791878174,0.005076142131979695,0.005076142131979695,0.005076142131979695,0.0
gt,0.0,0.030456852791878174,0.0,-0.015228426395939087,-0.015228426395939087,-0.015228426395939087,0.030456852791878174
minimax,0.015228426395939087,-0.005076142131979695,0.015228426395939087,0.0,0.0,0.0,-0.005076142131979695
gtd,0.015228426395939087,-0.005076142131979695,0.015228426395939087,0.0,0.0,0.0,-0.005076142131979695
Schulze,0.015228426395939087,-0.005076142131979695,0.015228426395939087,0.0,0.0,0.0,-0.005076142131979695
IRV,-0.030456852791878174,0.0,-0.030456852791878174,0.005076142131979695,0.005076142131979695,0.005076142131979695,0.0
