,Borda,plurality,gt,minimax,gtd,Schulze,IRV
Borda,0.0,-0.046632124352331605,0.06390328151986183,-0.046632124352331605,-0.046632124352331605,-0.046632124352331605,-0.046632124352331605
plurality,0.046632124352331605,0.0,-0.008635578583765112,0.0,0.0,0.0,0.0
gt,-0.06390328151986183,0.008635578583765112,0.0,0.008635578583765112,0.008635578583765112,0.008635578583765112,0.008635578583765112
minimax,0.046632124352331605,0.0,-0.008635578583765112,0.0,0.0,0.0,0.0
gtd,0.046632124352331605,0.0,-0.008635578583765112,0.0,0.0,0.0,0.0
Schulze,0.046632124352331605,0.0,-0.008635578583765112,0.0,0.0,0.0,0.0
IRV,0.046632124352331605,0.0,-0.008635578583765112,0.0,0.0,0.0,0.0
