,Borda,plurality,gt,minimax,gtd,Schulze,IRV
Borda,0.0,-0.01092896174863388,-0.01092896174863388,0.0,0.0,0.0,0.0546448087431694
plurality,0.01092896174863388,0.0,0.0,0.01092896174863388,0.01092896174863388,0.01092896174863388,-0.06557377049180328
gt,0.01092896174863388,0.0,0.0,0.01092896174863388,0.01092896174863388,0.01092896174863388,-0.06557377049180328
minimax,0.0,-0.01092896174863388,-0.01092896174863388,0.0,0.0,0.0,0.0546448087431694
gtd,0.0,-0.01092896174863388,-0.01092896174863388,0.0,0.0,0.0,0.0546448087431694
Schulze,0.0,-0.01092896174863388,-0.01092896174863388,0.0,0.0,0.0,0.0546448087431694
IRV,-0.0546448087431694,0.06557377049180328,0.06557377049180328,-0.0546448087431694,-0.0546448087431694,-0.0546448087431694,0.0
