,Borda,plurality,gt,minimax,gtd,Schulze,IRV
Borda,0.0,-0.041935483870967745,0.06129032258064516,-0.041935483870967745,-0.041935483870967745,-0.041935483870967745,0.06129032258064516
plurality,0.041935483870967745,0.0,-0.0064516129032258064,0.0,0.0,0.0,-0.0064516129032258064
gt,-0.06129032258064516,0.0064516129032258064,0.0,0.0064516129032258064,0.0064516129032258064,0.0064516129032258064,0.0
minimax,0.041935483870967745,0.0,-0.0064516129032258064,0.0,0.0,0.0,-0.0064516129032258064
gtd,0.041935483870967745,0.0,-0.0064516129032258064,0.0,0.0,0.0,-0.0064516129032258064
Schulze,0.041935483870967745,0.0,-0.0064516129032258064,0.0,0.0,0.0,-0.0064516129032258064
IRV,-0.06129032258064516,0.0064516129032258064,0.0,0.0064516129032258064,0.0064516129032258064,0.0064516129032258064,0.0
