,Borda,plurality,gt,minimax,gtd,Schulze,IRV
Borda,0.0,0.13978494623655913,0.0,0.0,0.0,0.0,0.0
plurality,-0.13978494623655913,0.0,-0.06810035842293907,-0.06810035842293907,-0.13978494623655913,-0.06810035842293907,-0.13978494623655913
gt,0.0,0.06810035842293907,0.0,0.0,0.0,0.0,0.0
minimax,0.0,0.06810035842293907,0.0,0.0,0.0,0.0,0.0
gtd,0.0,0.13978494623655913,0.0,0.0,0.0,0.0,0.0
Schulze,0.0,0.06810035842293907,0.0,0.0,0.0,0.0,0.0
IRV,0.0,0.13978494623655913,0.0,0.0,0.0,0.0,0.0
