,Borda,plurality,gt,minimax,gtd,Schulze,IRV
Borda,0.0,0.09895833333333333,-0.010416666666666666,-0.010416666666666666,-0.010416666666666666,-0.010416666666666666,0.06770833333333333
plurality,-0.09895833333333333,0.0,-0.015625,-0.015625,-0.015625,-0.015625,-0.09895833333333333
gt,0.010416666666666666,0.015625,0.0,0.0,0.0,0.0,-0.005208333333333333
minimax,0.010416666666666666,0.015625,0.0,0.0,0.0,0.0,-0.005208333333333333
gtd,0.010416666666666666,0.015625,0.0,0.0,0.0,0.0,-0.005208333333333333
Schulze,0.010416666666666666,0.015625,0.0,0.0,0.0,0.0,-0.005208333333333333
IRV,-0.06770833333333333,0.09895833333333333,0.005208333333333333,0.005208333333333333,0.005208333333333333,0.005208333333333333,0.0
