,Borda,plurality,gt,minimax,gtd,Schulze,IRV
Borda,0.0,0.02702702702702703,0.02702702702702703,0.0,-0.013513513513513514,0.0,0.02702702702702703
plurality,-0.02702702702702703,0.0,0.0,-0.02702702702702703,0.018018018018018018,-0.02702702702702703,0.0
gt,-0.02702702702702703,0.0,0.0,-0.02702702702702703,0.018018018018018018,-0.02702702702702703,0.0
minimax,0.0,0.02702702702702703,0.02702702702702703,0.0,-0.013513513513513514,0.0,0.02702702702702703
gtd,0.013513513513513514,-0.018018018018018018,-0.018018018018018018,0.013513513513513514,0.0,0.013513513513513514,-0.018018018018018018
Schulze,0.0,0.02702702702702703,0.02702702702702703,0.0,-0.013513513513513514,0.0,0.02702702702702703
IRV,-0.02702702702702703,0.0,0.0,-0.02702702702702703,0.018018018018018018,-0.02702702702702703,0.0
