,Borda,plurality,gt,minimax,gtd,Schulze,IRV
Borda,0.0,-0.0017889087656529517,-0.0017889087656529517,0.0,0.0,0.0,0.03756708407871199
plurality,0.0017889087656529517,0.0,0.0,0.0017889087656529517,0.0017889087656529517,0.0017889087656529517,-0.055456171735241505
gt,0.0017889087656529517,0.0,0.0,0.0017889087656529517,0.0017889087656529517,0.0017889087656529517,-0.055456171735241505
minimax,0.0,-0.0017889087656529517,-0.0017889087656529517,0.0,0.0,0.0,0.03756708407871199
gtd,0.0,-0.0017889087656529517,-0.0017889087656529517,0.0,0.0,0.0,0.03756708407871199
Schulze,0.0,-0.0017889087656529517,-0.0017889087656529517,0.0,0.0,0.0,0.03756708407871199
IRV,-0.03756708407871199,0.055456171735241505,0.055456171735241505,-0.03756708407871199,-0.03756708407871199,-0.03756708407871199,0.0
