,Borda,plurality,gt,minimax,gtd,Schulze,IRV
Borda,0.0,-0.03763440860215054,-0.03763440860215054,0.0,-0.03763440860215054,0.0,-0.03763440860215054
plurality,0.03763440860215054,0.0,0.0,0.03763440860215054,0.0,0.03763440860215054,0.0
gt,0.03763440860215054,0.0,0.0,0.03763440860215054,0.0,0.03763440860215054,0.0
minimax,0.0,-0.03763440860215054,-0.03763440860215054,0.0,-0.03763440860215054,0.0,-0.03763440860215054
gtd,0.03763440860215054,0.0,0.0,0.03763440860215054,0.0,0.03763440860215054,0.0
Schulze,0.0,-0.03763440860215054,-0.03763440860215054,0.0,-0.03763440860215054,0.0,-0.03763440860215054
IRV,0.03763440860215054,0.0,0.0,0.03763440860215054,0.0,0.03763440860215054,0.0
