,Borda,plurality,gt,minimax,gtd,Schulze,IRV
Borda,0.0,-0.034623217922606926,-0.034623217922606926,-0.034623217922606926,-0.034623217922606926,-0.034623217922606926,0.054989816700611
plurality,0.034623217922606926,0.0,0.0,0.0,0.0,0.0,-0.010183299389002037
gt,0.034623217922606926,0.0,0.0,0.0,0.0,0.0,-0.010183299389002037
minimax,0.034623217922606926,0.0,0.0,0.0,0.0,0.0,-0.010183299389002037
gtd,0.034623217922606926,0.0,0.0,0.0,0.0,0.0,-0.010183299389002037
Schulze,0.034623217922606926,0.0,0.0,0.0,0.0,0.0,-0.010183299389002037
IRV,-0.054989816700611,0.010183299389002037,0.010183299389002037,0.010183299389002037,0.010183299389002037,0.010183299389002037,0.0
