,Borda,plurality,gt,minimax,gtd,Schulze,IRV
Borda,0.0,0.016853932584269662,0.016853932584269662,-0.0449438202247191,-0.0449438202247191,-0.0449438202247191,0.0
plurality,-0.016853932584269662,0.0,0.0,0.0,0.0,0.0,-0.016853932584269662
gt,-0.016853932584269662,0.0,0.0,0.0,0.0,0.0,-0.016853932584269662
minimax,0.0449438202247191,0.0,0.0,0.0,0.0,0.0,0.0449438202247191
gtd,0.0449438202247191,0.0,0.0,0.0,0.0,0.0,0.0449438202247191
Schulze,0.0449438202247191,0.0,0.0,0.0,0.0,0.0,0.0449438202247191
IRV,0.0,0.016853932584269662,0.016853932584269662,-0.0449438202247191,-0.0449438202247191,-0.0449438202247191,0.0
