,Borda,plurality,gt,minimax,gtd,Schulze,IRV
Borda,0.0,-0.019138755980861243,-0.019138755980861243,-0.019138755980861243,0.014354066985645933,-0.019138755980861243,-0.019138755980861243
plurality,0.019138755980861243,0.0,0.0,0.0,-0.004784688995215311,0.0,0.0
gt,0.019138755980861243,0.0,0.0,0.0,-0.004784688995215311,0.0,0.0
minimax,0.019138755980861243,0.0,0.0,0.0,-0.004784688995215311,0.0,0.0
gtd,-0.014354066985645933,0.004784688995215311,0.004784688995215311,0.004784688995215311,0.0,0.004784688995215311,0.004784688995215311
Schulze,0.019138755980861243,0.0,0.0,0.0,-0.004784688995215311,0.0,0.0
IRV,0.019138755980861243,0.0,0.0,0.0,-0.004784688995215311,0.0,0.0
