,Borda,plurality,gt,minimax,gtd,Schulze,IRV
Borda,0.0,-0.013435700575815739,0.0,0.0,0.0,0.0,0.02495201535508637
plurality,0.013435700575815739,0.0,0.013435700575815739,0.013435700575815739,0.013435700575815739,0.013435700575815739,-0.028790786948176585
gt,0.0,-0.013435700575815739,0.0,0.0,0.0,0.0,0.02495201535508637
minimax,0.0,-0.013435700575815739,0.0,0.0,0.0,0.0,0.02495201535508637
gtd,0.0,-0.013435700575815739,0.0,0.0,0.0,0.0,0.02495201535508637
Schulze,0.0,-0.013435700575815739,0.0,0.0,0.0,0.0,0.02495201535508637
IRV,-0.02495201535508637,0.028790786948176585,-0.02495201535508637,-0.02495201535508637,-0.02495201535508637,-0.02495201535508637,0.0
