,Borda,plurality,gt,minimax,gtd,Schulze,IRV
Borda,0.0,-0.05120481927710843,0.0,0.03614457831325301,0.0,0.03614457831325301,-0.05120481927710843
plurality,0.05120481927710843,0.0,0.05120481927710843,-0.060240963855421686,0.05120481927710843,-0.060240963855421686,0.0
gt,0.0,-0.05120481927710843,0.0,0.03614457831325301,0.0,0.03614457831325301,-0.05120481927710843
minimax,-0.03614457831325301,0.060240963855421686,-0.03614457831325301,0.0,-0.03614457831325301,0.0,0.060240963855421686
gtd,0.0,-0.05120481927710843,0.0,0.03614457831325301,0.0,0.03614457831325301,-0.05120481927710843
Schulze,-0.03614457831325301,0.060240963855421686,-0.03614457831325301,0.0,-0.03614457831325301,0.0,0.060240963855421686
IRV,0.05120481927710843,0.0,0.05120481927710843,-0.060240963855421686,0.05120481927710843,-0.060240963855421686,0.0
