,Borda,plurality,gt,minimax,gtd,Schulze,IRV
Borda,0.0,-0.01468189233278956,-0.01468189233278956,-0.01468189233278956,-0.01468189233278956,-0.01468189233278956,0.03099510603588907
plurality,0.01468189233278956,0.0,0.0,0.0,0.0,0.0,-0.0016313213703099511
gt,0.01468189233278956,0.0,0.0,0.0,0.0,0.0,-0.0016313213703099511
minimax,0.01468189233278956,0.0,0.0,0.0,0.0,0.0,-0.0016313213703099511
gtd,0.01468189233278956,0.0,0.0,0.0,0.0,0.0,-0.0016313213703099511
Schulze,0.01468189233278956,0.0,0.0,0.0,0.0,0.0,-0.0016313213703099511
IRV,-0.03099510603588907,0.0016313213703099511,0.0016313213703099511,0.0016313213703099511,0.0016313213703099511,0.0016313213703099511,0.0
