,Borda,plurality,gt,minimax,gtd,Schulze,IRV
Borda,0.0,-0.0032679738562091504,-0.0032679738562091504,0.0,-0.0032679738562091504,0.0,-0.0032679738562091504
plurality,0.0032679738562091504,0.0,0.0,0.0032679738562091504,0.0,0.0032679738562091504,0.0
gt,0.0032679738562091504,0.0,0.0,0.0032679738562091504,0.0,0.0032679738562091504,0.0
minimax,0.0,-0.0032679738562091504,-0.0032679738562091504,0.0,-0.0032679738562091504,0.0,-0.0032679738562091504
gtd,0.0032679738562091504,0.0,0.0,0.0032679738562091504,0.0,0.0032679738562091504,0.0
Schulze,0.0,-0.0032679738562091504,-0.0032679738562091504,0.0,-0.0032679738562091504,0.0,-0.0032679738562091504
IRV,0.0032679738562091504,0.0,0.0,0.0032679738562091504,0.0,0.0032679738562091504,0.0
