,Borda,plurality,gt,minimax,gtd,Schulze,IRV
Borda,0.0,0.018691588785046728,0.0,0.018691588785046728,0.0,0.018691588785046728,0.0
plurality,-0.018691588785046728,0.0,-0.018691588785046728,0.0,-0.018691588785046728,0.0,-0.018691588785046728
gt,0.0,0.018691588785046728,0.0,0.018691588785046728,0.0,0.018691588785046728,0.0
minimax,-0.018691588785046728,0.0,-0.018691588785046728,0.0,-0.018691588785046728,0.0,-0.018691588785046728
gtd,0.0,0.018691588785046728,0.0,0.018691588785046728,0.0,0.018691588785046728,0.0
Schulze,-0.018691588785046728,0.0,-0.018691588785046728,0.0,-0.018691588785046728,0.0,-0.018691588785046728
IRV,0.0,0.018691588785046728,0.0,0.018691588785046728,0.0,0.018691588785046728,0.0
