,Borda,plurality,gt,minimax,gtd,Schulze,IRV
Borda,0.0,0.0659536541889483,0.0,-0.0338680926916221,-0.0338680926916221,-0.0338680926916221,0.0
plurality,-0.0659536541889483,0.0,-0.0659536541889483,0.016042780748663103,0.016042780748663103,0.016042780748663103,-0.0659536541889483
gt,0.0,0.0659536541889483,0.0,-0.0338680926916221,-0.0338680926916221,-0.0338680926916221,0.0
minimax,0.0338680926916221,-0.016042780748663103,0.0338680926916221,0.0,0.0,0.0,0.0338680926916221
gtd,0.0338680926916221,-0.016042780748663103,0.0338680926916221,0.0,0.0,0.0,0.0338680926916221
Schulze,0.0338680926916221,-0.016042780748663103,0.0338680926916221,0.0,0.0,0.0,0.0338680926916221
IRV,0.0,0.0659536541889483,0.0,-0.0338680926916221,-0.0338680926916221,-0.0338680926916221,0.0
