,Borda,plurality,gt,minimax,gtd,Schulze,IRV
Borda,0.0,-0.004784688995215311,-0.004784688995215311,-0.004784688995215311,-0.004784688995215311,-0.004784688995215311,0.0861244019138756
plurality,0.004784688995215311,0.0,0.0,0.0,0.0,0.0,-0.004784688995215311
gt,0.004784688995215311,0.0,0.0,0.0,0.0,0.0,-0.004784688995215311
minimax,0.004784688995215311,0.0,0.0,0.0,0.0,0.0,-0.004784688995215311
gtd,0.004784688995215311,0.0,0.0,0.0,0.0,0.0,-0.004784688995215311
Schulze,0.004784688995215311,0.0,0.0,0.0,0.0,0.0,-0.004784688995215311
IRV,-0.0861244019138756,0.004784688995215311,0.004784688995215311,0.004784688995215311,0.004784688995215311,0.004784688995215311,0.0
