,Borda,plurality,gt,minimax,gtd,Schulze,IRV
Borda,0.0,-0.033419023136246784,0.017994858611825194,-0.033419023136246784,0.017994858611825194,-0.033419023136246784,-0.033419023136246784
plurality,0.033419023136246784,0.0,-0.007712082262210797,0.0,-0.007712082262210797,0.0,0.0
gt,-0.017994858611825194,0.007712082262210797,0.0,0.007712082262210797,0.0,0.007712082262210797,0.007712082262210797
minimax,0.033419023136246784,0.0,-0.007712082262210797,0.0,-0.007712082262210797,0.0,0.0
gtd,-0.017994858611825194,0.007712082262210797,0.0,0.007712082262210797,0.0,0.007712082262210797,0.007712082262210797
Schulze,0.033419023136246784,0.0,-0.007712082262210797,0.0,-0.007712082262210797,0.0,0.0
IRV,0.033419023136246784,0.0,-0.007712082262210797,0.0,-0.007712082262210797,0.0,0.0
