,Borda,plurality,gt,minimax,gtd,Schulze,IRV
Borda,0.0,-0.043037974683544304,-0.043037974683544304,-0.043037974683544304,-0.043037974683544304,-0.043037974683544304,-0.043037974683544304
plurality,0.043037974683544304,0.0,0.0,0.0,0.0,0.0,0.0
gt,0.043037974683544304,0.0,0.0,0.0,0.0,0.0,0.0
minimax,0.043037974683544304,0.0,0.0,0.0,0.0,0.0,0.0
gtd,0.043037974683544304,0.0,0.0,0.0,0.0,0.0,0.0
Schulze,0.043037974683544304,0.0,0.0,0.0,0.0,0.0,0.0
IRV,0.043037974683544304,0.0,0.0,0.0,0.0,0.0,0.0
