,Borda,plurality,gt,minimax,gtd,Schulze,IRV
Borda,0.0,0.0,0.02099737532808399,0.0,-0.007874015748031496,0.0,-0.007874015748031496
plurality,0.0,0.0,0.02099737532808399,0.0,-0.007874015748031496,0.0,-0.007874015748031496
gt,-0.02099737532808399,-0.02099737532808399,0.0,-0.02099737532808399,0.010498687664041995,-0.02099737532808399,0.010498687664041995
minimax,0.0,0.0,0.02099737532808399,0.0,-0.007874015748031496,0.0,-0.007874015748031496
gtd,0.007874015748031496,0.007874015748031496,-0.010498687664041995,0.007874015748031496,0.0,0.007874015748031496,0.0
Schulze,0.0,0.0,0.02099737532808399,0.0,-0.007874015748031496,0.0,-0.007874015748031496
IRV,0.007874015748031496,0.007874015748031496,-0.010498687664041995,0.007874015748031496,0.0,0.007874015748031496,0.0
