,Borda,plurality,gt,minimax,gtd,Schulze,IRV
Borda,0.0,-0.008944543828264758,0.04830053667262969,0.0,-0.008944543828264758,0.0,-0.008944543828264758
plurality,0.008944543828264758,0.0,-0.016100178890876567,0.008944543828264758,0.0,0.008944543828264758,0.0
gt,-0.04830053667262969,0.016100178890876567,0.0,-0.04830053667262969,0.016100178890876567,-0.04830053667262969,0.016100178890876567
minimax,0.0,-0.008944543828264758,0.04830053667262969,0.0,-0.008944543828264758,0.0,-0.008944543828264758
gtd,0.008944543828264758,0.0,-0.016100178890876567,0.008944543828264758,0.0,0.008944543828264758,0.0
Schulze,0.0,-0.008944543828264758,0.04830053667262969,0.0,-0.008944543828264758,0.0,-0.008944543828264758
IRV,0.008944543828264758,0.0,-0.016100178890876567,0.008944543828264758,0.0,0.008944543828264758,0.0
