,Borda,plurality,gt,minimax,gtd,Schulze,IRV
Borda,0.0,-0.0012121212121212121,0.0,0.0,0.0,0.0,0.01090909090909091
plurality,0.0012121212121212121,0.0,0.0012121212121212121,0.0012121212121212121,0.0012121212121212121,0.0012121212121212121,-0.025454545454545455
gt,0.0,-0.0012121212121212121,0.0,0.0,0.0,0.0,0.01090909090909091
minimax,0.0,-0.0012121212121212121,0.0,0.0,0.0,0.0,0.01090909090909091
gtd,0.0,-0.0012121212121212121,0.0,0.0,0.0,0.0,0.01090909090909091
Schulze,0.0,-0.0012121212121212121,0.0,0.0,0.0,0.0,0.01090909090909091
IRV,-0.01090909090909091,0.025454545454545455,-0.01090909090909091,-0.01090909090909091,-0.01090909090909091,-0.01090909090909091,0.0
