,Borda,plurality,gt,minimax,gtd,Schulze,IRV
Borda,0.0,0.0,0.07246376811594203,0.0,-0.010869565217391304,0.0,0.0
plurality,0.0,0.0,0.07246376811594203,0.0,-0.010869565217391304,0.0,0.0
gt,-0.07246376811594203,-0.07246376811594203,0.0,-0.07246376811594203,0.036231884057971016,-0.07246376811594203,-0.07246376811594203
minimax,0.0,0.0,0.07246376811594203,0.0,-0.010869565217391304,0.0,0.0
gtd,0.010869565217391304,0.010869565217391304,-0.036231884057971016,0.010869565217391304,0.0,0.010869565217391304,0.010869565217391304
Schulze,0.0,0.0,0.07246376811594203,0.0,-0.010869565217391304,0.0,0.0
IRV,0.0,0.0,0.07246376811594203,0.0,-0.010869565217391304,0.0,0.0
