,Borda,plurality,gt,minimax,gtd,Schulze,IRV
Borda,0.0,0.01507537688442211,-0.02512562814070352,-0.02512562814070352,0.01507537688442211,-0.02512562814070352,0.0
plurality,-0.01507537688442211,0.0,0.010050251256281407,0.010050251256281407,0.0,0.010050251256281407,-0.01507537688442211
gt,0.02512562814070352,-0.010050251256281407,0.0,0.0,-0.010050251256281407,0.0,0.02512562814070352
minimax,0.02512562814070352,-0.010050251256281407,0.0,0.0,-0.010050251256281407,0.0,0.02512562814070352
gtd,-0.01507537688442211,0.0,0.010050251256281407,0.010050251256281407,0.0,0.010050251256281407,-0.01507537688442211
Schulze,0.02512562814070352,-0.010050251256281407,0.0,0.0,-0.010050251256281407,0.0,0.02512562814070352
IRV,0.0,0.01507537688442211,-0.02512562814070352,-0.02512562814070352,0.01507537688442211,-0.02512562814070352,0.0
