,Borda,plurality,gt,minimax,gtd,Schulze,IRV
Borda,0.0,0.08762886597938144,0.0,0.0,0.0,0.0,0.0
plurality,-0.08762886597938144,0.0,-0.010309278350515464,-0.08762886597938144,-0.08762886597938144,-0.08762886597938144,-0.08762886597938144
gt,0.0,0.010309278350515464,0.0,0.0,0.0,0.0,0.0
minimax,0.0,0.08762886597938144,0.0,0.0,0.0,0.0,0.0
gtd,0.0,0.08762886597938144,0.0,0.0,0.0,0.0,0.0
Schulze,0.0,0.08762886597938144,0.0,0.0,0.0,0.0,0.0
IRV,0.0,0.08762886597938144,0.0,0.0,0.0,0.0,0.0
