,Borda,plurality,gt,minimax,gtd,Schulze,IRV
Borda,0.0,-0.011235955056179775,0.0,0.0,-0.011235955056179775,0.0,0.06179775280898876
plurality,0.011235955056179775,0.0,0.011235955056179775,0.011235955056179775,0.0,0.011235955056179775,-0.033707865168539325
gt,0.0,-0.011235955056179775,0.0,0.0,-0.011235955056179775,0.0,0.06179775280898876
minimax,0.0,-0.011235955056179775,0.0,0.0,-0.011235955056179775,0.0,0.06179775280898876
gtd,0.011235955056179775,0.0,0.011235955056179775,0.011235955056179775,0.0,0.011235955056179775,-0.033707865168539325
Schulze,0.0,-0.011235955056179775,0.0,0.0,-0.011235955056179775,0.0,0.06179775280898876
IRV,-0.06179775280898876,0.033707865168539325,-0.06179775280898876,-0.06179775280898876,0.033707865168539325,-0.06179775280898876,0.0
