,Borda,plurality,gt,minimax,gtd,Schulze,IRV
Borda,0.0,0.024752475247524754,-0.019801980198019802,0.0,0.0,0.0,0.0
plurality,-0.024752475247524754,0.0,0.06930693069306931,-0.024752475247524754,-0.024752475247524754,-0.024752475247524754,-0.024752475247524754
gt,0.019801980198019802,-0.06930693069306931,0.0,0.019801980198019802,0.019801980198019802,0.019801980198019802,0.019801980198019802
minimax,0.0,0.024752475247524754,-0.019801980198019802,0.0,0.0,0.0,0.0
gtd,0.0,0.024752475247524754,-0.019801980198019802,0.0,0.0,0.0,0.0
Schulze,0.0,0.024752475247524754,-0.019801980198019802,0.0,0.0,0.0,0.0
IRV,0.0,0.024752475247524754,-0.019801980198019802,0.0,0.0,0.0,0.0
