,Borda,plurality,gt,minimax,gtd,Schulze,IRV
Borda,0.0,-0.05056179775280899,0.05056179775280899,-0.05056179775280899,0.05056179775280899,-0.05056179775280899,-0.05056179775280899
plurality,0.05056179775280899,0.0,-0.033707865168539325,0.0,-0.033707865168539325,0.0,0.0
gt,-0.05056179775280899,0.033707865168539325,0.0,0.033707865168539325,0.0,0.033707865168539325,0.033707865168539325
minimax,0.05056179775280899,0.0,-0.033707865168539325,0.0,-0.033707865168539325,0.0,0.0
gtd,-0.05056179775280899,0.033707865168539325,0.0,0.033707865168539325,0.0,0.033707865168539325,0.033707865168539325
Schulze,0.05056179775280899,0.0,-0.033707865168539325,0.0,-0.033707865168539325,0.0,0.0
IRV,0.05056179775280899,0.0,-0.033707865168539325,0.0,-0.033707865168539325,0.0,0.0
