,Borda,plurality,gt,minimax,gtd,Schulze,IRV
Borda,0.0,-0.03460837887067395,0.020036429872495445,-0.03460837887067395,0.020036429872495445,-0.03460837887067395,0.020036429872495445
plurality,0.03460837887067395,0.0,-0.00546448087431694,0.0,-0.00546448087431694,0.0,-0.00546448087431694
gt,-0.020036429872495445,0.00546448087431694,0.0,0.00546448087431694,0.0,0.00546448087431694,0.0
minimax,0.03460837887067395,0.0,-0.00546448087431694,0.0,-0.00546448087431694,0.0,-0.00546448087431694
gtd,-0.020036429872495445,0.00546448087431694,0.0,0.00546448087431694,0.0,0.00546448087431694,0.0
Schulze,0.03460837887067395,0.0,-0.00546448087431694,0.0,-0.00546448087431694,0.0,-0.00546448087431694
IRV,-0.020036429872495445,0.00546448087431694,0.0,0.00546448087431694,0.0,0.00546448087431694,0.0
