,Borda,plurality,gt,minimax,gtd,Schulze,IRV
Borda,0.0,0.010869565217391304,-0.002717391304347826,-0.002717391304347826,-0.002717391304347826,-0.002717391304347826,0.010869565217391304
plurality,-0.010869565217391304,0.0,0.002717391304347826,0.002717391304347826,0.002717391304347826,0.002717391304347826,0.0
gt,0.002717391304347826,-0.002717391304347826,0.0,0.0,0.0,0.0,-0.002717391304347826
minimax,0.002717391304347826,-0.002717391304347826,0.0,0.0,0.0,0.0,-0.002717391304347826
gtd,0.002717391304347826,-0.002717391304347826,0.0,0.0,0.0,0.0,-0.002717391304347826
Schulze,0.002717391304347826,-0.002717391304347826,0.0,0.0,0.0,0.0,-0.002717391304347826
IRV,-0.010869565217391304,0.0,0.002717391304347826,0.002717391304347826,0.002717391304347826,0.002717391304347826,0.0
