,Borda,plurality,gt,minimax,gtd,Schulze,IRV
Borda,0.0,-0.02145922746781116,-0.02145922746781116,0.0,-0.02145922746781116,0.0,0.05150214592274678
plurality,0.02145922746781116,0.0,0.0,0.02145922746781116,0.0,0.02145922746781116,-0.034334763948497854
gt,0.02145922746781116,0.0,0.0,0.02145922746781116,0.0,0.02145922746781116,-0.034334763948497854
minimax,0.0,-0.02145922746781116,-0.02145922746781116,0.0,-0.02145922746781116,0.0,0.05150214592274678
gtd,0.02145922746781116,0.0,0.0,0.02145922746781116,0.0,0.02145922746781116,-0.034334763948497854
Schulze,0.0,-0.02145922746781116,-0.02145922746781116,0.0,-0.02145922746781116,0.0,0.05150214592274678
IRV,-0.05150214592274678,0.034334763948497854,0.034334763948497854,-0.05150214592274678,0.034334763948497854,-0.05150214592274678,0.0
