,Borda,plurality,gt,minimax,gtd,Schulze,IRV
Borda,0.0,0.06132075471698113,-0.04245283018867924,-0.04245283018867924,-0.04245283018867924,-0.04245283018867924,0.0
plurality,-0.06132075471698113,0.0,0.02830188679245283,0.02830188679245283,0.02830188679245283,0.02830188679245283,-0.06132075471698113
gt,0.04245283018867924,-0.02830188679245283,0.0,0.0,0.0,0.0,0.04245283018867924
minimax,0.04245283018867924,-0.02830188679245283,0.0,0.0,0.0,0.0,0.04245283018867924
gtd,0.04245283018867924,-0.02830188679245283,0.0,0.0,0.0,0.0,0.04245283018867924
Schulze,0.04245283018867924,-0.02830188679245283,0.0,0.0,0.0,0.0,0.04245283018867924
IRV,0.0,0.06132075471698113,-0.04245283018867924,-0.04245283018867924,-0.04245283018867924,-0.04245283018867924,0.0
