,Borda,plurality,gt,minimax,gtd,Schulze,IRV
Borda,0.0,0.0,0.031292517006802724,-0.02585034013605442,-0.02585034013605442,-0.02585034013605442,0.0
plurality,0.0,0.0,0.031292517006802724,-0.02585034013605442,-0.02585034013605442,-0.02585034013605442,0.0
gt,-0.031292517006802724,-0.031292517006802724,0.0,0.017687074829931974,0.017687074829931974,0.017687074829931974,-0.031292517006802724
minimax,0.02585034013605442,0.02585034013605442,-0.017687074829931974,0.0,0.0,0.0,0.02585034013605442
gtd,0.02585034013605442,0.02585034013605442,-0.017687074829931974,0.0,0.0,0.0,0.02585034013605442
Schulze,0.02585034013605442,0.02585034013605442,-0.017687074829931974,0.0,0.0,0.0,0.02585034013605442
IRV,0.0,0.0,0.031292517006802724,-0.02585034013605442,-0.02585034013605442,-0.02585034013605442,0.0
