,Borda,plurality,gt,minimax,gtd,Schulze,IRV
Borda,0.0,0.1872146118721461,0.0,0.0,0.0,0.0,0.0
plurality,-0.1872146118721461,0.0,-0.1689497716894977,-0.1872146118721461,-0.1689497716894977,-0.1872146118721461,-0.1872146118721461
gt,0.0,0.1689497716894977,0.0,0.0,0.0,0.0,0.0
minimax,0.0,0.1872146118721461,0.0,0.0,0.0,0.0,0.0
gtd,0.0,0.1689497716894977,0.0,0.0,0.0,0.0,0.0
Schulze,0.0,0.1872146118721461,0.0,0.0,0.0,0.0,0.0
IRV,0.0,0.1872146118721461,0.0,0.0,0.0,0.0,0.0
