,Borda,plurality,gt,minimax,gtd,Schulze,IRV
Borda,0.0,-0.008264462809917356,0.0,0.0,-0.008264462809917356,0.0,0.03581267217630854
plurality,0.008264462809917356,0.0,0.008264462809917356,0.008264462809917356,0.0,0.008264462809917356,-0.013774104683195593
gt,0.0,-0.008264462809917356,0.0,0.0,-0.008264462809917356,0.0,0.03581267217630854
minimax,0.0,-0.008264462809917356,0.0,0.0,-0.008264462809917356,0.0,0.03581267217630854
gtd,0.008264462809917356,0.0,0.008264462809917356,0.008264462809917356,0.0,0.008264462809917356,-0.013774104683195593
Schulze,0.0,-0.008264462809917356,0.0,0.0,-0.008264462809917356,0.0,0.03581267217630854
IRV,-0.03581267217630854,0.013774104683195593,-0.03581267217630854,-0.03581267217630854,0.013774104683195593,-0.03581267217630854,0.0
