,Borda,plurality,gt,minimax,gtd,Schulze,IRV
Borda,0.0,0.07506053268765134,0.07506053268765134,0.0,-0.026634382566585957,0.0,0.0
plurality,-0.07506053268765134,0.0,0.0,-0.07506053268765134,0.06053268765133172,-0.07506053268765134,-0.07506053268765134
gt,-0.07506053268765134,0.0,0.0,-0.07506053268765134,0.06053268765133172,-0.07506053268765134,-0.07506053268765134
minimax,0.0,0.07506053268765134,0.07506053268765134,0.0,-0.026634382566585957,0.0,0.0
gtd,0.026634382566585957,-0.06053268765133172,-0.06053268765133172,0.026634382566585957,0.0,0.026634382566585957,0.026634382566585957
Schulze,0.0,0.07506053268765134,0.07506053268765134,0.0,-0.026634382566585957,0.0,0.0
IRV,0.0,0.07506053268765134,0.07506053268765134,0.0,-0.026634382566585957,0.0,0.0
