,Borda,plurality,gt,minimax,gtd,Schulze,IRV
Borda,0.0,-0.04240282685512368,0.10247349823321555,-0.04240282685512368,-0.04240282685512368,-0.04240282685512368,-0.04240282685512368
plurality,0.04240282685512368,0.0,0.0,0.0,0.0,0.0,0.0
gt,-0.10247349823321555,0.0,0.0,0.0,0.0,0.0,0.0
minimax,0.04240282685512368,0.0,0.0,0.0,0.0,0.0,0.0
gtd,0.04240282685512368,0.0,0.0,0.0,0.0,0.0,0.0
Schulze,0.04240282685512368,0.0,0.0,0.0,0.0,0.0,0.0
IRV,0.04240282685512368,0.0,0.0,0.0,0.0,0.0,0.0
