,Borda,plurality,gt,minimax,gtd,Schulze,IRV
Borda,0.0,0.052132701421800945,-0.037914691943127965,-0.037914691943127965,-0.037914691943127965,-0.037914691943127965,0.0
plurality,-0.052132701421800945,0.0,0.03317535545023697,0.03317535545023697,0.03317535545023697,0.03317535545023697,-0.052132701421800945
gt,0.037914691943127965,-0.03317535545023697,0.0,0.0,0.0,0.0,0.037914691943127965
minimax,0.037914691943127965,-0.03317535545023697,0.0,0.0,0.0,0.0,0.037914691943127965
gtd,0.037914691943127965,-0.03317535545023697,0.0,0.0,0.0,0.0,0.037914691943127965
Schulze,0.037914691943127965,-0.03317535545023697,0.0,0.0,0.0,0.0,0.037914691943127965
IRV,0.0,0.052132701421800945,-0.037914691943127965,-0.037914691943127965,-0.037914691943127965,-0.037914691943127965,0.0
