,Borda,plurality,gt,minimax,gtd,Schulze,IRV
Borda,0.0,0.0,0.0,-0.03044496487119438,-0.03044496487119438,-0.03044496487119438,-0.03044496487119438
plurality,0.0,0.0,0.0,-0.03044496487119438,-0.03044496487119438,-0.03044496487119438,-0.03044496487119438
gt,0.0,0.0,0.0,-0.03044496487119438,-0.03044496487119438,-0.03044496487119438,-0.03044496487119438
minimax,0.03044496487119438,0.03044496487119438,0.03044496487119438,0.0,0.0,0.0,0.0
gtd,0.03044496487119438,0.03044496487119438,0.03044496487119438,0.0,0.0,0.0,0.0
Schulze,0.03044496487119438,0.03044496487119438,0.03044496487119438,0.0,0.0,0.0,0.0
IRV,0.03044496487119438,0.03044496487119438,0.03044496487119438,0.0,0.0,0.0,0.0
