,Borda,plurality,gt,minimax,gtd,Schulze,IRV
Borda,0.0,-0.04087193460490463,-0.04087193460490463,0.0,-0.04087193460490463,0.0,-0.04087193460490463
plurality,0.04087193460490463,0.0,0.0,0.04087193460490463,0.0,0.04087193460490463,0.0
gt,0.04087193460490463,0.0,0.0,0.04087193460490463,0.0,0.04087193460490463,0.0
minimax,0.0,-0.04087193460490463,-0.04087193460490463,0.0,-0.04087193460490463,0.0,-0.04087193460490463
gtd,0.04087193460490463,0.0,0.0,0.04087193460490463,0.0,0.04087193460490463,0.0
Schulze,0.0,-0.04087193460490463,-0.04087193460490463,0.0,-0.04087193460490463,0.0,-0.04087193460490463
IRV,0.04087193460490463,0.0,0.0,0.04087193460490463,0.0,0.04087193460490463,0.0
