,Borda,plurality,gt,minimax,gtd,Schulze,IRV
Borda,0.0,-0.04431599229287091,-0.04431599229287091,-0.04431599229287091,-0.04431599229287091,-0.04431599229287091,0.04816955684007707
plurality,0.04431599229287091,0.0,0.0,0.0,0.0,0.0,-0.04431599229287091
gt,0.04431599229287091,0.0,0.0,0.0,0.0,0.0,-0.04431599229287091
minimax,0.04431599229287091,0.0,0.0,0.0,0.0,0.0,-0.04431599229287091
gtd,0.04431599229287091,0.0,0.0,0.0,0.0,0.0,-0.04431599229287091
Schulze,0.04431599229287091,0.0,0.0,0.0,0.0,0.0,-0.04431599229287091
IRV,-0.04816955684007707,0.04431599229287091,0.04431599229287091,0.04431599229287091,0.04431599229287091,0.04431599229287091,0.0
