,Borda,plurality,gt,minimax,gtd,Schulze,IRV
Borda,0.0,0.05289672544080604,-0.022670025188916875,-0.022670025188916875,-0.022670025188916875,-0.022670025188916875,0.05289672544080604
plurality,-0.05289672544080604,0.0,0.017632241813602016,0.017632241813602016,0.017632241813602016,0.017632241813602016,0.0
gt,0.022670025188916875,-0.017632241813602016,0.0,0.0,0.0,0.0,-0.017632241813602016
minimax,0.022670025188916875,-0.017632241813602016,0.0,0.0,0.0,0.0,-0.017632241813602016
gtd,0.022670025188916875,-0.017632241813602016,0.0,0.0,0.0,0.0,-0.017632241813602016
Schulze,0.022670025188916875,-0.017632241813602016,0.0,0.0,0.0,0.0,-0.017632241813602016
IRV,-0.05289672544080604,0.0,0.017632241813602016,0.017632241813602016,0.017632241813602016,0.017632241813602016,0.0
