,Borda,plurality,gt,minimax,gtd,Schulze,IRV
Borda,0.0,0.03015075376884422,0.0,0.0,0.0,0.0,0.0
plurality,-0.03015075376884422,0.0,-0.03015075376884422,-0.03015075376884422,-0.06030150753768844,-0.03015075376884422,-0.06030150753768844
gt,0.0,0.03015075376884422,0.0,0.0,0.0,0.0,0.0
minimax,0.0,0.03015075376884422,0.0,0.0,0.0,0.0,0.0
gtd,0.0,0.06030150753768844,0.0,0.0,0.0,0.0,0.0
Schulze,0.0,0.03015075376884422,0.0,0.0,0.0,0.0,0.0
IRV,0.0,0.06030150753768844,0.0,0.0,0.0,0.0,0.0
