,Borda,plurality,gt,minimax,gtd,Schulze,IRV
Borda,0.0,-0.0111731843575419,0.0111731843575419,-0.0111731843575419,0.0111731843575419,-0.0111731843575419,-0.0111731843575419
plurality,0.0111731843575419,0.0,-0.00558659217877095,0.0,-0.00558659217877095,0.0,0.0
gt,-0.0111731843575419,0.00558659217877095,0.0,0.00558659217877095,0.0,0.00558659217877095,0.00558659217877095
minimax,0.0111731843575419,0.0,-0.00558659217877095,0.0,-0.00558659217877095,0.0,0.0
gtd,-0.0111731843575419,0.00558659217877095,0.0,0.00558659217877095,0.0,0.00558659217877095,0.00558659217877095
Schulze,0.0111731843575419,0.0,-0.00558659217877095,0.0,-0.00558659217877095,0.0,0.0
IRV,0.0111731843575419,0.0,-0.00558659217877095,0.0,-0.00558659217877095,0.0,0.0
