,Borda,plurality,gt,minimax,gtd,Schulze,IRV
Borda,0.0,-0.004291845493562232,0.0,0.0,0.0,0.0,-0.004291845493562232
plurality,0.004291845493562232,0.0,0.004291845493562232,0.004291845493562232,0.004291845493562232,0.004291845493562232,0.0
gt,0.0,-0.004291845493562232,0.0,0.0,0.0,0.0,-0.004291845493562232
minimax,0.0,-0.004291845493562232,0.0,0.0,0.0,0.0,-0.004291845493562232
gtd,0.0,-0.004291845493562232,0.0,0.0,0.0,0.0,-0.004291845493562232
Schulze,0.0,-0.004291845493562232,0.0,0.0,0.0,0.0,-0.004291845493562232
IRV,0.004291845493562232,0.0,0.004291845493562232,0.004291845493562232,0.004291845493562232,0.004291845493562232,0.0
