,Borda,plurality,gt,minimax,gtd,Schulze,IRV
Borda,0.0,0.024324324324324326,0.0,-0.005405405405405406,-0.005405405405405406,-0.005405405405405406,0.0
plurality,-0.024324324324324326,0.0,-0.024324324324324326,0.005405405405405406,0.005405405405405406,0.005405405405405406,-0.024324324324324326
gt,0.0,0.024324324324324326,0.0,-0.005405405405405406,-0.005405405405405406,-0.005405405405405406,0.0
minimax,0.005405405405405406,-0.005405405405405406,0.005405405405405406,0.0,0.0,0.0,0.005405405405405406
gtd,0.005405405405405406,-0.005405405405405406,0.005405405405405406,0.0,0.0,0.0,0.005405405405405406
Schulze,0.005405405405405406,-0.005405405405405406,0.005405405405405406,0.0,0.0,0.0,0.005405405405405406
IRV,0.0,0.024324324324324326,0.0,-0.005405405405405406,-0.005405405405405406,-0.005405405405405406,0.0
