,Borda,plurality,gt,minimax,gtd,Schulze,IRV
Borda,0.0,-0.05,-0.05,-0.05,-0.05,-0.05,0.06111111111111111
plurality,0.05,0.0,0.0,0.0,0.0,0.0,0.0
gt,0.05,0.0,0.0,0.0,0.0,0.0,0.0
minimax,0.05,0.0,0.0,0.0,0.0,0.0,0.0
gtd,0.05,0.0,0.0,0.0,0.0,0.0,0.0
Schulze,0.05,0.0,0.0,0.0,0.0,0.0,0.0
IRV,-0.06111111111111111,0.0,0.0,0.0,0.0,0.0,0.0
