,Borda,plurality,gt,minimax,gtd,Schulze,IRV
Borda,0.0,0.0273224043715847,0.0273224043715847,-0.02185792349726776,-0.02185792349726776,-0.02185792349726776,0.09836065573770492
plurality,-0.0273224043715847,0.0,0.0,0.01639344262295082,0.01639344262295082,0.01639344262295082,-0.01639344262295082
gt,-0.0273224043715847,0.0,0.0,0.01639344262295082,0.01639344262295082,0.01639344262295082,-0.01639344262295082
minimax,0.02185792349726776,-0.01639344262295082,-0.01639344262295082,0.0,0.0,0.0,0.08196721311475409
gtd,0.02185792349726776,-0.01639344262295082,-0.01639344262295082,0.0,0.0,0.0,0.08196721311475409
Schulze,0.02185792349726776,-0.01639344262295082,-0.01639344262295082,0.0,0.0,0.0,0.08196721311475409
IRV,-0.09836065573770492,0.01639344262295082,0.01639344262295082,-0.08196721311475409,-0.08196721311475409,-0.08196721311475409,0.0
