,Borda,plurality,gt,minimax,gtd,Schulze,IRV
Borda,0.0,0.0,0.0026109660574412533,-0.018276762402088774,0.0026109660574412533,-0.018276762402088774,-0.018276762402088774
plurality,0.0,0.0,0.0026109660574412533,-0.018276762402088774,0.0026109660574412533,-0.018276762402088774,-0.018276762402088774
gt,-0.0026109660574412533,-0.0026109660574412533,0.0,0.0026109660574412533,0.0,0.0026109660574412533,0.0026109660574412533
minimax,0.018276762402088774,0.018276762402088774,-0.0026109660574412533,0.0,-0.0026109660574412533,0.0,0.0
gtd,-0.0026109660574412533,-0.0026109660574412533,0.0,0.0026109660574412533,0.0,0.0026109660574412533,0.0026109660574412533
Schulze,0.018276762402088774,0.018276762402088774,-0.0026109660574412533,0.0,-0.0026109660574412533,0.0,0.0
IRV,0.018276762402088774,0.018276762402088774,-0.0026109660574412533,0.0,-0.0026109660574412533,0.0,0.0
