,Borda,plurality,gt,minimax,gtd,Schulze,IRV
Borda,0.0,-0.015945330296127564,0.0,0.0,-0.015945330296127564,0.0,-0.015945330296127564
plurality,0.015945330296127564,0.0,0.015945330296127564,0.015945330296127564,0.0,0.015945330296127564,0.0
gt,0.0,-0.015945330296127564,0.0,0.0,-0.015945330296127564,0.0,-0.015945330296127564
minimax,0.0,-0.015945330296127564,0.0,0.0,-0.015945330296127564,0.0,-0.015945330296127564
gtd,0.015945330296127564,0.0,0.015945330296127564,0.015945330296127564,0.0,0.015945330296127564,0.0
Schulze,0.0,-0.015945330296127564,0.0,0.0,-0.015945330296127564,0.0,-0.015945330296127564
IRV,0.015945330296127564,0.0,0.015945330296127564,0.015945330296127564,0.0,0.015945330296127564,0.0
