,Borda,plurality,gt,minimax,gtd,Schulze,IRV
Borda,0.0,0.05592841163310962,0.0,0.0,-0.03803131991051454,0.0,0.05592841163310962
plurality,-0.05592841163310962,0.0,-0.05592841163310962,-0.05592841163310962,0.04697986577181208,-0.05592841163310962,0.0
gt,0.0,0.05592841163310962,0.0,0.0,-0.03803131991051454,0.0,0.05592841163310962
minimax,0.0,0.05592841163310962,0.0,0.0,-0.03803131991051454,0.0,0.05592841163310962
gtd,0.03803131991051454,-0.04697986577181208,0.03803131991051454,0.03803131991051454,0.0,0.03803131991051454,-0.04697986577181208
Schulze,0.0,0.05592841163310962,0.0,0.0,-0.03803131991051454,0.0,0.05592841163310962
IRV,-0.05592841163310962,0.0,-0.05592841163310962,-0.05592841163310962,0.04697986577181208,-0.05592841163310962,0.0
