,Borda,plurality,gt,minimax,gtd,Schulze,IRV
Borda,0.0,-0.028462998102466792,0.0,-0.028462998102466792,-0.028462998102466792,-0.028462998102466792,0.04364326375711575
plurality,0.028462998102466792,0.0,0.028462998102466792,0.0,0.0,0.0,-0.017077798861480076
gt,0.0,-0.028462998102466792,0.0,-0.028462998102466792,-0.028462998102466792,-0.028462998102466792,0.04364326375711575
minimax,0.028462998102466792,0.0,0.028462998102466792,0.0,0.0,0.0,-0.017077798861480076
gtd,0.028462998102466792,0.0,0.028462998102466792,0.0,0.0,0.0,-0.017077798861480076
Schulze,0.028462998102466792,0.0,0.028462998102466792,0.0,0.0,0.0,-0.017077798861480076
IRV,-0.04364326375711575,0.017077798861480076,-0.04364326375711575,0.017077798861480076,0.017077798861480076,0.017077798861480076,0.0
