,Borda,plurality,gt,minimax,gtd,Schulze,IRV
Borda,0.0,0.013138686131386862,0.0,0.0,0.0,0.0,0.013138686131386862
plurality,-0.013138686131386862,0.0,-0.013138686131386862,-0.013138686131386862,-0.013138686131386862,-0.013138686131386862,0.0
gt,0.0,0.013138686131386862,0.0,0.0,0.0,0.0,0.013138686131386862
minimax,0.0,0.013138686131386862,0.0,0.0,0.0,0.0,0.013138686131386862
gtd,0.0,0.013138686131386862,0.0,0.0,0.0,0.0,0.013138686131386862
Schulze,0.0,0.013138686131386862,0.0,0.0,0.0,0.0,0.013138686131386862
IRV,-0.013138686131386862,0.0,-0.013138686131386862,-0.013138686131386862,-0.013138686131386862,-0.013138686131386862,0.0
