,Borda,plurality,gt,minimax,gtd,Schulze,IRV
Borda,0.0,0.0,-0.04415584415584416,0.0,-0.04415584415584416,0.0,-0.04415584415584416
plurality,0.0,0.0,-0.04415584415584416,0.0,-0.04415584415584416,0.0,-0.04415584415584416
gt,0.04415584415584416,0.04415584415584416,0.0,0.04415584415584416,0.0,0.04415584415584416,0.0
minimax,0.0,0.0,-0.04415584415584416,0.0,-0.04415584415584416,0.0,-0.04415584415584416
gtd,0.04415584415584416,0.04415584415584416,0.0,0.04415584415584416,0.0,0.04415584415584416,0.0
Schulze,0.0,0.0,-0.04415584415584416,0.0,-0.04415584415584416,0.0,-0.04415584415584416
IRV,0.04415584415584416,0.04415584415584416,0.0,0.04415584415584416,0.0,0.04415584415584416,0.0
