,Borda,plurality,gt,minimax,gtd,Schulze,IRV
Borda,0.0,0.0,-0.005714285714285714,0.0,-0.005714285714285714,0.0,-0.005714285714285714
plurality,0.0,0.0,-0.005714285714285714,0.0,-0.005714285714285714,0.0,-0.005714285714285714
gt,0.005714285714285714,0.005714285714285714,0.0,0.005714285714285714,0.0,0.005714285714285714,0.0
minimax,0.0,0.0,-0.005714285714285714,0.0,-0.005714285714285714,0.0,-0.005714285714285714
gtd,0.005714285714285714,0.005714285714285714,0.0,0.005714285714285714,0.0,0.005714285714285714,0.0
Schulze,0.0,0.0,-0.005714285714285714,0.0,-0.005714285714285714,0.0,-0.005714285714285714
IRV,0.005714285714285714,0.005714285714285714,0.0,0.005714285714285714,0.0,0.005714285714285714,0.0
