,Borda,plurality,gt,minimax,gtd,Schulze,IRV
Borda,0.0,0.0481283422459893,-0.0106951871657754,0.0,-0.0106951871657754,0.0,0.0
plurality,-0.0481283422459893,0.0,0.0106951871657754,-0.0481283422459893,0.0106951871657754,-0.0481283422459893,-0.0481283422459893
gt,0.0106951871657754,-0.0106951871657754,0.0,0.0106951871657754,0.0,0.0106951871657754,0.0106951871657754
minimax,0.0,0.0481283422459893,-0.0106951871657754,0.0,-0.0106951871657754,0.0,0.0
gtd,0.0106951871657754,-0.0106951871657754,0.0,0.0106951871657754,0.0,0.0106951871657754,0.0106951871657754
Schulze,0.0,0.0481283422459893,-0.0106951871657754,0.0,-0.0106951871657754,0.0,0.0
IRV,0.0,0.0481283422459893,-0.0106951871657754,0.0,-0.0106951871657754,0.0,0.0
