,Borda,plurality,gt,minimax,gtd,Schulze,IRV
Borda,0.0,-0.015544041450777202,-0.015544041450777202,0.0,-0.015544041450777202,0.0,-0.015544041450777202
plurality,0.015544041450777202,0.0,0.0,0.015544041450777202,0.0,0.015544041450777202,0.0
gt,0.015544041450777202,0.0,0.0,0.015544041450777202,0.0,0.015544041450777202,0.0
minimax,0.0,-0.015544041450777202,-0.015544041450777202,0.0,-0.015544041450777202,0.0,-0.015544041450777202
gtd,0.015544041450777202,0.0,0.0,0.015544041450777202,0.0,0.015544041450777202,0.0
Schulze,0.0,-0.015544041450777202,-0.015544041450777202,0.0,-0.015544041450777202,0.0,-0.015544041450777202
IRV,0.015544041450777202,0.0,0.0,0.015544041450777202,0.0,0.015544041450777202,0.0
