,Borda,plurality,gt,minimax,gtd,Schulze,IRV
Borda,0.0,0.03763440860215054,0.0,0.0,0.0,0.0,0.0
plurality,-0.03763440860215054,0.0,-0.005376344086021506,-0.03763440860215054,-0.03763440860215054,-0.03763440860215054,-0.03763440860215054
gt,0.0,0.005376344086021506,0.0,0.0,0.0,0.0,0.0
minimax,0.0,0.03763440860215054,0.0,0.0,0.0,0.0,0.0
gtd,0.0,0.03763440860215054,0.0,0.0,0.0,0.0,0.0
Schulze,0.0,0.03763440860215054,0.0,0.0,0.0,0.0,0.0
IRV,0.0,0.03763440860215054,0.0,0.0,0.0,0.0,0.0
