,Borda,plurality,gt,minimax,gtd,Schulze,IRV
Borda,0.0,0.055248618784530384,0.0,0.0,-0.011049723756906077,0.0,0.0
plurality,-0.055248618784530384,0.0,-0.055248618784530384,-0.055248618784530384,-0.027624309392265192,-0.055248618784530384,-0.055248618784530384
gt,0.0,0.055248618784530384,0.0,0.0,-0.011049723756906077,0.0,0.0
minimax,0.0,0.055248618784530384,0.0,0.0,-0.011049723756906077,0.0,0.0
gtd,0.011049723756906077,0.027624309392265192,0.011049723756906077,0.011049723756906077,0.0,0.011049723756906077,0.011049723756906077
Schulze,0.0,0.055248618784530384,0.0,0.0,-0.011049723756906077,0.0,0.0
IRV,0.0,0.055248618784530384,0.0,0.0,-0.011049723756906077,0.0,0.0
