,Borda,plurality,gt,minimax,gtd,Schulze,IRV
Borda,0.0,-0.05370843989769821,0.0792838874680307,-0.05370843989769821,-0.05370843989769821,-0.05370843989769821,0.0792838874680307
plurality,0.05370843989769821,0.0,-0.0025575447570332483,0.0,0.0,0.0,-0.0025575447570332483
gt,-0.0792838874680307,0.0025575447570332483,0.0,0.0025575447570332483,0.0025575447570332483,0.0025575447570332483,0.0
minimax,0.05370843989769821,0.0,-0.0025575447570332483,0.0,0.0,0.0,-0.0025575447570332483
gtd,0.05370843989769821,0.0,-0.0025575447570332483,0.0,0.0,0.0,-0.0025575447570332483
Schulze,0.05370843989769821,0.0,-0.0025575447570332483,0.0,0.0,0.0,-0.0025575447570332483
IRV,-0.0792838874680307,0.0025575447570332483,0.0,0.0025575447570332483,0.0025575447570332483,0.0025575447570332483,0.0
