,Borda,plurality,gt,minimax,gtd,Schulze,IRV
Borda,0.0,0.05714285714285714,-0.022857142857142857,-0.022857142857142857,-0.022857142857142857,-0.022857142857142857,0.011428571428571429
plurality,-0.05714285714285714,0.0,0.005714285714285714,0.005714285714285714,0.005714285714285714,0.005714285714285714,-0.017142857142857144
gt,0.022857142857142857,-0.005714285714285714,0.0,0.0,0.0,0.0,0.02857142857142857
minimax,0.022857142857142857,-0.005714285714285714,0.0,0.0,0.0,0.0,0.02857142857142857
gtd,0.022857142857142857,-0.005714285714285714,0.0,0.0,0.0,0.0,0.02857142857142857
Schulze,0.022857142857142857,-0.005714285714285714,0.0,0.0,0.0,0.0,0.02857142857142857
IRV,-0.011428571428571429,0.017142857142857144,-0.02857142857142857,-0.02857142857142857,-0.02857142857142857,-0.02857142857142857,0.0
