,Borda,plurality,gt,minimax,gtd,Schulze,IRV
Borda,0.0,0.05241090146750524,-0.023060796645702306,0.0,-0.023060796645702306,0.0,0.0
plurality,-0.05241090146750524,0.0,0.031446540880503145,-0.05241090146750524,0.031446540880503145,-0.05241090146750524,-0.05241090146750524
gt,0.023060796645702306,-0.031446540880503145,0.0,0.023060796645702306,0.0,0.023060796645702306,0.023060796645702306
minimax,0.0,0.05241090146750524,-0.023060796645702306,0.0,-0.023060796645702306,0.0,0.0
gtd,0.023060796645702306,-0.031446540880503145,0.0,0.023060796645702306,0.0,0.023060796645702306,0.023060796645702306
Schulze,0.0,0.05241090146750524,-0.023060796645702306,0.0,-0.023060796645702306,0.0,0.0
IRV,0.0,0.05241090146750524,-0.023060796645702306,0.0,-0.023060796645702306,0.0,0.0
