,Borda,plurality,gt,minimax,gtd,Schulze,IRV
Borda,0.0,0.0327455919395466,-0.04785894206549118,0.0327455919395466,0.0,0.0327455919395466,0.0
plurality,-0.0327455919395466,0.0,0.07808564231738035,0.0,-0.0327455919395466,0.0,-0.0327455919395466
gt,0.04785894206549118,-0.07808564231738035,0.0,-0.07808564231738035,0.04785894206549118,-0.07808564231738035,0.04785894206549118
minimax,-0.0327455919395466,0.0,0.07808564231738035,0.0,-0.0327455919395466,0.0,-0.0327455919395466
gtd,0.0,0.0327455919395466,-0.04785894206549118,0.0327455919395466,0.0,0.0327455919395466,0.0
Schulze,-0.0327455919395466,0.0,0.07808564231738035,0.0,-0.0327455919395466,0.0,-0.0327455919395466
IRV,0.0,0.0327455919395466,-0.04785894206549118,0.0327455919395466,0.0,0.0327455919395466,0.0
