,Borda,plurality,gt,minimax,gtd,Schulze,IRV
Borda,0.0,0.13440860215053763,0.0,0.0,0.0,0.0,0.0
plurality,-0.13440860215053763,0.0,-0.13440860215053763,-0.13440860215053763,-0.14516129032258066,-0.13440860215053763,-0.14516129032258066
gt,0.0,0.13440860215053763,0.0,0.0,0.0,0.0,0.0
minimax,0.0,0.13440860215053763,0.0,0.0,0.0,0.0,0.0
gtd,0.0,0.14516129032258066,0.0,0.0,0.0,0.0,0.0
Schulze,0.0,0.13440860215053763,0.0,0.0,0.0,0.0,0.0
IRV,0.0,0.14516129032258066,0.0,0.0,0.0,0.0,0.0
