,Borda,plurality,gt,minimax,gtd,Schulze,IRV
Borda,0.0,0.04132231404958678,0.04132231404958678,-0.0743801652892562,0.04132231404958678,-0.0743801652892562,0.0
plurality,-0.04132231404958678,0.0,0.0,0.004132231404958678,0.0,0.004132231404958678,-0.04132231404958678
gt,-0.04132231404958678,0.0,0.0,0.004132231404958678,0.0,0.004132231404958678,-0.04132231404958678
minimax,0.0743801652892562,-0.004132231404958678,-0.004132231404958678,0.0,-0.004132231404958678,0.0,0.0743801652892562
gtd,-0.04132231404958678,0.0,0.0,0.004132231404958678,0.0,0.004132231404958678,-0.04132231404958678
Schulze,0.0743801652892562,-0.004132231404958678,-0.004132231404958678,0.0,-0.004132231404958678,0.0,0.0743801652892562
IRV,0.0,0.04132231404958678,0.04132231404958678,-0.0743801652892562,0.04132231404958678,-0.0743801652892562,0.0
