,Borda,plurality,gt,minimax,gtd,Schulze,IRV
Borda,0.0,0.014423076923076924,-0.004807692307692308,0.0,0.0,0.0,0.014423076923076924
plurality,-0.014423076923076924,0.0,0.016826923076923076,-0.014423076923076924,-0.014423076923076924,-0.014423076923076924,0.0
gt,0.004807692307692308,-0.016826923076923076,0.0,0.004807692307692308,0.004807692307692308,0.004807692307692308,-0.016826923076923076
minimax,0.0,0.014423076923076924,-0.004807692307692308,0.0,0.0,0.0,0.014423076923076924
gtd,0.0,0.014423076923076924,-0.004807692307692308,0.0,0.0,0.0,0.014423076923076924
Schulze,0.0,0.014423076923076924,-0.004807692307692308,0.0,0.0,0.0,0.014423076923076924
IRV,-0.014423076923076924,0.0,0.016826923076923076,-0.014423076923076924,-0.014423076923076924,-0.014423076923076924,0.0
