,Borda,plurality,gt,minimax,gtd,Schulze,IRV
Borda,0.0,-0.030456852791878174,-0.030456852791878174,-0.030456852791878174,-0.030456852791878174,-0.030456852791878174,0.07106598984771574
plurality,0.030456852791878174,0.0,0.0,0.0,0.0,0.0,-0.025380710659898477
gt,0.030456852791878174,0.0,0.0,0.0,0.0,0.0,-0.025380710659898477
minimax,0.030456852791878174,0.0,0.0,0.0,0.0,0.0,-0.025380710659898477
gtd,0.030456852791878174,0.0,0.0,0.0,0.0,0.0,-0.025380710659898477
Schulze,0.030456852791878174,0.0,0.0,0.0,0.0,0.0,-0.025380710659898477
IRV,-0.07106598984771574,0.025380710659898477,0.025380710659898477,0.025380710659898477,0.025380710659898477,0.025380710659898477,0.0
