,Borda,plurality,gt,minimax,gtd,Schulze,IRV
Borda,0.0,-0.019955654101995565,-0.019955654101995565,0.0,-0.019955654101995565,0.0,0.028824833702882482
plurality,0.019955654101995565,0.0,0.0,0.019955654101995565,0.0,0.019955654101995565,-0.024390243902439025
gt,0.019955654101995565,0.0,0.0,0.019955654101995565,0.0,0.019955654101995565,-0.024390243902439025
minimax,0.0,-0.019955654101995565,-0.019955654101995565,0.0,-0.019955654101995565,0.0,0.028824833702882482
gtd,0.019955654101995565,0.0,0.0,0.019955654101995565,0.0,0.019955654101995565,-0.024390243902439025
Schulze,0.0,-0.019955654101995565,-0.019955654101995565,0.0,-0.019955654101995565,0.0,0.028824833702882482
IRV,-0.028824833702882482,0.024390243902439025,0.024390243902439025,-0.028824833702882482,0.024390243902439025,-0.028824833702882482,0.0
