,Borda,plurality,gt,minimax,gtd,Schulze,IRV
Borda,0.0,0.0,-0.009107468123861567,-0.009107468123861567,-0.009107468123861567,-0.009107468123861567,0.0
plurality,0.0,0.0,-0.009107468123861567,-0.009107468123861567,-0.009107468123861567,-0.009107468123861567,0.0
gt,0.009107468123861567,0.009107468123861567,0.0,0.0,0.0,0.0,0.009107468123861567
minimax,0.009107468123861567,0.009107468123861567,0.0,0.0,0.0,0.0,0.009107468123861567
gtd,0.009107468123861567,0.009107468123861567,0.0,0.0,0.0,0.0,0.009107468123861567
Schulze,0.009107468123861567,0.009107468123861567,0.0,0.0,0.0,0.0,0.009107468123861567
IRV,0.0,0.0,-0.009107468123861567,-0.009107468123861567,-0.009107468123861567,-0.009107468123861567,0.0
