,Borda,plurality,gt,minimax,gtd,Schulze,IRV
Borda,0.0,0.04846938775510204,0.0,0.0,0.0,0.0,0.0
plurality,-0.04846938775510204,0.0,-0.04846938775510204,-0.04846938775510204,-0.03571428571428571,-0.04846938775510204,-0.04846938775510204
gt,0.0,0.04846938775510204,0.0,0.0,0.0,0.0,0.0
minimax,0.0,0.04846938775510204,0.0,0.0,0.0,0.0,0.0
gtd,0.0,0.03571428571428571,0.0,0.0,0.0,0.0,0.0
Schulze,0.0,0.04846938775510204,0.0,0.0,0.0,0.0,0.0
IRV,0.0,0.04846938775510204,0.0,0.0,0.0,0.0,0.0
