,Borda,plurality,gt,minimax,gtd,Schulze,IRV
Borda,0.0,0.08010335917312661,-0.012919896640826873,0.0,-0.012919896640826873,0.0,0.0
plurality,-0.08010335917312661,0.0,0.023255813953488372,-0.08010335917312661,0.023255813953488372,-0.08010335917312661,-0.08010335917312661
gt,0.012919896640826873,-0.023255813953488372,0.0,0.012919896640826873,0.0,0.012919896640826873,0.012919896640826873
minimax,0.0,0.08010335917312661,-0.012919896640826873,0.0,-0.012919896640826873,0.0,0.0
gtd,0.012919896640826873,-0.023255813953488372,0.0,0.012919896640826873,0.0,0.012919896640826873,0.012919896640826873
Schulze,0.0,0.08010335917312661,-0.012919896640826873,0.0,-0.012919896640826873,0.0,0.0
IRV,0.0,0.08010335917312661,-0.012919896640826873,0.0,-0.012919896640826873,0.0,0.0
