,Borda,plurality,gt,minimax,gtd,Schulze,IRV
Borda,0.0,0.0,-0.004629629629629629,-0.004629629629629629,-0.004629629629629629,-0.004629629629629629,-0.004629629629629629
plurality,0.0,0.0,-0.004629629629629629,-0.004629629629629629,-0.004629629629629629,-0.004629629629629629,-0.004629629629629629
gt,0.004629629629629629,0.004629629629629629,0.0,0.0,0.0,0.0,0.0
minimax,0.004629629629629629,0.004629629629629629,0.0,0.0,0.0,0.0,0.0
gtd,0.004629629629629629,0.004629629629629629,0.0,0.0,0.0,0.0,0.0
Schulze,0.004629629629629629,0.004629629629629629,0.0,0.0,0.0,0.0,0.0
IRV,0.004629629629629629,0.004629629629629629,0.0,0.0,0.0,0.0,0.0
