,Borda,plurality,gt,minimax,gtd,Schulze,IRV
Borda,0.0,0.08866995073891626,0.0,0.0,0.0,0.0,0.0
plurality,-0.08866995073891626,0.0,-0.08866995073891626,-0.03940886699507389,-0.08866995073891626,-0.03940886699507389,-0.08866995073891626
gt,0.0,0.08866995073891626,0.0,0.0,0.0,0.0,0.0
minimax,0.0,0.03940886699507389,0.0,0.0,0.0,0.0,0.0
gtd,0.0,0.08866995073891626,0.0,0.0,0.0,0.0,0.0
Schulze,0.0,0.03940886699507389,0.0,0.0,0.0,0.0,0.0
IRV,0.0,0.08866995073891626,0.0,0.0,0.0,0.0,0.0
