,Borda,plurality,gt,minimax,gtd,Schulze,IRV
Borda,0.0,-0.04022191400832178,0.018030513176144243,0.018030513176144243,0.018030513176144243,0.018030513176144243,0.018030513176144243
plurality,0.04022191400832178,0.0,-0.020804438280166437,-0.020804438280166437,-0.020804438280166437,-0.020804438280166437,-0.020804438280166437
gt,-0.018030513176144243,0.020804438280166437,0.0,0.0,0.0,0.0,0.0
minimax,-0.018030513176144243,0.020804438280166437,0.0,0.0,0.0,0.0,0.0
gtd,-0.018030513176144243,0.020804438280166437,0.0,0.0,0.0,0.0,0.0
Schulze,-0.018030513176144243,0.020804438280166437,0.0,0.0,0.0,0.0,0.0
IRV,-0.018030513176144243,0.020804438280166437,0.0,0.0,0.0,0.0,0.0
