,Borda,plurality,gt,minimax,gtd,Schulze,IRV
Borda,0.0,0.05411764705882353,0.05411764705882353,0.0,-0.021176470588235293,0.0,0.0
plurality,-0.05411764705882353,0.0,0.0,-0.05411764705882353,0.03529411764705882,-0.05411764705882353,-0.05411764705882353
gt,-0.05411764705882353,0.0,0.0,-0.05411764705882353,0.03529411764705882,-0.05411764705882353,-0.05411764705882353
minimax,0.0,0.05411764705882353,0.05411764705882353,0.0,-0.021176470588235293,0.0,0.0
gtd,0.021176470588235293,-0.03529411764705882,-0.03529411764705882,0.021176470588235293,0.0,0.021176470588235293,0.021176470588235293
Schulze,0.0,0.05411764705882353,0.05411764705882353,0.0,-0.021176470588235293,0.0,0.0
IRV,0.0,0.05411764705882353,0.05411764705882353,0.0,-0.021176470588235293,0.0,0.0
