,Borda,plurality,gt,minimax,gtd,Schulze,IRV
Borda,0.0,-0.025036818851251842,-0.025036818851251842,-0.025036818851251842,-0.025036818851251842,-0.025036818851251842,0.05154639175257732
plurality,0.025036818851251842,0.0,0.0,0.0,0.0,0.0,-0.004418262150220913
gt,0.025036818851251842,0.0,0.0,0.0,0.0,0.0,-0.004418262150220913
minimax,0.025036818851251842,0.0,0.0,0.0,0.0,0.0,-0.004418262150220913
gtd,0.025036818851251842,0.0,0.0,0.0,0.0,0.0,-0.004418262150220913
Schulze,0.025036818851251842,0.0,0.0,0.0,0.0,0.0,-0.004418262150220913
IRV,-0.05154639175257732,0.004418262150220913,0.004418262150220913,0.004418262150220913,0.004418262150220913,0.004418262150220913,0.0
