,Borda,plurality,gt,minimax,gtd,Schulze,IRV
Borda,0.0,-0.02109704641350211,0.05907172995780591,-0.02109704641350211,-0.02109704641350211,-0.02109704641350211,0.05907172995780591
plurality,0.02109704641350211,0.0,-0.016877637130801686,0.0,0.0,0.0,-0.016877637130801686
gt,-0.05907172995780591,0.016877637130801686,0.0,0.016877637130801686,0.016877637130801686,0.016877637130801686,0.0
minimax,0.02109704641350211,0.0,-0.016877637130801686,0.0,0.0,0.0,-0.016877637130801686
gtd,0.02109704641350211,0.0,-0.016877637130801686,0.0,0.0,0.0,-0.016877637130801686
Schulze,0.02109704641350211,0.0,-0.016877637130801686,0.0,0.0,0.0,-0.016877637130801686
IRV,-0.05907172995780591,0.016877637130801686,0.0,0.016877637130801686,0.016877637130801686,0.016877637130801686,0.0
