,Borda,plurality,gt,minimax,gtd,Schulze,IRV
Borda,0.0,-0.001669449081803005,0.0,0.0,-0.001669449081803005,0.0,-0.001669449081803005
plurality,0.001669449081803005,0.0,0.001669449081803005,0.001669449081803005,0.0,0.001669449081803005,0.0
gt,0.0,-0.001669449081803005,0.0,0.0,-0.001669449081803005,0.0,-0.001669449081803005
minimax,0.0,-0.001669449081803005,0.0,0.0,-0.001669449081803005,0.0,-0.001669449081803005
gtd,0.001669449081803005,0.0,0.001669449081803005,0.001669449081803005,0.0,0.001669449081803005,0.0
Schulze,0.0,-0.001669449081803005,0.0,0.0,-0.001669449081803005,0.0,-0.001669449081803005
IRV,0.001669449081803005,0.0,0.001669449081803005,0.001669449081803005,0.0,0.001669449081803005,0.0
