,Borda,plurality,gt,minimax,gtd,Schulze,IRV
Borda,0.0,0.0,0.0,0.0,0.0,0.0,0.05291005291005291
plurality,0.0,0.0,0.0,0.0,0.0,0.0,-0.06349206349206349
gt,0.0,0.0,0.0,0.0,0.0,0.0,-0.06349206349206349
minimax,0.0,0.0,0.0,0.0,0.0,0.0,0.05291005291005291
gtd,0.0,0.0,0.0,0.0,0.0,0.0,0.05291005291005291
Schulze,0.0,0.0,0.0,0.0,0.0,0.0,0.05291005291005291
IRV,-0.05291005291005291,0.06349206349206349,0.06349206349206349,-0.05291005291005291,-0.05291005291005291,-0.05291005291005291,0.0
