,Borda,plurality,gt,minimax,gtd,Schulze,IRV
Borda,0.0,-0.011553273427471117,-0.011553273427471117,-0.011553273427471117,-0.011553273427471117,-0.011553273427471117,-0.011553273427471117
plurality,0.011553273427471117,0.0,0.0,0.0,0.0,0.0,0.0
gt,0.011553273427471117,0.0,0.0,0.0,0.0,0.0,0.0
minimax,0.011553273427471117,0.0,0.0,0.0,0.0,0.0,0.0
gtd,0.011553273427471117,0.0,0.0,0.0,0.0,0.0,0.0
Schulze,0.011553273427471117,0.0,0.0,0.0,0.0,0.0,0.0
IRV,0.011553273427471117,0.0,0.0,0.0,0.0,0.0,0.0
