,Borda,plurality,gt,minimax,gtd,Schulze,IRV
Borda,0.0,-0.013100436681222707,0.09170305676855896,-0.013100436681222707,-0.013100436681222707,-0.013100436681222707,0.09170305676855896
plurality,0.013100436681222707,0.0,0.0,0.0,0.0,0.0,0.0
gt,-0.09170305676855896,0.0,0.0,0.0,0.0,0.0,0.0
minimax,0.013100436681222707,0.0,0.0,0.0,0.0,0.0,0.0
gtd,0.013100436681222707,0.0,0.0,0.0,0.0,0.0,0.0
Schulze,0.013100436681222707,0.0,0.0,0.0,0.0,0.0,0.0
IRV,-0.09170305676855896,0.0,0.0,0.0,0.0,0.0,0.0
