,Borda,plurality,gt,minimax,gtd,Schulze,IRV
Borda,0.0,-0.022556390977443608,-0.022556390977443608,-0.022556390977443608,-0.022556390977443608,-0.022556390977443608,0.03258145363408521
plurality,0.022556390977443608,0.0,0.0,0.0,0.0,0.0,-0.012531328320802004
gt,0.022556390977443608,0.0,0.0,0.0,0.0,0.0,-0.012531328320802004
minimax,0.022556390977443608,0.0,0.0,0.0,0.0,0.0,-0.012531328320802004
gtd,0.022556390977443608,0.0,0.0,0.0,0.0,0.0,-0.012531328320802004
Schulze,0.022556390977443608,0.0,0.0,0.0,0.0,0.0,-0.012531328320802004
IRV,-0.03258145363408521,0.012531328320802004,0.012531328320802004,0.012531328320802004,0.012531328320802004,0.012531328320802004,0.0
