,Borda,plurality,gt,minimax,gtd,Schulze,IRV
Borda,0.0,-0.06457242582897033,0.029668411867364748,0.029668411867364748,0.029668411867364748,0.029668411867364748,0.029668411867364748
plurality,0.06457242582897033,0.0,-0.04013961605584642,-0.04013961605584642,-0.04013961605584642,-0.04013961605584642,-0.04013961605584642
gt,-0.029668411867364748,0.04013961605584642,0.0,0.0,0.0,0.0,0.0
minimax,-0.029668411867364748,0.04013961605584642,0.0,0.0,0.0,0.0,0.0
gtd,-0.029668411867364748,0.04013961605584642,0.0,0.0,0.0,0.0,0.0
Schulze,-0.029668411867364748,0.04013961605584642,0.0,0.0,0.0,0.0,0.0
IRV,-0.029668411867364748,0.04013961605584642,0.0,0.0,0.0,0.0,0.0
