,Borda,plurality,gt,minimax,gtd,Schulze,IRV
Borda,0.0,-0.01443298969072165,0.010309278350515464,-0.01443298969072165,0.010309278350515464,-0.01443298969072165,0.010309278350515464
plurality,0.01443298969072165,0.0,-0.006185567010309278,0.0,-0.006185567010309278,0.0,-0.006185567010309278
gt,-0.010309278350515464,0.006185567010309278,0.0,0.006185567010309278,0.0,0.006185567010309278,0.0
minimax,0.01443298969072165,0.0,-0.006185567010309278,0.0,-0.006185567010309278,0.0,-0.006185567010309278
gtd,-0.010309278350515464,0.006185567010309278,0.0,0.006185567010309278,0.0,0.006185567010309278,0.0
Schulze,0.01443298969072165,0.0,-0.006185567010309278,0.0,-0.006185567010309278,0.0,-0.006185567010309278
IRV,-0.010309278350515464,0.006185567010309278,0.0,0.006185567010309278,0.0,0.006185567010309278,0.0
