,Borda,plurality,gt,minimax,gtd,Schulze,IRV
Borda,0.0,-0.042105263157894736,0.031578947368421054,-0.042105263157894736,0.031578947368421054,-0.042105263157894736,-0.042105263157894736
plurality,0.042105263157894736,0.0,-0.005263157894736842,0.0,-0.005263157894736842,0.0,0.0
gt,-0.031578947368421054,0.005263157894736842,0.0,0.005263157894736842,0.0,0.005263157894736842,0.005263157894736842
minimax,0.042105263157894736,0.0,-0.005263157894736842,0.0,-0.005263157894736842,0.0,0.0
gtd,-0.031578947368421054,0.005263157894736842,0.0,0.005263157894736842,0.0,0.005263157894736842,0.005263157894736842
Schulze,0.042105263157894736,0.0,-0.005263157894736842,0.0,-0.005263157894736842,0.0,0.0
IRV,0.042105263157894736,0.0,-0.005263157894736842,0.0,-0.005263157894736842,0.0,0.0
