,Borda,plurality,gt,minimax,gtd,Schulze,IRV
Borda,0.0,-0.01026694045174538,0.018480492813141684,0.0,0.0,0.0,0.018480492813141684
plurality,0.01026694045174538,0.0,-0.022587268993839837,0.01026694045174538,0.01026694045174538,0.01026694045174538,-0.022587268993839837
gt,-0.018480492813141684,0.022587268993839837,0.0,-0.018480492813141684,-0.018480492813141684,-0.018480492813141684,0.0
minimax,0.0,-0.01026694045174538,0.018480492813141684,0.0,0.0,0.0,0.018480492813141684
gtd,0.0,-0.01026694045174538,0.018480492813141684,0.0,0.0,0.0,0.018480492813141684
Schulze,0.0,-0.01026694045174538,0.018480492813141684,0.0,0.0,0.0,0.018480492813141684
IRV,-0.018480492813141684,0.022587268993839837,0.0,-0.018480492813141684,-0.018480492813141684,-0.018480492813141684,0.0
