,Borda,plurality,gt,minimax,gtd,Schulze,IRV
Borda,0.0,0.001834862385321101,0.0,0.001834862385321101,0.001834862385321101,0.001834862385321101,0.0
plurality,-0.001834862385321101,0.0,-0.001834862385321101,0.0,0.0,0.0,-0.001834862385321101
gt,0.0,0.001834862385321101,0.0,0.001834862385321101,0.001834862385321101,0.001834862385321101,0.0
minimax,-0.001834862385321101,0.0,-0.001834862385321101,0.0,0.0,0.0,-0.001834862385321101
gtd,-0.001834862385321101,0.0,-0.001834862385321101,0.0,0.0,0.0,-0.001834862385321101
Schulze,-0.001834862385321101,0.0,-0.001834862385321101,0.0,0.0,0.0,-0.001834862385321101
IRV,0.0,0.001834862385321101,0.0,0.001834862385321101,0.001834862385321101,0.001834862385321101,0.0
