,Borda,plurality,gt,minimax,gtd,Schulze,IRV
Borda,0.0,-0.06382978723404255,0.016548463356973995,-0.06382978723404255,0.016548463356973995,-0.06382978723404255,-0.06382978723404255
plurality,0.06382978723404255,0.0,-0.01182033096926714,0.0,-0.01182033096926714,0.0,0.0
gt,-0.016548463356973995,0.01182033096926714,0.0,0.01182033096926714,0.0,0.01182033096926714,0.01182033096926714
minimax,0.06382978723404255,0.0,-0.01182033096926714,0.0,-0.01182033096926714,0.0,0.0
gtd,-0.016548463356973995,0.01182033096926714,0.0,0.01182033096926714,0.0,0.01182033096926714,0.01182033096926714
Schulze,0.06382978723404255,0.0,-0.01182033096926714,0.0,-0.01182033096926714,0.0,0.0
IRV,0.06382978723404255,0.0,-0.01182033096926714,0.0,-0.01182033096926714,0.0,0.0
