,Borda,plurality,gt,minimax,gtd,Schulze,IRV
Borda,0.0,0.028368794326241134,-0.010638297872340425,-0.010638297872340425,-0.010638297872340425,-0.010638297872340425,0.028368794326241134
plurality,-0.028368794326241134,0.0,0.0035460992907801418,0.0035460992907801418,0.0035460992907801418,0.0035460992907801418,0.0
gt,0.010638297872340425,-0.0035460992907801418,0.0,0.0,0.0,0.0,0.02127659574468085
minimax,0.010638297872340425,-0.0035460992907801418,0.0,0.0,0.0,0.0,0.02127659574468085
gtd,0.010638297872340425,-0.0035460992907801418,0.0,0.0,0.0,0.0,0.02127659574468085
Schulze,0.010638297872340425,-0.0035460992907801418,0.0,0.0,0.0,0.0,0.02127659574468085
IRV,-0.028368794326241134,0.0,-0.02127659574468085,-0.02127659574468085,-0.02127659574468085,-0.02127659574468085,0.0
