,Borda,plurality,gt,minimax,gtd,Schulze,IRV
Borda,0.0,-0.030694668820678513,0.027463651050080775,-0.030694668820678513,0.027463651050080775,-0.030694668820678513,-0.030694668820678513
plurality,0.030694668820678513,0.0,-0.008077544426494346,0.0,-0.008077544426494346,0.0,0.0
gt,-0.027463651050080775,0.008077544426494346,0.0,0.008077544426494346,0.0,0.008077544426494346,0.008077544426494346
minimax,0.030694668820678513,0.0,-0.008077544426494346,0.0,-0.008077544426494346,0.0,0.0
gtd,-0.027463651050080775,0.008077544426494346,0.0,0.008077544426494346,0.0,0.008077544426494346,0.008077544426494346
Schulze,0.030694668820678513,0.0,-0.008077544426494346,0.0,-0.008077544426494346,0.0,0.0
IRV,0.030694668820678513,0.0,-0.008077544426494346,0.0,-0.008077544426494346,0.0,0.0
