,Borda,plurality,gt,minimax,gtd,Schulze,IRV
Borda,0.0,-0.017902813299232736,0.043478260869565216,-0.017902813299232736,-0.017902813299232736,-0.017902813299232736,-0.017902813299232736
plurality,0.017902813299232736,0.0,-0.017902813299232736,0.0,0.0,0.0,0.0
gt,-0.043478260869565216,0.017902813299232736,0.0,0.017902813299232736,0.017902813299232736,0.017902813299232736,0.017902813299232736
minimax,0.017902813299232736,0.0,-0.017902813299232736,0.0,0.0,0.0,0.0
gtd,0.017902813299232736,0.0,-0.017902813299232736,0.0,0.0,0.0,0.0
Schulze,0.017902813299232736,0.0,-0.017902813299232736,0.0,0.0,0.0,0.0
IRV,0.017902813299232736,0.0,-0.017902813299232736,0.0,0.0,0.0,0.0
