,Borda,plurality,gt,minimax,gtd,Schulze,IRV
Borda,0.0,-0.012658227848101266,-0.012658227848101266,0.0,0.0,0.0,0.06835443037974684
plurality,0.012658227848101266,0.0,0.0,0.012658227848101266,0.012658227848101266,0.012658227848101266,-0.08354430379746836
gt,0.012658227848101266,0.0,0.0,0.012658227848101266,0.012658227848101266,0.012658227848101266,-0.08354430379746836
minimax,0.0,-0.012658227848101266,-0.012658227848101266,0.0,0.0,0.0,0.06835443037974684
gtd,0.0,-0.012658227848101266,-0.012658227848101266,0.0,0.0,0.0,0.06835443037974684
Schulze,0.0,-0.012658227848101266,-0.012658227848101266,0.0,0.0,0.0,0.06835443037974684
IRV,-0.06835443037974684,0.08354430379746836,0.08354430379746836,-0.06835443037974684,-0.06835443037974684,-0.06835443037974684,0.0
