,Borda,plurality,gt,minimax,gtd,Schulze,IRV
Borda,0.0,0.07659574468085106,0.07659574468085106,0.0,-0.01276595744680851,0.0,0.0
plurality,-0.07659574468085106,0.0,0.0,-0.07659574468085106,0.029787234042553193,-0.07659574468085106,-0.07659574468085106
gt,-0.07659574468085106,0.0,0.0,-0.07659574468085106,0.029787234042553193,-0.07659574468085106,-0.07659574468085106
minimax,0.0,0.07659574468085106,0.07659574468085106,0.0,-0.01276595744680851,0.0,0.0
gtd,0.01276595744680851,-0.029787234042553193,-0.029787234042553193,0.01276595744680851,0.0,0.01276595744680851,0.01276595744680851
Schulze,0.0,0.07659574468085106,0.07659574468085106,0.0,-0.01276595744680851,0.0,0.0
IRV,0.0,0.07659574468085106,0.07659574468085106,0.0,-0.01276595744680851,0.0,0.0
