,Borda,plurality,gt,minimax,gtd,Schulze,IRV
Borda,0.0,0.0430622009569378,0.0430622009569378,-0.0430622009569378,0.0430622009569378,-0.0430622009569378,0.0
plurality,-0.0430622009569378,0.0,0.0,0.014354066985645933,0.0,0.014354066985645933,-0.0430622009569378
gt,-0.0430622009569378,0.0,0.0,0.014354066985645933,0.0,0.014354066985645933,-0.0430622009569378
minimax,0.0430622009569378,-0.014354066985645933,-0.014354066985645933,0.0,-0.014354066985645933,0.0,0.0430622009569378
gtd,-0.0430622009569378,0.0,0.0,0.014354066985645933,0.0,0.014354066985645933,-0.0430622009569378
Schulze,0.0430622009569378,-0.014354066985645933,-0.014354066985645933,0.0,-0.014354066985645933,0.0,0.0430622009569378
IRV,0.0,0.0430622009569378,0.0430622009569378,-0.0430622009569378,0.0430622009569378,-0.0430622009569378,0.0
