,Borda,plurality,gt,minimax,gtd,Schulze,IRV
Borda,0.0,0.019178082191780823,-0.024657534246575342,0.019178082191780823,0.0,0.019178082191780823,0.0
plurality,-0.019178082191780823,0.0,0.0410958904109589,0.0,-0.019178082191780823,0.0,-0.019178082191780823
gt,0.024657534246575342,-0.0410958904109589,0.0,-0.0410958904109589,0.024657534246575342,-0.0410958904109589,0.024657534246575342
minimax,-0.019178082191780823,0.0,0.0410958904109589,0.0,-0.019178082191780823,0.0,-0.019178082191780823
gtd,0.0,0.019178082191780823,-0.024657534246575342,0.019178082191780823,0.0,0.019178082191780823,0.0
Schulze,-0.019178082191780823,0.0,0.0410958904109589,0.0,-0.019178082191780823,0.0,-0.019178082191780823
IRV,0.0,0.019178082191780823,-0.024657534246575342,0.019178082191780823,0.0,0.019178082191780823,0.0
