,Borda,plurality,gt,minimax,gtd,Schulze,IRV
Borda,0.0,0.0,0.0,0.0,-0.013435700575815739,0.0,-0.013435700575815739
plurality,0.0,0.0,0.0,0.0,-0.013435700575815739,0.0,-0.013435700575815739
gt,0.0,0.0,0.0,0.0,-0.013435700575815739,0.0,-0.013435700575815739
minimax,0.0,0.0,0.0,0.0,-0.013435700575815739,0.0,-0.013435700575815739
gtd,0.013435700575815739,0.013435700575815739,0.013435700575815739,0.013435700575815739,0.0,0.013435700575815739,0.0
Schulze,0.0,0.0,0.0,0.0,-0.013435700575815739,0.0,-0.013435700575815739
IRV,0.013435700575815739,0.013435700575815739,0.013435700575815739,0.013435700575815739,0.0,0.013435700575815739,0.0
