,Borda,plurality,gt,minimax,gtd,Schulze,IRV
Borda,0.0,-0.041407867494824016,0.0,0.004140786749482402,0.004140786749482402,0.004140786749482402,-0.041407867494824016
plurality,0.041407867494824016,0.0,0.041407867494824016,-0.022774327122153208,-0.022774327122153208,-0.022774327122153208,0.0
gt,0.0,-0.041407867494824016,0.0,0.004140786749482402,0.004140786749482402,0.004140786749482402,-0.041407867494824016
minimax,-0.004140786749482402,0.022774327122153208,-0.004140786749482402,0.0,0.0,0.0,0.022774327122153208
gtd,-0.004140786749482402,0.022774327122153208,-0.004140786749482402,0.0,0.0,0.0,0.022774327122153208
Schulze,-0.004140786749482402,0.022774327122153208,-0.004140786749482402,0.0,0.0,0.0,0.022774327122153208
IRV,0.041407867494824016,0.0,0.041407867494824016,-0.022774327122153208,-0.022774327122153208,-0.022774327122153208,0.0
