,Borda,plurality,gt,minimax,gtd,Schulze,IRV
Borda,0.0,-0.00881057268722467,-0.00881057268722467,-0.00881057268722467,-0.00881057268722467,-0.00881057268722467,0.08370044052863436
plurality,0.00881057268722467,0.0,0.0,0.0,0.0,0.0,-0.004405286343612335
gt,0.00881057268722467,0.0,0.0,0.0,0.0,0.0,-0.004405286343612335
minimax,0.00881057268722467,0.0,0.0,0.0,0.0,0.0,-0.004405286343612335
gtd,0.00881057268722467,0.0,0.0,0.0,0.0,0.0,-0.004405286343612335
Schulze,0.00881057268722467,0.0,0.0,0.0,0.0,0.0,-0.004405286343612335
IRV,-0.08370044052863436,0.004405286343612335,0.004405286343612335,0.004405286343612335,0.004405286343612335,0.004405286343612335,0.0
