,Borda,plurality,gt,minimax,gtd,Schulze,IRV
Borda,0.0,0.0,0.0,0.0,0.0,0.0,0.02577319587628866
plurality,0.0,0.0,0.0,0.0,0.0,0.0,-0.005154639175257732
gt,0.0,0.0,0.0,0.0,0.0,0.0,-0.005154639175257732
minimax,0.0,0.0,0.0,0.0,0.0,0.0,0.02577319587628866
gtd,0.0,0.0,0.0,0.0,0.0,0.0,-0.005154639175257732
Schulze,0.0,0.0,0.0,0.0,0.0,0.0,0.02577319587628866
IRV,-0.02577319587628866,0.005154639175257732,0.005154639175257732,-0.02577319587628866,0.005154639175257732,-0.02577319587628866,0.0
