,Borda,plurality,gt,minimax,gtd,Schulze,IRV
Borda,0.0,0.017241379310344827,0.0,-0.05172413793103448,0.017241379310344827,-0.05172413793103448,0.017241379310344827
plurality,-0.017241379310344827,0.0,-0.017241379310344827,0.017241379310344827,0.0,0.017241379310344827,0.0
gt,0.0,0.017241379310344827,0.0,-0.05172413793103448,0.017241379310344827,-0.05172413793103448,0.017241379310344827
minimax,0.05172413793103448,-0.017241379310344827,0.05172413793103448,0.0,-0.017241379310344827,0.0,-0.017241379310344827
gtd,-0.017241379310344827,0.0,-0.017241379310344827,0.017241379310344827,0.0,0.017241379310344827,0.0
Schulze,0.05172413793103448,-0.017241379310344827,0.05172413793103448,0.0,-0.017241379310344827,0.0,-0.017241379310344827
IRV,-0.017241379310344827,0.0,-0.017241379310344827,0.017241379310344827,0.0,0.017241379310344827,0.0
