,Borda,plurality,gt,minimax,gtd,Schulze,IRV
Borda,0.0,0.04552129221732746,-0.004405286343612335,0.0,-0.004405286343612335,0.0,0.04552129221732746
plurality,-0.04552129221732746,0.0,0.016152716593245228,-0.04552129221732746,0.016152716593245228,-0.04552129221732746,0.0
gt,0.004405286343612335,-0.016152716593245228,0.0,0.004405286343612335,0.0,0.004405286343612335,-0.016152716593245228
minimax,0.0,0.04552129221732746,-0.004405286343612335,0.0,-0.004405286343612335,0.0,0.04552129221732746
gtd,0.004405286343612335,-0.016152716593245228,0.0,0.004405286343612335,0.0,0.004405286343612335,-0.016152716593245228
Schulze,0.0,0.04552129221732746,-0.004405286343612335,0.0,-0.004405286343612335,0.0,0.04552129221732746
IRV,-0.04552129221732746,0.0,0.016152716593245228,-0.04552129221732746,0.016152716593245228,-0.04552129221732746,0.0
