,Borda,plurality,gt,minimax,gtd,Schulze,IRV
Borda,0.0,0.0,0.0,0.0,-0.008771929824561403,0.0,0.0
plurality,0.0,0.0,0.0,0.0,-0.008771929824561403,0.0,0.0
gt,0.0,0.0,0.0,0.0,-0.008771929824561403,0.0,0.0
minimax,0.0,0.0,0.0,0.0,-0.008771929824561403,0.0,0.0
gtd,0.008771929824561403,0.008771929824561403,0.008771929824561403,0.008771929824561403,0.0,0.008771929824561403,0.008771929824561403
Schulze,0.0,0.0,0.0,0.0,-0.008771929824561403,0.0,0.0
IRV,0.0,0.0,0.0,0.0,-0.008771929824561403,0.0,0.0
