,Borda,plurality,gt,minimax,gtd,Schulze,IRV
Borda,0.0,-0.030456852791878174,0.0,0.005076142131979695,-0.030456852791878174,0.0,0.050761421319796954
plurality,0.030456852791878174,0.0,0.030456852791878174,0.02030456852791878,0.0,0.030456852791878174,-0.03553299492385787
gt,0.0,-0.030456852791878174,0.0,0.005076142131979695,-0.030456852791878174,0.0,0.050761421319796954
minimax,-0.005076142131979695,-0.02030456852791878,-0.005076142131979695,0.0,-0.02030456852791878,-0.005076142131979695,-0.015228426395939087
gtd,0.030456852791878174,0.0,0.030456852791878174,0.02030456852791878,0.0,0.030456852791878174,-0.03553299492385787
Schulze,0.0,-0.030456852791878174,0.0,0.005076142131979695,-0.030456852791878174,0.0,0.050761421319796954
IRV,-0.050761421319796954,0.03553299492385787,-0.050761421319796954,0.015228426395939087,0.03553299492385787,-0.050761421319796954,0.0
