,Borda,plurality,gt,minimax,gtd,Schulze,IRV
Borda,0.0,0.02512562814070352,0.02512562814070352,-0.04020100502512563,-0.04020100502512563,-0.04020100502512563,-0.04020100502512563
plurality,-0.02512562814070352,0.0,0.0,0.0,0.0,0.0,0.0
gt,-0.02512562814070352,0.0,0.0,0.0,0.0,0.0,0.0
minimax,0.04020100502512563,0.0,0.0,0.0,0.0,0.0,0.0
gtd,0.04020100502512563,0.0,0.0,0.0,0.0,0.0,0.0
Schulze,0.04020100502512563,0.0,0.0,0.0,0.0,0.0,0.0
IRV,0.04020100502512563,0.0,0.0,0.0,0.0,0.0,0.0
