,Borda,plurality,gt,minimax,gtd,Schulze,IRV
Borda,0.0,-0.028037383177570093,0.0,-0.028037383177570093,-0.028037383177570093,-0.028037383177570093,-0.028037383177570093
plurality,0.028037383177570093,0.0,0.028037383177570093,0.0,0.0,0.0,0.0
gt,0.0,-0.028037383177570093,0.0,-0.028037383177570093,-0.028037383177570093,-0.028037383177570093,-0.028037383177570093
minimax,0.028037383177570093,0.0,0.028037383177570093,0.0,0.0,0.0,0.0
gtd,0.028037383177570093,0.0,0.028037383177570093,0.0,0.0,0.0,0.0
Schulze,0.028037383177570093,0.0,0.028037383177570093,0.0,0.0,0.0,0.0
IRV,0.028037383177570093,0.0,0.028037383177570093,0.0,0.0,0.0,0.0
