,Borda,plurality,gt,minimax,gtd,Schulze,IRV
Borda,0.0,-0.00851063829787234,-0.00851063829787234,0.0,-0.00851063829787234,0.0,0.08936170212765958
plurality,0.00851063829787234,0.0,0.0,0.00851063829787234,0.0,0.00851063829787234,-0.02553191489361702
gt,0.00851063829787234,0.0,0.0,0.00851063829787234,0.0,0.00851063829787234,-0.02553191489361702
minimax,0.0,-0.00851063829787234,-0.00851063829787234,0.0,-0.00851063829787234,0.0,0.08936170212765958
gtd,0.00851063829787234,0.0,0.0,0.00851063829787234,0.0,0.00851063829787234,-0.02553191489361702
Schulze,0.0,-0.00851063829787234,-0.00851063829787234,0.0,-0.00851063829787234,0.0,0.08936170212765958
IRV,-0.08936170212765958,0.02553191489361702,0.02553191489361702,-0.08936170212765958,0.02553191489361702,-0.08936170212765958,0.0
