,Borda,plurality,gt,minimax,gtd,Schulze,IRV
Borda,0.0,-0.016853932584269662,-0.016853932584269662,0.0,-0.016853932584269662,0.0,0.056179775280898875
plurality,0.016853932584269662,0.0,0.0,0.016853932584269662,0.0,0.016853932584269662,-0.056179775280898875
gt,0.016853932584269662,0.0,0.0,0.016853932584269662,0.0,0.016853932584269662,-0.056179775280898875
minimax,0.0,-0.016853932584269662,-0.016853932584269662,0.0,-0.016853932584269662,0.0,0.056179775280898875
gtd,0.016853932584269662,0.0,0.0,0.016853932584269662,0.0,0.016853932584269662,-0.056179775280898875
Schulze,0.0,-0.016853932584269662,-0.016853932584269662,0.0,-0.016853932584269662,0.0,0.056179775280898875
IRV,-0.056179775280898875,0.056179775280898875,0.056179775280898875,-0.056179775280898875,0.056179775280898875,-0.056179775280898875,0.0
