,Borda,plurality,gt,minimax,gtd,Schulze,IRV
Borda,0.0,0.0,0.0,0.0,0.0,0.0,0.055762081784386616
plurality,0.0,0.0,0.0,0.0,0.0,0.0,-0.007434944237918215
gt,0.0,0.0,0.0,0.0,0.0,0.0,0.055762081784386616
minimax,0.0,0.0,0.0,0.0,0.0,0.0,0.055762081784386616
gtd,0.0,0.0,0.0,0.0,0.0,0.0,0.055762081784386616
Schulze,0.0,0.0,0.0,0.0,0.0,0.0,0.055762081784386616
IRV,-0.055762081784386616,0.007434944237918215,-0.055762081784386616,-0.055762081784386616,-0.055762081784386616,-0.055762081784386616,0.0
