,Borda,plurality,gt,minimax,gtd,Schulze,IRV
Borda,0.0,-0.01020408163265306,-0.01020408163265306,0.0,-0.01020408163265306,0.0,0.05102040816326531
plurality,0.01020408163265306,0.0,0.0,0.01020408163265306,0.0,0.01020408163265306,-0.015306122448979591
gt,0.01020408163265306,0.0,0.0,0.01020408163265306,0.0,0.01020408163265306,-0.015306122448979591
minimax,0.0,-0.01020408163265306,-0.01020408163265306,0.0,-0.01020408163265306,0.0,0.05102040816326531
gtd,0.01020408163265306,0.0,0.0,0.01020408163265306,0.0,0.01020408163265306,-0.015306122448979591
Schulze,0.0,-0.01020408163265306,-0.01020408163265306,0.0,-0.01020408163265306,0.0,0.05102040816326531
IRV,-0.05102040816326531,0.015306122448979591,0.015306122448979591,-0.05102040816326531,0.015306122448979591,-0.05102040816326531,0.0
