,Borda,plurality,gt,minimax,gtd,Schulze,IRV
Borda,0.0,0.05128205128205128,-0.008547008547008548,0.0,0.0,0.0,0.0
plurality,-0.05128205128205128,0.0,-0.038461538461538464,-0.05128205128205128,-0.05128205128205128,-0.05128205128205128,-0.05128205128205128
gt,0.008547008547008548,0.038461538461538464,0.0,0.008547008547008548,0.008547008547008548,0.008547008547008548,0.008547008547008548
minimax,0.0,0.05128205128205128,-0.008547008547008548,0.0,0.0,0.0,0.0
gtd,0.0,0.05128205128205128,-0.008547008547008548,0.0,0.0,0.0,0.0
Schulze,0.0,0.05128205128205128,-0.008547008547008548,0.0,0.0,0.0,0.0
IRV,0.0,0.05128205128205128,-0.008547008547008548,0.0,0.0,0.0,0.0
