,Borda,plurality,gt,minimax,gtd,Schulze,IRV
Borda,0.0,0.0625,0.0,0.0,-0.008928571428571428,0.0,0.0
plurality,-0.0625,0.0,-0.0625,-0.0625,0.022321428571428572,-0.0625,-0.0625
gt,0.0,0.0625,0.0,0.0,-0.008928571428571428,0.0,0.0
minimax,0.0,0.0625,0.0,0.0,-0.008928571428571428,0.0,0.0
gtd,0.008928571428571428,-0.022321428571428572,0.008928571428571428,0.008928571428571428,0.0,0.008928571428571428,0.008928571428571428
Schulze,0.0,0.0625,0.0,0.0,-0.008928571428571428,0.0,0.0
IRV,0.0,0.0625,0.0,0.0,-0.008928571428571428,0.0,0.0
