,Borda,plurality,gt,minimax,gtd,Schulze,IRV
Borda,0.0,-0.02425876010781671,0.013477088948787063,-0.02425876010781671,0.013477088948787063,-0.02425876010781671,0.013477088948787063
plurality,0.02425876010781671,0.0,-0.013477088948787063,0.0,-0.013477088948787063,0.0,-0.013477088948787063
gt,-0.013477088948787063,0.013477088948787063,0.0,0.013477088948787063,0.0,0.013477088948787063,0.0
minimax,0.02425876010781671,0.0,-0.013477088948787063,0.0,-0.013477088948787063,0.0,-0.013477088948787063
gtd,-0.013477088948787063,0.013477088948787063,0.0,0.013477088948787063,0.0,0.013477088948787063,0.0
Schulze,0.02425876010781671,0.0,-0.013477088948787063,0.0,-0.013477088948787063,0.0,-0.013477088948787063
IRV,-0.013477088948787063,0.013477088948787063,0.0,0.013477088948787063,0.0,0.013477088948787063,0.0
