,Borda,plurality,gt,minimax,gtd,Schulze,IRV
Borda,0.0,0.0,-0.018487394957983194,0.0,-0.018487394957983194,0.0,0.0
plurality,0.0,0.0,-0.018487394957983194,0.0,-0.018487394957983194,0.0,0.0
gt,0.018487394957983194,0.018487394957983194,0.0,0.018487394957983194,0.0,0.018487394957983194,0.018487394957983194
minimax,0.0,0.0,-0.018487394957983194,0.0,-0.018487394957983194,0.0,0.0
gtd,0.018487394957983194,0.018487394957983194,0.0,0.018487394957983194,0.0,0.018487394957983194,0.018487394957983194
Schulze,0.0,0.0,-0.018487394957983194,0.0,-0.018487394957983194,0.0,0.0
IRV,0.0,0.0,-0.018487394957983194,0.0,-0.018487394957983194,0.0,0.0
