,Borda,plurality,gt,minimax,gtd,Schulze,IRV
Borda,0.0,-0.005291005291005291,-0.005291005291005291,0.0,-0.005291005291005291,0.0,0.037037037037037035
plurality,0.005291005291005291,0.0,0.0,0.005291005291005291,0.0,0.005291005291005291,-0.021164021164021163
gt,0.005291005291005291,0.0,0.0,0.005291005291005291,0.0,0.005291005291005291,-0.021164021164021163
minimax,0.0,-0.005291005291005291,-0.005291005291005291,0.0,-0.005291005291005291,0.0,0.037037037037037035
gtd,0.005291005291005291,0.0,0.0,0.005291005291005291,0.0,0.005291005291005291,-0.021164021164021163
Schulze,0.0,-0.005291005291005291,-0.005291005291005291,0.0,-0.005291005291005291,0.0,0.037037037037037035
IRV,-0.037037037037037035,0.021164021164021163,0.021164021164021163,-0.037037037037037035,0.021164021164021163,-0.037037037037037035,0.0
