,Borda,plurality,gt,minimax,gtd,Schulze,IRV
Borda,0.0,-0.014925373134328358,-0.014925373134328358,-0.014925373134328358,-0.014925373134328358,-0.014925373134328358,0.07462686567164178
plurality,0.014925373134328358,0.0,0.0,0.0,0.0,0.0,-0.001658374792703151
gt,0.014925373134328358,0.0,0.0,0.0,0.0,0.0,-0.001658374792703151
minimax,0.014925373134328358,0.0,0.0,0.0,0.0,0.0,-0.001658374792703151
gtd,0.014925373134328358,0.0,0.0,0.0,0.0,0.0,-0.001658374792703151
Schulze,0.014925373134328358,0.0,0.0,0.0,0.0,0.0,-0.001658374792703151
IRV,-0.07462686567164178,0.001658374792703151,0.001658374792703151,0.001658374792703151,0.001658374792703151,0.001658374792703151,0.0
