,Borda,plurality,gt,minimax,gtd,Schulze,IRV
Borda,0.0,-0.014563106796116505,-0.014563106796116505,-0.014563106796116505,-0.014563106796116505,-0.014563106796116505,0.05825242718446602
plurality,0.014563106796116505,0.0,0.0,0.0,0.0,0.0,-0.009708737864077669
gt,0.014563106796116505,0.0,0.0,0.0,0.0,0.0,-0.009708737864077669
minimax,0.014563106796116505,0.0,0.0,0.0,0.0,0.0,-0.009708737864077669
gtd,0.014563106796116505,0.0,0.0,0.0,0.0,0.0,-0.009708737864077669
Schulze,0.014563106796116505,0.0,0.0,0.0,0.0,0.0,-0.009708737864077669
IRV,-0.05825242718446602,0.009708737864077669,0.009708737864077669,0.009708737864077669,0.009708737864077669,0.009708737864077669,0.0
