,Borda,plurality,gt,minimax,gtd,Schulze,IRV
Borda,0.0,-0.010666666666666666,0.0,0.0,0.0,0.0,0.024
plurality,0.010666666666666666,0.0,0.010666666666666666,0.010666666666666666,0.010666666666666666,0.010666666666666666,-0.024
gt,0.0,-0.010666666666666666,0.0,0.0,0.0,0.0,0.024
minimax,0.0,-0.010666666666666666,0.0,0.0,0.0,0.0,0.024
gtd,0.0,-0.010666666666666666,0.0,0.0,0.0,0.0,0.024
Schulze,0.0,-0.010666666666666666,0.0,0.0,0.0,0.0,0.024
IRV,-0.024,0.024,-0.024,-0.024,-0.024,-0.024,0.0
