,Borda,plurality,gt,minimax,gtd,Schulze,IRV
Borda,0.0,0.0,-0.027253668763102725,-0.027253668763102725,-0.027253668763102725,-0.027253668763102725,0.0
plurality,0.0,0.0,-0.027253668763102725,-0.027253668763102725,-0.027253668763102725,-0.027253668763102725,0.0
gt,0.027253668763102725,0.027253668763102725,0.0,0.0,0.0,0.0,0.027253668763102725
minimax,0.027253668763102725,0.027253668763102725,0.0,0.0,0.0,0.0,0.027253668763102725
gtd,0.027253668763102725,0.027253668763102725,0.0,0.0,0.0,0.0,0.027253668763102725
Schulze,0.027253668763102725,0.027253668763102725,0.0,0.0,0.0,0.0,0.027253668763102725
IRV,0.0,0.0,-0.027253668763102725,-0.027253668763102725,-0.027253668763102725,-0.027253668763102725,0.0
