,Borda,plurality,gt,minimax,gtd,Schulze,IRV
Borda,0.0,-0.03430079155672823,0.044854881266490766,-0.03430079155672823,-0.03430079155672823,-0.03430079155672823,0.044854881266490766
plurality,0.03430079155672823,0.0,-0.002638522427440633,0.0,0.0,0.0,-0.002638522427440633
gt,-0.044854881266490766,0.002638522427440633,0.0,0.002638522427440633,0.002638522427440633,0.002638522427440633,0.0
minimax,0.03430079155672823,0.0,-0.002638522427440633,0.0,0.0,0.0,-0.002638522427440633
gtd,0.03430079155672823,0.0,-0.002638522427440633,0.0,0.0,0.0,-0.002638522427440633
Schulze,0.03430079155672823,0.0,-0.002638522427440633,0.0,0.0,0.0,-0.002638522427440633
IRV,-0.044854881266490766,0.002638522427440633,0.0,0.002638522427440633,0.002638522427440633,0.002638522427440633,0.0
