,Borda,plurality,gt,minimax,gtd,Schulze,IRV
Borda,0.0,0.045104510451045104,0.045104510451045104,-0.0319031903190319,-0.0319031903190319,-0.0319031903190319,0.045104510451045104
plurality,-0.045104510451045104,0.0,0.0,0.025302530253025302,0.025302530253025302,0.025302530253025302,0.0
gt,-0.045104510451045104,0.0,0.0,0.025302530253025302,0.025302530253025302,0.025302530253025302,0.0
minimax,0.0319031903190319,-0.025302530253025302,-0.025302530253025302,0.0,0.0,0.0,-0.025302530253025302
gtd,0.0319031903190319,-0.025302530253025302,-0.025302530253025302,0.0,0.0,0.0,-0.025302530253025302
Schulze,0.0319031903190319,-0.025302530253025302,-0.025302530253025302,0.0,0.0,0.0,-0.025302530253025302
IRV,-0.045104510451045104,0.0,0.0,0.025302530253025302,0.025302530253025302,0.025302530253025302,0.0
