,Borda,plurality,gt,minimax,gtd,Schulze,IRV
Borda,0.0,-0.04830917874396135,0.0,0.014492753623188406,0.014492753623188406,0.014492753623188406,0.014492753623188406
plurality,0.04830917874396135,0.0,0.04830917874396135,-0.01932367149758454,-0.01932367149758454,-0.01932367149758454,-0.01932367149758454
gt,0.0,-0.04830917874396135,0.0,0.014492753623188406,0.014492753623188406,0.014492753623188406,0.014492753623188406
minimax,-0.014492753623188406,0.01932367149758454,-0.014492753623188406,0.0,0.0,0.0,0.0
gtd,-0.014492753623188406,0.01932367149758454,-0.014492753623188406,0.0,0.0,0.0,0.0
Schulze,-0.014492753623188406,0.01932367149758454,-0.014492753623188406,0.0,0.0,0.0,0.0
IRV,-0.014492753623188406,0.01932367149758454,-0.014492753623188406,0.0,0.0,0.0,0.0
