,Borda,plurality,gt,minimax,gtd,Schulze,IRV
Borda,0.0,-0.009852216748768473,-0.054187192118226604,-0.054187192118226604,-0.009852216748768473,-0.054187192118226604,-0.054187192118226604
plurality,0.009852216748768473,0.0,0.0,0.0,0.0,0.0,0.0
gt,0.054187192118226604,0.0,0.0,0.0,0.0,0.0,0.0
minimax,0.054187192118226604,0.0,0.0,0.0,0.0,0.0,0.0
gtd,0.009852216748768473,0.0,0.0,0.0,0.0,0.0,0.0
Schulze,0.054187192118226604,0.0,0.0,0.0,0.0,0.0,0.0
IRV,0.054187192118226604,0.0,0.0,0.0,0.0,0.0,0.0
