,Borda,plurality,gt,minimax,gtd,Schulze,IRV
Borda,0.0,0.014245014245014245,-0.002849002849002849,0.0,-0.002849002849002849,0.0,0.014245014245014245
plurality,-0.014245014245014245,0.0,0.008547008547008548,-0.014245014245014245,0.008547008547008548,-0.014245014245014245,0.0
gt,0.002849002849002849,-0.008547008547008548,0.0,0.002849002849002849,0.0,0.002849002849002849,-0.008547008547008548
minimax,0.0,0.014245014245014245,-0.002849002849002849,0.0,-0.002849002849002849,0.0,0.014245014245014245
gtd,0.002849002849002849,-0.008547008547008548,0.0,0.002849002849002849,0.0,0.002849002849002849,-0.008547008547008548
Schulze,0.0,0.014245014245014245,-0.002849002849002849,0.0,-0.002849002849002849,0.0,0.014245014245014245
IRV,-0.014245014245014245,0.0,0.008547008547008548,-0.014245014245014245,0.008547008547008548,-0.014245014245014245,0.0
