,Borda,plurality,gt,minimax,gtd,Schulze,IRV
Borda,0.0,0.0,0.0,0.0,0.0,0.0,0.030508474576271188
plurality,0.0,0.0,0.0,0.0,0.0,0.0,-0.02711864406779661
gt,0.0,0.0,0.0,0.0,0.0,0.0,-0.02711864406779661
minimax,0.0,0.0,0.0,0.0,0.0,0.0,0.030508474576271188
gtd,0.0,0.0,0.0,0.0,0.0,0.0,0.030508474576271188
Schulze,0.0,0.0,0.0,0.0,0.0,0.0,0.030508474576271188
IRV,-0.030508474576271188,0.02711864406779661,0.02711864406779661,-0.030508474576271188,-0.030508474576271188,-0.030508474576271188,0.0
