,Borda,plurality,gt,minimax,gtd,Schulze,IRV
Borda,0.0,-0.021359223300970873,0.13398058252427184,0.0,-0.021359223300970873,0.0,-0.021359223300970873
plurality,0.021359223300970873,0.0,-0.021359223300970873,0.021359223300970873,0.0,0.021359223300970873,0.0
gt,-0.13398058252427184,0.021359223300970873,0.0,-0.13398058252427184,0.021359223300970873,-0.13398058252427184,0.021359223300970873
minimax,0.0,-0.021359223300970873,0.13398058252427184,0.0,-0.021359223300970873,0.0,-0.021359223300970873
gtd,0.021359223300970873,0.0,-0.021359223300970873,0.021359223300970873,0.0,0.021359223300970873,0.0
Schulze,0.0,-0.021359223300970873,0.13398058252427184,0.0,-0.021359223300970873,0.0,-0.021359223300970873
IRV,0.021359223300970873,0.0,-0.021359223300970873,0.021359223300970873,0.0,0.021359223300970873,0.0
