,Borda,plurality,gt,minimax,gtd,Schulze,IRV
Borda,0.0,0.0,-0.007125890736342043,0.0,0.0,0.0,-0.007125890736342043
plurality,0.0,0.0,-0.007125890736342043,0.0,0.0,0.0,-0.007125890736342043
gt,0.007125890736342043,0.007125890736342043,0.0,0.007125890736342043,0.007125890736342043,0.007125890736342043,0.0
minimax,0.0,0.0,-0.007125890736342043,0.0,0.0,0.0,-0.007125890736342043
gtd,0.0,0.0,-0.007125890736342043,0.0,0.0,0.0,-0.007125890736342043
Schulze,0.0,0.0,-0.007125890736342043,0.0,0.0,0.0,-0.007125890736342043
IRV,0.007125890736342043,0.007125890736342043,0.0,0.007125890736342043,0.007125890736342043,0.007125890736342043,0.0
