,Borda,plurality,gt,minimax,gtd,Schulze,IRV
Borda,0.0,-0.00510204081632653,-0.00510204081632653,0.0,-0.00510204081632653,0.0,0.04081632653061224
plurality,0.00510204081632653,0.0,0.0,0.00510204081632653,0.0,0.00510204081632653,-0.025510204081632654
gt,0.00510204081632653,0.0,0.0,0.00510204081632653,0.0,0.00510204081632653,-0.025510204081632654
minimax,0.0,-0.00510204081632653,-0.00510204081632653,0.0,-0.00510204081632653,0.0,0.04081632653061224
gtd,0.00510204081632653,0.0,0.0,0.00510204081632653,0.0,0.00510204081632653,-0.025510204081632654
Schulze,0.0,-0.00510204081632653,-0.00510204081632653,0.0,-0.00510204081632653,0.0,0.04081632653061224
IRV,-0.04081632653061224,0.025510204081632654,0.025510204081632654,-0.04081632653061224,0.025510204081632654,-0.04081632653061224,0.0
