,Borda,plurality,gt,minimax,gtd,Schulze,IRV
Borda,0.0,0.0,-0.0021645021645021645,-0.0021645021645021645,-0.0021645021645021645,-0.0021645021645021645,0.0
plurality,0.0,0.0,-0.0021645021645021645,-0.0021645021645021645,-0.0021645021645021645,-0.0021645021645021645,0.0
gt,0.0021645021645021645,0.0021645021645021645,0.0,0.0,0.0,0.0,0.0021645021645021645
minimax,0.0021645021645021645,0.0021645021645021645,0.0,0.0,0.0,0.0,0.0021645021645021645
gtd,0.0021645021645021645,0.0021645021645021645,0.0,0.0,0.0,0.0,0.0021645021645021645
Schulze,0.0021645021645021645,0.0021645021645021645,0.0,0.0,0.0,0.0,0.0021645021645021645
IRV,0.0,0.0,-0.0021645021645021645,-0.0021645021645021645,-0.0021645021645021645,-0.0021645021645021645,0.0
