,Borda,plurality,gt,minimax,gtd,Schulze,IRV
Borda,0.0,0.013215859030837005,-0.00881057268722467,-0.00881057268722467,-0.00881057268722467,-0.00881057268722467,0.013215859030837005
plurality,-0.013215859030837005,0.0,0.004405286343612335,0.004405286343612335,0.004405286343612335,0.004405286343612335,0.0
gt,0.00881057268722467,-0.004405286343612335,0.0,0.0,0.0,0.0,-0.004405286343612335
minimax,0.00881057268722467,-0.004405286343612335,0.0,0.0,0.0,0.0,-0.004405286343612335
gtd,0.00881057268722467,-0.004405286343612335,0.0,0.0,0.0,0.0,-0.004405286343612335
Schulze,0.00881057268722467,-0.004405286343612335,0.0,0.0,0.0,0.0,-0.004405286343612335
IRV,-0.013215859030837005,0.0,0.004405286343612335,0.004405286343612335,0.004405286343612335,0.004405286343612335,0.0
