,Borda,plurality,gt,minimax,gtd,Schulze,IRV
Borda,0.0,0.0,-0.04716981132075472,-0.04716981132075472,-0.04716981132075472,-0.04716981132075472,0.0
plurality,0.0,0.0,-0.04716981132075472,-0.04716981132075472,-0.04716981132075472,-0.04716981132075472,0.0
gt,0.04716981132075472,0.04716981132075472,0.0,0.0,0.0,0.0,0.04716981132075472
minimax,0.04716981132075472,0.04716981132075472,0.0,0.0,0.0,0.0,0.04716981132075472
gtd,0.04716981132075472,0.04716981132075472,0.0,0.0,0.0,0.0,0.04716981132075472
Schulze,0.04716981132075472,0.04716981132075472,0.0,0.0,0.0,0.0,0.04716981132075472
IRV,0.0,0.0,-0.04716981132075472,-0.04716981132075472,-0.04716981132075472,-0.04716981132075472,0.0
