,Borda,plurality,gt,minimax,gtd,Schulze,IRV
Borda,0.0,0.030303030303030304,0.0,0.0,0.0,0.0,0.0
plurality,-0.030303030303030304,0.0,-0.03896103896103896,-0.030303030303030304,-0.03896103896103896,-0.030303030303030304,-0.030303030303030304
gt,0.0,0.03896103896103896,0.0,0.0,0.0,0.0,0.0
minimax,0.0,0.030303030303030304,0.0,0.0,0.0,0.0,0.0
gtd,0.0,0.03896103896103896,0.0,0.0,0.0,0.0,0.0
Schulze,0.0,0.030303030303030304,0.0,0.0,0.0,0.0,0.0
IRV,0.0,0.030303030303030304,0.0,0.0,0.0,0.0,0.0
