,Borda,plurality,gt,minimax,gtd,Schulze,IRV
Borda,0.0,0.09743589743589744,-0.041025641025641026,-0.041025641025641026,-0.041025641025641026,-0.041025641025641026,0.09743589743589744
plurality,-0.09743589743589744,0.0,0.020512820512820513,0.020512820512820513,0.020512820512820513,0.020512820512820513,0.0
gt,0.041025641025641026,-0.020512820512820513,0.0,0.0,0.0,0.0,-0.020512820512820513
minimax,0.041025641025641026,-0.020512820512820513,0.0,0.0,0.0,0.0,-0.020512820512820513
gtd,0.041025641025641026,-0.020512820512820513,0.0,0.0,0.0,0.0,-0.020512820512820513
Schulze,0.041025641025641026,-0.020512820512820513,0.0,0.0,0.0,0.0,-0.020512820512820513
IRV,-0.09743589743589744,0.0,0.020512820512820513,0.020512820512820513,0.020512820512820513,0.020512820512820513,0.0
