,Borda,plurality,gt,minimax,gtd,Schulze,IRV
Borda,0.0,0.029045643153526972,-0.008298755186721992,0.0,0.0,0.0,0.0
plurality,-0.029045643153526972,0.0,0.03319502074688797,-0.029045643153526972,-0.029045643153526972,-0.029045643153526972,-0.029045643153526972
gt,0.008298755186721992,-0.03319502074688797,0.0,0.008298755186721992,0.008298755186721992,0.008298755186721992,0.008298755186721992
minimax,0.0,0.029045643153526972,-0.008298755186721992,0.0,0.0,0.0,0.0
gtd,0.0,0.029045643153526972,-0.008298755186721992,0.0,0.0,0.0,0.0
Schulze,0.0,0.029045643153526972,-0.008298755186721992,0.0,0.0,0.0,0.0
IRV,0.0,0.029045643153526972,-0.008298755186721992,0.0,0.0,0.0,0.0
