,Borda,plurality,gt,minimax,gtd,Schulze,IRV
Borda,0.0,-0.01527614571092832,-0.01527614571092832,-0.01527614571092832,-0.01527614571092832,-0.01527614571092832,-0.01527614571092832
plurality,0.01527614571092832,0.0,0.0,0.0,0.0,0.0,0.0
gt,0.01527614571092832,0.0,0.0,0.0,0.0,0.0,0.0
minimax,0.01527614571092832,0.0,0.0,0.0,0.0,0.0,0.0
gtd,0.01527614571092832,0.0,0.0,0.0,0.0,0.0,0.0
Schulze,0.01527614571092832,0.0,0.0,0.0,0.0,0.0,0.0
IRV,0.01527614571092832,0.0,0.0,0.0,0.0,0.0,0.0
