,Borda,plurality,gt,minimax,gtd,Schulze,IRV
Borda,0.0,0.0,0.0,0.004629629629629629,0.0,0.004629629629629629,0.0
plurality,0.0,0.0,0.0,0.004629629629629629,0.0,0.004629629629629629,0.0
gt,0.0,0.0,0.0,0.004629629629629629,0.0,0.004629629629629629,0.0
minimax,-0.004629629629629629,-0.004629629629629629,-0.004629629629629629,0.0,-0.004629629629629629,0.0,-0.004629629629629629
gtd,0.0,0.0,0.0,0.004629629629629629,0.0,0.004629629629629629,0.0
Schulze,-0.004629629629629629,-0.004629629629629629,-0.004629629629629629,0.0,-0.004629629629629629,0.0,-0.004629629629629629
IRV,0.0,0.0,0.0,0.004629629629629629,0.0,0.004629629629629629,0.0
