,Borda,plurality,gt,minimax,gtd,Schulze,IRV
Borda,0.0,-0.011093502377179081,0.030110935023771792,0.0,-0.011093502377179081,0.0,0.030110935023771792
plurality,0.011093502377179081,0.0,-0.017432646592709985,0.011093502377179081,0.0,0.011093502377179081,-0.017432646592709985
gt,-0.030110935023771792,0.017432646592709985,0.0,-0.030110935023771792,0.017432646592709985,-0.030110935023771792,0.0
minimax,0.0,-0.011093502377179081,0.030110935023771792,0.0,-0.011093502377179081,0.0,0.030110935023771792
gtd,0.011093502377179081,0.0,-0.017432646592709985,0.011093502377179081,0.0,0.011093502377179081,-0.017432646592709985
Schulze,0.0,-0.011093502377179081,0.030110935023771792,0.0,-0.011093502377179081,0.0,0.030110935023771792
IRV,-0.030110935023771792,0.017432646592709985,0.0,-0.030110935023771792,0.017432646592709985,-0.030110935023771792,0.0
