,Borda,plurality,gt,minimax,gtd,Schulze,IRV
Borda,0.0,0.0,0.1111111111111111,-0.02564102564102564,-0.02564102564102564,-0.02564102564102564,-0.02564102564102564
plurality,0.0,0.0,0.1111111111111111,-0.02564102564102564,-0.02564102564102564,-0.02564102564102564,-0.02564102564102564
gt,-0.1111111111111111,-0.1111111111111111,0.0,0.002849002849002849,0.002849002849002849,0.002849002849002849,0.002849002849002849
minimax,0.02564102564102564,0.02564102564102564,-0.002849002849002849,0.0,0.0,0.0,0.0
gtd,0.02564102564102564,0.02564102564102564,-0.002849002849002849,0.0,0.0,0.0,0.0
Schulze,0.02564102564102564,0.02564102564102564,-0.002849002849002849,0.0,0.0,0.0,0.0
IRV,0.02564102564102564,0.02564102564102564,-0.002849002849002849,0.0,0.0,0.0,0.0
