,Borda,plurality,gt,minimax,gtd,Schulze,IRV
Borda,0.0,0.06103286384976526,-0.03755868544600939,-0.03755868544600939,-0.03755868544600939,-0.03755868544600939,0.0
plurality,-0.06103286384976526,0.0,0.004694835680751174,0.004694835680751174,0.004694835680751174,0.004694835680751174,-0.06103286384976526
gt,0.03755868544600939,-0.004694835680751174,0.0,0.0,0.0,0.0,0.03755868544600939
minimax,0.03755868544600939,-0.004694835680751174,0.0,0.0,0.0,0.0,0.03755868544600939
gtd,0.03755868544600939,-0.004694835680751174,0.0,0.0,0.0,0.0,0.03755868544600939
Schulze,0.03755868544600939,-0.004694835680751174,0.0,0.0,0.0,0.0,0.03755868544600939
IRV,0.0,0.06103286384976526,-0.03755868544600939,-0.03755868544600939,-0.03755868544600939,-0.03755868544600939,0.0
