,Borda,plurality,gt,minimax,gtd,Schulze,IRV
Borda,0.0,-0.00510204081632653,-0.00510204081632653,0.0,-0.00510204081632653,0.0,0.05102040816326531
plurality,0.00510204081632653,0.0,0.0,0.00510204081632653,0.0,0.00510204081632653,-0.01020408163265306
gt,0.00510204081632653,0.0,0.0,0.00510204081632653,0.0,0.00510204081632653,-0.01020408163265306
minimax,0.0,-0.00510204081632653,-0.00510204081632653,0.0,-0.00510204081632653,0.0,0.05102040816326531
gtd,0.00510204081632653,0.0,0.0,0.00510204081632653,0.0,0.00510204081632653,-0.01020408163265306
Schulze,0.0,-0.00510204081632653,-0.00510204081632653,0.0,-0.00510204081632653,0.0,0.05102040816326531
IRV,-0.05102040816326531,0.01020408163265306,0.01020408163265306,-0.05102040816326531,0.01020408163265306,-0.05102040816326531,0.0
