,Borda,plurality,gt,minimax,gtd,Schulze,IRV
Borda,0.0,0.0012004801920768306,0.0,0.0012004801920768306,0.0,0.0012004801920768306,0.0
plurality,-0.0012004801920768306,0.0,-0.0012004801920768306,0.0,-0.0012004801920768306,0.0,-0.0012004801920768306
gt,0.0,0.0012004801920768306,0.0,0.0012004801920768306,0.0,0.0012004801920768306,0.0
minimax,-0.0012004801920768306,0.0,-0.0012004801920768306,0.0,-0.0012004801920768306,0.0,-0.0012004801920768306
gtd,0.0,0.0012004801920768306,0.0,0.0012004801920768306,0.0,0.0012004801920768306,0.0
Schulze,-0.0012004801920768306,0.0,-0.0012004801920768306,0.0,-0.0012004801920768306,0.0,-0.0012004801920768306
IRV,0.0,0.0012004801920768306,0.0,0.0012004801920768306,0.0,0.0012004801920768306,0.0
