,Borda,plurality,gt,minimax,gtd,Schulze,IRV
Borda,0.0,-0.024830699774266364,-0.024830699774266364,-0.024830699774266364,-0.024830699774266364,-0.024830699774266364,0.029345372460496615
plurality,0.024830699774266364,0.0,0.0,0.0,0.0,0.0,-0.006772009029345372
gt,0.024830699774266364,0.0,0.0,0.0,0.0,0.0,-0.006772009029345372
minimax,0.024830699774266364,0.0,0.0,0.0,0.0,0.0,-0.006772009029345372
gtd,0.024830699774266364,0.0,0.0,0.0,0.0,0.0,-0.006772009029345372
Schulze,0.024830699774266364,0.0,0.0,0.0,0.0,0.0,-0.006772009029345372
IRV,-0.029345372460496615,0.006772009029345372,0.006772009029345372,0.006772009029345372,0.006772009029345372,0.006772009029345372,0.0
