,Borda,plurality,gt,minimax,gtd,Schulze,IRV
Borda,0.0,0.027559055118110236,0.0,0.0,0.0,0.0,0.027559055118110236
plurality,-0.027559055118110236,0.0,-0.027559055118110236,-0.027559055118110236,-0.027559055118110236,-0.027559055118110236,0.0
gt,0.0,0.027559055118110236,0.0,0.0,0.0,0.0,0.027559055118110236
minimax,0.0,0.027559055118110236,0.0,0.0,0.0,0.0,0.027559055118110236
gtd,0.0,0.027559055118110236,0.0,0.0,0.0,0.0,0.027559055118110236
Schulze,0.0,0.027559055118110236,0.0,0.0,0.0,0.0,0.027559055118110236
IRV,-0.027559055118110236,0.0,-0.027559055118110236,-0.027559055118110236,-0.027559055118110236,-0.027559055118110236,0.0
