,Borda,plurality,gt,minimax,gtd,Schulze,IRV
Borda,0.0,0.019830028328611898,0.019830028328611898,-0.019830028328611898,-0.019830028328611898,-0.019830028328611898,0.0
plurality,-0.019830028328611898,0.0,0.0,0.014164305949008499,0.014164305949008499,0.014164305949008499,-0.019830028328611898
gt,-0.019830028328611898,0.0,0.0,0.014164305949008499,0.014164305949008499,0.014164305949008499,-0.019830028328611898
minimax,0.019830028328611898,-0.014164305949008499,-0.014164305949008499,0.0,0.0,0.0,0.019830028328611898
gtd,0.019830028328611898,-0.014164305949008499,-0.014164305949008499,0.0,0.0,0.0,0.019830028328611898
Schulze,0.019830028328611898,-0.014164305949008499,-0.014164305949008499,0.0,0.0,0.0,0.019830028328611898
IRV,0.0,0.019830028328611898,0.019830028328611898,-0.019830028328611898,-0.019830028328611898,-0.019830028328611898,0.0
