,Borda,plurality,gt,minimax,gtd,Schulze,IRV
Borda,0.0,0.09465020576131687,0.0205761316872428,0.0,0.0,0.0,0.0205761316872428
plurality,-0.09465020576131687,0.0,-0.04938271604938271,-0.09465020576131687,-0.09465020576131687,-0.09465020576131687,-0.04938271604938271
gt,-0.0205761316872428,0.04938271604938271,0.0,-0.0205761316872428,-0.0205761316872428,-0.0205761316872428,0.0
minimax,0.0,0.09465020576131687,0.0205761316872428,0.0,0.0,0.0,0.0205761316872428
gtd,0.0,0.09465020576131687,0.0205761316872428,0.0,0.0,0.0,0.0205761316872428
Schulze,0.0,0.09465020576131687,0.0205761316872428,0.0,0.0,0.0,0.0205761316872428
IRV,-0.0205761316872428,0.04938271604938271,0.0,-0.0205761316872428,-0.0205761316872428,-0.0205761316872428,0.0
