,Borda,plurality,gt,minimax,gtd,Schulze,IRV
Borda,0.0,-0.05596107055961071,0.031630170316301706,-0.05596107055961071,0.031630170316301706,-0.05596107055961071,0.031630170316301706
plurality,0.05596107055961071,0.0,-0.0072992700729927005,0.0,-0.0072992700729927005,0.0,-0.0072992700729927005
gt,-0.031630170316301706,0.0072992700729927005,0.0,0.0072992700729927005,0.0,0.0072992700729927005,0.0
minimax,0.05596107055961071,0.0,-0.0072992700729927005,0.0,-0.0072992700729927005,0.0,-0.0072992700729927005
gtd,-0.031630170316301706,0.0072992700729927005,0.0,0.0072992700729927005,0.0,0.0072992700729927005,0.0
Schulze,0.05596107055961071,0.0,-0.0072992700729927005,0.0,-0.0072992700729927005,0.0,-0.0072992700729927005
IRV,-0.031630170316301706,0.0072992700729927005,0.0,0.0072992700729927005,0.0,0.0072992700729927005,0.0
