,Borda,plurality,gt,minimax,gtd,Schulze,IRV
Borda,0.0,0.02262443438914027,0.02262443438914027,-0.020361990950226245,-0.020361990950226245,-0.020361990950226245,0.02262443438914027
plurality,-0.02262443438914027,0.0,0.0,0.0022624434389140274,0.0022624434389140274,0.0022624434389140274,0.0
gt,-0.02262443438914027,0.0,0.0,0.0022624434389140274,0.0022624434389140274,0.0022624434389140274,0.0
minimax,0.020361990950226245,-0.0022624434389140274,-0.0022624434389140274,0.0,0.0,0.0,-0.0022624434389140274
gtd,0.020361990950226245,-0.0022624434389140274,-0.0022624434389140274,0.0,0.0,0.0,-0.0022624434389140274
Schulze,0.020361990950226245,-0.0022624434389140274,-0.0022624434389140274,0.0,0.0,0.0,-0.0022624434389140274
IRV,-0.02262443438914027,0.0,0.0,0.0022624434389140274,0.0022624434389140274,0.0022624434389140274,0.0
