,Borda,plurality,gt,minimax,gtd,Schulze,IRV
Borda,0.0,-0.040214477211796246,0.00804289544235925,0.00804289544235925,0.00804289544235925,0.00804289544235925,0.00804289544235925
plurality,0.040214477211796246,0.0,-0.01876675603217158,-0.01876675603217158,-0.01876675603217158,-0.01876675603217158,-0.01876675603217158
gt,-0.00804289544235925,0.01876675603217158,0.0,0.0,0.0,0.0,0.0
minimax,-0.00804289544235925,0.01876675603217158,0.0,0.0,0.0,0.0,0.0
gtd,-0.00804289544235925,0.01876675603217158,0.0,0.0,0.0,0.0,0.0
Schulze,-0.00804289544235925,0.01876675603217158,0.0,0.0,0.0,0.0,0.0
IRV,-0.00804289544235925,0.01876675603217158,0.0,0.0,0.0,0.0,0.0
