,Borda,plurality,gt,minimax,gtd,Schulze,IRV
Borda,0.0,0.039473684210526314,-0.0043859649122807015,0.0,0.0,0.0,0.039473684210526314
plurality,-0.039473684210526314,0.0,0.043859649122807015,-0.039473684210526314,-0.039473684210526314,-0.039473684210526314,0.0
gt,0.0043859649122807015,-0.043859649122807015,0.0,0.0043859649122807015,0.0043859649122807015,0.0043859649122807015,-0.043859649122807015
minimax,0.0,0.039473684210526314,-0.0043859649122807015,0.0,0.0,0.0,0.039473684210526314
gtd,0.0,0.039473684210526314,-0.0043859649122807015,0.0,0.0,0.0,0.039473684210526314
Schulze,0.0,0.039473684210526314,-0.0043859649122807015,0.0,0.0,0.0,0.039473684210526314
IRV,-0.039473684210526314,0.0,0.043859649122807015,-0.039473684210526314,-0.039473684210526314,-0.039473684210526314,0.0
