,Borda,plurality,gt,minimax,gtd,Schulze,IRV
Borda,0.0,-0.01092896174863388,-0.01092896174863388,0.0,-0.01092896174863388,0.0,0.060109289617486336
plurality,0.01092896174863388,0.0,0.0,0.01092896174863388,0.0,0.01092896174863388,-0.02185792349726776
gt,0.01092896174863388,0.0,0.0,0.01092896174863388,0.0,0.01092896174863388,-0.02185792349726776
minimax,0.0,-0.01092896174863388,-0.01092896174863388,0.0,-0.01092896174863388,0.0,0.060109289617486336
gtd,0.01092896174863388,0.0,0.0,0.01092896174863388,0.0,0.01092896174863388,-0.02185792349726776
Schulze,0.0,-0.01092896174863388,-0.01092896174863388,0.0,-0.01092896174863388,0.0,0.060109289617486336
IRV,-0.060109289617486336,0.02185792349726776,0.02185792349726776,-0.060109289617486336,0.02185792349726776,-0.060109289617486336,0.0
