,Borda,plurality,gt,minimax,gtd,Schulze,IRV
Borda,0.0,0.04090909090909091,0.0,0.0,0.0,0.0,0.0
plurality,-0.04090909090909091,0.0,-0.04090909090909091,-0.04090909090909091,-0.04090909090909091,-0.04090909090909091,-0.045454545454545456
gt,0.0,0.04090909090909091,0.0,0.0,0.0,0.0,0.0
minimax,0.0,0.04090909090909091,0.0,0.0,0.0,0.0,0.0
gtd,0.0,0.04090909090909091,0.0,0.0,0.0,0.0,0.0
Schulze,0.0,0.04090909090909091,0.0,0.0,0.0,0.0,0.0
IRV,0.0,0.045454545454545456,0.0,0.0,0.0,0.0,0.0
