,Borda,plurality,gt,minimax,gtd,Schulze,IRV
Borda,0.0,0.053613053613053616,-0.002331002331002331,0.0,-0.002331002331002331,0.0,0.0
plurality,-0.053613053613053616,0.0,0.016317016317016316,-0.053613053613053616,0.016317016317016316,-0.053613053613053616,-0.053613053613053616
gt,0.002331002331002331,-0.016317016317016316,0.0,0.002331002331002331,0.0,0.002331002331002331,0.002331002331002331
minimax,0.0,0.053613053613053616,-0.002331002331002331,0.0,-0.002331002331002331,0.0,0.0
gtd,0.002331002331002331,-0.016317016317016316,0.0,0.002331002331002331,0.0,0.002331002331002331,0.002331002331002331
Schulze,0.0,0.053613053613053616,-0.002331002331002331,0.0,-0.002331002331002331,0.0,0.0
IRV,0.0,0.053613053613053616,-0.002331002331002331,0.0,-0.002331002331002331,0.0,0.0
