,Borda,plurality,gt,minimax,gtd,Schulze,IRV
Borda,0.0,0.0514018691588785,0.0,0.0,0.0,0.0,0.0
plurality,-0.0514018691588785,0.0,-0.0514018691588785,-0.0514018691588785,-0.056074766355140186,-0.0514018691588785,-0.056074766355140186
gt,0.0,0.0514018691588785,0.0,0.0,0.0,0.0,0.0
minimax,0.0,0.0514018691588785,0.0,0.0,0.0,0.0,0.0
gtd,0.0,0.056074766355140186,0.0,0.0,0.0,0.0,0.0
Schulze,0.0,0.0514018691588785,0.0,0.0,0.0,0.0,0.0
IRV,0.0,0.056074766355140186,0.0,0.0,0.0,0.0,0.0
