,Borda,plurality,gt,minimax,gtd,Schulze,IRV
Borda,0.0,-0.029082774049217,0.0,0.020134228187919462,0.0,0.020134228187919462,0.020134228187919462
plurality,0.029082774049217,0.0,0.029082774049217,-0.042505592841163314,0.029082774049217,-0.042505592841163314,-0.042505592841163314
gt,0.0,-0.029082774049217,0.0,0.020134228187919462,0.0,0.020134228187919462,0.020134228187919462
minimax,-0.020134228187919462,0.042505592841163314,-0.020134228187919462,0.0,-0.020134228187919462,0.0,0.0
gtd,0.0,-0.029082774049217,0.0,0.020134228187919462,0.0,0.020134228187919462,0.020134228187919462
Schulze,-0.020134228187919462,0.042505592841163314,-0.020134228187919462,0.0,-0.020134228187919462,0.0,0.0
IRV,-0.020134228187919462,0.042505592841163314,-0.020134228187919462,0.0,-0.020134228187919462,0.0,0.0
