,Borda,plurality,gt,minimax,gtd,Schulze,IRV
Borda,0.0,0.015151515151515152,0.030303030303030304,-0.007575757575757576,-0.007575757575757576,-0.007575757575757576,-0.007575757575757576
plurality,-0.015151515151515152,0.0,-0.011363636363636364,-0.011363636363636364,-0.011363636363636364,-0.011363636363636364,-0.011363636363636364
gt,-0.030303030303030304,0.011363636363636364,0.0,0.0,0.0,0.0,0.0
minimax,0.007575757575757576,0.011363636363636364,0.0,0.0,0.0,0.0,0.0
gtd,0.007575757575757576,0.011363636363636364,0.0,0.0,0.0,0.0,0.0
Schulze,0.007575757575757576,0.011363636363636364,0.0,0.0,0.0,0.0,0.0
IRV,0.007575757575757576,0.011363636363636364,0.0,0.0,0.0,0.0,0.0
