,Borda,plurality,gt,minimax,gtd,Schulze,IRV
Borda,0.0,0.0,0.0,0.0,0.0,0.0,0.015544041450777202
plurality,0.0,0.0,0.0,0.0,0.0,0.0,-0.010362694300518135
gt,0.0,0.0,0.0,0.0,0.0,0.0,-0.010362694300518135
minimax,0.0,0.0,0.0,0.0,0.0,0.0,0.015544041450777202
gtd,0.0,0.0,0.0,0.0,0.0,0.0,0.015544041450777202
Schulze,0.0,0.0,0.0,0.0,0.0,0.0,0.015544041450777202
IRV,-0.015544041450777202,0.010362694300518135,0.010362694300518135,-0.015544041450777202,-0.015544041450777202,-0.015544041450777202,0.0
