,Borda,plurality,gt,minimax,gtd,Schulze,IRV
Borda,0.0,0.0,-0.008928571428571428,-0.008928571428571428,-0.008928571428571428,-0.008928571428571428,-0.008928571428571428
plurality,0.0,0.0,-0.008928571428571428,-0.008928571428571428,-0.008928571428571428,-0.008928571428571428,-0.008928571428571428
gt,0.008928571428571428,0.008928571428571428,0.0,0.0,0.0,0.0,0.0
minimax,0.008928571428571428,0.008928571428571428,0.0,0.0,0.0,0.0,0.0
gtd,0.008928571428571428,0.008928571428571428,0.0,0.0,0.0,0.0,0.0
Schulze,0.008928571428571428,0.008928571428571428,0.0,0.0,0.0,0.0,0.0
IRV,0.008928571428571428,0.008928571428571428,0.0,0.0,0.0,0.0,0.0
