,Borda,plurality,gt,minimax,gtd,Schulze,IRV
Borda,0.0,-0.05410821643286573,0.014028056112224449,-0.05410821643286573,0.014028056112224449,-0.05410821643286573,-0.05410821643286573
plurality,0.05410821643286573,0.0,-0.006012024048096192,0.0,-0.006012024048096192,0.0,0.0
gt,-0.014028056112224449,0.006012024048096192,0.0,0.006012024048096192,0.0,0.006012024048096192,0.006012024048096192
minimax,0.05410821643286573,0.0,-0.006012024048096192,0.0,-0.006012024048096192,0.0,0.0
gtd,-0.014028056112224449,0.006012024048096192,0.0,0.006012024048096192,0.0,0.006012024048096192,0.006012024048096192
Schulze,0.05410821643286573,0.0,-0.006012024048096192,0.0,-0.006012024048096192,0.0,0.0
IRV,0.05410821643286573,0.0,-0.006012024048096192,0.0,-0.006012024048096192,0.0,0.0
