,Borda,plurality,gt,minimax,gtd,Schulze,IRV
Borda,0.0,0.13059701492537312,0.0,0.0,0.0,0.0,0.0
plurality,-0.13059701492537312,0.0,-0.13059701492537312,-0.08955223880597014,-0.13059701492537312,-0.08955223880597014,-0.08955223880597014
gt,0.0,0.13059701492537312,0.0,0.0,0.0,0.0,0.0
minimax,0.0,0.08955223880597014,0.0,0.0,0.0,0.0,0.0
gtd,0.0,0.13059701492537312,0.0,0.0,0.0,0.0,0.0
Schulze,0.0,0.08955223880597014,0.0,0.0,0.0,0.0,0.0
IRV,0.0,0.08955223880597014,0.0,0.0,0.0,0.0,0.0
