,Borda,plurality,gt,minimax,gtd,Schulze,IRV
Borda,0.0,0.016706443914081145,-0.002386634844868735,-0.002386634844868735,-0.002386634844868735,-0.002386634844868735,0.016706443914081145
plurality,-0.016706443914081145,0.0,0.002386634844868735,0.002386634844868735,0.002386634844868735,0.002386634844868735,0.0
gt,0.002386634844868735,-0.002386634844868735,0.0,0.0,0.0,0.0,-0.002386634844868735
minimax,0.002386634844868735,-0.002386634844868735,0.0,0.0,0.0,0.0,-0.002386634844868735
gtd,0.002386634844868735,-0.002386634844868735,0.0,0.0,0.0,0.0,-0.002386634844868735
Schulze,0.002386634844868735,-0.002386634844868735,0.0,0.0,0.0,0.0,-0.002386634844868735
IRV,-0.016706443914081145,0.0,0.002386634844868735,0.002386634844868735,0.002386634844868735,0.002386634844868735,0.0
