,Borda,plurality,gt,minimax,gtd,Schulze,IRV
Borda,0.0,0.017142857142857144,0.0,0.0,0.0,0.0,0.0
plurality,-0.017142857142857144,0.0,-0.03428571428571429,-0.03428571428571429,-0.03428571428571429,-0.03428571428571429,-0.03428571428571429
gt,0.0,0.03428571428571429,0.0,0.0,0.0,0.0,0.0
minimax,0.0,0.03428571428571429,0.0,0.0,0.0,0.0,0.0
gtd,0.0,0.03428571428571429,0.0,0.0,0.0,0.0,0.0
Schulze,0.0,0.03428571428571429,0.0,0.0,0.0,0.0,0.0
IRV,0.0,0.03428571428571429,0.0,0.0,0.0,0.0,0.0
