,Borda,plurality,gt,minimax,gtd,Schulze,IRV
Borda,0.0,-0.01762114537444934,0.00881057268722467,0.00881057268722467,0.0,0.00881057268722467,-0.01762114537444934
plurality,0.01762114537444934,0.0,-0.030837004405286344,-0.030837004405286344,0.01762114537444934,-0.030837004405286344,0.0
gt,-0.00881057268722467,0.030837004405286344,0.0,0.0,-0.00881057268722467,0.0,0.030837004405286344
minimax,-0.00881057268722467,0.030837004405286344,0.0,0.0,-0.00881057268722467,0.0,0.030837004405286344
gtd,0.0,-0.01762114537444934,0.00881057268722467,0.00881057268722467,0.0,0.00881057268722467,-0.01762114537444934
Schulze,-0.00881057268722467,0.030837004405286344,0.0,0.0,-0.00881057268722467,0.0,0.030837004405286344
IRV,0.01762114537444934,0.0,-0.030837004405286344,-0.030837004405286344,0.01762114537444934,-0.030837004405286344,0.0
