,Borda,plurality,gt,minimax,gtd,Schulze,IRV
Borda,0.0,0.040214477211796246,-0.013404825737265416,-0.013404825737265416,-0.013404825737265416,-0.013404825737265416,0.040214477211796246
plurality,-0.040214477211796246,0.0,0.005361930294906166,0.005361930294906166,0.005361930294906166,0.005361930294906166,0.0
gt,0.013404825737265416,-0.005361930294906166,0.0,0.0,0.0,0.0,-0.005361930294906166
minimax,0.013404825737265416,-0.005361930294906166,0.0,0.0,0.0,0.0,-0.005361930294906166
gtd,0.013404825737265416,-0.005361930294906166,0.0,0.0,0.0,0.0,-0.005361930294906166
Schulze,0.013404825737265416,-0.005361930294906166,0.0,0.0,0.0,0.0,-0.005361930294906166
IRV,-0.040214477211796246,0.0,0.005361930294906166,0.005361930294906166,0.005361930294906166,0.005361930294906166,0.0
