,Borda,plurality,gt,minimax,gtd,Schulze,IRV
Borda,0.0,0.05185185185185185,-0.007407407407407408,0.0,-0.007407407407407408,0.0,0.05185185185185185
plurality,-0.05185185185185185,0.0,0.014814814814814815,-0.05185185185185185,0.014814814814814815,-0.05185185185185185,0.0
gt,0.007407407407407408,-0.014814814814814815,0.0,0.007407407407407408,0.0,0.007407407407407408,-0.014814814814814815
minimax,0.0,0.05185185185185185,-0.007407407407407408,0.0,-0.007407407407407408,0.0,0.05185185185185185
gtd,0.007407407407407408,-0.014814814814814815,0.0,0.007407407407407408,0.0,0.007407407407407408,-0.014814814814814815
Schulze,0.0,0.05185185185185185,-0.007407407407407408,0.0,-0.007407407407407408,0.0,0.05185185185185185
IRV,-0.05185185185185185,0.0,0.014814814814814815,-0.05185185185185185,0.014814814814814815,-0.05185185185185185,0.0
