,Borda,plurality,gt,minimax,gtd,Schulze,IRV
Borda,0.0,0.006309148264984227,0.0,0.006309148264984227,0.0,0.006309148264984227,0.0
plurality,-0.006309148264984227,0.0,-0.006309148264984227,0.0,-0.006309148264984227,0.0,-0.006309148264984227
gt,0.0,0.006309148264984227,0.0,0.006309148264984227,0.0,0.006309148264984227,0.0
minimax,-0.006309148264984227,0.0,-0.006309148264984227,0.0,-0.006309148264984227,0.0,-0.006309148264984227
gtd,0.0,0.006309148264984227,0.0,0.006309148264984227,0.0,0.006309148264984227,0.0
Schulze,-0.006309148264984227,0.0,-0.006309148264984227,0.0,-0.006309148264984227,0.0,-0.006309148264984227
IRV,0.0,0.006309148264984227,0.0,0.006309148264984227,0.0,0.006309148264984227,0.0
