,Borda,plurality,gt,minimax,gtd,Schulze,IRV
Borda,0.0,-0.012006861063464836,0.10120068610634649,-0.012006861063464836,-0.012006861063464836,-0.012006861063464836,0.10120068610634649
plurality,0.012006861063464836,0.0,-0.012006861063464836,0.0,0.0,0.0,-0.012006861063464836
gt,-0.10120068610634649,0.012006861063464836,0.0,0.012006861063464836,0.012006861063464836,0.012006861063464836,0.0
minimax,0.012006861063464836,0.0,-0.012006861063464836,0.0,0.0,0.0,-0.012006861063464836
gtd,0.012006861063464836,0.0,-0.012006861063464836,0.0,0.0,0.0,-0.012006861063464836
Schulze,0.012006861063464836,0.0,-0.012006861063464836,0.0,0.0,0.0,-0.012006861063464836
IRV,-0.10120068610634649,0.012006861063464836,0.0,0.012006861063464836,0.012006861063464836,0.012006861063464836,0.0
