,Borda,plurality,gt,minimax,gtd,Schulze,IRV
Borda,0.0,0.022146507666098807,-0.0017035775127768314,0.0,0.0,0.0,0.022146507666098807
plurality,-0.022146507666098807,0.0,0.028960817717206135,-0.022146507666098807,-0.022146507666098807,-0.022146507666098807,0.0
gt,0.0017035775127768314,-0.028960817717206135,0.0,0.0017035775127768314,0.0017035775127768314,0.0017035775127768314,-0.028960817717206135
minimax,0.0,0.022146507666098807,-0.0017035775127768314,0.0,0.0,0.0,0.022146507666098807
gtd,0.0,0.022146507666098807,-0.0017035775127768314,0.0,0.0,0.0,0.022146507666098807
Schulze,0.0,0.022146507666098807,-0.0017035775127768314,0.0,0.0,0.0,0.022146507666098807
IRV,-0.022146507666098807,0.0,0.028960817717206135,-0.022146507666098807,-0.022146507666098807,-0.022146507666098807,0.0
