,Borda,plurality,gt,minimax,gtd,Schulze,IRV
Borda,0.0,0.041666666666666664,0.0,0.0,0.0,0.0,0.0
plurality,-0.041666666666666664,0.0,-0.046875,-0.041666666666666664,-0.046875,-0.041666666666666664,-0.046875
gt,0.0,0.046875,0.0,0.0,0.0,0.0,0.0
minimax,0.0,0.041666666666666664,0.0,0.0,0.0,0.0,0.0
gtd,0.0,0.046875,0.0,0.0,0.0,0.0,0.0
Schulze,0.0,0.041666666666666664,0.0,0.0,0.0,0.0,0.0
IRV,0.0,0.046875,0.0,0.0,0.0,0.0,0.0
