,Borda,plurality,gt,minimax,gtd,Schulze,IRV
Borda,0.0,-0.0015698587127158557,-0.0015698587127158557,0.0,0.0,0.0,0.01098901098901099
plurality,0.0015698587127158557,0.0,0.0,0.0015698587127158557,0.0015698587127158557,0.0015698587127158557,-0.026687598116169546
gt,0.0015698587127158557,0.0,0.0,0.0015698587127158557,0.0015698587127158557,0.0015698587127158557,-0.026687598116169546
minimax,0.0,-0.0015698587127158557,-0.0015698587127158557,0.0,0.0,0.0,0.01098901098901099
gtd,0.0,-0.0015698587127158557,-0.0015698587127158557,0.0,0.0,0.0,0.01098901098901099
Schulze,0.0,-0.0015698587127158557,-0.0015698587127158557,0.0,0.0,0.0,0.01098901098901099
IRV,-0.01098901098901099,0.026687598116169546,0.026687598116169546,-0.01098901098901099,-0.01098901098901099,-0.01098901098901099,0.0
