,Borda,plurality,gt,minimax,gtd,Schulze,IRV
Borda,0.0,-0.019801980198019802,0.024752475247524754,-0.019801980198019802,-0.019801980198019802,-0.019801980198019802,0.024752475247524754
plurality,0.019801980198019802,0.0,0.0,0.0,0.0,0.0,0.0
gt,-0.024752475247524754,0.0,0.0,0.0,0.0,0.0,0.0
minimax,0.019801980198019802,0.0,0.0,0.0,0.0,0.0,0.0
gtd,0.019801980198019802,0.0,0.0,0.0,0.0,0.0,0.0
Schulze,0.019801980198019802,0.0,0.0,0.0,0.0,0.0,0.0
IRV,-0.024752475247524754,0.0,0.0,0.0,0.0,0.0,0.0
