,Borda,plurality,gt,minimax,gtd,Schulze,IRV
Borda,0.0,0.051490514905149054,-0.04607046070460705,-0.04607046070460705,-0.04607046070460705,-0.04607046070460705,0.051490514905149054
plurality,-0.051490514905149054,0.0,0.0027100271002710027,0.0027100271002710027,0.0027100271002710027,0.0027100271002710027,0.0
gt,0.04607046070460705,-0.0027100271002710027,0.0,0.0,0.0,0.0,-0.0027100271002710027
minimax,0.04607046070460705,-0.0027100271002710027,0.0,0.0,0.0,0.0,-0.0027100271002710027
gtd,0.04607046070460705,-0.0027100271002710027,0.0,0.0,0.0,0.0,-0.0027100271002710027
Schulze,0.04607046070460705,-0.0027100271002710027,0.0,0.0,0.0,0.0,-0.0027100271002710027
IRV,-0.051490514905149054,0.0,0.0027100271002710027,0.0027100271002710027,0.0027100271002710027,0.0027100271002710027,0.0
