,Borda,plurality,gt,minimax,gtd,Schulze,IRV
Borda,0.0,-0.01038961038961039,0.0,0.0,-0.01038961038961039,0.0,-0.01038961038961039
plurality,0.01038961038961039,0.0,0.01038961038961039,0.01038961038961039,0.0,0.01038961038961039,0.0
gt,0.0,-0.01038961038961039,0.0,0.0,-0.01038961038961039,0.0,-0.01038961038961039
minimax,0.0,-0.01038961038961039,0.0,0.0,-0.01038961038961039,0.0,-0.01038961038961039
gtd,0.01038961038961039,0.0,0.01038961038961039,0.01038961038961039,0.0,0.01038961038961039,0.0
Schulze,0.0,-0.01038961038961039,0.0,0.0,-0.01038961038961039,0.0,-0.01038961038961039
IRV,0.01038961038961039,0.0,0.01038961038961039,0.01038961038961039,0.0,0.01038961038961039,0.0
