,Borda,plurality,gt,minimax,gtd,Schulze,IRV
Borda,0.0,-0.033942558746736295,-0.033942558746736295,-0.033942558746736295,-0.033942558746736295,-0.033942558746736295,0.09660574412532637
plurality,0.033942558746736295,0.0,0.0,0.0,0.0,0.0,-0.013054830287206266
gt,0.033942558746736295,0.0,0.0,0.0,0.0,0.0,-0.013054830287206266
minimax,0.033942558746736295,0.0,0.0,0.0,0.0,0.0,-0.013054830287206266
gtd,0.033942558746736295,0.0,0.0,0.0,0.0,0.0,-0.013054830287206266
Schulze,0.033942558746736295,0.0,0.0,0.0,0.0,0.0,-0.013054830287206266
IRV,-0.09660574412532637,0.013054830287206266,0.013054830287206266,0.013054830287206266,0.013054830287206266,0.013054830287206266,0.0
