,Borda,plurality,gt,minimax,gtd,Schulze,IRV
Borda,0.0,0.018575851393188854,-0.0030959752321981426,0.0,0.0,0.0,0.018575851393188854
plurality,-0.018575851393188854,0.0,0.030959752321981424,-0.018575851393188854,-0.018575851393188854,-0.018575851393188854,0.0
gt,0.0030959752321981426,-0.030959752321981424,0.0,0.0030959752321981426,0.0030959752321981426,0.0030959752321981426,-0.030959752321981424
minimax,0.0,0.018575851393188854,-0.0030959752321981426,0.0,0.0,0.0,0.018575851393188854
gtd,0.0,0.018575851393188854,-0.0030959752321981426,0.0,0.0,0.0,0.018575851393188854
Schulze,0.0,0.018575851393188854,-0.0030959752321981426,0.0,0.0,0.0,0.018575851393188854
IRV,-0.018575851393188854,0.0,0.030959752321981424,-0.018575851393188854,-0.018575851393188854,-0.018575851393188854,0.0
