,Borda,plurality,gt,minimax,gtd,Schulze,IRV
Borda,0.0,-0.02286902286902287,0.0395010395010395,-0.02286902286902287,-0.02286902286902287,-0.02286902286902287,-0.02286902286902287
plurality,0.02286902286902287,0.0,-0.010395010395010396,0.0,0.0,0.0,0.0
gt,-0.0395010395010395,0.010395010395010396,0.0,0.010395010395010396,0.010395010395010396,0.010395010395010396,0.010395010395010396
minimax,0.02286902286902287,0.0,-0.010395010395010396,0.0,0.0,0.0,0.0
gtd,0.02286902286902287,0.0,-0.010395010395010396,0.0,0.0,0.0,0.0
Schulze,0.02286902286902287,0.0,-0.010395010395010396,0.0,0.0,0.0,0.0
IRV,0.02286902286902287,0.0,-0.010395010395010396,0.0,0.0,0.0,0.0
