,Borda,plurality,gt,minimax,gtd,Schulze,IRV
Borda,0.0,-0.003703703703703704,0.0,0.0,-0.003703703703703704,0.0,0.07037037037037037
plurality,0.003703703703703704,0.0,0.003703703703703704,0.003703703703703704,0.0,0.003703703703703704,-0.03333333333333333
gt,0.0,-0.003703703703703704,0.0,0.0,-0.003703703703703704,0.0,0.07037037037037037
minimax,0.0,-0.003703703703703704,0.0,0.0,-0.003703703703703704,0.0,0.07037037037037037
gtd,0.003703703703703704,0.0,0.003703703703703704,0.003703703703703704,0.0,0.003703703703703704,-0.03333333333333333
Schulze,0.0,-0.003703703703703704,0.0,0.0,-0.003703703703703704,0.0,0.07037037037037037
IRV,-0.07037037037037037,0.03333333333333333,-0.07037037037037037,-0.07037037037037037,0.03333333333333333,-0.07037037037037037,0.0
