,Borda,plurality,gt,minimax,gtd,Schulze,IRV
Borda,0.0,-0.0037359900373599006,-0.0037359900373599006,0.0,-0.0037359900373599006,0.0,0.0660024906600249
plurality,0.0037359900373599006,0.0,0.0,0.0037359900373599006,0.0,0.0037359900373599006,-0.023661270236612703
gt,0.0037359900373599006,0.0,0.0,0.0037359900373599006,0.0,0.0037359900373599006,-0.023661270236612703
minimax,0.0,-0.0037359900373599006,-0.0037359900373599006,0.0,-0.0037359900373599006,0.0,0.0660024906600249
gtd,0.0037359900373599006,0.0,0.0,0.0037359900373599006,0.0,0.0037359900373599006,-0.023661270236612703
Schulze,0.0,-0.0037359900373599006,-0.0037359900373599006,0.0,-0.0037359900373599006,0.0,0.0660024906600249
IRV,-0.0660024906600249,0.023661270236612703,0.023661270236612703,-0.0660024906600249,0.023661270236612703,-0.0660024906600249,0.0
