,Borda,plurality,gt,minimax,gtd,Schulze,IRV
Borda,0.0,-0.01837270341207349,-0.01837270341207349,-0.01837270341207349,-0.01837270341207349,-0.01837270341207349,0.06036745406824147
plurality,0.01837270341207349,0.0,0.0,0.0,0.0,0.0,-0.007874015748031496
gt,0.01837270341207349,0.0,0.0,0.0,0.0,0.0,-0.007874015748031496
minimax,0.01837270341207349,0.0,0.0,0.0,0.0,0.0,-0.007874015748031496
gtd,0.01837270341207349,0.0,0.0,0.0,0.0,0.0,-0.007874015748031496
Schulze,0.01837270341207349,0.0,0.0,0.0,0.0,0.0,-0.007874015748031496
IRV,-0.06036745406824147,0.007874015748031496,0.007874015748031496,0.007874015748031496,0.007874015748031496,0.007874015748031496,0.0
