,Borda,plurality,gt,minimax,gtd,Schulze,IRV
Borda,0.0,0.032432432432432434,0.0,0.0,-0.021621621621621623,0.0,0.032432432432432434
plurality,-0.032432432432432434,0.0,-0.032432432432432434,-0.032432432432432434,0.032432432432432434,-0.032432432432432434,0.0
gt,0.0,0.032432432432432434,0.0,0.0,-0.021621621621621623,0.0,0.032432432432432434
minimax,0.0,0.032432432432432434,0.0,0.0,-0.021621621621621623,0.0,0.032432432432432434
gtd,0.021621621621621623,-0.032432432432432434,0.021621621621621623,0.021621621621621623,0.0,0.021621621621621623,-0.032432432432432434
Schulze,0.0,0.032432432432432434,0.0,0.0,-0.021621621621621623,0.0,0.032432432432432434
IRV,-0.032432432432432434,0.0,-0.032432432432432434,-0.032432432432432434,0.032432432432432434,-0.032432432432432434,0.0
