,Borda,plurality,gt,minimax,gtd,Schulze,IRV
Borda,0.0,0.037037037037037035,-0.0024691358024691358,0.0,-0.0024691358024691358,0.0,0.037037037037037035
plurality,-0.037037037037037035,0.0,0.022222222222222223,-0.037037037037037035,0.022222222222222223,-0.037037037037037035,0.0
gt,0.0024691358024691358,-0.022222222222222223,0.0,0.0024691358024691358,0.0,0.0024691358024691358,-0.022222222222222223
minimax,0.0,0.037037037037037035,-0.0024691358024691358,0.0,-0.0024691358024691358,0.0,0.037037037037037035
gtd,0.0024691358024691358,-0.022222222222222223,0.0,0.0024691358024691358,0.0,0.0024691358024691358,-0.022222222222222223
Schulze,0.0,0.037037037037037035,-0.0024691358024691358,0.0,-0.0024691358024691358,0.0,0.037037037037037035
IRV,-0.037037037037037035,0.0,0.022222222222222223,-0.037037037037037035,0.022222222222222223,-0.037037037037037035,0.0
