,Borda,plurality,gt,minimax,gtd,Schulze,IRV
Borda,0.0,0.0,0.0,0.0,-0.007334963325183374,0.0,0.0
plurality,0.0,0.0,0.0,0.0,-0.007334963325183374,0.0,0.0
gt,0.0,0.0,0.0,0.0,-0.007334963325183374,0.0,0.0
minimax,0.0,0.0,0.0,0.0,-0.007334963325183374,0.0,0.0
gtd,0.007334963325183374,0.007334963325183374,0.007334963325183374,0.007334963325183374,0.0,0.007334963325183374,0.007334963325183374
Schulze,0.0,0.0,0.0,0.0,-0.007334963325183374,0.0,0.0
IRV,0.0,0.0,0.0,0.0,-0.007334963325183374,0.0,0.0
