,Borda,plurality,gt,minimax,gtd,Schulze,IRV
Borda,0.0,0.026004728132387706,0.0,0.026004728132387706,0.0,0.026004728132387706,0.026004728132387706
plurality,-0.026004728132387706,0.0,-0.026004728132387706,0.0,-0.026004728132387706,0.0,0.0
gt,0.0,0.026004728132387706,0.0,0.026004728132387706,0.0,0.026004728132387706,0.026004728132387706
minimax,-0.026004728132387706,0.0,-0.026004728132387706,0.0,-0.026004728132387706,0.0,0.0
gtd,0.0,0.026004728132387706,0.0,0.026004728132387706,0.0,0.026004728132387706,0.026004728132387706
Schulze,-0.026004728132387706,0.0,-0.026004728132387706,0.0,-0.026004728132387706,0.0,0.0
IRV,-0.026004728132387706,0.0,-0.026004728132387706,0.0,-0.026004728132387706,0.0,0.0
