,Borda,plurality,gt,minimax,gtd,Schulze,IRV
Borda,0.0,-0.013157894736842105,0.0,0.0,-0.013157894736842105,0.0,0.05701754385964912
plurality,0.013157894736842105,0.0,0.013157894736842105,0.013157894736842105,0.0,0.013157894736842105,-0.03508771929824561
gt,0.0,-0.013157894736842105,0.0,0.0,-0.013157894736842105,0.0,0.05701754385964912
minimax,0.0,-0.013157894736842105,0.0,0.0,-0.013157894736842105,0.0,0.05701754385964912
gtd,0.013157894736842105,0.0,0.013157894736842105,0.013157894736842105,0.0,0.013157894736842105,-0.03508771929824561
Schulze,0.0,-0.013157894736842105,0.0,0.0,-0.013157894736842105,0.0,0.05701754385964912
IRV,-0.05701754385964912,0.03508771929824561,-0.05701754385964912,-0.05701754385964912,0.03508771929824561,-0.05701754385964912,0.0
