,Borda,plurality,gt,minimax,gtd,Schulze,IRV
Borda,0.0,-0.018789144050104383,0.010438413361169102,-0.018789144050104383,0.010438413361169102,-0.018789144050104383,-0.018789144050104383
plurality,0.018789144050104383,0.0,-0.006263048016701462,0.0,-0.006263048016701462,0.0,0.0
gt,-0.010438413361169102,0.006263048016701462,0.0,0.006263048016701462,0.0,0.006263048016701462,0.006263048016701462
minimax,0.018789144050104383,0.0,-0.006263048016701462,0.0,-0.006263048016701462,0.0,0.0
gtd,-0.010438413361169102,0.006263048016701462,0.0,0.006263048016701462,0.0,0.006263048016701462,0.006263048016701462
Schulze,0.018789144050104383,0.0,-0.006263048016701462,0.0,-0.006263048016701462,0.0,0.0
IRV,0.018789144050104383,0.0,-0.006263048016701462,0.0,-0.006263048016701462,0.0,0.0
