,Borda,plurality,gt,minimax,gtd,Schulze,IRV
Borda,0.0,0.0,-0.020080321285140562,0.0,-0.020080321285140562,0.0,-0.020080321285140562
plurality,0.0,0.0,-0.020080321285140562,0.0,-0.020080321285140562,0.0,-0.020080321285140562
gt,0.020080321285140562,0.020080321285140562,0.0,0.020080321285140562,0.0,0.020080321285140562,0.0
minimax,0.0,0.0,-0.020080321285140562,0.0,-0.020080321285140562,0.0,-0.020080321285140562
gtd,0.020080321285140562,0.020080321285140562,0.0,0.020080321285140562,0.0,0.020080321285140562,0.0
Schulze,0.0,0.0,-0.020080321285140562,0.0,-0.020080321285140562,0.0,-0.020080321285140562
IRV,0.020080321285140562,0.020080321285140562,0.0,0.020080321285140562,0.0,0.020080321285140562,0.0
