,Borda,plurality,gt,minimax,gtd,Schulze,IRV
Borda,0.0,0.048507462686567165,-0.007462686567164179,0.0,-0.007462686567164179,0.0,0.0
plurality,-0.048507462686567165,0.0,0.011194029850746268,-0.048507462686567165,0.011194029850746268,-0.048507462686567165,-0.048507462686567165
gt,0.007462686567164179,-0.011194029850746268,0.0,0.007462686567164179,0.0,0.007462686567164179,0.007462686567164179
minimax,0.0,0.048507462686567165,-0.007462686567164179,0.0,-0.007462686567164179,0.0,0.0
gtd,0.007462686567164179,-0.011194029850746268,0.0,0.007462686567164179,0.0,0.007462686567164179,0.007462686567164179
Schulze,0.0,0.048507462686567165,-0.007462686567164179,0.0,-0.007462686567164179,0.0,0.0
IRV,0.0,0.048507462686567165,-0.007462686567164179,0.0,-0.007462686567164179,0.0,0.0
