,Borda,plurality,gt,minimax,gtd,Schulze,IRV
Borda,0.0,0.06285714285714286,0.06285714285714286,-0.011428571428571429,-0.011428571428571429,-0.011428571428571429,0.0
plurality,-0.06285714285714286,0.0,0.0,0.005714285714285714,0.005714285714285714,0.005714285714285714,-0.06285714285714286
gt,-0.06285714285714286,0.0,0.0,0.005714285714285714,0.005714285714285714,0.005714285714285714,-0.06285714285714286
minimax,0.011428571428571429,-0.005714285714285714,-0.005714285714285714,0.0,0.0,0.0,0.011428571428571429
gtd,0.011428571428571429,-0.005714285714285714,-0.005714285714285714,0.0,0.0,0.0,0.011428571428571429
Schulze,0.011428571428571429,-0.005714285714285714,-0.005714285714285714,0.0,0.0,0.0,0.011428571428571429
IRV,0.0,0.06285714285714286,0.06285714285714286,-0.011428571428571429,-0.011428571428571429,-0.011428571428571429,0.0
