,Borda,plurality,gt,minimax,gtd,Schulze,IRV
Borda,0.0,0.18571428571428572,0.0,0.0,-0.004761904761904762,0.0,-0.004761904761904762
plurality,-0.18571428571428572,0.0,-0.18571428571428572,-0.18571428571428572,-0.05238095238095238,-0.18571428571428572,-0.05238095238095238
gt,0.0,0.18571428571428572,0.0,0.0,-0.004761904761904762,0.0,-0.004761904761904762
minimax,0.0,0.18571428571428572,0.0,0.0,-0.004761904761904762,0.0,-0.004761904761904762
gtd,0.004761904761904762,0.05238095238095238,0.004761904761904762,0.004761904761904762,0.0,0.004761904761904762,0.0
Schulze,0.0,0.18571428571428572,0.0,0.0,-0.004761904761904762,0.0,-0.004761904761904762
IRV,0.004761904761904762,0.05238095238095238,0.004761904761904762,0.004761904761904762,0.0,0.004761904761904762,0.0
