,Borda,plurality,gt,minimax,gtd,Schulze,IRV
Borda,0.0,0.0,-0.0051813471502590676,-0.0051813471502590676,-0.0051813471502590676,-0.0051813471502590676,-0.0051813471502590676
plurality,0.0,0.0,-0.0051813471502590676,-0.0051813471502590676,-0.0051813471502590676,-0.0051813471502590676,-0.0051813471502590676
gt,0.0051813471502590676,0.0051813471502590676,0.0,0.0,0.0,0.0,0.0
minimax,0.0051813471502590676,0.0051813471502590676,0.0,0.0,0.0,0.0,0.0
gtd,0.0051813471502590676,0.0051813471502590676,0.0,0.0,0.0,0.0,0.0
Schulze,0.0051813471502590676,0.0051813471502590676,0.0,0.0,0.0,0.0,0.0
IRV,0.0051813471502590676,0.0051813471502590676,0.0,0.0,0.0,0.0,0.0
