,Borda,plurality,gt,minimax,gtd,Schulze,IRV
Borda,0.0,0.06403940886699508,0.06403940886699508,0.0,-0.009852216748768473,0.0,0.0
plurality,-0.06403940886699508,0.0,0.0,-0.06403940886699508,0.014778325123152709,-0.06403940886699508,-0.06403940886699508
gt,-0.06403940886699508,0.0,0.0,-0.06403940886699508,0.014778325123152709,-0.06403940886699508,-0.06403940886699508
minimax,0.0,0.06403940886699508,0.06403940886699508,0.0,-0.009852216748768473,0.0,0.0
gtd,0.009852216748768473,-0.014778325123152709,-0.014778325123152709,0.009852216748768473,0.0,0.009852216748768473,0.009852216748768473
Schulze,0.0,0.06403940886699508,0.06403940886699508,0.0,-0.009852216748768473,0.0,0.0
IRV,0.0,0.06403940886699508,0.06403940886699508,0.0,-0.009852216748768473,0.0,0.0
