,Borda,plurality,gt,minimax,gtd,Schulze,IRV
Borda,0.0,0.05687203791469194,-0.004739336492890996,0.0,-0.004739336492890996,0.0,0.0
plurality,-0.05687203791469194,0.0,0.02843601895734597,-0.05687203791469194,0.02843601895734597,-0.05687203791469194,-0.05687203791469194
gt,0.004739336492890996,-0.02843601895734597,0.0,0.004739336492890996,0.0,0.004739336492890996,0.004739336492890996
minimax,0.0,0.05687203791469194,-0.004739336492890996,0.0,-0.004739336492890996,0.0,0.0
gtd,0.004739336492890996,-0.02843601895734597,0.0,0.004739336492890996,0.0,0.004739336492890996,0.004739336492890996
Schulze,0.0,0.05687203791469194,-0.004739336492890996,0.0,-0.004739336492890996,0.0,0.0
IRV,0.0,0.05687203791469194,-0.004739336492890996,0.0,-0.004739336492890996,0.0,0.0
