,Borda,plurality,gt,minimax,gtd,Schulze,IRV
Borda,0.0,0.03917525773195876,0.0,0.0,0.0,0.0,0.0
plurality,-0.03917525773195876,0.0,-0.03917525773195876,-0.03917525773195876,-0.03917525773195876,-0.03917525773195876,-0.03917525773195876
gt,0.0,0.03917525773195876,0.0,0.0,0.0,0.0,0.0
minimax,0.0,0.03917525773195876,0.0,0.0,0.0,0.0,0.0
gtd,0.0,0.03917525773195876,0.0,0.0,0.0,0.0,0.0
Schulze,0.0,0.03917525773195876,0.0,0.0,0.0,0.0,0.0
IRV,0.0,0.03917525773195876,0.0,0.0,0.0,0.0,0.0
