,Borda,plurality,gt,minimax,gtd,Schulze,IRV
Borda,0.0,-0.062146892655367235,0.0,-0.062146892655367235,-0.062146892655367235,-0.062146892655367235,-0.062146892655367235
plurality,0.062146892655367235,0.0,0.062146892655367235,0.0,0.0,0.0,0.0
gt,0.0,-0.062146892655367235,0.0,-0.062146892655367235,-0.062146892655367235,-0.062146892655367235,-0.062146892655367235
minimax,0.062146892655367235,0.0,0.062146892655367235,0.0,0.0,0.0,0.0
gtd,0.062146892655367235,0.0,0.062146892655367235,0.0,0.0,0.0,0.0
Schulze,0.062146892655367235,0.0,0.062146892655367235,0.0,0.0,0.0,0.0
IRV,0.062146892655367235,0.0,0.062146892655367235,0.0,0.0,0.0,0.0
