,Borda,plurality,gt,minimax,gtd,Schulze,IRV
Borda,0.0,-0.0012004801920768306,-0.0012004801920768306,0.0,-0.0012004801920768306,0.0,0.030012004801920768
plurality,0.0012004801920768306,0.0,0.0,0.0012004801920768306,0.0,0.0012004801920768306,-0.013205282112845138
gt,0.0012004801920768306,0.0,0.0,0.0012004801920768306,0.0,0.0012004801920768306,-0.013205282112845138
minimax,0.0,-0.0012004801920768306,-0.0012004801920768306,0.0,-0.0012004801920768306,0.0,0.030012004801920768
gtd,0.0012004801920768306,0.0,0.0,0.0012004801920768306,0.0,0.0012004801920768306,-0.013205282112845138
Schulze,0.0,-0.0012004801920768306,-0.0012004801920768306,0.0,-0.0012004801920768306,0.0,0.030012004801920768
IRV,-0.030012004801920768,0.013205282112845138,0.013205282112845138,-0.030012004801920768,0.013205282112845138,-0.030012004801920768,0.0
