,Borda,plurality,gt,minimax,gtd,Schulze,IRV
Borda,0.0,0.02702702702702703,-0.010810810810810811,0.0,0.0,0.0,0.0
plurality,-0.02702702702702703,0.0,0.03783783783783784,-0.02702702702702703,-0.02702702702702703,-0.02702702702702703,-0.02702702702702703
gt,0.010810810810810811,-0.03783783783783784,0.0,0.010810810810810811,0.010810810810810811,0.010810810810810811,0.010810810810810811
minimax,0.0,0.02702702702702703,-0.010810810810810811,0.0,0.0,0.0,0.0
gtd,0.0,0.02702702702702703,-0.010810810810810811,0.0,0.0,0.0,0.0
Schulze,0.0,0.02702702702702703,-0.010810810810810811,0.0,0.0,0.0,0.0
IRV,0.0,0.02702702702702703,-0.010810810810810811,0.0,0.0,0.0,0.0
