,Borda,plurality,gt,minimax,gtd,Schulze,IRV
Borda,0.0,0.024282560706401765,0.0,0.0,0.0,0.0,0.024282560706401765
plurality,-0.024282560706401765,0.0,-0.024282560706401765,-0.024282560706401765,-0.024282560706401765,-0.024282560706401765,0.0
gt,0.0,0.024282560706401765,0.0,0.0,0.0,0.0,0.024282560706401765
minimax,0.0,0.024282560706401765,0.0,0.0,0.0,0.0,0.024282560706401765
gtd,0.0,0.024282560706401765,0.0,0.0,0.0,0.0,0.024282560706401765
Schulze,0.0,0.024282560706401765,0.0,0.0,0.0,0.0,0.024282560706401765
IRV,-0.024282560706401765,0.0,-0.024282560706401765,-0.024282560706401765,-0.024282560706401765,-0.024282560706401765,0.0
