,Borda,plurality,gt,minimax,gtd,Schulze,IRV
Borda,0.0,-0.021359223300970873,0.07961165048543689,-0.021359223300970873,-0.021359223300970873,-0.021359223300970873,0.07961165048543689
plurality,0.021359223300970873,0.0,-0.013592233009708738,0.0,0.0,0.0,-0.013592233009708738
gt,-0.07961165048543689,0.013592233009708738,0.0,0.013592233009708738,0.013592233009708738,0.013592233009708738,0.0
minimax,0.021359223300970873,0.0,-0.013592233009708738,0.0,0.0,0.0,-0.013592233009708738
gtd,0.021359223300970873,0.0,-0.013592233009708738,0.0,0.0,0.0,-0.013592233009708738
Schulze,0.021359223300970873,0.0,-0.013592233009708738,0.0,0.0,0.0,-0.013592233009708738
IRV,-0.07961165048543689,0.013592233009708738,0.0,0.013592233009708738,0.013592233009708738,0.013592233009708738,0.0
