,Borda,plurality,gt,minimax,gtd,Schulze,IRV
Borda,0.0,-0.057356608478802994,0.09226932668329177,-0.057356608478802994,-0.057356608478802994,-0.057356608478802994,-0.057356608478802994
plurality,0.057356608478802994,0.0,-0.022443890274314215,0.0,0.0,0.0,0.0
gt,-0.09226932668329177,0.022443890274314215,0.0,0.022443890274314215,0.022443890274314215,0.022443890274314215,0.022443890274314215
minimax,0.057356608478802994,0.0,-0.022443890274314215,0.0,0.0,0.0,0.0
gtd,0.057356608478802994,0.0,-0.022443890274314215,0.0,0.0,0.0,0.0
Schulze,0.057356608478802994,0.0,-0.022443890274314215,0.0,0.0,0.0,0.0
IRV,0.057356608478802994,0.0,-0.022443890274314215,0.0,0.0,0.0,0.0
