,Borda,plurality,gt,minimax,gtd,Schulze,IRV
Borda,0.0,0.05286343612334802,0.0,-0.04405286343612335,-0.04405286343612335,-0.04405286343612335,0.0
plurality,-0.05286343612334802,0.0,-0.05286343612334802,0.04405286343612335,0.04405286343612335,0.04405286343612335,-0.05286343612334802
gt,0.0,0.05286343612334802,0.0,-0.04405286343612335,-0.04405286343612335,-0.04405286343612335,0.0
minimax,0.04405286343612335,-0.04405286343612335,0.04405286343612335,0.0,0.0,0.0,0.04405286343612335
gtd,0.04405286343612335,-0.04405286343612335,0.04405286343612335,0.0,0.0,0.0,0.04405286343612335
Schulze,0.04405286343612335,-0.04405286343612335,0.04405286343612335,0.0,0.0,0.0,0.04405286343612335
IRV,0.0,0.05286343612334802,0.0,-0.04405286343612335,-0.04405286343612335,-0.04405286343612335,0.0
