,Borda,plurality,gt,minimax,gtd,Schulze,IRV
Borda,0.0,-0.03272727272727273,0.01090909090909091,-0.03272727272727273,0.01090909090909091,-0.03272727272727273,0.01090909090909091
plurality,0.03272727272727273,0.0,-0.007272727272727273,0.0,-0.007272727272727273,0.0,-0.007272727272727273
gt,-0.01090909090909091,0.007272727272727273,0.0,0.007272727272727273,0.0,0.007272727272727273,0.0
minimax,0.03272727272727273,0.0,-0.007272727272727273,0.0,-0.007272727272727273,0.0,-0.007272727272727273
gtd,-0.01090909090909091,0.007272727272727273,0.0,0.007272727272727273,0.0,0.007272727272727273,0.0
Schulze,0.03272727272727273,0.0,-0.007272727272727273,0.0,-0.007272727272727273,0.0,-0.007272727272727273
IRV,-0.01090909090909091,0.007272727272727273,0.0,0.007272727272727273,0.0,0.007272727272727273,0.0
