,Borda,plurality,gt,minimax,gtd,Schulze,IRV
Borda,0.0,0.0,0.030927835051546393,-0.026804123711340205,-0.026804123711340205,-0.026804123711340205,-0.026804123711340205
plurality,0.0,0.0,0.030927835051546393,-0.026804123711340205,-0.026804123711340205,-0.026804123711340205,-0.026804123711340205
gt,-0.030927835051546393,-0.030927835051546393,0.0,0.018556701030927835,0.018556701030927835,0.018556701030927835,0.018556701030927835
minimax,0.026804123711340205,0.026804123711340205,-0.018556701030927835,0.0,0.0,0.0,0.0
gtd,0.026804123711340205,0.026804123711340205,-0.018556701030927835,0.0,0.0,0.0,0.0
Schulze,0.026804123711340205,0.026804123711340205,-0.018556701030927835,0.0,0.0,0.0,0.0
IRV,0.026804123711340205,0.026804123711340205,-0.018556701030927835,0.0,0.0,0.0,0.0
