,Borda,plurality,gt,minimax,gtd,Schulze,IRV
Borda,0.0,-0.01694915254237288,-0.01694915254237288,0.0,-0.01694915254237288,0.0,0.05569007263922518
plurality,0.01694915254237288,0.0,0.0,0.01694915254237288,0.0,0.01694915254237288,-0.021791767554479417
gt,0.01694915254237288,0.0,0.0,0.01694915254237288,0.0,0.01694915254237288,-0.021791767554479417
minimax,0.0,-0.01694915254237288,-0.01694915254237288,0.0,-0.01694915254237288,0.0,0.05569007263922518
gtd,0.01694915254237288,0.0,0.0,0.01694915254237288,0.0,0.01694915254237288,-0.021791767554479417
Schulze,0.0,-0.01694915254237288,-0.01694915254237288,0.0,-0.01694915254237288,0.0,0.05569007263922518
IRV,-0.05569007263922518,0.021791767554479417,0.021791767554479417,-0.05569007263922518,0.021791767554479417,-0.05569007263922518,0.0
