,Borda,plurality,gt,minimax,gtd,Schulze,IRV
Borda,0.0,-0.0069605568445475635,0.03944315545243619,-0.0069605568445475635,-0.0069605568445475635,-0.0069605568445475635,0.03944315545243619
plurality,0.0069605568445475635,0.0,-0.0069605568445475635,0.0,0.0,0.0,-0.0069605568445475635
gt,-0.03944315545243619,0.0069605568445475635,0.0,0.0069605568445475635,0.0069605568445475635,0.0069605568445475635,0.0
minimax,0.0069605568445475635,0.0,-0.0069605568445475635,0.0,0.0,0.0,-0.0069605568445475635
gtd,0.0069605568445475635,0.0,-0.0069605568445475635,0.0,0.0,0.0,-0.0069605568445475635
Schulze,0.0069605568445475635,0.0,-0.0069605568445475635,0.0,0.0,0.0,-0.0069605568445475635
IRV,-0.03944315545243619,0.0069605568445475635,0.0,0.0069605568445475635,0.0069605568445475635,0.0069605568445475635,0.0
