,Borda,plurality,gt,minimax,gtd,Schulze,IRV
Borda,0.0,-0.012987012987012988,-0.012987012987012988,0.0,-0.012987012987012988,0.0,0.023376623376623377
plurality,0.012987012987012988,0.0,0.0,0.012987012987012988,0.0,0.012987012987012988,-0.012987012987012988
gt,0.012987012987012988,0.0,0.0,0.012987012987012988,0.0,0.012987012987012988,-0.012987012987012988
minimax,0.0,-0.012987012987012988,-0.012987012987012988,0.0,-0.012987012987012988,0.0,0.023376623376623377
gtd,0.012987012987012988,0.0,0.0,0.012987012987012988,0.0,0.012987012987012988,-0.012987012987012988
Schulze,0.0,-0.012987012987012988,-0.012987012987012988,0.0,-0.012987012987012988,0.0,0.023376623376623377
IRV,-0.023376623376623377,0.012987012987012988,0.012987012987012988,-0.023376623376623377,0.012987012987012988,-0.023376623376623377,0.0
