,Borda,plurality,gt,minimax,gtd,Schulze,IRV
Borda,0.0,-0.013262599469496022,0.0,0.007957559681697613,0.007957559681697613,0.007957559681697613,-0.013262599469496022
plurality,0.013262599469496022,0.0,0.013262599469496022,-0.007957559681697613,-0.007957559681697613,-0.007957559681697613,0.0
gt,0.0,-0.013262599469496022,0.0,0.007957559681697613,0.007957559681697613,0.007957559681697613,-0.013262599469496022
minimax,-0.007957559681697613,0.007957559681697613,-0.007957559681697613,0.0,0.0,0.0,0.007957559681697613
gtd,-0.007957559681697613,0.007957559681697613,-0.007957559681697613,0.0,0.0,0.0,0.007957559681697613
Schulze,-0.007957559681697613,0.007957559681697613,-0.007957559681697613,0.0,0.0,0.0,0.007957559681697613
IRV,0.013262599469496022,0.0,0.013262599469496022,-0.007957559681697613,-0.007957559681697613,-0.007957559681697613,0.0
