,Borda,plurality,gt,minimax,gtd,Schulze,IRV
Borda,0.0,-0.011135857461024499,-0.011135857461024499,-0.011135857461024499,-0.011135857461024499,-0.011135857461024499,0.0334075723830735
plurality,0.011135857461024499,0.0,0.0,0.0,0.0,0.0,-0.0022271714922048997
gt,0.011135857461024499,0.0,0.0,0.0,0.0,0.0,-0.0022271714922048997
minimax,0.011135857461024499,0.0,0.0,0.0,0.0,0.0,-0.0022271714922048997
gtd,0.011135857461024499,0.0,0.0,0.0,0.0,0.0,-0.0022271714922048997
Schulze,0.011135857461024499,0.0,0.0,0.0,0.0,0.0,-0.0022271714922048997
IRV,-0.0334075723830735,0.0022271714922048997,0.0022271714922048997,0.0022271714922048997,0.0022271714922048997,0.0022271714922048997,0.0
