,Borda,plurality,gt,minimax,gtd,Schulze,IRV
Borda,0.0,0.0,0.05030181086519115,0.0,-0.014084507042253521,0.0,0.0
plurality,0.0,0.0,0.05030181086519115,0.0,-0.014084507042253521,0.0,0.0
gt,-0.05030181086519115,-0.05030181086519115,0.0,-0.05030181086519115,0.022132796780684104,-0.05030181086519115,-0.05030181086519115
minimax,0.0,0.0,0.05030181086519115,0.0,-0.014084507042253521,0.0,0.0
gtd,0.014084507042253521,0.014084507042253521,-0.022132796780684104,0.014084507042253521,0.0,0.014084507042253521,0.014084507042253521
Schulze,0.0,0.0,0.05030181086519115,0.0,-0.014084507042253521,0.0,0.0
IRV,0.0,0.0,0.05030181086519115,0.0,-0.014084507042253521,0.0,0.0
