,Borda,plurality,gt,minimax,gtd,Schulze,IRV
Borda,0.0,-0.03277674706246135,0.0191713048855906,-0.03277674706246135,0.0191713048855906,-0.03277674706246135,0.0191713048855906
plurality,0.03277674706246135,0.0,-0.01422387136672851,0.0,-0.01422387136672851,0.0,-0.01422387136672851
gt,-0.0191713048855906,0.01422387136672851,0.0,0.01422387136672851,0.0,0.01422387136672851,0.0
minimax,0.03277674706246135,0.0,-0.01422387136672851,0.0,-0.01422387136672851,0.0,-0.01422387136672851
gtd,-0.0191713048855906,0.01422387136672851,0.0,0.01422387136672851,0.0,0.01422387136672851,0.0
Schulze,0.03277674706246135,0.0,-0.01422387136672851,0.0,-0.01422387136672851,0.0,-0.01422387136672851
IRV,-0.0191713048855906,0.01422387136672851,0.0,0.01422387136672851,0.0,0.01422387136672851,0.0
