,Borda,plurality,gt,minimax,gtd,Schulze,IRV
Borda,0.0,0.0,-0.001941747572815534,0.0,-0.001941747572815534,0.0,0.0
plurality,0.0,0.0,-0.001941747572815534,0.0,-0.001941747572815534,0.0,0.0
gt,0.001941747572815534,0.001941747572815534,0.0,0.001941747572815534,0.0,0.001941747572815534,0.001941747572815534
minimax,0.0,0.0,-0.001941747572815534,0.0,-0.001941747572815534,0.0,0.0
gtd,0.001941747572815534,0.001941747572815534,0.0,0.001941747572815534,0.0,0.001941747572815534,0.001941747572815534
Schulze,0.0,0.0,-0.001941747572815534,0.0,-0.001941747572815534,0.0,0.0
IRV,0.0,0.0,-0.001941747572815534,0.0,-0.001941747572815534,0.0,0.0
