,Borda,plurality,gt,minimax,gtd,Schulze,IRV
Borda,0.0,-0.004739336492890996,-0.004739336492890996,0.0,-0.004739336492890996,0.0,0.018957345971563982
plurality,0.004739336492890996,0.0,0.0,0.004739336492890996,0.0,0.004739336492890996,-0.009478672985781991
gt,0.004739336492890996,0.0,0.0,0.004739336492890996,0.0,0.004739336492890996,-0.009478672985781991
minimax,0.0,-0.004739336492890996,-0.004739336492890996,0.0,-0.004739336492890996,0.0,0.018957345971563982
gtd,0.004739336492890996,0.0,0.0,0.004739336492890996,0.0,0.004739336492890996,-0.009478672985781991
Schulze,0.0,-0.004739336492890996,-0.004739336492890996,0.0,-0.004739336492890996,0.0,0.018957345971563982
IRV,-0.018957345971563982,0.009478672985781991,0.009478672985781991,-0.018957345971563982,0.009478672985781991,-0.018957345971563982,0.0
