,Borda,plurality,gt,minimax,gtd,Schulze,IRV
Borda,0.0,0.014778325123152709,-0.0024630541871921183,0.0,-0.0024630541871921183,0.0,0.014778325123152709
plurality,-0.014778325123152709,0.0,0.012315270935960592,-0.014778325123152709,0.012315270935960592,-0.014778325123152709,0.0
gt,0.0024630541871921183,-0.012315270935960592,0.0,0.0024630541871921183,0.0,0.0024630541871921183,-0.012315270935960592
minimax,0.0,0.014778325123152709,-0.0024630541871921183,0.0,-0.0024630541871921183,0.0,0.014778325123152709
gtd,0.0024630541871921183,-0.012315270935960592,0.0,0.0024630541871921183,0.0,0.0024630541871921183,-0.012315270935960592
Schulze,0.0,0.014778325123152709,-0.0024630541871921183,0.0,-0.0024630541871921183,0.0,0.014778325123152709
IRV,-0.014778325123152709,0.0,0.012315270935960592,-0.014778325123152709,0.012315270935960592,-0.014778325123152709,0.0
