,Borda,plurality,gt,minimax,gtd,Schulze,IRV
Borda,0.0,-0.026929982046678635,0.0,-0.026929982046678635,-0.026929982046678635,-0.026929982046678635,-0.026929982046678635
plurality,0.026929982046678635,0.0,0.026929982046678635,0.0,0.0,0.0,0.0
gt,0.0,-0.026929982046678635,0.0,-0.026929982046678635,-0.026929982046678635,-0.026929982046678635,-0.026929982046678635
minimax,0.026929982046678635,0.0,0.026929982046678635,0.0,0.0,0.0,0.0
gtd,0.026929982046678635,0.0,0.026929982046678635,0.0,0.0,0.0,0.0
Schulze,0.026929982046678635,0.0,0.026929982046678635,0.0,0.0,0.0,0.0
IRV,0.026929982046678635,0.0,0.026929982046678635,0.0,0.0,0.0,0.0
