,Borda,plurality,gt,minimax,gtd,Schulze,IRV
Borda,0.0,0.07407407407407407,-0.015873015873015872,0.0,-0.015873015873015872,0.0,0.08994708994708994
plurality,-0.07407407407407407,0.0,-0.06349206349206349,-0.07407407407407407,-0.06349206349206349,-0.07407407407407407,0.0
gt,0.015873015873015872,0.06349206349206349,0.0,0.015873015873015872,0.0,0.015873015873015872,-0.021164021164021163
minimax,0.0,0.07407407407407407,-0.015873015873015872,0.0,-0.015873015873015872,0.0,0.08994708994708994
gtd,0.015873015873015872,0.06349206349206349,0.0,0.015873015873015872,0.0,0.015873015873015872,-0.021164021164021163
Schulze,0.0,0.07407407407407407,-0.015873015873015872,0.0,-0.015873015873015872,0.0,0.08994708994708994
IRV,-0.08994708994708994,0.0,0.021164021164021163,-0.08994708994708994,0.021164021164021163,-0.08994708994708994,0.0
