,Borda,plurality,gt,minimax,gtd,Schulze,IRV
Borda,0.0,-0.009523809523809525,0.0,0.0,0.0,0.0,0.013333333333333334
plurality,0.009523809523809525,0.0,0.009523809523809525,0.009523809523809525,0.009523809523809525,0.009523809523809525,-0.02857142857142857
gt,0.0,-0.009523809523809525,0.0,0.0,0.0,0.0,0.013333333333333334
minimax,0.0,-0.009523809523809525,0.0,0.0,0.0,0.0,0.013333333333333334
gtd,0.0,-0.009523809523809525,0.0,0.0,0.0,0.0,0.013333333333333334
Schulze,0.0,-0.009523809523809525,0.0,0.0,0.0,0.0,0.013333333333333334
IRV,-0.013333333333333334,0.02857142857142857,-0.013333333333333334,-0.013333333333333334,-0.013333333333333334,-0.013333333333333334,0.0
