,Borda,plurality,gt,minimax,gtd,Schulze,IRV
Borda,0.0,-0.03485254691689008,-0.03485254691689008,-0.03485254691689008,-0.03485254691689008,-0.03485254691689008,0.045576407506702415
plurality,0.03485254691689008,0.0,0.0,0.0,0.0,0.0,-0.00804289544235925
gt,0.03485254691689008,0.0,0.0,0.0,0.0,0.0,-0.00804289544235925
minimax,0.03485254691689008,0.0,0.0,0.0,0.0,0.0,-0.00804289544235925
gtd,0.03485254691689008,0.0,0.0,0.0,0.0,0.0,-0.00804289544235925
Schulze,0.03485254691689008,0.0,0.0,0.0,0.0,0.0,-0.00804289544235925
IRV,-0.045576407506702415,0.00804289544235925,0.00804289544235925,0.00804289544235925,0.00804289544235925,0.00804289544235925,0.0
