,Borda,plurality,gt,minimax,gtd,Schulze,IRV
Borda,0.0,0.0011148272017837235,0.0,0.0011148272017837235,0.0,0.0011148272017837235,0.0
plurality,-0.0011148272017837235,0.0,-0.0011148272017837235,0.0,-0.0011148272017837235,0.0,-0.0011148272017837235
gt,0.0,0.0011148272017837235,0.0,0.0011148272017837235,0.0,0.0011148272017837235,0.0
minimax,-0.0011148272017837235,0.0,-0.0011148272017837235,0.0,-0.0011148272017837235,0.0,-0.0011148272017837235
gtd,0.0,0.0011148272017837235,0.0,0.0011148272017837235,0.0,0.0011148272017837235,0.0
Schulze,-0.0011148272017837235,0.0,-0.0011148272017837235,0.0,-0.0011148272017837235,0.0,-0.0011148272017837235
IRV,0.0,0.0011148272017837235,0.0,0.0011148272017837235,0.0,0.0011148272017837235,0.0
