,Borda,plurality,gt,minimax,gtd,Schulze,IRV
Borda,0.0,-0.004784688995215311,0.0,0.0,-0.004784688995215311,0.0,0.023923444976076555
plurality,0.004784688995215311,0.0,0.004784688995215311,0.004784688995215311,0.0,0.004784688995215311,-0.004784688995215311
gt,0.0,-0.004784688995215311,0.0,0.0,-0.004784688995215311,0.0,0.023923444976076555
minimax,0.0,-0.004784688995215311,0.0,0.0,-0.004784688995215311,0.0,0.023923444976076555
gtd,0.004784688995215311,0.0,0.004784688995215311,0.004784688995215311,0.0,0.004784688995215311,-0.004784688995215311
Schulze,0.0,-0.004784688995215311,0.0,0.0,-0.004784688995215311,0.0,0.023923444976076555
IRV,-0.023923444976076555,0.004784688995215311,-0.023923444976076555,-0.023923444976076555,0.004784688995215311,-0.023923444976076555,0.0
