,Borda,plurality,gt,minimax,gtd,Schulze,IRV
Borda,0.0,-0.03398058252427184,-0.03398058252427184,0.0,0.0,0.0,0.038834951456310676
plurality,0.03398058252427184,0.0,0.0,0.03398058252427184,0.03398058252427184,0.03398058252427184,-0.05339805825242718
gt,0.03398058252427184,0.0,0.0,0.03398058252427184,0.03398058252427184,0.03398058252427184,-0.05339805825242718
minimax,0.0,-0.03398058252427184,-0.03398058252427184,0.0,0.0,0.0,0.038834951456310676
gtd,0.0,-0.03398058252427184,-0.03398058252427184,0.0,0.0,0.0,0.038834951456310676
Schulze,0.0,-0.03398058252427184,-0.03398058252427184,0.0,0.0,0.0,0.038834951456310676
IRV,-0.038834951456310676,0.05339805825242718,0.05339805825242718,-0.038834951456310676,-0.038834951456310676,-0.038834951456310676,0.0
