,Borda,plurality,gt,minimax,gtd,Schulze,IRV
Borda,0.0,-0.01060070671378092,0.0,0.001177856301531213,0.0,0.001177856301531213,0.001177856301531213
plurality,0.01060070671378092,0.0,0.01060070671378092,-0.043580683156654886,0.01060070671378092,-0.043580683156654886,-0.043580683156654886
gt,0.0,-0.01060070671378092,0.0,0.001177856301531213,0.0,0.001177856301531213,0.001177856301531213
minimax,-0.001177856301531213,0.043580683156654886,-0.001177856301531213,0.0,-0.001177856301531213,0.0,0.0
gtd,0.0,-0.01060070671378092,0.0,0.001177856301531213,0.0,0.001177856301531213,0.001177856301531213
Schulze,-0.001177856301531213,0.043580683156654886,-0.001177856301531213,0.0,-0.001177856301531213,0.0,0.0
IRV,-0.001177856301531213,0.043580683156654886,-0.001177856301531213,0.0,-0.001177856301531213,0.0,0.0
