,Borda,plurality,gt,minimax,gtd,Schulze,IRV
Borda,0.0,-0.031315240083507306,-0.031315240083507306,-0.031315240083507306,-0.031315240083507306,-0.031315240083507306,-0.031315240083507306
plurality,0.031315240083507306,0.0,0.0,0.0,0.0,0.0,0.0
gt,0.031315240083507306,0.0,0.0,0.0,0.0,0.0,0.0
minimax,0.031315240083507306,0.0,0.0,0.0,0.0,0.0,0.0
gtd,0.031315240083507306,0.0,0.0,0.0,0.0,0.0,0.0
Schulze,0.031315240083507306,0.0,0.0,0.0,0.0,0.0,0.0
IRV,0.031315240083507306,0.0,0.0,0.0,0.0,0.0,0.0
