,Borda,plurality,gt,minimax,gtd,Schulze,IRV
Borda,0.0,-0.004942339373970346,0.0,0.0,0.0,0.0,0.03130148270181219
plurality,0.004942339373970346,0.0,0.004942339373970346,0.004942339373970346,0.004942339373970346,0.004942339373970346,-0.060955518945634266
gt,0.0,-0.004942339373970346,0.0,0.0,0.0,0.0,0.03130148270181219
minimax,0.0,-0.004942339373970346,0.0,0.0,0.0,0.0,0.03130148270181219
gtd,0.0,-0.004942339373970346,0.0,0.0,0.0,0.0,0.03130148270181219
Schulze,0.0,-0.004942339373970346,0.0,0.0,0.0,0.0,0.03130148270181219
IRV,-0.03130148270181219,0.060955518945634266,-0.03130148270181219,-0.03130148270181219,-0.03130148270181219,-0.03130148270181219,0.0
