,Borda,plurality,gt,minimax,gtd,Schulze,IRV
Borda,0.0,0.04727272727272727,-0.0036363636363636364,0.0,-0.0036363636363636364,0.0,0.0
plurality,-0.04727272727272727,0.0,0.01090909090909091,-0.04727272727272727,0.01090909090909091,-0.04727272727272727,-0.04727272727272727
gt,0.0036363636363636364,-0.01090909090909091,0.0,0.0036363636363636364,0.0,0.0036363636363636364,0.0036363636363636364
minimax,0.0,0.04727272727272727,-0.0036363636363636364,0.0,-0.0036363636363636364,0.0,0.0
gtd,0.0036363636363636364,-0.01090909090909091,0.0,0.0036363636363636364,0.0,0.0036363636363636364,0.0036363636363636364
Schulze,0.0,0.04727272727272727,-0.0036363636363636364,0.0,-0.0036363636363636364,0.0,0.0
IRV,0.0,0.04727272727272727,-0.0036363636363636364,0.0,-0.0036363636363636364,0.0,0.0
