,Borda,plurality,gt,minimax,gtd,Schulze,IRV
Borda,0.0,-0.010719754977029096,-0.010719754977029096,-0.010719754977029096,-0.010719754977029096,-0.010719754977029096,-0.010719754977029096
plurality,0.010719754977029096,0.0,0.0,0.0,0.0,0.0,0.0
gt,0.010719754977029096,0.0,0.0,0.0,0.0,0.0,0.0
minimax,0.010719754977029096,0.0,0.0,0.0,0.0,0.0,0.0
gtd,0.010719754977029096,0.0,0.0,0.0,0.0,0.0,0.0
Schulze,0.010719754977029096,0.0,0.0,0.0,0.0,0.0,0.0
IRV,0.010719754977029096,0.0,0.0,0.0,0.0,0.0,0.0
