,Borda,plurality,gt,minimax,gtd,Schulze,IRV
Borda,0.0,0.06035889070146819,-0.008156606851549755,0.0,-0.008156606851549755,0.0,0.06035889070146819
plurality,-0.06035889070146819,0.0,0.037520391517128875,-0.06035889070146819,0.037520391517128875,-0.06035889070146819,0.0
gt,0.008156606851549755,-0.037520391517128875,0.0,0.008156606851549755,0.0,0.008156606851549755,-0.037520391517128875
minimax,0.0,0.06035889070146819,-0.008156606851549755,0.0,-0.008156606851549755,0.0,0.06035889070146819
gtd,0.008156606851549755,-0.037520391517128875,0.0,0.008156606851549755,0.0,0.008156606851549755,-0.037520391517128875
Schulze,0.0,0.06035889070146819,-0.008156606851549755,0.0,-0.008156606851549755,0.0,0.06035889070146819
IRV,-0.06035889070146819,0.0,0.037520391517128875,-0.06035889070146819,0.037520391517128875,-0.06035889070146819,0.0
