,Borda,plurality,gt,minimax,gtd,Schulze,IRV
Borda,0.0,-0.0045045045045045045,0.0,0.0,0.0,0.0,0.013513513513513514
plurality,0.0045045045045045045,0.0,0.0045045045045045045,0.0045045045045045045,0.0045045045045045045,0.0045045045045045045,-0.02252252252252252
gt,0.0,-0.0045045045045045045,0.0,0.0,0.0,0.0,0.013513513513513514
minimax,0.0,-0.0045045045045045045,0.0,0.0,0.0,0.0,0.013513513513513514
gtd,0.0,-0.0045045045045045045,0.0,0.0,0.0,0.0,0.013513513513513514
Schulze,0.0,-0.0045045045045045045,0.0,0.0,0.0,0.0,0.013513513513513514
IRV,-0.013513513513513514,0.02252252252252252,-0.013513513513513514,-0.013513513513513514,-0.013513513513513514,-0.013513513513513514,0.0
