,Borda,plurality,gt,minimax,gtd,Schulze,IRV
Borda,0.0,0.023809523809523808,0.0,0.0,0.0,0.0,0.0
plurality,-0.023809523809523808,0.0,-0.023809523809523808,-0.023809523809523808,-0.004761904761904762,-0.023809523809523808,-0.023809523809523808
gt,0.0,0.023809523809523808,0.0,0.0,0.0,0.0,0.0
minimax,0.0,0.023809523809523808,0.0,0.0,0.0,0.0,0.0
gtd,0.0,0.004761904761904762,0.0,0.0,0.0,0.0,0.0
Schulze,0.0,0.023809523809523808,0.0,0.0,0.0,0.0,0.0
IRV,0.0,0.023809523809523808,0.0,0.0,0.0,0.0,0.0
