,Borda,plurality,gt,minimax,gtd,Schulze,IRV
Borda,0.0,-0.006600660066006601,-0.006600660066006601,0.0,-0.006600660066006601,0.0,-0.006600660066006601
plurality,0.006600660066006601,0.0,0.0,0.006600660066006601,0.0,0.006600660066006601,0.0
gt,0.006600660066006601,0.0,0.0,0.006600660066006601,0.0,0.006600660066006601,0.0
minimax,0.0,-0.006600660066006601,-0.006600660066006601,0.0,-0.006600660066006601,0.0,-0.006600660066006601
gtd,0.006600660066006601,0.0,0.0,0.006600660066006601,0.0,0.006600660066006601,0.0
Schulze,0.0,-0.006600660066006601,-0.006600660066006601,0.0,-0.006600660066006601,0.0,-0.006600660066006601
IRV,0.006600660066006601,0.0,0.0,0.006600660066006601,0.0,0.006600660066006601,0.0
