,Borda,plurality,gt,minimax,gtd,Schulze,IRV
Borda,0.0,-0.008517887563884156,0.028960817717206135,-0.008517887563884156,-0.008517887563884156,-0.008517887563884156,-0.008517887563884156
plurality,0.008517887563884156,0.0,-0.0017035775127768314,0.0,0.0,0.0,0.0
gt,-0.028960817717206135,0.0017035775127768314,0.0,0.0017035775127768314,0.0017035775127768314,0.0017035775127768314,0.0017035775127768314
minimax,0.008517887563884156,0.0,-0.0017035775127768314,0.0,0.0,0.0,0.0
gtd,0.008517887563884156,0.0,-0.0017035775127768314,0.0,0.0,0.0,0.0
Schulze,0.008517887563884156,0.0,-0.0017035775127768314,0.0,0.0,0.0,0.0
IRV,0.008517887563884156,0.0,-0.0017035775127768314,0.0,0.0,0.0,0.0
