,Borda,plurality,gt,minimax,gtd,Schulze,IRV
Borda,0.0,-0.029914529914529916,0.038461538461538464,-0.029914529914529916,-0.029914529914529916,-0.029914529914529916,-0.029914529914529916
plurality,0.029914529914529916,0.0,-0.004273504273504274,0.0,0.0,0.0,0.0
gt,-0.038461538461538464,0.004273504273504274,0.0,0.004273504273504274,0.004273504273504274,0.004273504273504274,0.004273504273504274
minimax,0.029914529914529916,0.0,-0.004273504273504274,0.0,0.0,0.0,0.0
gtd,0.029914529914529916,0.0,-0.004273504273504274,0.0,0.0,0.0,0.0
Schulze,0.029914529914529916,0.0,-0.004273504273504274,0.0,0.0,0.0,0.0
IRV,0.029914529914529916,0.0,-0.004273504273504274,0.0,0.0,0.0,0.0
