,Borda,plurality,gt,minimax,gtd,Schulze,IRV
Borda,0.0,0.0,-0.010638297872340425,-0.010638297872340425,-0.010638297872340425,-0.010638297872340425,0.0
plurality,0.0,0.0,-0.010638297872340425,-0.010638297872340425,-0.010638297872340425,-0.010638297872340425,0.0
gt,0.010638297872340425,0.010638297872340425,0.0,0.0,0.0,0.0,0.010638297872340425
minimax,0.010638297872340425,0.010638297872340425,0.0,0.0,0.0,0.0,0.010638297872340425
gtd,0.010638297872340425,0.010638297872340425,0.0,0.0,0.0,0.0,0.010638297872340425
Schulze,0.010638297872340425,0.010638297872340425,0.0,0.0,0.0,0.0,0.010638297872340425
IRV,0.0,0.0,-0.010638297872340425,-0.010638297872340425,-0.010638297872340425,-0.010638297872340425,0.0
