,Borda,plurality,gt,minimax,gtd,Schulze,IRV
Borda,0.0,0.27956989247311825,0.0,0.0,0.0,0.0,0.0
plurality,-0.27956989247311825,0.0,-0.27956989247311825,-0.27956989247311825,-0.27956989247311825,-0.27956989247311825,-0.27956989247311825
gt,0.0,0.27956989247311825,0.0,0.0,0.0,0.0,0.0
minimax,0.0,0.27956989247311825,0.0,0.0,0.0,0.0,0.0
gtd,0.0,0.27956989247311825,0.0,0.0,0.0,0.0,0.0
Schulze,0.0,0.27956989247311825,0.0,0.0,0.0,0.0,0.0
IRV,0.0,0.27956989247311825,0.0,0.0,0.0,0.0,0.0
