,Borda,plurality,gt,minimax,gtd,Schulze,IRV
Borda,0.0,-0.01824212271973466,-0.01824212271973466,0.01658374792703151,0.0,0.01658374792703151,-0.01824212271973466
plurality,0.01824212271973466,0.0,0.0,-0.024875621890547265,0.01824212271973466,-0.024875621890547265,0.0
gt,0.01824212271973466,0.0,0.0,-0.024875621890547265,0.01824212271973466,-0.024875621890547265,0.0
minimax,-0.01658374792703151,0.024875621890547265,0.024875621890547265,0.0,-0.01658374792703151,0.0,0.024875621890547265
gtd,0.0,-0.01824212271973466,-0.01824212271973466,0.01658374792703151,0.0,0.01658374792703151,-0.01824212271973466
Schulze,-0.01658374792703151,0.024875621890547265,0.024875621890547265,0.0,-0.01658374792703151,0.0,0.024875621890547265
IRV,0.01824212271973466,0.0,0.0,-0.024875621890547265,0.01824212271973466,-0.024875621890547265,0.0
